source,source_id,name,country,city,category,latitude,longitude,rating,price_level,reviews_count,embedding_text,attributes,raw,fetched_at
osm,osm:node/4712948976,San Diego,Romania,Măgurele,cafe,44.3634016,25.9855995,,,,,"{""addr:city"":""Măgurele"",""addr:housenumber"":""40"",""addr:street"":""Strada Uranus"",""amenity"":""cafe"",""internet_access"":""wlan"",""internet_access:fee"":""no"",""name"":""San Diego"",""outdoor_seating"":""no"",""smoking"":""no"",""formatted_address"":""Strada Uranus 40, Măgurele"",""primary_type"":""amenity=cafe"",""osm_meta"":{""version"":2,""timestamp"":""2018-09-26T18:19:12Z"",""changeset"":62955109,""uid"":323389,""user"":""Michael_H""}}","{""type"":""node"",""id"":4712948976,""lat"":44.3634016,""lon"":25.9855995,""timestamp"":""2018-09-26T18:19:12Z"",""version"":2,""changeset"":62955109,""user"":""Michael_H"",""uid"":323389,""tags"":{""addr:city"":""Măgurele"",""addr:housenumber"":""40"",""addr:street"":""Strada Uranus"",""amenity"":""cafe"",""internet_access"":""wlan"",""internet_access:fee"":""no"",""name"":""San Diego"",""outdoor_seating"":""no"",""smoking"":""no""}}",2026-05-30 08:46:18.442513+00:00
osm,osm:node/10305067098,5 to go,Romania,Bucharest,cafe,44.3492302,26.0314492,,,,,"{""amenity"":""cafe"",""brand"":""5 to go"",""brand:wikidata"":""Q115684369"",""cuisine"":""coffee_shop"",""name"":""5 to go"",""takeaway"":""yes"",""formatted_address"":"""",""primary_type"":""amenity=cafe"",""osm_meta"":{""version"":2,""timestamp"":""2025-05-19T13:57:13Z"",""changeset"":166478461,""uid"":69259,""user"":""DnaX""}}","{""type"":""node"",""id"":10305067098,""lat"":44.3492302,""lon"":26.0314492,""timestamp"":""2025-05-19T13:57:13Z"",""version"":2,""changeset"":166478461,""user"":""DnaX"",""uid"":69259,""tags"":{""amenity"":""cafe"",""brand"":""5 to go"",""brand:wikidata"":""Q115684369"",""cuisine"":""coffee_shop"",""name"":""5 to go"",""takeaway"":""yes""}}",2026-05-30 08:46:18.442513+00:00
osm,osm:node/12337824021,5 to go,Romania,Bucharest,cafe,44.3608532,26.1230484,,,,,"{""amenity"":""cafe"",""brand"":""5 to go"",""brand:wikidata"":""Q115684369"",""cuisine"":""coffee_shop"",""name"":""5 to go"",""takeaway"":""yes"",""formatted_address"":"""",""primary_type"":""amenity=cafe"",""osm_meta"":{""version"":1,""timestamp"":""2024-11-13T19:41:46Z"",""changeset"":159105006,""uid"":69259,""user"":""DnaX""}}","{""type"":""node"",""id"":12337824021,""lat"":44.3608532,""lon"":26.1230484,""timestamp"":""2024-11-13T19:41:46Z"",""version"":1,""changeset"":159105006,""user"":""DnaX"",""uid"":69259,""tags"":{""amenity"":""cafe"",""brand"":""5 to go"",""brand:wikidata"":""Q115684369"",""cuisine"":""coffee_shop"",""name"":""5 to go"",""takeaway"":""yes""}}",2026-05-30 08:46:18.442513+00:00
osm,osm:node/11368746671,5 to go,RO,București,cafe,44.3614008,26.1367567,,,,,"{""addr:city"":""București"",""addr:country"":""RO"",""addr:housenumber"":""14"",""addr:postcode"":""041838"",""addr:street"":""Strada Dumitru Brumărescu"",""amenity"":""cafe"",""brand"":""5 to go"",""brand:wikidata"":""Q115684369"",""cuisine"":""coffee_shop"",""name"":""5 to go"",""opening_hours"":""Mo-Fr 07:00-19:00; Sa-Su 07:00-18:00"",""outdoor_seating"":""no"",""takeaway"":""yes"",""website"":""https://fivetogo.ro/"",""formatted_address"":""Strada Dumitru Brumărescu 14, 041838, București"",""primary_type"":""amenity=cafe"",""osm_meta"":{""version"":1,""timestamp"":""2023-11-22T14:43:59Z"",""changeset"":144329353,""uid"":9484321,""user"":""Dan 9""}}","{""type"":""node"",""id"":11368746671,""lat"":44.3614008,""lon"":26.1367567,""timestamp"":""2023-11-22T14:43:59Z"",""version"":1,""changeset"":144329353,""user"":""Dan 9"",""uid"":9484321,""tags"":{""addr:city"":""București"",""addr:country"":""RO"",""addr:housenumber"":""14"",""addr:postcode"":""041838"",""addr:street"":""Strada Dumitru Brumărescu"",""amenity"":""cafe"",""brand"":""5 to go"",""brand:wikidata"":""Q115684369"",""cuisine"":""coffee_shop"",""name"":""5 to go"",""opening_hours"":""Mo-Fr 07:00-19:00; Sa-Su 07:00-18:00"",""outdoor_seating"":""no"",""takeaway"":""yes"",""website"":""https://fivetogo.ro/""}}",2026-05-30 08:46:18.442513+00:00
osm,osm:way/1204190633,Cafe Nar,Romania,Bucharest,cafe,44.3361565,26.0983353,,,,,"{""amenity"":""cafe"",""building"":""yes"",""name"":""Cafe Nar"",""opening_hours"":""24/7"",""outdoor_seating"":""yes"",""formatted_address"":"""",""primary_type"":""amenity=cafe"",""osm_meta"":{""version"":2,""timestamp"":""2025-03-23T16:17:04Z"",""changeset"":163995155,""uid"":22580100,""user"":""GitGood""}}","{""type"":""way"",""id"":1204190633,""timestamp"":""2025-03-23T16:17:04Z"",""version"":2,""changeset"":163995155,""user"":""GitGood"",""uid"":22580100,""center"":{""lat"":44.3361565,""lon"":26.0983353},""nodes"":[11161068686,11161068685,11161068687,11161068688,11161068686],""tags"":{""amenity"":""cafe"",""building"":""yes"",""name"":""Cafe Nar"",""opening_hours"":""24/7"",""outdoor_seating"":""yes""}}",2026-05-30 08:46:18.442513+00:00
osm,osm:node/12362055781,Amicii,Romania,Bucharest,cafe,44.3625505,26.1516452,,,,,"{""addr:housenumber"":""87"",""addr:street"":""Strada Biruinței"",""amenity"":""cafe"",""check_date"":""2025-11-22"",""contact:facebook"":""https://www.facebook.com/profile.php?id=61569361615131"",""contact:instagram"":""https://www.instagram.com/amicii.bucuresti/"",""cuisine"":""coffee_shop;dessert"",""name"":""Amicii"",""opening_date"":""2021-11-23"",""opening_hours"":""Tu-We off; Th-Fr 07:00-17:00; Sa-Su 08:00-18:00; Mo 07:00-17:00"",""wheelchair"":""yes"",""formatted_address"":""Strada Biruinței 87"",""primary_type"":""amenity=cafe"",""osm_meta"":{""version"":8,""timestamp"":""2025-11-27T17:08:02Z"",""changeset"":175207422,""uid"":69259,""user"":""DnaX""}}","{""type"":""node"",""id"":12362055781,""lat"":44.3625505,""lon"":26.1516452,""timestamp"":""2025-11-27T17:08:02Z"",""version"":8,""changeset"":175207422,""user"":""DnaX"",""uid"":69259,""tags"":{""addr:housenumber"":""87"",""addr:street"":""Strada Biruinței"",""amenity"":""cafe"",""check_date"":""2025-11-22"",""contact:facebook"":""https://www.facebook.com/profile.php?id=61569361615131"",""contact:instagram"":""https://www.instagram.com/amicii.bucuresti/"",""cuisine"":""coffee_shop;dessert"",""name"":""Amicii"",""opening_date"":""2021-11-23"",""opening_hours"":""Tu-We off; Th-Fr 07:00-17:00; Sa-Su 08:00-18:00; Mo 07:00-17:00"",""wheelchair"":""yes""}}",2026-05-30 08:46:18.442513+00:00
osm,osm:node/12425675488,5 to go,Romania,Bucharest,cafe,44.3633802,26.1520903,,,,,"{""addr:housenumber"":""81"",""addr:street"":""Strada Biruinței"",""amenity"":""cafe"",""brand"":""5 to go"",""brand:wikidata"":""Q115684369"",""check_date"":""2025-05-18"",""cuisine"":""coffee_shop"",""name"":""5 to go"",""opening_hours"":""Mo-Fr 07:00-17:30; Sa-Su 09:00-18:00"",""takeaway"":""yes"",""wheelchair"":""yes"",""formatted_address"":""Strada Biruinței 81"",""primary_type"":""amenity=cafe"",""osm_meta"":{""version"":7,""timestamp"":""2026-04-22T07:47:47Z"",""changeset"":181659261,""uid"":290680,""user"":""wheelmap_visitor""}}","{""type"":""node"",""id"":12425675488,""lat"":44.3633802,""lon"":26.1520903,""timestamp"":""2026-04-22T07:47:47Z"",""version"":7,""changeset"":181659261,""user"":""wheelmap_visitor"",""uid"":290680,""tags"":{""addr:housenumber"":""81"",""addr:street"":""Strada Biruinței"",""amenity"":""cafe"",""brand"":""5 to go"",""brand:wikidata"":""Q115684369"",""check_date"":""2025-05-18"",""cuisine"":""coffee_shop"",""name"":""5 to go"",""opening_hours"":""Mo-Fr 07:00-17:30; Sa-Su 09:00-18:00"",""takeaway"":""yes"",""wheelchair"":""yes""}}",2026-05-30 08:46:18.442513+00:00
osm,osm:node/13324148604,Jar House,Romania,Bucharest,cafe,44.3621156,26.1522249,,,,,"{""amenity"":""cafe"",""name"":""Jar House"",""wheelchair"":""yes"",""formatted_address"":"""",""primary_type"":""amenity=cafe"",""osm_meta"":{""version"":2,""timestamp"":""2026-04-22T07:42:53Z"",""changeset"":181659059,""uid"":290680,""user"":""wheelmap_visitor""}}","{""type"":""node"",""id"":13324148604,""lat"":44.3621156,""lon"":26.1522249,""timestamp"":""2026-04-22T07:42:53Z"",""version"":2,""changeset"":181659059,""user"":""wheelmap_visitor"",""uid"":290680,""tags"":{""amenity"":""cafe"",""name"":""Jar House"",""wheelchair"":""yes""}}",2026-05-30 08:46:18.442513+00:00
osm,osm:node/13723240041,5 to go,Romania,Bucharest,cafe,44.3599487,26.1529419,,,,,"{""amenity"":""cafe"",""brand"":""5 to go"",""brand:wikidata"":""Q115684369"",""cuisine"":""coffee_shop"",""name"":""5 to go"",""takeaway"":""yes"",""wheelchair"":""yes"",""formatted_address"":"""",""primary_type"":""amenity=cafe"",""osm_meta"":{""version"":3,""timestamp"":""2026-04-22T07:50:55Z"",""changeset"":181659397,""uid"":290680,""user"":""wheelmap_visitor""}}","{""type"":""node"",""id"":13723240041,""lat"":44.3599487,""lon"":26.1529419,""timestamp"":""2026-04-22T07:50:55Z"",""version"":3,""changeset"":181659397,""user"":""wheelmap_visitor"",""uid"":290680,""tags"":{""amenity"":""cafe"",""brand"":""5 to go"",""brand:wikidata"":""Q115684369"",""cuisine"":""coffee_shop"",""name"":""5 to go"",""takeaway"":""yes"",""wheelchair"":""yes""}}",2026-05-30 08:46:18.442513+00:00
osm,osm:node/9105778597,JOY Coffee Shop,Romania,Bucharest,cafe,44.3672513,26.1545243,,,,,"{""addr:housenumber"":""31"",""addr:street"":""Strada Biruinței"",""amenity"":""cafe"",""name"":""JOY Coffee Shop"",""outdoor_seating"":""yes"",""wheelchair"":""limited"",""formatted_address"":""Strada Biruinței 31"",""primary_type"":""amenity=cafe"",""osm_meta"":{""version"":6,""timestamp"":""2023-11-08T09:16:50Z"",""changeset"":143770044,""uid"":69259,""user"":""DnaX""}}","{""type"":""node"",""id"":9105778597,""lat"":44.3672513,""lon"":26.1545243,""timestamp"":""2023-11-08T09:16:50Z"",""version"":6,""changeset"":143770044,""user"":""DnaX"",""uid"":69259,""tags"":{""addr:housenumber"":""31"",""addr:street"":""Strada Biruinței"",""amenity"":""cafe"",""name"":""JOY Coffee Shop"",""outdoor_seating"":""yes"",""wheelchair"":""limited""}}",2026-05-30 08:46:18.442513+00:00
osm,osm:way/1319719852,BeCoffe,Romania,Bucharest,cafe,44.3610256,26.1507575,,,,,"{""amenity"":""cafe"",""building"":""yes"",""name"":""BeCoffe"",""opening_hours"":""Mo-Sa 07:00-19:00; Su 08:00-17:00"",""wheelchair"":""yes"",""formatted_address"":"""",""primary_type"":""amenity=cafe"",""osm_meta"":{""version"":3,""timestamp"":""2026-05-05T07:17:10Z"",""changeset"":182235379,""uid"":290680,""user"":""wheelmap_visitor""}}","{""type"":""way"",""id"":1319719852,""timestamp"":""2026-05-05T07:17:10Z"",""version"":3,""changeset"":182235379,""user"":""wheelmap_visitor"",""uid"":290680,""center"":{""lat"":44.3610256,""lon"":26.1507575},""nodes"":[12212631385,12212631386,12212631387,12212631388,12212631385],""tags"":{""amenity"":""cafe"",""building"":""yes"",""name"":""BeCoffe"",""opening_hours"":""Mo-Sa 07:00-19:00; Su 08:00-17:00"",""wheelchair"":""yes""}}",2026-05-30 08:46:18.442513+00:00
osm,osm:node/13500900557,Togo,Romania,Bucharest,cafe,44.387349,26.0025093,,,,,"{""amenity"":""cafe"",""cuisine"":""coffee_shop"",""indoor"":""yes"",""name"":""Togo"",""formatted_address"":"""",""primary_type"":""amenity=cafe"",""osm_meta"":{""version"":1,""timestamp"":""2026-01-26T17:27:53Z"",""changeset"":177729907,""uid"":21152640,""user"":""AlexTopoRO""}}","{""type"":""node"",""id"":13500900557,""lat"":44.387349,""lon"":26.0025093,""timestamp"":""2026-01-26T17:27:53Z"",""version"":1,""changeset"":177729907,""user"":""AlexTopoRO"",""uid"":21152640,""tags"":{""amenity"":""cafe"",""cuisine"":""coffee_shop"",""indoor"":""yes"",""name"":""Togo""}}",2026-05-30 08:46:18.442513+00:00
osm,osm:node/4778563342,Giuliano's Heritage Hotel,Romania,Bucharest,cafe,44.3872054,26.0089719,,,,,"{""addr:housenumber"":""km 9"",""addr:street"":""Șoseaua Alexandriei"",""amenity"":""cafe"",""cuisine"":""international"",""name"":""Giuliano's Heritage Hotel"",""opening_hours"":""10:00-21:00"",""formatted_address"":""Șoseaua Alexandriei km 9"",""primary_type"":""amenity=cafe"",""osm_meta"":{""version"":2,""timestamp"":""2022-09-16T06:15:29Z"",""changeset"":126248408,""uid"":14424976,""user"":""Mihaita Mandea""}}","{""type"":""node"",""id"":4778563342,""lat"":44.3872054,""lon"":26.0089719,""timestamp"":""2022-09-16T06:15:29Z"",""version"":2,""changeset"":126248408,""user"":""Mihaita Mandea"",""uid"":14424976,""tags"":{""addr:housenumber"":""km 9"",""addr:street"":""Șoseaua Alexandriei"",""amenity"":""cafe"",""cuisine"":""international"",""name"":""Giuliano's Heritage Hotel"",""opening_hours"":""10:00-21:00""}}",2026-05-30 08:46:18.442513+00:00
osm,osm:node/11941790915,Cofee,Romania,Bucharest,cafe,44.3695869,26.0431941,,,,,"{""amenity"":""cafe"",""name"":""Cofee"",""formatted_address"":"""",""primary_type"":""amenity=cafe"",""osm_meta"":{""version"":1,""timestamp"":""2024-05-29T09:58:27Z"",""changeset"":151980156,""uid"":128281,""user"":""rarad74""}}","{""type"":""node"",""id"":11941790915,""lat"":44.3695869,""lon"":26.0431941,""timestamp"":""2024-05-29T09:58:27Z"",""version"":1,""changeset"":151980156,""user"":""rarad74"",""uid"":128281,""tags"":{""amenity"":""cafe"",""name"":""Cofee""}}",2026-05-30 08:46:18.442513+00:00
osm,osm:node/11533467352,5 to go,RO,București,cafe,44.3994161,26.0445145,,,,,"{""addr:city"":""București"",""addr:country"":""RO"",""addr:housenumber"":""152"",""addr:postcode"":""051543"",""addr:street"":""Șoseaua Alexandriei"",""amenity"":""cafe"",""brand"":""5 to go"",""brand:wikidata"":""Q115684369"",""cuisine"":""coffee_shop"",""name"":""5 to go"",""opening_hours"":""Mo-Su 09:00-21:00"",""outdoor_seating"":""no"",""phone"":""+40 771 432 409"",""source:addr:housenumber"":""survey"",""source:addr:street"":""survey"",""takeaway"":""yes"",""website"":""https://fivetogo.ro/"",""formatted_address"":""Șoseaua Alexandriei 152, 051543, București"",""primary_type"":""amenity=cafe"",""osm_meta"":{""version"":1,""timestamp"":""2024-01-20T09:34:57Z"",""changeset"":146471002,""uid"":9484321,""user"":""Dan 9""}}","{""type"":""node"",""id"":11533467352,""lat"":44.3994161,""lon"":26.0445145,""timestamp"":""2024-01-20T09:34:57Z"",""version"":1,""changeset"":146471002,""user"":""Dan 9"",""uid"":9484321,""tags"":{""addr:city"":""București"",""addr:country"":""RO"",""addr:housenumber"":""152"",""addr:postcode"":""051543"",""addr:street"":""Șoseaua Alexandriei"",""amenity"":""cafe"",""brand"":""5 to go"",""brand:wikidata"":""Q115684369"",""cuisine"":""coffee_shop"",""name"":""5 to go"",""opening_hours"":""Mo-Su 09:00-21:00"",""outdoor_seating"":""no"",""phone"":""+40 771 432 409"",""source:addr:housenumber"":""survey"",""source:addr:street"":""survey"",""takeaway"":""yes"",""website"":""https://fivetogo.ro/""}}",2026-05-30 08:46:18.442513+00:00
osm,osm:node/2495804896,Concordia Paradise,Romania,București,cafe,44.3970235,26.0695692,,,,,"{""addr:city"":""București"",""addr:housename"":""Salaj nr. 249"",""addr:postcode"":""032032"",""addr:street"":""Șoseaua Sălaj"",""amenity"":""cafe"",""internet_access"":""yes"",""name"":""Concordia Paradise"",""website"":""facebook.com/concordia.paradise"",""formatted_address"":""Șoseaua Sălaj, 032032, București"",""primary_type"":""amenity=cafe"",""osm_meta"":{""version"":2,""timestamp"":""2013-11-26T18:55:13Z"",""changeset"":19132031,""uid"":323389,""user"":""Michael_H""}}","{""type"":""node"",""id"":2495804896,""lat"":44.3970235,""lon"":26.0695692,""timestamp"":""2013-11-26T18:55:13Z"",""version"":2,""changeset"":19132031,""user"":""Michael_H"",""uid"":323389,""tags"":{""addr:city"":""București"",""addr:housename"":""Salaj nr. 249"",""addr:postcode"":""032032"",""addr:street"":""Șoseaua Sălaj"",""amenity"":""cafe"",""internet_access"":""yes"",""name"":""Concordia Paradise"",""website"":""facebook.com/concordia.paradise""}}",2026-05-30 08:46:18.442513+00:00
osm,osm:node/11800372286,Cofee Top,Romania,București,cafe,44.377704,26.0912417,,,,,"{""addr:city"":""București"",""addr:street"":""Șoseaua Giurgiului"",""amenity"":""cafe"",""name"":""Cofee Top"",""formatted_address"":""Șoseaua Giurgiului, București"",""primary_type"":""amenity=cafe"",""osm_meta"":{""version"":1,""timestamp"":""2024-04-07T20:35:13Z"",""changeset"":149709130,""uid"":128281,""user"":""rarad74""}}","{""type"":""node"",""id"":11800372286,""lat"":44.377704,""lon"":26.0912417,""timestamp"":""2024-04-07T20:35:13Z"",""version"":1,""changeset"":149709130,""user"":""rarad74"",""uid"":128281,""tags"":{""addr:city"":""București"",""addr:street"":""Șoseaua Giurgiului"",""amenity"":""cafe"",""name"":""Cofee Top""}}",2026-05-30 08:46:18.442513+00:00
osm,osm:node/11396504897,5 to go,Romania,Bucharest,cafe,44.3852792,26.0926518,,,,,"{""amenity"":""cafe"",""brand"":""5 to go"",""brand:wikidata"":""Q115684369"",""cuisine"":""coffee_shop"",""name"":""5 to go"",""takeaway"":""yes"",""wheelchair"":""yes"",""formatted_address"":"""",""primary_type"":""amenity=cafe"",""osm_meta"":{""version"":3,""timestamp"":""2026-05-04T14:36:06Z"",""changeset"":182208832,""uid"":290680,""user"":""wheelmap_visitor""}}","{""type"":""node"",""id"":11396504897,""lat"":44.3852792,""lon"":26.0926518,""timestamp"":""2026-05-04T14:36:06Z"",""version"":3,""changeset"":182208832,""user"":""wheelmap_visitor"",""uid"":290680,""tags"":{""amenity"":""cafe"",""brand"":""5 to go"",""brand:wikidata"":""Q115684369"",""cuisine"":""coffee_shop"",""name"":""5 to go"",""takeaway"":""yes"",""wheelchair"":""yes""}}",2026-05-30 08:46:18.442513+00:00
osm,osm:node/12281555388,5 to go,Romania,București,cafe,44.3886405,26.0929052,,,,,"{""addr:city"":""București"",""addr:street"":""Șoseaua Giurgiului"",""amenity"":""cafe"",""brand"":""5 to go"",""brand:wikidata"":""Q115684369"",""cuisine"":""coffee_shop"",""name"":""5 to go"",""takeaway"":""yes"",""wheelchair"":""limited"",""formatted_address"":""Șoseaua Giurgiului, București"",""primary_type"":""amenity=cafe"",""osm_meta"":{""version"":4,""timestamp"":""2026-05-04T16:58:27Z"",""changeset"":182215033,""uid"":290680,""user"":""wheelmap_visitor""}}","{""type"":""node"",""id"":12281555388,""lat"":44.3886405,""lon"":26.0929052,""timestamp"":""2026-05-04T16:58:27Z"",""version"":4,""changeset"":182215033,""user"":""wheelmap_visitor"",""uid"":290680,""tags"":{""addr:city"":""București"",""addr:street"":""Șoseaua Giurgiului"",""amenity"":""cafe"",""brand"":""5 to go"",""brand:wikidata"":""Q115684369"",""cuisine"":""coffee_shop"",""name"":""5 to go"",""takeaway"":""yes"",""wheelchair"":""limited""}}",2026-05-30 08:46:18.442513+00:00
osm,osm:node/12551452322,MABO,Romania,Bucharest,cafe,44.3691433,26.1245448,,,,,"{""amenity"":""cafe"",""name"":""MABO"",""formatted_address"":"""",""primary_type"":""amenity=cafe"",""osm_meta"":{""version"":1,""timestamp"":""2025-02-02T16:04:14Z"",""changeset"":162052663,""uid"":16106615,""user"":""Siggi6161""}}","{""type"":""node"",""id"":12551452322,""lat"":44.3691433,""lon"":26.1245448,""timestamp"":""2025-02-02T16:04:14Z"",""version"":1,""changeset"":162052663,""user"":""Siggi6161"",""uid"":16106615,""tags"":{""amenity"":""cafe"",""name"":""MABO""}}",2026-05-30 08:46:18.442513+00:00
osm,osm:node/12772210855,Parkcafe,Romania,Bucharest,cafe,44.3708191,26.1234615,,,,,"{""amenity"":""cafe"",""name"":""Parkcafe"",""formatted_address"":"""",""primary_type"":""amenity=cafe"",""osm_meta"":{""version"":1,""timestamp"":""2025-04-21T13:56:37Z"",""changeset"":165241485,""uid"":128281,""user"":""rarad74""}}","{""type"":""node"",""id"":12772210855,""lat"":44.3708191,""lon"":26.1234615,""timestamp"":""2025-04-21T13:56:37Z"",""version"":1,""changeset"":165241485,""user"":""rarad74"",""uid"":128281,""tags"":{""amenity"":""cafe"",""name"":""Parkcafe""}}",2026-05-30 08:46:18.442513+00:00
osm,osm:node/12925631167,5 to go,Romania,Bucharest,cafe,44.3705876,26.1236774,,,,,"{""amenity"":""cafe"",""brand"":""5 to go"",""brand:wikidata"":""Q115684369"",""cuisine"":""coffee_shop"",""name"":""5 to go"",""takeaway"":""yes"",""formatted_address"":"""",""primary_type"":""amenity=cafe"",""osm_meta"":{""version"":2,""timestamp"":""2025-11-05T20:29:44Z"",""changeset"":174258623,""uid"":69259,""user"":""DnaX""}}","{""type"":""node"",""id"":12925631167,""lat"":44.3705876,""lon"":26.1236774,""timestamp"":""2025-11-05T20:29:44Z"",""version"":2,""changeset"":174258623,""user"":""DnaX"",""uid"":69259,""tags"":{""amenity"":""cafe"",""brand"":""5 to go"",""brand:wikidata"":""Q115684369"",""cuisine"":""coffee_shop"",""name"":""5 to go"",""takeaway"":""yes""}}",2026-05-30 08:46:18.442513+00:00
osm,osm:node/13885740738,Colibri - The Welcome Hub,Romania,Bucharest,cafe,44.3705994,26.1238846,,,,,"{""amenity"":""cafe"",""cuisine"":""coffee_shop"",""name"":""Colibri - The Welcome Hub"",""website"":""https://colibrihub.ro/"",""formatted_address"":"""",""primary_type"":""amenity=cafe"",""osm_meta"":{""version"":1,""timestamp"":""2026-05-26T21:57:34Z"",""changeset"":183230411,""uid"":10517467,""user"":""Teo Cata""}}","{""type"":""node"",""id"":13885740738,""lat"":44.3705994,""lon"":26.1238846,""timestamp"":""2026-05-26T21:57:34Z"",""version"":1,""changeset"":183230411,""user"":""Teo Cata"",""uid"":10517467,""tags"":{""amenity"":""cafe"",""cuisine"":""coffee_shop"",""name"":""Colibri - The Welcome Hub"",""website"":""https://colibrihub.ro/""}}",2026-05-30 08:46:18.442513+00:00
osm,osm:node/10595911870,5 to go,Romania,București,cafe,44.3767486,26.1062522,,,,,"{""addr:city"":""București"",""addr:street"":""Strada Luică"",""amenity"":""cafe"",""brand"":""5 to go"",""brand:wikidata"":""Q115684369"",""cuisine"":""coffee_shop"",""name"":""5 to go"",""takeaway"":""yes"",""formatted_address"":""Strada Luică, București"",""primary_type"":""amenity=cafe"",""osm_meta"":{""version"":4,""timestamp"":""2025-09-13T18:22:33Z"",""changeset"":171888369,""uid"":69259,""user"":""DnaX""}}","{""type"":""node"",""id"":10595911870,""lat"":44.3767486,""lon"":26.1062522,""timestamp"":""2025-09-13T18:22:33Z"",""version"":4,""changeset"":171888369,""user"":""DnaX"",""uid"":69259,""tags"":{""addr:city"":""București"",""addr:street"":""Strada Luică"",""amenity"":""cafe"",""brand"":""5 to go"",""brand:wikidata"":""Q115684369"",""cuisine"":""coffee_shop"",""name"":""5 to go"",""takeaway"":""yes""}}",2026-05-30 08:46:18.442513+00:00
osm,osm:node/10596143220,5 to go,Romania,București,cafe,44.380001299999996,26.0992583,,,,,"{""addr:city"":""București"",""addr:street"":""Piața Reșița"",""amenity"":""cafe"",""brand"":""5 to go"",""brand:wikidata"":""Q115684369"",""cuisine"":""coffee_shop"",""name"":""5 to go"",""takeaway"":""yes"",""formatted_address"":""Piața Reșița, București"",""primary_type"":""amenity=cafe"",""osm_meta"":{""version"":3,""timestamp"":""2024-11-25T09:19:20Z"",""changeset"":159564007,""uid"":69259,""user"":""DnaX""}}","{""type"":""node"",""id"":10596143220,""lat"":44.380001299999996,""lon"":26.0992583,""timestamp"":""2024-11-25T09:19:20Z"",""version"":3,""changeset"":159564007,""user"":""DnaX"",""uid"":69259,""tags"":{""addr:city"":""București"",""addr:street"":""Piața Reșița"",""amenity"":""cafe"",""brand"":""5 to go"",""brand:wikidata"":""Q115684369"",""cuisine"":""coffee_shop"",""name"":""5 to go"",""takeaway"":""yes""}}",2026-05-30 08:46:18.442513+00:00
osm,osm:node/11233048737,5 to go,Romania,București,cafe,44.3969012,26.1094595,,,,,"{""addr:city"":""București"",""amenity"":""cafe"",""brand"":""5 to go"",""brand:wikidata"":""Q115684369"",""cuisine"":""coffee_shop"",""name"":""5 to go"",""takeaway"":""yes"",""formatted_address"":""București"",""primary_type"":""amenity=cafe"",""osm_meta"":{""version"":4,""timestamp"":""2025-10-11T18:18:36Z"",""changeset"":173149943,""uid"":128281,""user"":""rarad74""}}","{""type"":""node"",""id"":11233048737,""lat"":44.3969012,""lon"":26.1094595,""timestamp"":""2025-10-11T18:18:36Z"",""version"":4,""changeset"":173149943,""user"":""rarad74"",""uid"":128281,""tags"":{""addr:city"":""București"",""amenity"":""cafe"",""brand"":""5 to go"",""brand:wikidata"":""Q115684369"",""cuisine"":""coffee_shop"",""name"":""5 to go"",""takeaway"":""yes""}}",2026-05-30 08:46:18.442513+00:00
osm,osm:node/12774658828,Rainbow cofee & more,Romania,Bucharest,cafe,44.400474,26.1013377,,,,,"{""amenity"":""cafe"",""name"":""Rainbow cofee & more"",""formatted_address"":"""",""primary_type"":""amenity=cafe"",""osm_meta"":{""version"":1,""timestamp"":""2025-04-22T08:36:14Z"",""changeset"":165272754,""uid"":128281,""user"":""rarad74""}}","{""type"":""node"",""id"":12774658828,""lat"":44.400474,""lon"":26.1013377,""timestamp"":""2025-04-22T08:36:14Z"",""version"":1,""changeset"":165272754,""user"":""rarad74"",""uid"":128281,""tags"":{""amenity"":""cafe"",""name"":""Rainbow cofee & more""}}",2026-05-30 08:46:18.442513+00:00
osm,osm:node/11780093947,Perpedes Coffee,RO,București,cafe,44.3744425,26.1195865,,,,,"{""addr:city"":""București"",""addr:country"":""RO"",""addr:housenumber"":""12-18"",""addr:postcode"":""041833"",""addr:street"":""Bulevardul Metalurgiei"",""amenity"":""cafe"",""level"":""0"",""name"":""Perpedes Coffee"",""opening_hours"":""Mo-Su 10:00-22:00"",""outdoor_seating"":""no"",""phone"":""+40 761 577 654"",""source:addr:housenumber"":""survey"",""source:addr:street"":""survey"",""formatted_address"":""Bulevardul Metalurgiei 12-18, 041833, București"",""primary_type"":""amenity=cafe"",""osm_meta"":{""version"":1,""timestamp"":""2024-04-02T09:41:46Z"",""changeset"":149470991,""uid"":9484321,""user"":""Dan 9""}}","{""type"":""node"",""id"":11780093947,""lat"":44.3744425,""lon"":26.1195865,""timestamp"":""2024-04-02T09:41:46Z"",""version"":1,""changeset"":149470991,""user"":""Dan 9"",""uid"":9484321,""tags"":{""addr:city"":""București"",""addr:country"":""RO"",""addr:housenumber"":""12-18"",""addr:postcode"":""041833"",""addr:street"":""Bulevardul Metalurgiei"",""amenity"":""cafe"",""level"":""0"",""name"":""Perpedes Coffee"",""opening_hours"":""Mo-Su 10:00-22:00"",""outdoor_seating"":""no"",""phone"":""+40 761 577 654"",""source:addr:housenumber"":""survey"",""source:addr:street"":""survey""}}",2026-05-30 08:46:18.442513+00:00
osm,osm:node/11780093948,Bobalicious,RO,București,cafe,44.3738594,26.1192794,,,,,"{""addr:city"":""București"",""addr:country"":""RO"",""addr:housenumber"":""12-18"",""addr:postcode"":""041833"",""addr:street"":""Bulevardul Metalurgiei"",""amenity"":""cafe"",""branch"":""Grand Arena"",""cuisine"":""bubble_tea"",""level"":""1"",""name"":""Bobalicious"",""opening_hours"":""Mo-Fr 08:00-20:00; Sa-Su 10:00-20:00"",""outdoor_seating"":""no"",""source:addr:housenumber"":""survey"",""source:addr:street"":""survey"",""website"":""https://bobalicious.ro/"",""formatted_address"":""Bulevardul Metalurgiei 12-18, 041833, București"",""primary_type"":""amenity=cafe"",""osm_meta"":{""version"":1,""timestamp"":""2024-04-02T09:41:46Z"",""changeset"":149470991,""uid"":9484321,""user"":""Dan 9""}}","{""type"":""node"",""id"":11780093948,""lat"":44.3738594,""lon"":26.1192794,""timestamp"":""2024-04-02T09:41:46Z"",""version"":1,""changeset"":149470991,""user"":""Dan 9"",""uid"":9484321,""tags"":{""addr:city"":""București"",""addr:country"":""RO"",""addr:housenumber"":""12-18"",""addr:postcode"":""041833"",""addr:street"":""Bulevardul Metalurgiei"",""amenity"":""cafe"",""branch"":""Grand Arena"",""cuisine"":""bubble_tea"",""level"":""1"",""name"":""Bobalicious"",""opening_hours"":""Mo-Fr 08:00-20:00; Sa-Su 10:00-20:00"",""outdoor_seating"":""no"",""source:addr:housenumber"":""survey"",""source:addr:street"":""survey"",""website"":""https://bobalicious.ro/""}}",2026-05-30 08:46:18.442513+00:00
osm,osm:node/11665150969,5 to go,Romania,București,cafe,44.3791947,26.1279803,,,,,"{""addr:city"":""București"",""addr:housenumber"":""270B"",""addr:street"":""Strada Turnu Măgurele"",""amenity"":""cafe"",""brand"":""5 to go"",""brand:wikidata"":""Q115684369"",""cuisine"":""coffee_shop"",""name"":""5 to go"",""takeaway"":""yes"",""formatted_address"":""Strada Turnu Măgurele 270B, București"",""primary_type"":""amenity=cafe"",""osm_meta"":{""version"":3,""timestamp"":""2025-06-25T09:01:25Z"",""changeset"":168084288,""uid"":128281,""user"":""rarad74""}}","{""type"":""node"",""id"":11665150969,""lat"":44.3791947,""lon"":26.1279803,""timestamp"":""2025-06-25T09:01:25Z"",""version"":3,""changeset"":168084288,""user"":""rarad74"",""uid"":128281,""tags"":{""addr:city"":""București"",""addr:housenumber"":""270B"",""addr:street"":""Strada Turnu Măgurele"",""amenity"":""cafe"",""brand"":""5 to go"",""brand:wikidata"":""Q115684369"",""cuisine"":""coffee_shop"",""name"":""5 to go"",""takeaway"":""yes""}}",2026-05-30 08:46:18.442513+00:00
osm,osm:node/12003199456,5 to go,Romania,Bucharest,cafe,44.3793497,26.1355563,,,,,"{""amenity"":""cafe"",""brand"":""5 to go"",""brand:wikidata"":""Q115684369"",""cuisine"":""coffee_shop"",""name"":""5 to go"",""takeaway"":""yes"",""formatted_address"":"""",""primary_type"":""amenity=cafe"",""osm_meta"":{""version"":2,""timestamp"":""2024-06-23T22:01:16Z"",""changeset"":153087197,""uid"":69259,""user"":""DnaX""}}","{""type"":""node"",""id"":12003199456,""lat"":44.3793497,""lon"":26.1355563,""timestamp"":""2024-06-23T22:01:16Z"",""version"":2,""changeset"":153087197,""user"":""DnaX"",""uid"":69259,""tags"":{""amenity"":""cafe"",""brand"":""5 to go"",""brand:wikidata"":""Q115684369"",""cuisine"":""coffee_shop"",""name"":""5 to go"",""takeaway"":""yes""}}",2026-05-30 08:46:18.442513+00:00
osm,osm:node/11161225813,5 to go,Romania,București,cafe,44.3879775,26.1095742,,,,,"{""addr:city"":""București"",""amenity"":""cafe"",""brand"":""5 to go"",""brand:wikidata"":""Q115684369"",""cuisine"":""coffee_shop"",""name"":""5 to go"",""takeaway"":""yes"",""formatted_address"":""București"",""primary_type"":""amenity=cafe"",""osm_meta"":{""version"":3,""timestamp"":""2025-10-11T18:18:36Z"",""changeset"":173149943,""uid"":128281,""user"":""rarad74""}}","{""type"":""node"",""id"":11161225813,""lat"":44.3879775,""lon"":26.1095742,""timestamp"":""2025-10-11T18:18:36Z"",""version"":3,""changeset"":173149943,""user"":""rarad74"",""uid"":128281,""tags"":{""addr:city"":""București"",""amenity"":""cafe"",""brand"":""5 to go"",""brand:wikidata"":""Q115684369"",""cuisine"":""coffee_shop"",""name"":""5 to go"",""takeaway"":""yes""}}",2026-05-30 08:46:18.442513+00:00
osm,osm:node/4622178719,Rainbow Cofee & more,Romania,Bucharest,cafe,44.3885113,26.1182432,,,,,"{""amenity"":""cafe"",""cuisine"":""kebab"",""name"":""Rainbow Cofee & more"",""formatted_address"":"""",""primary_type"":""amenity=cafe"",""osm_meta"":{""version"":6,""timestamp"":""2024-02-04T15:08:45Z"",""changeset"":147057721,""uid"":128281,""user"":""rarad74""}}","{""type"":""node"",""id"":4622178719,""lat"":44.3885113,""lon"":26.1182432,""timestamp"":""2024-02-04T15:08:45Z"",""version"":6,""changeset"":147057721,""user"":""rarad74"",""uid"":128281,""tags"":{""amenity"":""cafe"",""cuisine"":""kebab"",""name"":""Rainbow Cofee & more""}}",2026-05-30 08:46:18.442513+00:00
osm,osm:node/11091658599,5 to go,Romania,București,cafe,44.3875832,26.1176606,,,,,"{""addr:city"":""București"",""addr:street"":""Bulevardul Alexandru Obregia"",""amenity"":""cafe"",""brand"":""5 to go"",""brand:wikidata"":""Q115684369"",""cuisine"":""coffee_shop"",""name"":""5 to go"",""takeaway"":""yes"",""formatted_address"":""Bulevardul Alexandru Obregia, București"",""primary_type"":""amenity=cafe"",""osm_meta"":{""version"":3,""timestamp"":""2023-11-13T19:18:39Z"",""changeset"":143983875,""uid"":69259,""user"":""DnaX""}}","{""type"":""node"",""id"":11091658599,""lat"":44.3875832,""lon"":26.1176606,""timestamp"":""2023-11-13T19:18:39Z"",""version"":3,""changeset"":143983875,""user"":""DnaX"",""uid"":69259,""tags"":{""addr:city"":""București"",""addr:street"":""Bulevardul Alexandru Obregia"",""amenity"":""cafe"",""brand"":""5 to go"",""brand:wikidata"":""Q115684369"",""cuisine"":""coffee_shop"",""name"":""5 to go"",""takeaway"":""yes""}}",2026-05-30 08:46:18.442513+00:00
osm,osm:node/11297942647,others,Romania,București,cafe,44.387468,26.1205847,,,,,"{""addr:city"":""București"",""addr:street"":""Strada Emil Racoviță"",""amenity"":""cafe"",""formatted_address"":""Strada Emil Racoviță, București"",""primary_type"":""amenity=cafe"",""osm_meta"":{""version"":5,""timestamp"":""2025-12-12T07:58:48Z"",""changeset"":175833938,""uid"":128281,""user"":""rarad74""}}","{""type"":""node"",""id"":11297942647,""lat"":44.387468,""lon"":26.1205847,""timestamp"":""2025-12-12T07:58:48Z"",""version"":5,""changeset"":175833938,""user"":""rarad74"",""uid"":128281,""tags"":{""addr:city"":""București"",""addr:street"":""Strada Emil Racoviță"",""amenity"":""cafe""}}",2026-05-30 08:46:18.442513+00:00
osm,osm:node/2296190858,Starbucks,RO,București,cafe,44.3942575,26.1219256,,,,,"{""addr:city"":""București"",""addr:country"":""RO"",""addr:housenumber"":""391"",""addr:postcode"":""040055"",""addr:street"":""Calea Văcărești"",""amenity"":""cafe"",""branch"":""Sun Plaza"",""brand"":""Starbucks"",""brand:wikidata"":""Q37158"",""brand:wikipedia"":""en:Starbucks"",""cuisine"":""coffee_shop"",""facebook"":""StarbucksRomania"",""level"":""0"",""name"":""Starbucks"",""official_name"":""Starbucks Coffee"",""operator"":""Amrest Coffee SRL"",""outdoor_seating"":""yes"",""phone"":""+40 752 281 210"",""source:addr:housenumber"":""survey"",""source:addr:postcode"":""survey"",""takeaway"":""yes"",""website"":""https://www.starbucksromania.ro/"",""formatted_address"":""Calea Văcărești 391, 040055, București"",""primary_type"":""amenity=cafe"",""osm_meta"":{""version"":13,""timestamp"":""2023-08-09T13:13:36Z"",""changeset"":139659731,""uid"":9484321,""user"":""Dan 9""}}","{""type"":""node"",""id"":2296190858,""lat"":44.3942575,""lon"":26.1219256,""timestamp"":""2023-08-09T13:13:36Z"",""version"":13,""changeset"":139659731,""user"":""Dan 9"",""uid"":9484321,""tags"":{""addr:city"":""București"",""addr:country"":""RO"",""addr:housenumber"":""391"",""addr:postcode"":""040055"",""addr:street"":""Calea Văcărești"",""amenity"":""cafe"",""branch"":""Sun Plaza"",""brand"":""Starbucks"",""brand:wikidata"":""Q37158"",""brand:wikipedia"":""en:Starbucks"",""cuisine"":""coffee_shop"",""facebook"":""StarbucksRomania"",""level"":""0"",""name"":""Starbucks"",""official_name"":""Starbucks Coffee"",""operator"":""Amrest Coffee SRL"",""outdoor_seating"":""yes"",""phone"":""+40 752 281 210"",""source:addr:housenumber"":""survey"",""source:addr:postcode"":""survey"",""takeaway"":""yes"",""website"":""https://www.starbucksromania.ro/""}}",2026-05-30 08:46:18.442513+00:00
osm,osm:node/2907494538,Rista,Romania,București,cafe,44.3949138,26.1175468,,,,,"{""addr:city"":""București"",""amenity"":""cafe"",""name"":""Rista"",""source"":""survey"",""formatted_address"":""București"",""primary_type"":""amenity=cafe"",""osm_meta"":{""version"":5,""timestamp"":""2026-04-14T09:23:57Z"",""changeset"":181312485,""uid"":128281,""user"":""rarad74""}}","{""type"":""node"",""id"":2907494538,""lat"":44.3949138,""lon"":26.1175468,""timestamp"":""2026-04-14T09:23:57Z"",""version"":5,""changeset"":181312485,""user"":""rarad74"",""uid"":128281,""tags"":{""addr:city"":""București"",""amenity"":""cafe"",""name"":""Rista"",""source"":""survey""}}",2026-05-30 08:46:18.442513+00:00
osm,osm:node/5287755726,Gloria Jean's,RO,București,cafe,44.3940959,26.122393,,,,,"{""addr:city"":""București"",""addr:country"":""RO"",""addr:housenumber"":""391"",""addr:postcode"":""040055"",""addr:street"":""Calea Văcărești"",""amenity"":""cafe"",""branch"":""Sun Plaza"",""brand"":""Gloria Jean's"",""brand:wikidata"":""Q2666365"",""brand:wikipedia"":""en:Gloria Jean's Coffees"",""cuisine"":""coffee_shop"",""facebook"":""GJCRomania"",""name"":""Gloria Jean's"",""official_name"":""Gloria Jean's Coffees"",""operator"":""Gourmet Products Servicii SRL"",""outdoor_seating"":""yes"",""phone"":""+40 21 332 1660"",""shop"":""coffee"",""source:addr:housenumber"":""survey"",""source:addr:postcode"":""survey"",""takeaway"":""yes"",""website"":""https://www.gloriajeans.ro/"",""formatted_address"":""Calea Văcărești 391, 040055, București"",""primary_type"":""amenity=cafe"",""osm_meta"":{""version"":12,""timestamp"":""2023-08-09T13:13:36Z"",""changeset"":139659731,""uid"":9484321,""user"":""Dan 9""}}","{""type"":""node"",""id"":5287755726,""lat"":44.3940959,""lon"":26.122393,""timestamp"":""2023-08-09T13:13:36Z"",""version"":12,""changeset"":139659731,""user"":""Dan 9"",""uid"":9484321,""tags"":{""addr:city"":""București"",""addr:country"":""RO"",""addr:housenumber"":""391"",""addr:postcode"":""040055"",""addr:street"":""Calea Văcărești"",""amenity"":""cafe"",""branch"":""Sun Plaza"",""brand"":""Gloria Jean's"",""brand:wikidata"":""Q2666365"",""brand:wikipedia"":""en:Gloria Jean's Coffees"",""cuisine"":""coffee_shop"",""facebook"":""GJCRomania"",""name"":""Gloria Jean's"",""official_name"":""Gloria Jean's Coffees"",""operator"":""Gourmet Products Servicii SRL"",""outdoor_seating"":""yes"",""phone"":""+40 21 332 1660"",""shop"":""coffee"",""source:addr:housenumber"":""survey"",""source:addr:postcode"":""survey"",""takeaway"":""yes"",""website"":""https://www.gloriajeans.ro/""}}",2026-05-30 08:46:18.442513+00:00
osm,osm:node/10209842678,5 to go,Romania,București,cafe,44.390259,26.1243994,,,,,"{""addr:city"":""București"",""amenity"":""cafe"",""brand"":""5 to go"",""brand:wikidata"":""Q115684369"",""check_date"":""2022-11-22"",""cuisine"":""coffee_shop"",""name"":""5 to go"",""takeaway"":""yes"",""formatted_address"":""București"",""primary_type"":""amenity=cafe"",""osm_meta"":{""version"":4,""timestamp"":""2025-10-11T18:18:36Z"",""changeset"":173149943,""uid"":128281,""user"":""rarad74""}}","{""type"":""node"",""id"":10209842678,""lat"":44.390259,""lon"":26.1243994,""timestamp"":""2025-10-11T18:18:36Z"",""version"":4,""changeset"":173149943,""user"":""rarad74"",""uid"":128281,""tags"":{""addr:city"":""București"",""amenity"":""cafe"",""brand"":""5 to go"",""brand:wikidata"":""Q115684369"",""check_date"":""2022-11-22"",""cuisine"":""coffee_shop"",""name"":""5 to go"",""takeaway"":""yes""}}",2026-05-30 08:46:18.442513+00:00
osm,osm:node/12633113488,5 to go,Romania,Bucharest,cafe,44.3848226,26.1302704,,,,,"{""amenity"":""cafe"",""brand"":""5 to go"",""brand:wikidata"":""Q115684369"",""cuisine"":""coffee_shop"",""name"":""5 to go"",""takeaway"":""yes"",""formatted_address"":"""",""primary_type"":""amenity=cafe"",""osm_meta"":{""version"":1,""timestamp"":""2025-03-03T11:00:28Z"",""changeset"":163156093,""uid"":69259,""user"":""DnaX""}}","{""type"":""node"",""id"":12633113488,""lat"":44.3848226,""lon"":26.1302704,""timestamp"":""2025-03-03T11:00:28Z"",""version"":1,""changeset"":163156093,""user"":""DnaX"",""uid"":69259,""tags"":{""amenity"":""cafe"",""brand"":""5 to go"",""brand:wikidata"":""Q115684369"",""cuisine"":""coffee_shop"",""name"":""5 to go"",""takeaway"":""yes""}}",2026-05-30 08:46:18.442513+00:00
osm,osm:node/12774633185,5 to go,Romania,Bucharest,cafe,44.3929731,26.1235745,,,,,"{""amenity"":""cafe"",""brand"":""5 to go"",""brand:wikidata"":""Q115684369"",""cuisine"":""coffee_shop"",""name"":""5 to go"",""takeaway"":""yes"",""formatted_address"":"""",""primary_type"":""amenity=cafe"",""osm_meta"":{""version"":2,""timestamp"":""2025-11-05T20:32:41Z"",""changeset"":174258728,""uid"":69259,""user"":""DnaX""}}","{""type"":""node"",""id"":12774633185,""lat"":44.3929731,""lon"":26.1235745,""timestamp"":""2025-11-05T20:32:41Z"",""version"":2,""changeset"":174258728,""user"":""DnaX"",""uid"":69259,""tags"":{""amenity"":""cafe"",""brand"":""5 to go"",""brand:wikidata"":""Q115684369"",""cuisine"":""coffee_shop"",""name"":""5 to go"",""takeaway"":""yes""}}",2026-05-30 08:46:18.442513+00:00
osm,osm:node/10749243237,5 to go,Romania,București,cafe,44.3862864,26.138089,,,,,"{""addr:city"":""București"",""addr:street"":""Șoseaua Olteniței"",""amenity"":""cafe"",""brand"":""5 to go"",""brand:wikidata"":""Q115684369"",""cuisine"":""coffee_shop"",""name"":""5 to go"",""takeaway"":""yes"",""formatted_address"":""Șoseaua Olteniței, București"",""primary_type"":""amenity=cafe"",""osm_meta"":{""version"":1,""timestamp"":""2023-03-20T19:06:12Z"",""changeset"":133911762,""uid"":128281,""user"":""rarad74""}}","{""type"":""node"",""id"":10749243237,""lat"":44.3862864,""lon"":26.138089,""timestamp"":""2023-03-20T19:06:12Z"",""version"":1,""changeset"":133911762,""user"":""rarad74"",""uid"":128281,""tags"":{""addr:city"":""București"",""addr:street"":""Șoseaua Olteniței"",""amenity"":""cafe"",""brand"":""5 to go"",""brand:wikidata"":""Q115684369"",""cuisine"":""coffee_shop"",""name"":""5 to go"",""takeaway"":""yes""}}",2026-05-30 08:46:18.442513+00:00
osm,osm:node/11947814832,5 to go,Romania,Bucharest,cafe,44.3699866,26.1405294,,,,,"{""amenity"":""cafe"",""brand"":""5 to go"",""brand:wikidata"":""Q115684369"",""cuisine"":""coffee_shop"",""name"":""5 to go"",""takeaway"":""yes"",""formatted_address"":"""",""primary_type"":""amenity=cafe"",""osm_meta"":{""version"":2,""timestamp"":""2025-08-27T17:47:05Z"",""changeset"":171094136,""uid"":408317,""user"":""Liviu Roman""}}","{""type"":""node"",""id"":11947814832,""lat"":44.3699866,""lon"":26.1405294,""timestamp"":""2025-08-27T17:47:05Z"",""version"":2,""changeset"":171094136,""user"":""Liviu Roman"",""uid"":408317,""tags"":{""amenity"":""cafe"",""brand"":""5 to go"",""brand:wikidata"":""Q115684369"",""cuisine"":""coffee_shop"",""name"":""5 to go"",""takeaway"":""yes""}}",2026-05-30 08:46:18.442513+00:00
osm,osm:node/6053540086,5 to go,Romania,Popești-Leordeni,cafe,44.3692575,26.1452021,,,,,"{""addr:city"":""Popești-Leordeni"",""addr:housenumber"":""2V"",""addr:street"":""Strada Oituz"",""amenity"":""cafe"",""brand"":""5 to go"",""brand:wikidata"":""Q115684369"",""cuisine"":""coffee_shop"",""name"":""5 to go"",""takeaway"":""yes"",""wheelchair"":""yes"",""formatted_address"":""Strada Oituz 2V, Popești-Leordeni"",""primary_type"":""amenity=cafe"",""osm_meta"":{""version"":4,""timestamp"":""2026-04-23T06:25:21Z"",""changeset"":181701523,""uid"":290680,""user"":""wheelmap_visitor""}}","{""type"":""node"",""id"":6053540086,""lat"":44.3692575,""lon"":26.1452021,""timestamp"":""2026-04-23T06:25:21Z"",""version"":4,""changeset"":181701523,""user"":""wheelmap_visitor"",""uid"":290680,""tags"":{""addr:city"":""Popești-Leordeni"",""addr:housenumber"":""2V"",""addr:street"":""Strada Oituz"",""amenity"":""cafe"",""brand"":""5 to go"",""brand:wikidata"":""Q115684369"",""cuisine"":""coffee_shop"",""name"":""5 to go"",""takeaway"":""yes"",""wheelchair"":""yes""}}",2026-05-30 08:46:18.442513+00:00
osm,osm:node/10258048294,5 to go,Romania,Bucharest,cafe,44.3688369,26.1519454,,,,,"{""amenity"":""cafe"",""brand"":""5 to go"",""brand:wikidata"":""Q115684369"",""cuisine"":""coffee_shop"",""name"":""5 to go"",""takeaway"":""yes"",""wheelchair"":""no"",""formatted_address"":"""",""primary_type"":""amenity=cafe"",""osm_meta"":{""version"":4,""timestamp"":""2026-04-22T08:41:10Z"",""changeset"":181661323,""uid"":290680,""user"":""wheelmap_visitor""}}","{""type"":""node"",""id"":10258048294,""lat"":44.3688369,""lon"":26.1519454,""timestamp"":""2026-04-22T08:41:10Z"",""version"":4,""changeset"":181661323,""user"":""wheelmap_visitor"",""uid"":290680,""tags"":{""amenity"":""cafe"",""brand"":""5 to go"",""brand:wikidata"":""Q115684369"",""cuisine"":""coffee_shop"",""name"":""5 to go"",""takeaway"":""yes"",""wheelchair"":""no""}}",2026-05-30 08:46:18.442513+00:00
osm,osm:node/12666540318,Plug In Coffee,Romania,Bucharest,cafe,44.3710468,26.1571886,,,,,"{""addr:housenumber"":""47"",""addr:street"":""Strada Solstițiului"",""amenity"":""cafe"",""name"":""Plug In Coffee"",""wheelchair"":""no"",""formatted_address"":""Strada Solstițiului 47"",""primary_type"":""amenity=cafe"",""osm_meta"":{""version"":4,""timestamp"":""2026-04-22T07:31:45Z"",""changeset"":181658604,""uid"":290680,""user"":""wheelmap_visitor""}}","{""type"":""node"",""id"":12666540318,""lat"":44.3710468,""lon"":26.1571886,""timestamp"":""2026-04-22T07:31:45Z"",""version"":4,""changeset"":181658604,""user"":""wheelmap_visitor"",""uid"":290680,""tags"":{""addr:housenumber"":""47"",""addr:street"":""Strada Solstițiului"",""amenity"":""cafe"",""name"":""Plug In Coffee"",""wheelchair"":""no""}}",2026-05-30 08:46:18.442513+00:00
osm,osm:node/11347028415,Plug In Coffee,Romania,Bucharest,cafe,44.3712094,26.148591,,,,,"{""addr:housenumber"":""42"",""addr:street"":""Strada Amurgului"",""amenity"":""cafe"",""name"":""Plug In Coffee"",""wheelchair"":""limited"",""formatted_address"":""Strada Amurgului 42"",""primary_type"":""amenity=cafe"",""osm_meta"":{""version"":3,""timestamp"":""2026-04-23T06:23:15Z"",""changeset"":181701476,""uid"":290680,""user"":""wheelmap_visitor""}}","{""type"":""node"",""id"":11347028415,""lat"":44.3712094,""lon"":26.148591,""timestamp"":""2026-04-23T06:23:15Z"",""version"":3,""changeset"":181701476,""user"":""wheelmap_visitor"",""uid"":290680,""tags"":{""addr:housenumber"":""42"",""addr:street"":""Strada Amurgului"",""amenity"":""cafe"",""name"":""Plug In Coffee"",""wheelchair"":""limited""}}",2026-05-30 08:46:18.442513+00:00
osm,osm:node/9582677958,Cofetăria Sara,Romania,Bucharest,cafe,44.3731995,26.1501633,,,,,"{""amenity"":""cafe"",""name"":""Cofetăria Sara"",""formatted_address"":"""",""primary_type"":""amenity=cafe"",""osm_meta"":{""version"":1,""timestamp"":""2022-03-16T10:54:50Z"",""changeset"":118546363,""uid"":69259,""user"":""DnaX""}}","{""type"":""node"",""id"":9582677958,""lat"":44.3731995,""lon"":26.1501633,""timestamp"":""2022-03-16T10:54:50Z"",""version"":1,""changeset"":118546363,""user"":""DnaX"",""uid"":69259,""tags"":{""amenity"":""cafe"",""name"":""Cofetăria Sara""}}",2026-05-30 08:46:18.442513+00:00
osm,osm:node/10113679948,others,Romania,Bucharest,cafe,44.3726628,26.1508873,,,,,"{""addr:housenumber"":""2E"",""addr:street"":""Strada Solstițiului"",""amenity"":""cafe"",""cuisine"":""coffee_shop"",""outdoor_seating"":""yes"",""formatted_address"":""Strada Solstițiului 2E"",""primary_type"":""amenity=cafe"",""osm_meta"":{""version"":1,""timestamp"":""2022-10-19T10:03:10Z"",""changeset"":127771556,""uid"":69259,""user"":""DnaX""}}","{""type"":""node"",""id"":10113679948,""lat"":44.3726628,""lon"":26.1508873,""timestamp"":""2022-10-19T10:03:10Z"",""version"":1,""changeset"":127771556,""user"":""DnaX"",""uid"":69259,""tags"":{""addr:housenumber"":""2E"",""addr:street"":""Strada Solstițiului"",""amenity"":""cafe"",""cuisine"":""coffee_shop"",""outdoor_seating"":""yes""}}",2026-05-30 08:46:18.442513+00:00
osm,osm:node/10682657547,5 to go,Romania,Bucharest,cafe,44.3736376,26.150165,,,,,"{""amenity"":""cafe"",""brand"":""5 to go"",""brand:wikidata"":""Q115684369"",""cuisine"":""coffee_shop"",""name"":""5 to go"",""takeaway"":""yes"",""wheelchair"":""no"",""formatted_address"":"""",""primary_type"":""amenity=cafe"",""osm_meta"":{""version"":2,""timestamp"":""2026-04-23T13:28:24Z"",""changeset"":181718706,""uid"":290680,""user"":""wheelmap_visitor""}}","{""type"":""node"",""id"":10682657547,""lat"":44.3736376,""lon"":26.150165,""timestamp"":""2026-04-23T13:28:24Z"",""version"":2,""changeset"":181718706,""user"":""wheelmap_visitor"",""uid"":290680,""tags"":{""amenity"":""cafe"",""brand"":""5 to go"",""brand:wikidata"":""Q115684369"",""cuisine"":""coffee_shop"",""name"":""5 to go"",""takeaway"":""yes"",""wheelchair"":""no""}}",2026-05-30 08:46:18.442513+00:00
osm,osm:node/4330787289,5 to go,Romania,Bucharest,cafe,44.3819512,26.1516104,,,,,"{""addr:housenumber"":""11A"",""addr:street"":""Șoseaua Olteniței"",""amenity"":""cafe"",""brand"":""5 to go"",""brand:wikidata"":""Q115684369"",""cuisine"":""coffee_shop"",""email"":""comenzi@prajituridevis.ro"",""internet_access"":""wlan"",""name"":""5 to go"",""opening_hours"":""Mo-Su 10:00-22:00"",""phone"":""0722276263"",""takeaway"":""yes"",""website"":""https://www.cofetariaarmand.ro/"",""formatted_address"":""Șoseaua Olteniței 11A"",""primary_type"":""amenity=cafe"",""osm_meta"":{""version"":3,""timestamp"":""2024-10-16T21:05:37Z"",""changeset"":157983668,""uid"":69259,""user"":""DnaX""}}","{""type"":""node"",""id"":4330787289,""lat"":44.3819512,""lon"":26.1516104,""timestamp"":""2024-10-16T21:05:37Z"",""version"":3,""changeset"":157983668,""user"":""DnaX"",""uid"":69259,""tags"":{""addr:housenumber"":""11A"",""addr:street"":""Șoseaua Olteniței"",""amenity"":""cafe"",""brand"":""5 to go"",""brand:wikidata"":""Q115684369"",""cuisine"":""coffee_shop"",""email"":""comenzi@prajituridevis.ro"",""internet_access"":""wlan"",""name"":""5 to go"",""opening_hours"":""Mo-Su 10:00-22:00"",""phone"":""0722276263"",""takeaway"":""yes"",""website"":""https://www.cofetariaarmand.ro/""}}",2026-05-30 08:46:18.442513+00:00
osm,osm:node/9397151309,others,Romania,Bucharest,cafe,44.3832397,26.1530677,,,,,"{""amenity"":""cafe"",""formatted_address"":"""",""primary_type"":""amenity=cafe"",""osm_meta"":{""version"":1,""timestamp"":""2022-01-06T16:46:29Z"",""changeset"":115845159,""uid"":69259,""user"":""DnaX""}}","{""type"":""node"",""id"":9397151309,""lat"":44.3832397,""lon"":26.1530677,""timestamp"":""2022-01-06T16:46:29Z"",""version"":1,""changeset"":115845159,""user"":""DnaX"",""uid"":69259,""tags"":{""amenity"":""cafe""}}",2026-05-30 08:46:18.442513+00:00
osm,osm:node/12327313903,5 to go,RO,București,cafe,44.4009165,26.1437638,,,,,"{""addr:city"":""București"",""addr:country"":""RO"",""addr:housenumber"":""7A"",""addr:postcode"":""042121"",""addr:street"":""Șoseaua Vitan-Bârzești"",""amenity"":""cafe"",""brand"":""5 to go"",""brand:wikidata"":""Q115684369"",""cuisine"":""coffee_shop"",""name"":""5 to go"",""opening_hours"":""Mo-Sa 08:00-21:00; Su 08:00-19:00"",""outdoor_seating"":""no"",""phone"":""+40 723 531 506"",""takeaway"":""yes"",""website"":""https://fivetogo.ro/"",""formatted_address"":""Șoseaua Vitan-Bârzești 7A, 042121, București"",""primary_type"":""amenity=cafe"",""osm_meta"":{""version"":2,""timestamp"":""2024-11-09T19:03:52Z"",""changeset"":158945878,""uid"":9484321,""user"":""Dan 9""}}","{""type"":""node"",""id"":12327313903,""lat"":44.4009165,""lon"":26.1437638,""timestamp"":""2024-11-09T19:03:52Z"",""version"":2,""changeset"":158945878,""user"":""Dan 9"",""uid"":9484321,""tags"":{""addr:city"":""București"",""addr:country"":""RO"",""addr:housenumber"":""7A"",""addr:postcode"":""042121"",""addr:street"":""Șoseaua Vitan-Bârzești"",""amenity"":""cafe"",""brand"":""5 to go"",""brand:wikidata"":""Q115684369"",""cuisine"":""coffee_shop"",""name"":""5 to go"",""opening_hours"":""Mo-Sa 08:00-21:00; Su 08:00-19:00"",""outdoor_seating"":""no"",""phone"":""+40 723 531 506"",""takeaway"":""yes"",""website"":""https://fivetogo.ro/""}}",2026-05-30 08:46:18.442513+00:00
osm,osm:node/10862014717,Sifon Cafe,Romania,Popești-Leordeni,cafe,44.3796448,26.166307,,,,,"{""addr:city"":""Popești-Leordeni"",""addr:housenumber"":""3"",""addr:postcode"":""077160"",""addr:street"":""Strada Mirăslău"",""amenity"":""cafe"",""name"":""Sifon Cafe"",""formatted_address"":""Strada Mirăslău 3, 077160, Popești-Leordeni"",""primary_type"":""amenity=cafe"",""osm_meta"":{""version"":1,""timestamp"":""2023-05-02T09:31:01Z"",""changeset"":135607406,""uid"":69259,""user"":""DnaX""}}","{""type"":""node"",""id"":10862014717,""lat"":44.3796448,""lon"":26.166307,""timestamp"":""2023-05-02T09:31:01Z"",""version"":1,""changeset"":135607406,""user"":""DnaX"",""uid"":69259,""tags"":{""addr:city"":""Popești-Leordeni"",""addr:housenumber"":""3"",""addr:postcode"":""077160"",""addr:street"":""Strada Mirăslău"",""amenity"":""cafe"",""name"":""Sifon Cafe""}}",2026-05-30 08:46:18.442513+00:00
osm,osm:way/1190118008,5 to go,Romania,Popești-Leordeni,cafe,44.3799757,26.1680762,,,,,"{""addr:city"":""Popești-Leordeni"",""addr:street"":""Șoseaua Olteniței"",""amenity"":""cafe"",""brand"":""5 to go"",""brand:wikidata"":""Q115684369"",""building"":""yes"",""cuisine"":""coffee_shop"",""name"":""5 to go"",""takeaway"":""yes"",""formatted_address"":""Șoseaua Olteniței, Popești-Leordeni"",""primary_type"":""amenity=cafe"",""osm_meta"":{""version"":2,""timestamp"":""2024-02-21T08:00:28Z"",""changeset"":147721692,""uid"":128281,""user"":""rarad74""}}","{""type"":""way"",""id"":1190118008,""timestamp"":""2024-02-21T08:00:28Z"",""version"":2,""changeset"":147721692,""user"":""rarad74"",""uid"":128281,""center"":{""lat"":44.3799757,""lon"":26.1680762},""nodes"":[11050576731,11050576732,11050576733,11050576734,11050576731],""tags"":{""addr:city"":""Popești-Leordeni"",""addr:street"":""Șoseaua Olteniței"",""amenity"":""cafe"",""brand"":""5 to go"",""brand:wikidata"":""Q115684369"",""building"":""yes"",""cuisine"":""coffee_shop"",""name"":""5 to go"",""takeaway"":""yes""}}",2026-05-30 08:46:18.442513+00:00
osm,osm:node/12880708096,Temple of Brewzeus,Romania,București,cafe,44.4072703,25.9877184,,,,,"{""addr:city"":""București"",""addr:housenumber"":""59a"",""addr:street"":""Prelungirea Ghencea"",""amenity"":""cafe"",""name"":""Temple of Brewzeus"",""formatted_address"":""Prelungirea Ghencea 59a, București"",""primary_type"":""amenity=cafe"",""osm_meta"":{""version"":1,""timestamp"":""2025-06-02T10:27:18Z"",""changeset"":167085408,""uid"":17863959,""user"":""Radu Nicolau""}}","{""type"":""node"",""id"":12880708096,""lat"":44.4072703,""lon"":25.9877184,""timestamp"":""2025-06-02T10:27:18Z"",""version"":1,""changeset"":167085408,""user"":""Radu Nicolau"",""uid"":17863959,""tags"":{""addr:city"":""București"",""addr:housenumber"":""59a"",""addr:street"":""Prelungirea Ghencea"",""amenity"":""cafe"",""name"":""Temple of Brewzeus""}}",2026-05-30 08:46:18.442513+00:00
osm,osm:node/12033784969,Cafeteria,Romania,Bucharest,cafe,44.4080895,25.9922353,,,,,"{""amenity"":""cafe"",""name"":""Cafeteria"",""formatted_address"":"""",""primary_type"":""amenity=cafe"",""osm_meta"":{""version"":1,""timestamp"":""2024-07-04T16:45:37Z"",""changeset"":153556152,""uid"":19112252,""user"":""Deimos Artus""}}","{""type"":""node"",""id"":12033784969,""lat"":44.4080895,""lon"":25.9922353,""timestamp"":""2024-07-04T16:45:37Z"",""version"":1,""changeset"":153556152,""user"":""Deimos Artus"",""uid"":19112252,""tags"":{""amenity"":""cafe"",""name"":""Cafeteria""}}",2026-05-30 08:46:18.442513+00:00
osm,osm:node/11771989569,5 to go,Romania,Bucharest,cafe,44.4359848,25.9831299,,,,,"{""amenity"":""cafe"",""brand"":""5 to go"",""brand:wikidata"":""Q115684369"",""cuisine"":""coffee_shop"",""name"":""5 to go"",""name:en"":""5 to go"",""name:ro"":""5 to go"",""opening_hours"":""Mo-Sa 08:00-20:00; Su 08:00-19:00"",""takeaway"":""yes"",""website"":""https://fivetogo.ro"",""formatted_address"":"""",""primary_type"":""amenity=cafe"",""osm_meta"":{""version"":3,""timestamp"":""2024-10-23T13:42:35Z"",""changeset"":158254110,""uid"":9484321,""user"":""Dan 9""}}","{""type"":""node"",""id"":11771989569,""lat"":44.4359848,""lon"":25.9831299,""timestamp"":""2024-10-23T13:42:35Z"",""version"":3,""changeset"":158254110,""user"":""Dan 9"",""uid"":9484321,""tags"":{""amenity"":""cafe"",""brand"":""5 to go"",""brand:wikidata"":""Q115684369"",""cuisine"":""coffee_shop"",""name"":""5 to go"",""name:en"":""5 to go"",""name:ro"":""5 to go"",""opening_hours"":""Mo-Sa 08:00-20:00; Su 08:00-19:00"",""takeaway"":""yes"",""website"":""https://fivetogo.ro""}}",2026-05-30 08:46:18.442513+00:00
osm,osm:node/11787242164,5 to go,RO,București,cafe,44.4313951,26.0057188,,,,,"{""addr:city"":""București"",""addr:country"":""RO"",""addr:housenumber"":""3"",""addr:postcode"":""060511"",""addr:street"":""Strada Valea Cascadelor"",""amenity"":""cafe"",""brand"":""5 to go"",""brand:wikidata"":""Q115684369"",""cuisine"":""coffee_shop"",""name"":""5 to go"",""opening_hours"":""Mo-Sa 07:30-20:00; Su 08:30-19:00"",""outdoor_seating"":""no"",""phone"":""+40 760 280 733"",""source:addr:housenumber"":""survey"",""source:addr:street"":""survey"",""takeaway"":""yes"",""website"":""https://fivetogo.ro/"",""formatted_address"":""Strada Valea Cascadelor 3, 060511, București"",""primary_type"":""amenity=cafe"",""osm_meta"":{""version"":1,""timestamp"":""2024-04-04T16:08:17Z"",""changeset"":149577500,""uid"":9484321,""user"":""Dan 9""}}","{""type"":""node"",""id"":11787242164,""lat"":44.4313951,""lon"":26.0057188,""timestamp"":""2024-04-04T16:08:17Z"",""version"":1,""changeset"":149577500,""user"":""Dan 9"",""uid"":9484321,""tags"":{""addr:city"":""București"",""addr:country"":""RO"",""addr:housenumber"":""3"",""addr:postcode"":""060511"",""addr:street"":""Strada Valea Cascadelor"",""amenity"":""cafe"",""brand"":""5 to go"",""brand:wikidata"":""Q115684369"",""cuisine"":""coffee_shop"",""name"":""5 to go"",""opening_hours"":""Mo-Sa 07:30-20:00; Su 08:30-19:00"",""outdoor_seating"":""no"",""phone"":""+40 760 280 733"",""source:addr:housenumber"":""survey"",""source:addr:street"":""survey"",""takeaway"":""yes"",""website"":""https://fivetogo.ro/""}}",2026-05-30 08:46:18.442513+00:00
osm,osm:way/650210420,Starbucks,RO,București,cafe,44.4357409,25.9834851,,,,,"{""addr:city"":""București"",""addr:country"":""RO"",""addr:housenumber"":""560A"",""addr:postcode"":""061129"",""addr:street"":""Bulevardul Iuliu Maniu"",""amenity"":""cafe"",""brand"":""Starbucks"",""brand:wikidata"":""Q37158"",""brand:wikipedia"":""en:Starbucks"",""building"":""retail"",""cuisine"":""coffee_shop"",""drive_through"":""yes"",""facebook"":""StarbucksRomania SRL"",""height"":""6"",""name"":""Starbucks"",""official_name"":""Starbucks Coffee"",""opening_hours"":""Mo-Su 07:00-22:00"",""opening_hours:drive_through"":""Mo-Su 06:00-00:00"",""operator"":""Amrest Coffee SRL"",""outdoor_seating"":""yes"",""phone"":""+40 754 068 947"",""source:addr:housenumber"":""survey"",""source:addr:street"":""survey"",""start_date"":""2018"",""takeaway"":""yes"",""website"":""https://www.starbucksromania.ro/"",""formatted_address"":""Bulevardul Iuliu Maniu 560A, 061129, București"",""primary_type"":""amenity=cafe"",""osm_meta"":{""version"":11,""timestamp"":""2023-09-02T06:39:14Z"",""changeset"":140705313,""uid"":9484321,""user"":""Dan 9""}}","{""type"":""way"",""id"":650210420,""timestamp"":""2023-09-02T06:39:14Z"",""version"":11,""changeset"":140705313,""user"":""Dan 9"",""uid"":9484321,""center"":{""lat"":44.4357409,""lon"":25.9834851},""nodes"":[6100454887,6100454888,9373859271,9373859272,9373859273,9373859274,6100454889,6100454890,6399539054,6399539057,6399539056,6399539055,6100454887],""tags"":{""addr:city"":""București"",""addr:country"":""RO"",""addr:housenumber"":""560A"",""addr:postcode"":""061129"",""addr:street"":""Bulevardul Iuliu Maniu"",""amenity"":""cafe"",""brand"":""Starbucks"",""brand:wikidata"":""Q37158"",""brand:wikipedia"":""en:Starbucks"",""building"":""retail"",""cuisine"":""coffee_shop"",""drive_through"":""yes"",""facebook"":""StarbucksRomania SRL"",""height"":""6"",""name"":""Starbucks"",""official_name"":""Starbucks Coffee"",""opening_hours"":""Mo-Su 07:00-22:00"",""opening_hours:drive_through"":""Mo-Su 06:00-00:00"",""operator"":""Amrest Coffee SRL"",""outdoor_seating"":""yes"",""phone"":""+40 754 068 947"",""source:addr:housenumber"":""survey"",""source:addr:street"":""survey"",""start_date"":""2018"",""takeaway"":""yes"",""website"":""https://www.starbucksromania.ro/""}}",2026-05-30 08:46:18.442513+00:00
osm,osm:node/6155841178,Starbucks,RO,București,cafe,44.4174848,26.0355947,,,,,"{""addr:city"":""București"",""addr:country"":""RO"",""addr:housenumber"":""25"",""addr:postcode"":""061444"",""addr:street"":""Strada Brașov"",""amenity"":""cafe"",""branch"":""Drumul Taberei"",""brand"":""Starbucks"",""brand:wikidata"":""Q37158"",""brand:wikipedia"":""en:Starbucks"",""cuisine"":""coffee_shop"",""facebook"":""StarbucksRomania"",""internet_access"":""yes"",""internet_access:fee"":""yes"",""name"":""Starbucks"",""official_name"":""Starbucks Coffee"",""operator"":""Amrest Coffee SRL"",""outdoor_seating"":""yes"",""phone"":""+40 747 089 346"",""source"":""survey"",""source:addr:housenumber"":""survey"",""source:addr:street"":""survey"",""takeaway"":""yes"",""website"":""https://www.starbucksromania.ro/"",""formatted_address"":""Strada Brașov 25, 061444, București"",""primary_type"":""amenity=cafe"",""osm_meta"":{""version"":8,""timestamp"":""2023-08-12T19:24:10Z"",""changeset"":139800028,""uid"":9484321,""user"":""Dan 9""}}","{""type"":""node"",""id"":6155841178,""lat"":44.4174848,""lon"":26.0355947,""timestamp"":""2023-08-12T19:24:10Z"",""version"":8,""changeset"":139800028,""user"":""Dan 9"",""uid"":9484321,""tags"":{""addr:city"":""București"",""addr:country"":""RO"",""addr:housenumber"":""25"",""addr:postcode"":""061444"",""addr:street"":""Strada Brașov"",""amenity"":""cafe"",""branch"":""Drumul Taberei"",""brand"":""Starbucks"",""brand:wikidata"":""Q37158"",""brand:wikipedia"":""en:Starbucks"",""cuisine"":""coffee_shop"",""facebook"":""StarbucksRomania"",""internet_access"":""yes"",""internet_access:fee"":""yes"",""name"":""Starbucks"",""official_name"":""Starbucks Coffee"",""operator"":""Amrest Coffee SRL"",""outdoor_seating"":""yes"",""phone"":""+40 747 089 346"",""source"":""survey"",""source:addr:housenumber"":""survey"",""source:addr:street"":""survey"",""takeaway"":""yes"",""website"":""https://www.starbucksromania.ro/""}}",2026-05-30 08:46:18.442513+00:00
osm,osm:node/6779726963,5 to go,RO,București,cafe,44.4171814,26.0356812,,,,,"{""addr:city"":""București"",""addr:country"":""RO"",""addr:housenumber"":""25"",""addr:postcode"":""061444"",""addr:street"":""Strada Brașov"",""amenity"":""cafe"",""branch"":""Drumul Taberei"",""brand"":""5 to go"",""brand:wikidata"":""Q115684369"",""cuisine"":""coffee_shop"",""facebook"":""fivetogo.ro"",""name"":""5 to go"",""opening_hours"":""Mo-Su 09:00-21:00"",""source"":""survey"",""source:addr:housenumber"":""survey"",""source:addr:street"":""survey"",""takeaway"":""yes"",""website"":""https://fivetogo.ro/"",""formatted_address"":""Strada Brașov 25, 061444, București"",""primary_type"":""amenity=cafe"",""osm_meta"":{""version"":4,""timestamp"":""2023-08-12T19:24:10Z"",""changeset"":139800028,""uid"":9484321,""user"":""Dan 9""}}","{""type"":""node"",""id"":6779726963,""lat"":44.4171814,""lon"":26.0356812,""timestamp"":""2023-08-12T19:24:10Z"",""version"":4,""changeset"":139800028,""user"":""Dan 9"",""uid"":9484321,""tags"":{""addr:city"":""București"",""addr:country"":""RO"",""addr:housenumber"":""25"",""addr:postcode"":""061444"",""addr:street"":""Strada Brașov"",""amenity"":""cafe"",""branch"":""Drumul Taberei"",""brand"":""5 to go"",""brand:wikidata"":""Q115684369"",""cuisine"":""coffee_shop"",""facebook"":""fivetogo.ro"",""name"":""5 to go"",""opening_hours"":""Mo-Su 09:00-21:00"",""source"":""survey"",""source:addr:housenumber"":""survey"",""source:addr:street"":""survey"",""takeaway"":""yes"",""website"":""https://fivetogo.ro/""}}",2026-05-30 08:46:18.442513+00:00
osm,osm:node/13826942243,URBAN VENDING,Romania,Bucharest,cafe,44.422934,26.0358428,,,,,"{""amenity"":""cafe"",""cuisine"":""coffee_shop"",""name"":""URBAN VENDING"",""formatted_address"":"""",""primary_type"":""amenity=cafe"",""osm_meta"":{""version"":1,""timestamp"":""2026-05-14T08:32:10Z"",""changeset"":182635819,""uid"":24126967,""user"":""CarlosSacalul""}}","{""type"":""node"",""id"":13826942243,""lat"":44.422934,""lon"":26.0358428,""timestamp"":""2026-05-14T08:32:10Z"",""version"":1,""changeset"":182635819,""user"":""CarlosSacalul"",""uid"":24126967,""tags"":{""amenity"":""cafe"",""cuisine"":""coffee_shop"",""name"":""URBAN VENDING""}}",2026-05-30 08:46:18.442513+00:00
osm,osm:node/8488906951,Vrei ceva bun,Romania,București,cafe,44.4235884,26.0412253,,,,,"{""addr:city"":""București"",""addr:housenumber"":""34"",""addr:postcode"":""061388"",""addr:street"":""Drumul Taberei"",""amenity"":""cafe"",""name"":""Vrei ceva bun"",""source:addr:housenumber"":""survey"",""source:addr:street"":""survey"",""formatted_address"":""Drumul Taberei 34, 061388, București"",""primary_type"":""amenity=cafe"",""osm_meta"":{""version"":4,""timestamp"":""2023-06-06T21:56:50Z"",""changeset"":137032961,""uid"":11303102,""user"":""watmildon""}}","{""type"":""node"",""id"":8488906951,""lat"":44.4235884,""lon"":26.0412253,""timestamp"":""2023-06-06T21:56:50Z"",""version"":4,""changeset"":137032961,""user"":""watmildon"",""uid"":11303102,""tags"":{""addr:city"":""București"",""addr:housenumber"":""34"",""addr:postcode"":""061388"",""addr:street"":""Drumul Taberei"",""amenity"":""cafe"",""name"":""Vrei ceva bun"",""source:addr:housenumber"":""survey"",""source:addr:street"":""survey""}}",2026-05-30 08:46:18.442513+00:00
osm,osm:node/11385297130,5 to go,Romania,Bucharest,cafe,44.4157706,26.0461438,,,,,"{""amenity"":""cafe"",""brand"":""5 to go"",""brand:wikidata"":""Q115684369"",""cuisine"":""coffee_shop"",""name"":""5 to go"",""takeaway"":""yes"",""formatted_address"":"""",""primary_type"":""amenity=cafe"",""osm_meta"":{""version"":1,""timestamp"":""2023-11-30T10:01:19Z"",""changeset"":144618867,""uid"":69259,""user"":""DnaX""}}","{""type"":""node"",""id"":11385297130,""lat"":44.4157706,""lon"":26.0461438,""timestamp"":""2023-11-30T10:01:19Z"",""version"":1,""changeset"":144618867,""user"":""DnaX"",""uid"":69259,""tags"":{""amenity"":""cafe"",""brand"":""5 to go"",""brand:wikidata"":""Q115684369"",""cuisine"":""coffee_shop"",""name"":""5 to go"",""takeaway"":""yes""}}",2026-05-30 08:46:18.442513+00:00
osm,osm:node/8608330017,5 to go,Romania,București,cafe,44.434182,26.0159204,,,,,"{""addr:city"":""București"",""amenity"":""cafe"",""brand"":""5 to go"",""brand:wikidata"":""Q115684369"",""cuisine"":""coffee_shop"",""name"":""5 to go"",""takeaway"":""yes"",""formatted_address"":""București"",""primary_type"":""amenity=cafe"",""osm_meta"":{""version"":3,""timestamp"":""2025-10-11T20:02:37Z"",""changeset"":173153668,""uid"":128281,""user"":""rarad74""}}","{""type"":""node"",""id"":8608330017,""lat"":44.434182,""lon"":26.0159204,""timestamp"":""2025-10-11T20:02:37Z"",""version"":3,""changeset"":173153668,""user"":""rarad74"",""uid"":128281,""tags"":{""addr:city"":""București"",""amenity"":""cafe"",""brand"":""5 to go"",""brand:wikidata"":""Q115684369"",""cuisine"":""coffee_shop"",""name"":""5 to go"",""takeaway"":""yes""}}",2026-05-30 08:46:18.442513+00:00
osm,osm:node/12182530794,Savoury,RO,București,cafe,44.4266833,26.0288807,,,,,"{""addr:city"":""București"",""addr:country"":""RO"",""addr:housenumber"":""59"",""addr:postcode"":""061318"",""addr:street"":""Bulevardul Timișoara"",""amenity"":""cafe"",""name"":""Savoury"",""opening_hours"":""Mo-Fr 08:00-17:00; Sa 09:00-17:00; Su 09:00-15:00"",""outdoor_seating"":""yes"",""phone"":""+40 747 648 733"",""source:addr:housenumber"":""survey"",""source:addr:street"":""survey"",""formatted_address"":""Bulevardul Timișoara 59, 061318, București"",""primary_type"":""amenity=cafe"",""osm_meta"":{""version"":1,""timestamp"":""2024-09-17T17:04:44Z"",""changeset"":156739410,""uid"":9484321,""user"":""Dan 9""}}","{""type"":""node"",""id"":12182530794,""lat"":44.4266833,""lon"":26.0288807,""timestamp"":""2024-09-17T17:04:44Z"",""version"":1,""changeset"":156739410,""user"":""Dan 9"",""uid"":9484321,""tags"":{""addr:city"":""București"",""addr:country"":""RO"",""addr:housenumber"":""59"",""addr:postcode"":""061318"",""addr:street"":""Bulevardul Timișoara"",""amenity"":""cafe"",""name"":""Savoury"",""opening_hours"":""Mo-Fr 08:00-17:00; Sa 09:00-17:00; Su 09:00-15:00"",""outdoor_seating"":""yes"",""phone"":""+40 747 648 733"",""source:addr:housenumber"":""survey"",""source:addr:street"":""survey""}}",2026-05-30 08:46:18.442513+00:00
osm,osm:node/11701113095,5 to go,RO,București,cafe,44.4336684,26.0212814,,,,,"{""addr:city"":""București"",""addr:country"":""RO"",""addr:housenumber"":""65"",""addr:postcode"":""061085"",""addr:street"":""Bulevardul Iuliu Maniu"",""amenity"":""cafe"",""brand"":""5 to go"",""brand:wikidata"":""Q115684369"",""cuisine"":""coffee_shop"",""name"":""5 to go"",""opening_hours"":""Mo-Fr 07:30-18:00; Sa 09:00-14:00"",""outdoor_seating"":""no"",""phone"":""+40 730 764 818"",""source:addr:housenumber"":""survey"",""source:addr:street"":""survey"",""takeaway"":""yes"",""website"":""https://fivetogo.ro/"",""formatted_address"":""Bulevardul Iuliu Maniu 65, 061085, București"",""primary_type"":""amenity=cafe"",""osm_meta"":{""version"":2,""timestamp"":""2024-03-16T06:20:53Z"",""changeset"":148717561,""uid"":9451067,""user"":""b-jazz-bot""}}","{""type"":""node"",""id"":11701113095,""lat"":44.4336684,""lon"":26.0212814,""timestamp"":""2024-03-16T06:20:53Z"",""version"":2,""changeset"":148717561,""user"":""b-jazz-bot"",""uid"":9451067,""tags"":{""addr:city"":""București"",""addr:country"":""RO"",""addr:housenumber"":""65"",""addr:postcode"":""061085"",""addr:street"":""Bulevardul Iuliu Maniu"",""amenity"":""cafe"",""brand"":""5 to go"",""brand:wikidata"":""Q115684369"",""cuisine"":""coffee_shop"",""name"":""5 to go"",""opening_hours"":""Mo-Fr 07:30-18:00; Sa 09:00-14:00"",""outdoor_seating"":""no"",""phone"":""+40 730 764 818"",""source:addr:housenumber"":""survey"",""source:addr:street"":""survey"",""takeaway"":""yes"",""website"":""https://fivetogo.ro/""}}",2026-05-30 08:46:18.442513+00:00
osm,osm:node/11643009971,Grătarul incins,Romania,Bucharest,cafe,44.4339521,26.0258161,,,,,"{""amenity"":""cafe"",""name"":""Grătarul incins"",""formatted_address"":"""",""primary_type"":""amenity=cafe"",""osm_meta"":{""version"":1,""timestamp"":""2024-02-19T21:42:59Z"",""changeset"":147669142,""uid"":21047808,""user"":""Ștefan Vrapcea""}}","{""type"":""node"",""id"":11643009971,""lat"":44.4339521,""lon"":26.0258161,""timestamp"":""2024-02-19T21:42:59Z"",""version"":1,""changeset"":147669142,""user"":""Ștefan Vrapcea"",""uid"":21047808,""tags"":{""amenity"":""cafe"",""name"":""Grătarul incins""}}",2026-05-30 08:46:18.442513+00:00
osm,osm:node/766334076,Starbucks,RO,București,cafe,44.4291065,26.0349494,,,,,"{""addr:city"":""București"",""addr:country"":""RO"",""addr:housenumber"":""26"",""addr:postcode"":""061331"",""addr:street"":""Bulevardul Timișoara"",""amenity"":""cafe"",""brand"":""Starbucks"",""brand:wikidata"":""Q37158"",""cuisine"":""coffee_shop"",""facebook"":""StarbucksRomania"",""level"":""0"",""name"":""Starbucks"",""official_name"":""Starbucks Coffee"",""opening_hours"":""Mo-Su 08:00-22:00"",""operator"":""Amrest Coffee SRL"",""outdoor_seating"":""yes"",""phone"":""+40 752 281 201"",""source:addr:housenumber"":""survey"",""source:addr:street"":""survey"",""takeaway"":""yes"",""website"":""https://www.starbucksromania.ro/"",""wheelchair"":""yes"",""formatted_address"":""Bulevardul Timișoara 26, 061331, București"",""primary_type"":""amenity=cafe"",""osm_meta"":{""version"":12,""timestamp"":""2024-07-05T16:22:45Z"",""changeset"":153595784,""uid"":9484321,""user"":""Dan 9""}}","{""type"":""node"",""id"":766334076,""lat"":44.4291065,""lon"":26.0349494,""timestamp"":""2024-07-05T16:22:45Z"",""version"":12,""changeset"":153595784,""user"":""Dan 9"",""uid"":9484321,""tags"":{""addr:city"":""București"",""addr:country"":""RO"",""addr:housenumber"":""26"",""addr:postcode"":""061331"",""addr:street"":""Bulevardul Timișoara"",""amenity"":""cafe"",""brand"":""Starbucks"",""brand:wikidata"":""Q37158"",""cuisine"":""coffee_shop"",""facebook"":""StarbucksRomania"",""level"":""0"",""name"":""Starbucks"",""official_name"":""Starbucks Coffee"",""opening_hours"":""Mo-Su 08:00-22:00"",""operator"":""Amrest Coffee SRL"",""outdoor_seating"":""yes"",""phone"":""+40 752 281 201"",""source:addr:housenumber"":""survey"",""source:addr:street"":""survey"",""takeaway"":""yes"",""website"":""https://www.starbucksromania.ro/"",""wheelchair"":""yes""}}",2026-05-30 08:46:18.442513+00:00
osm,osm:node/5042331401,Kahve Dünyası,RO,București,cafe,44.4290434,26.0345355,,,,,"{""addr:city"":""București"",""addr:country"":""RO"",""addr:housenumber"":""26"",""addr:postcode"":""061331"",""addr:street"":""Bulevardul Timișoara"",""amenity"":""cafe"",""brand"":""Kahve Dünyası"",""brand:wikidata"":""Q28008050"",""cuisine"":""coffee_shop"",""facebook"":""kahvedunyasiRO"",""level"":""0"",""name"":""Kahve Dünyası"",""opening_hours"":""Mo-Fr 09:00-22:00; Sa-Su 10:00-22:00"",""outdoor_seating"":""yes"",""phone"":""+40 21 315 6090"",""source:addr:housenumber"":""survey"",""source:addr:street"":""survey"",""takeaway"":""yes"",""website"":""https://www.kahvedunyasi.com/"",""formatted_address"":""Bulevardul Timișoara 26, 061331, București"",""primary_type"":""amenity=cafe"",""osm_meta"":{""version"":11,""timestamp"":""2024-07-05T16:22:45Z"",""changeset"":153595784,""uid"":9484321,""user"":""Dan 9""}}","{""type"":""node"",""id"":5042331401,""lat"":44.4290434,""lon"":26.0345355,""timestamp"":""2024-07-05T16:22:45Z"",""version"":11,""changeset"":153595784,""user"":""Dan 9"",""uid"":9484321,""tags"":{""addr:city"":""București"",""addr:country"":""RO"",""addr:housenumber"":""26"",""addr:postcode"":""061331"",""addr:street"":""Bulevardul Timișoara"",""amenity"":""cafe"",""brand"":""Kahve Dünyası"",""brand:wikidata"":""Q28008050"",""cuisine"":""coffee_shop"",""facebook"":""kahvedunyasiRO"",""level"":""0"",""name"":""Kahve Dünyası"",""opening_hours"":""Mo-Fr 09:00-22:00; Sa-Su 10:00-22:00"",""outdoor_seating"":""yes"",""phone"":""+40 21 315 6090"",""source:addr:housenumber"":""survey"",""source:addr:street"":""survey"",""takeaway"":""yes"",""website"":""https://www.kahvedunyasi.com/""}}",2026-05-30 08:46:18.442513+00:00
osm,osm:node/8709723030,Ana Baking Co.,RO,București,cafe,44.4280288,26.0348392,,,,,"{""addr:city"":""București"",""addr:country"":""RO"",""addr:housenumber"":""26"",""addr:postcode"":""061331"",""addr:street"":""Bulevardul Timișoara"",""amenity"":""cafe"",""branch"":""Plaza Romania"",""cuisine"":""bistro"",""facebook"":""anabakingro"",""level"":""0"",""name"":""Ana Baking Co."",""opening_hours"":""Mo-Su 09:00-22:00"",""operator"":""Ana Pan SA"",""outdoor_seating"":""yes"",""phone"":""+40 31 101 9160"",""takeaway"":""yes"",""website"":""https://www.anabaking.ro"",""formatted_address"":""Bulevardul Timișoara 26, 061331, București"",""primary_type"":""amenity=cafe"",""osm_meta"":{""version"":5,""timestamp"":""2024-11-11T11:54:11Z"",""changeset"":159005318,""uid"":9484321,""user"":""Dan 9""}}","{""type"":""node"",""id"":8709723030,""lat"":44.4280288,""lon"":26.0348392,""timestamp"":""2024-11-11T11:54:11Z"",""version"":5,""changeset"":159005318,""user"":""Dan 9"",""uid"":9484321,""tags"":{""addr:city"":""București"",""addr:country"":""RO"",""addr:housenumber"":""26"",""addr:postcode"":""061331"",""addr:street"":""Bulevardul Timișoara"",""amenity"":""cafe"",""branch"":""Plaza Romania"",""cuisine"":""bistro"",""facebook"":""anabakingro"",""level"":""0"",""name"":""Ana Baking Co."",""opening_hours"":""Mo-Su 09:00-22:00"",""operator"":""Ana Pan SA"",""outdoor_seating"":""yes"",""phone"":""+40 31 101 9160"",""takeaway"":""yes"",""website"":""https://www.anabaking.ro""}}",2026-05-30 08:46:18.442513+00:00
osm,osm:node/9654423480,5 to go,RO,București,cafe,44.4272063,26.0346011,,,,,"{""addr:city"":""București"",""addr:country"":""RO"",""addr:housenumber"":""47"",""addr:postcode"":""061315"",""addr:postcode:source"":""Date de la Poșta Română, publicate sub Licența pentru Guvernare Deschisă v1.0 la http://date.gov.ro/organization/posta-romana"",""addr:street"":""Bulevardul Timișoara"",""amenity"":""cafe"",""brand"":""5 to go"",""brand:wikidata"":""Q115684369"",""cuisine"":""coffee_shop"",""name"":""5 to go"",""opening_hours"":""Mo-Fr 07:00-20:00"",""source:addr:housenumber"":""survey"",""source:addr:street"":""survey"",""takeaway"":""yes"",""formatted_address"":""Bulevardul Timișoara 47, 061315, București"",""primary_type"":""amenity=cafe"",""osm_meta"":{""version"":5,""timestamp"":""2024-11-09T16:06:08Z"",""changeset"":158940309,""uid"":9484321,""user"":""Dan 9""}}","{""type"":""node"",""id"":9654423480,""lat"":44.4272063,""lon"":26.0346011,""timestamp"":""2024-11-09T16:06:08Z"",""version"":5,""changeset"":158940309,""user"":""Dan 9"",""uid"":9484321,""tags"":{""addr:city"":""București"",""addr:country"":""RO"",""addr:housenumber"":""47"",""addr:postcode"":""061315"",""addr:postcode:source"":""Date de la Poșta Română, publicate sub Licența pentru Guvernare Deschisă v1.0 la http://date.gov.ro/organization/posta-romana"",""addr:street"":""Bulevardul Timișoara"",""amenity"":""cafe"",""brand"":""5 to go"",""brand:wikidata"":""Q115684369"",""cuisine"":""coffee_shop"",""name"":""5 to go"",""opening_hours"":""Mo-Fr 07:00-20:00"",""source:addr:housenumber"":""survey"",""source:addr:street"":""survey"",""takeaway"":""yes""}}",2026-05-30 08:46:18.442513+00:00
osm,osm:node/9654423483,Tucano Coffee,RO,București,cafe,44.4290874,26.0347827,,,,,"{""addr:city"":""București"",""addr:country"":""RO"",""addr:housenumber"":""26"",""addr:postcode"":""061331"",""addr:street"":""Bulevardul Timișoara"",""amenity"":""cafe"",""facebook"":""TucanoCoffeeCopacabana"",""level"":""2"",""name"":""Tucano Coffee"",""opening_hours"":""Mo-Fr 09:00-22:00; Sa-Su 10:00-22:00"",""outdoor_seating"":""yes"",""phone"":""+40 763 032 930"",""source:addr:housenumber"":""survey"",""source:addr:street"":""survey"",""takeaway"":""yes"",""website"":""https://www.tucanocoffee.com/"",""formatted_address"":""Bulevardul Timișoara 26, 061331, București"",""primary_type"":""amenity=cafe"",""osm_meta"":{""version"":5,""timestamp"":""2024-07-05T16:22:45Z"",""changeset"":153595784,""uid"":9484321,""user"":""Dan 9""}}","{""type"":""node"",""id"":9654423483,""lat"":44.4290874,""lon"":26.0347827,""timestamp"":""2024-07-05T16:22:45Z"",""version"":5,""changeset"":153595784,""user"":""Dan 9"",""uid"":9484321,""tags"":{""addr:city"":""București"",""addr:country"":""RO"",""addr:housenumber"":""26"",""addr:postcode"":""061331"",""addr:street"":""Bulevardul Timișoara"",""amenity"":""cafe"",""facebook"":""TucanoCoffeeCopacabana"",""level"":""2"",""name"":""Tucano Coffee"",""opening_hours"":""Mo-Fr 09:00-22:00; Sa-Su 10:00-22:00"",""outdoor_seating"":""yes"",""phone"":""+40 763 032 930"",""source:addr:housenumber"":""survey"",""source:addr:street"":""survey"",""takeaway"":""yes"",""website"":""https://www.tucanocoffee.com/""}}",2026-05-30 08:46:18.442513+00:00
osm,osm:node/11161351255,Manufaktura,RO,București,cafe,44.4280558,26.0351301,,,,,"{""addr:city"":""București"",""addr:country"":""RO"",""addr:housenumber"":""26"",""addr:postcode"":""061331"",""addr:street"":""Bulevardul Timișoara"",""amenity"":""cafe"",""branch"":""Plaza Romania"",""brand"":""Manufaktura"",""facebook"":""ManufakturaTheCoffeeShopRestaurant"",""level"":""0"",""name"":""Manufaktura"",""opening_hours"":""Mo-Su 10:00-22:00"",""operator"":""Manufaktura Cafe & Bistro SRL"",""outdoor_seating"":""yes"",""phone"":""+40 728 180 002"",""source:addr:housenumber"":""survey"",""source:addr:street"":""survey"",""takeaway"":""yes"",""website"":""https://manufakturacafe.ro/"",""formatted_address"":""Bulevardul Timișoara 26, 061331, București"",""primary_type"":""amenity=cafe"",""osm_meta"":{""version"":3,""timestamp"":""2024-11-11T11:54:11Z"",""changeset"":159005318,""uid"":9484321,""user"":""Dan 9""}}","{""type"":""node"",""id"":11161351255,""lat"":44.4280558,""lon"":26.0351301,""timestamp"":""2024-11-11T11:54:11Z"",""version"":3,""changeset"":159005318,""user"":""Dan 9"",""uid"":9484321,""tags"":{""addr:city"":""București"",""addr:country"":""RO"",""addr:housenumber"":""26"",""addr:postcode"":""061331"",""addr:street"":""Bulevardul Timișoara"",""amenity"":""cafe"",""branch"":""Plaza Romania"",""brand"":""Manufaktura"",""facebook"":""ManufakturaTheCoffeeShopRestaurant"",""level"":""0"",""name"":""Manufaktura"",""opening_hours"":""Mo-Su 10:00-22:00"",""operator"":""Manufaktura Cafe & Bistro SRL"",""outdoor_seating"":""yes"",""phone"":""+40 728 180 002"",""source:addr:housenumber"":""survey"",""source:addr:street"":""survey"",""takeaway"":""yes"",""website"":""https://manufakturacafe.ro/""}}",2026-05-30 08:46:18.442513+00:00
osm,osm:node/13826942244,URBAN VENDING,Romania,Bucharest,cafe,44.4236107,26.037083,,,,,"{""amenity"":""cafe"",""cuisine"":""coffee_shop"",""name"":""URBAN VENDING"",""formatted_address"":"""",""primary_type"":""amenity=cafe"",""osm_meta"":{""version"":1,""timestamp"":""2026-05-14T08:32:10Z"",""changeset"":182635819,""uid"":24126967,""user"":""CarlosSacalul""}}","{""type"":""node"",""id"":13826942244,""lat"":44.4236107,""lon"":26.037083,""timestamp"":""2026-05-14T08:32:10Z"",""version"":1,""changeset"":182635819,""user"":""CarlosSacalul"",""uid"":24126967,""tags"":{""amenity"":""cafe"",""cuisine"":""coffee_shop"",""name"":""URBAN VENDING""}}",2026-05-30 08:46:18.442513+00:00
osm,osm:node/8488906949,5 to go,Romania,București,cafe,44.4236182,26.0412143,,,,,"{""addr:city"":""București"",""addr:housenumber"":""34"",""addr:postcode"":""061388"",""addr:street"":""Drumul Taberei"",""amenity"":""cafe"",""brand"":""5 to go"",""brand:wikidata"":""Q115684369"",""cuisine"":""coffee_shop"",""name"":""5 to go"",""source:addr:housenumber"":""survey"",""source:addr:street"":""survey"",""takeaway"":""yes"",""formatted_address"":""Drumul Taberei 34, 061388, București"",""primary_type"":""amenity=cafe"",""osm_meta"":{""version"":6,""timestamp"":""2024-06-06T17:55:45Z"",""changeset"":152343933,""uid"":9484321,""user"":""Dan 9""}}","{""type"":""node"",""id"":8488906949,""lat"":44.4236182,""lon"":26.0412143,""timestamp"":""2024-06-06T17:55:45Z"",""version"":6,""changeset"":152343933,""user"":""Dan 9"",""uid"":9484321,""tags"":{""addr:city"":""București"",""addr:housenumber"":""34"",""addr:postcode"":""061388"",""addr:street"":""Drumul Taberei"",""amenity"":""cafe"",""brand"":""5 to go"",""brand:wikidata"":""Q115684369"",""cuisine"":""coffee_shop"",""name"":""5 to go"",""source:addr:housenumber"":""survey"",""source:addr:street"":""survey"",""takeaway"":""yes""}}",2026-05-30 08:46:18.442513+00:00
osm,osm:node/9655809221,Ted's Coffee Co.,RO,București,cafe,44.4334787,26.0366917,,,,,"{""addr:city"":""București"",""addr:country"":""RO"",""addr:housenumber"":""19"",""addr:postcode"":""061076"",""addr:postcode:source"":""survey"",""addr:street"":""Bulevardul Iuliu Maniu"",""amenity"":""cafe"",""brand"":""Ted's Coffee Co."",""brand:wikidata"":""Q137035177"",""cuisine"":""coffee_shop"",""level"":""0"",""name"":""Ted's Coffee Co."",""opening_hours"":""Mo-Su 09:00-21:00"",""phone"":""+40 740 085 216"",""source:addr:housenumber"":""survey"",""source:addr:street"":""survey"",""takeaway"":""yes"",""website"":""https://tedscoffeecompany.com/"",""formatted_address"":""Bulevardul Iuliu Maniu 19, 061076, București"",""primary_type"":""amenity=cafe"",""osm_meta"":{""version"":6,""timestamp"":""2026-04-07T22:23:46Z"",""changeset"":181022653,""uid"":69259,""user"":""DnaX""}}","{""type"":""node"",""id"":9655809221,""lat"":44.4334787,""lon"":26.0366917,""timestamp"":""2026-04-07T22:23:46Z"",""version"":6,""changeset"":181022653,""user"":""DnaX"",""uid"":69259,""tags"":{""addr:city"":""București"",""addr:country"":""RO"",""addr:housenumber"":""19"",""addr:postcode"":""061076"",""addr:postcode:source"":""survey"",""addr:street"":""Bulevardul Iuliu Maniu"",""amenity"":""cafe"",""brand"":""Ted's Coffee Co."",""brand:wikidata"":""Q137035177"",""cuisine"":""coffee_shop"",""level"":""0"",""name"":""Ted's Coffee Co."",""opening_hours"":""Mo-Su 09:00-21:00"",""phone"":""+40 740 085 216"",""source:addr:housenumber"":""survey"",""source:addr:street"":""survey"",""takeaway"":""yes"",""website"":""https://tedscoffeecompany.com/""}}",2026-05-30 08:46:18.442513+00:00
osm,osm:node/12036113527,5 to go,RO,București,cafe,44.4335317,26.0358954,,,,,"{""addr:city"":""București"",""addr:country"":""RO"",""addr:housenumber"":""19"",""addr:postcode"":""061076"",""addr:postcode:source"":""survey"",""addr:street"":""Bulevardul Iuliu Maniu"",""amenity"":""cafe"",""brand"":""5 to go"",""brand:wikidata"":""Q115684369"",""cuisine"":""coffee_shop"",""email"":""admcoffeetogo@gmail.com"",""level"":""0"",""name"":""5 to go"",""opening_hours"":""Mo-Su 09:00-21:00"",""outdoor_seating"":""no"",""phone"":""+40 771 432 409"",""source:addr:housenumber"":""survey"",""source:addr:street"":""survey"",""takeaway"":""yes"",""website"":""https://fivetogo.ro/"",""formatted_address"":""Bulevardul Iuliu Maniu 19, 061076, București"",""primary_type"":""amenity=cafe"",""osm_meta"":{""version"":2,""timestamp"":""2025-06-12T11:22:35Z"",""changeset"":167529183,""uid"":22907465,""user"":""KennyTheBard""}}","{""type"":""node"",""id"":12036113527,""lat"":44.4335317,""lon"":26.0358954,""timestamp"":""2025-06-12T11:22:35Z"",""version"":2,""changeset"":167529183,""user"":""KennyTheBard"",""uid"":22907465,""tags"":{""addr:city"":""București"",""addr:country"":""RO"",""addr:housenumber"":""19"",""addr:postcode"":""061076"",""addr:postcode:source"":""survey"",""addr:street"":""Bulevardul Iuliu Maniu"",""amenity"":""cafe"",""brand"":""5 to go"",""brand:wikidata"":""Q115684369"",""cuisine"":""coffee_shop"",""email"":""admcoffeetogo@gmail.com"",""level"":""0"",""name"":""5 to go"",""opening_hours"":""Mo-Su 09:00-21:00"",""outdoor_seating"":""no"",""phone"":""+40 771 432 409"",""source:addr:housenumber"":""survey"",""source:addr:street"":""survey"",""takeaway"":""yes"",""website"":""https://fivetogo.ro/""}}",2026-05-30 08:46:18.442513+00:00
osm,osm:node/12057549623,Coffee lovers,Romania,București,cafe,44.4361527,26.0345677,,,,,"{""addr:city"":""București"",""amenity"":""cafe"",""cuisine"":""coffee_shop"",""name"":""Coffee lovers"",""formatted_address"":""București"",""primary_type"":""amenity=cafe"",""osm_meta"":{""version"":2,""timestamp"":""2025-10-11T20:02:37Z"",""changeset"":173153668,""uid"":128281,""user"":""rarad74""}}","{""type"":""node"",""id"":12057549623,""lat"":44.4361527,""lon"":26.0345677,""timestamp"":""2025-10-11T20:02:37Z"",""version"":2,""changeset"":173153668,""user"":""rarad74"",""uid"":128281,""tags"":{""addr:city"":""București"",""amenity"":""cafe"",""cuisine"":""coffee_shop"",""name"":""Coffee lovers""}}",2026-05-30 08:46:18.442513+00:00
osm,osm:node/6552430631,Level Up,Romania,București,cafe,44.4346318,26.0403975,,,,,"{""addr:city"":""București"",""addr:housenumber"":""12"",""addr:postcode"":""061344"",""addr:street"":""Bulevardul Iuliu Maniu"",""amenity"":""cafe"",""cuisine"":""cafe/diner"",""internet_access"":""no"",""name"":""Level Up"",""opening_hours"":""Mo-Sa 07:00-20:00; Su 08:00-20:00"",""outdoor_seating"":""yes"",""phone"":""+40770 465 549"",""source:addr:housenumber"":""survey"",""source:addr:street"":""survey"",""formatted_address"":""Bulevardul Iuliu Maniu 12, 061344, București"",""primary_type"":""amenity=cafe"",""osm_meta"":{""version"":6,""timestamp"":""2024-07-06T17:18:28Z"",""changeset"":153632494,""uid"":9484321,""user"":""Dan 9""}}","{""type"":""node"",""id"":6552430631,""lat"":44.4346318,""lon"":26.0403975,""timestamp"":""2024-07-06T17:18:28Z"",""version"":6,""changeset"":153632494,""user"":""Dan 9"",""uid"":9484321,""tags"":{""addr:city"":""București"",""addr:housenumber"":""12"",""addr:postcode"":""061344"",""addr:street"":""Bulevardul Iuliu Maniu"",""amenity"":""cafe"",""cuisine"":""cafe/diner"",""internet_access"":""no"",""name"":""Level Up"",""opening_hours"":""Mo-Sa 07:00-20:00; Su 08:00-20:00"",""outdoor_seating"":""yes"",""phone"":""+40770 465 549"",""source:addr:housenumber"":""survey"",""source:addr:street"":""survey""}}",2026-05-30 08:46:18.442513+00:00
osm,osm:node/10036007069,5 to go,Romania,București,cafe,44.4345534,26.0410288,,,,,"{""addr:city"":""București"",""addr:housenumber"":""10M"",""addr:postcode"":""061102"",""addr:street"":""Bulevardul Iuliu Maniu"",""amenity"":""cafe"",""brand"":""5 to go"",""brand:wikidata"":""Q115684369"",""check_date:opening_hours"":""2025-06-17"",""cuisine"":""coffee_shop"",""internet_access"":""no"",""name"":""5 to go"",""opening_hours"":""Mo-Fr 07:00-18:00; Sa-Su 09:00-16:00"",""outdoor_seating"":""yes"",""source:addr:housenumber"":""survey"",""source:addr:street"":""survey"",""takeaway"":""yes"",""website"":""https://fivetogo.ro/"",""formatted_address"":""Bulevardul Iuliu Maniu 10M, 061102, București"",""primary_type"":""amenity=cafe"",""osm_meta"":{""version"":5,""timestamp"":""2025-06-17T10:36:09Z"",""changeset"":167731931,""uid"":2669619,""user"":""Tiberiu Popescu""}}","{""type"":""node"",""id"":10036007069,""lat"":44.4345534,""lon"":26.0410288,""timestamp"":""2025-06-17T10:36:09Z"",""version"":5,""changeset"":167731931,""user"":""Tiberiu Popescu"",""uid"":2669619,""tags"":{""addr:city"":""București"",""addr:housenumber"":""10M"",""addr:postcode"":""061102"",""addr:street"":""Bulevardul Iuliu Maniu"",""amenity"":""cafe"",""brand"":""5 to go"",""brand:wikidata"":""Q115684369"",""check_date:opening_hours"":""2025-06-17"",""cuisine"":""coffee_shop"",""internet_access"":""no"",""name"":""5 to go"",""opening_hours"":""Mo-Fr 07:00-18:00; Sa-Su 09:00-16:00"",""outdoor_seating"":""yes"",""source:addr:housenumber"":""survey"",""source:addr:street"":""survey"",""takeaway"":""yes"",""website"":""https://fivetogo.ro/""}}",2026-05-30 08:46:18.442513+00:00
osm,osm:node/2472576433,5 to go,RO,București,cafe,44.4250192,26.0459256,,,,,"{""addr:city"":""București"",""addr:country"":""RO"",""addr:housenumber"":""24"",""addr:postcode"":""061386"",""addr:street"":""Drumul Taberei"",""amenity"":""cafe"",""brand"":""5 to go"",""brand:wikidata"":""Q115684369"",""cuisine"":""coffee_shop"",""name"":""5 to go"",""opening_hours"":""Mo-Fr 08:00-18:00; Sa 08:00-16:00"",""outdoor_seating"":""no"",""source"":""survey"",""takeaway"":""yes"",""website"":""https://fivetogo.ro/"",""formatted_address"":""Drumul Taberei 24, 061386, București"",""primary_type"":""amenity=cafe"",""osm_meta"":{""version"":2,""timestamp"":""2024-09-16T15:40:11Z"",""changeset"":156694300,""uid"":9484321,""user"":""Dan 9""}}","{""type"":""node"",""id"":2472576433,""lat"":44.4250192,""lon"":26.0459256,""timestamp"":""2024-09-16T15:40:11Z"",""version"":2,""changeset"":156694300,""user"":""Dan 9"",""uid"":9484321,""tags"":{""addr:city"":""București"",""addr:country"":""RO"",""addr:housenumber"":""24"",""addr:postcode"":""061386"",""addr:street"":""Drumul Taberei"",""amenity"":""cafe"",""brand"":""5 to go"",""brand:wikidata"":""Q115684369"",""cuisine"":""coffee_shop"",""name"":""5 to go"",""opening_hours"":""Mo-Fr 08:00-18:00; Sa 08:00-16:00"",""outdoor_seating"":""no"",""source"":""survey"",""takeaway"":""yes"",""website"":""https://fivetogo.ro/""}}",2026-05-30 08:46:18.442513+00:00
osm,osm:node/2472576435,Jessie's,RO,București,cafe,44.4251109,26.0462261,,,,,"{""addr:city"":""București"",""addr:country"":""RO"",""addr:housenumber"":""24"",""addr:postcode"":""061386"",""addr:street"":""Drumul Taberei"",""amenity"":""cafe"",""name"":""Jessie's"",""opening_hours"":""Mo-Th 09:00-00:00; Fr 09:00-01:30; Sa 10:00-01:30; Su 11:00-00:00"",""outdoor_seating"":""yes"",""phone"":""+40 760 178 588"",""source"":""survey"",""source:addr:housenumber"":""survey"",""source:addr:street"":""survey"",""website"":""https://www.jessiescaffe.ro/"",""formatted_address"":""Drumul Taberei 24, 061386, București"",""primary_type"":""amenity=cafe"",""osm_meta"":{""version"":5,""timestamp"":""2024-09-16T15:40:11Z"",""changeset"":156694300,""uid"":9484321,""user"":""Dan 9""}}","{""type"":""node"",""id"":2472576435,""lat"":44.4251109,""lon"":26.0462261,""timestamp"":""2024-09-16T15:40:11Z"",""version"":5,""changeset"":156694300,""user"":""Dan 9"",""uid"":9484321,""tags"":{""addr:city"":""București"",""addr:country"":""RO"",""addr:housenumber"":""24"",""addr:postcode"":""061386"",""addr:street"":""Drumul Taberei"",""amenity"":""cafe"",""name"":""Jessie's"",""opening_hours"":""Mo-Th 09:00-00:00; Fr 09:00-01:30; Sa 10:00-01:30; Su 11:00-00:00"",""outdoor_seating"":""yes"",""phone"":""+40 760 178 588"",""source"":""survey"",""source:addr:housenumber"":""survey"",""source:addr:street"":""survey"",""website"":""https://www.jessiescaffe.ro/""}}",2026-05-30 08:46:18.442513+00:00
osm,osm:node/7143368440,Tucano Coffee,RO,București,cafe,44.4288046,26.0521446,,,,,"{""addr:city"":""București"",""addr:country"":""RO"",""addr:housenumber"":""4A"",""addr:postcode"":""061328"",""addr:street"":""Bulevardul Timișoara"",""amenity"":""cafe"",""internet_access"":""wlan"",""name"":""Tucano Coffee"",""opening_hours"":""Mo-Fr 08:00-21:00; Sa 10:00-22:00; Su 12:00-22:00"",""outdoor_seating"":""yes"",""phone"":""+40 722 337 508"",""source:addr:housenumber"":""survey"",""source:addr:street"":""survey"",""website"":""https://tucanocoffee.com"",""formatted_address"":""Bulevardul Timișoara 4A, 061328, București"",""primary_type"":""amenity=cafe"",""osm_meta"":{""version"":5,""timestamp"":""2026-04-20T19:39:00Z"",""changeset"":181599045,""uid"":9484321,""user"":""Dan 9""}}","{""type"":""node"",""id"":7143368440,""lat"":44.4288046,""lon"":26.0521446,""timestamp"":""2026-04-20T19:39:00Z"",""version"":5,""changeset"":181599045,""user"":""Dan 9"",""uid"":9484321,""tags"":{""addr:city"":""București"",""addr:country"":""RO"",""addr:housenumber"":""4A"",""addr:postcode"":""061328"",""addr:street"":""Bulevardul Timișoara"",""amenity"":""cafe"",""internet_access"":""wlan"",""name"":""Tucano Coffee"",""opening_hours"":""Mo-Fr 08:00-21:00; Sa 10:00-22:00; Su 12:00-22:00"",""outdoor_seating"":""yes"",""phone"":""+40 722 337 508"",""source:addr:housenumber"":""survey"",""source:addr:street"":""survey"",""website"":""https://tucanocoffee.com""}}",2026-05-30 08:46:18.442513+00:00
osm,osm:node/11876439490,5 to go,Romania,Bucharest,cafe,44.4361248,26.0475061,,,,,"{""amenity"":""cafe"",""brand"":""5 to go"",""brand:wikidata"":""Q115684369"",""cuisine"":""coffee_shop"",""name"":""5 to go"",""outdoor_seating"":""no"",""takeaway"":""yes"",""formatted_address"":"""",""primary_type"":""amenity=cafe"",""osm_meta"":{""version"":1,""timestamp"":""2024-05-03T12:44:23Z"",""changeset"":150835878,""uid"":21409089,""user"":""plut0_n""}}","{""type"":""node"",""id"":11876439490,""lat"":44.4361248,""lon"":26.0475061,""timestamp"":""2024-05-03T12:44:23Z"",""version"":1,""changeset"":150835878,""user"":""plut0_n"",""uid"":21409089,""tags"":{""amenity"":""cafe"",""brand"":""5 to go"",""brand:wikidata"":""Q115684369"",""cuisine"":""coffee_shop"",""name"":""5 to go"",""outdoor_seating"":""no"",""takeaway"":""yes""}}",2026-05-30 08:46:18.442513+00:00
osm,osm:node/5433115595,Starbucks,RO,București,cafe,44.4304182,26.0519172,,,,,"{""addr:city"":""București"",""addr:country"":""RO"",""addr:housenumber"":""4"",""addr:postcode"":""061346"",""addr:street"":""Bulevardul General Paul Teodorescu"",""amenity"":""cafe"",""brand"":""Starbucks"",""brand:wikidata"":""Q37158"",""brand:wikipedia"":""en:Starbucks"",""cuisine"":""coffee_shop"",""facebook"":""StarbucksRomania"",""level"":""0"",""name"":""Starbucks"",""official_name"":""Starbucks Coffee"",""opening_hours"":""Mo-Th 10:00-22:00; Fr-Sa 10:00-23:00; Su 10:00-22:00"",""operator"":""Amrest Coffee SRL"",""source"":""survey"",""source:addr:housenumber"":""survey"",""source:addr:street"":""survey"",""takeaway"":""yes"",""website"":""https://www.starbucksromania.ro/"",""formatted_address"":""Bulevardul General Paul Teodorescu 4, 061346, București"",""primary_type"":""amenity=cafe"",""osm_meta"":{""version"":10,""timestamp"":""2023-08-07T18:49:18Z"",""changeset"":139579228,""uid"":9484321,""user"":""Dan 9""}}","{""type"":""node"",""id"":5433115595,""lat"":44.4304182,""lon"":26.0519172,""timestamp"":""2023-08-07T18:49:18Z"",""version"":10,""changeset"":139579228,""user"":""Dan 9"",""uid"":9484321,""tags"":{""addr:city"":""București"",""addr:country"":""RO"",""addr:housenumber"":""4"",""addr:postcode"":""061346"",""addr:street"":""Bulevardul General Paul Teodorescu"",""amenity"":""cafe"",""brand"":""Starbucks"",""brand:wikidata"":""Q37158"",""brand:wikipedia"":""en:Starbucks"",""cuisine"":""coffee_shop"",""facebook"":""StarbucksRomania"",""level"":""0"",""name"":""Starbucks"",""official_name"":""Starbucks Coffee"",""opening_hours"":""Mo-Th 10:00-22:00; Fr-Sa 10:00-23:00; Su 10:00-22:00"",""operator"":""Amrest Coffee SRL"",""source"":""survey"",""source:addr:housenumber"":""survey"",""source:addr:street"":""survey"",""takeaway"":""yes"",""website"":""https://www.starbucksromania.ro/""}}",2026-05-30 08:46:18.442513+00:00
osm,osm:node/10770721471,5 to go,Romania,București,cafe,44.4342737,26.0522021,,,,,"{""addr:city"":""București"",""addr:housenumber"":""7"",""addr:postcode"":""061072"",""addr:street"":""Bulevardul Iuliu Maniu"",""amenity"":""cafe"",""brand"":""5 to go"",""brand:wikidata"":""Q115684369"",""cuisine"":""coffee_shop"",""name"":""5 to go"",""opening_hours"":""Mo-Fr 07:00-19:00; Sa,Su 08:00-17:00"",""phone"":""+40 723 582 958"",""source:addr:housenumber"":""survey"",""source:addr:street"":""survey"",""takeaway"":""yes"",""website"":""https://fivetogo.ro/"",""formatted_address"":""Bulevardul Iuliu Maniu 7, 061072, București"",""primary_type"":""amenity=cafe"",""osm_meta"":{""version"":4,""timestamp"":""2026-04-06T12:56:53Z"",""changeset"":180945282,""uid"":23971167,""user"":""razvan-v-poli""}}","{""type"":""node"",""id"":10770721471,""lat"":44.4342737,""lon"":26.0522021,""timestamp"":""2026-04-06T12:56:53Z"",""version"":4,""changeset"":180945282,""user"":""razvan-v-poli"",""uid"":23971167,""tags"":{""addr:city"":""București"",""addr:housenumber"":""7"",""addr:postcode"":""061072"",""addr:street"":""Bulevardul Iuliu Maniu"",""amenity"":""cafe"",""brand"":""5 to go"",""brand:wikidata"":""Q115684369"",""cuisine"":""coffee_shop"",""name"":""5 to go"",""opening_hours"":""Mo-Fr 07:00-19:00; Sa,Su 08:00-17:00"",""phone"":""+40 723 582 958"",""source:addr:housenumber"":""survey"",""source:addr:street"":""survey"",""takeaway"":""yes"",""website"":""https://fivetogo.ro/""}}",2026-05-30 08:46:18.442513+00:00
osm,osm:node/12319355967,Tucano Coffee,Romania,București,cafe,44.4348188,26.0512994,,,,,"{""addr:city"":""București"",""addr:housenumber"":""6Q"",""addr:postcode"":""061103"",""addr:street"":""Bulevardul Iuliu Maniu"",""amenity"":""cafe"",""cuisine"":""coffee_shop"",""name"":""Tucano Coffee"",""opening_hours"":""Mo-Fr 08:00-20:00; Sa 09:00-18:00"",""outdoor_seating"":""no"",""source:addr:housenumber"":""survey"",""source:addr:street"":""survey"",""formatted_address"":""Bulevardul Iuliu Maniu 6Q, 061103, București"",""primary_type"":""amenity=cafe"",""osm_meta"":{""version"":3,""timestamp"":""2026-03-27T16:06:32Z"",""changeset"":180510347,""uid"":23971167,""user"":""razvan-v-poli""}}","{""type"":""node"",""id"":12319355967,""lat"":44.4348188,""lon"":26.0512994,""timestamp"":""2026-03-27T16:06:32Z"",""version"":3,""changeset"":180510347,""user"":""razvan-v-poli"",""uid"":23971167,""tags"":{""addr:city"":""București"",""addr:housenumber"":""6Q"",""addr:postcode"":""061103"",""addr:street"":""Bulevardul Iuliu Maniu"",""amenity"":""cafe"",""cuisine"":""coffee_shop"",""name"":""Tucano Coffee"",""opening_hours"":""Mo-Fr 08:00-20:00; Sa 09:00-18:00"",""outdoor_seating"":""no"",""source:addr:housenumber"":""survey"",""source:addr:street"":""survey""}}",2026-05-30 08:46:18.442513+00:00
osm,osm:node/7296850756,Gradina Uverturii,Romania,București,cafe,44.4367155,26.0333554,,,,,"{""addr:city"":""București"",""addr:housenumber"":""47"",""addr:postcode"":""060932"",""addr:street"":""Bulevardul Uverturii"",""amenity"":""cafe"",""name"":""Gradina Uverturii"",""operator"":""Trenta"",""outdoor_seating"":""yes"",""source:addr:housenumber"":""survey"",""source:addr:street"":""survey"",""formatted_address"":""Bulevardul Uverturii 47, 060932, București"",""primary_type"":""amenity=cafe"",""osm_meta"":{""version"":4,""timestamp"":""2024-07-16T16:12:05Z"",""changeset"":154023087,""uid"":21409089,""user"":""plut0_n""}}","{""type"":""node"",""id"":7296850756,""lat"":44.4367155,""lon"":26.0333554,""timestamp"":""2024-07-16T16:12:05Z"",""version"":4,""changeset"":154023087,""user"":""plut0_n"",""uid"":21409089,""tags"":{""addr:city"":""București"",""addr:housenumber"":""47"",""addr:postcode"":""060932"",""addr:street"":""Bulevardul Uverturii"",""amenity"":""cafe"",""name"":""Gradina Uverturii"",""operator"":""Trenta"",""outdoor_seating"":""yes"",""source:addr:housenumber"":""survey"",""source:addr:street"":""survey""}}",2026-05-30 08:46:18.442513+00:00
osm,osm:node/11878621796,5 to go,Romania,București,cafe,44.4367858,26.0340645,,,,,"{""addr:city"":""București"",""amenity"":""cafe"",""brand"":""5 to go"",""brand:wikidata"":""Q115684369"",""cuisine"":""coffee_shop"",""name"":""5 to go"",""takeaway"":""yes"",""wheelchair"":""limited"",""formatted_address"":""București"",""primary_type"":""amenity=cafe"",""osm_meta"":{""version"":3,""timestamp"":""2025-10-11T20:02:37Z"",""changeset"":173153668,""uid"":128281,""user"":""rarad74""}}","{""type"":""node"",""id"":11878621796,""lat"":44.4367858,""lon"":26.0340645,""timestamp"":""2025-10-11T20:02:37Z"",""version"":3,""changeset"":173153668,""user"":""rarad74"",""uid"":128281,""tags"":{""addr:city"":""București"",""amenity"":""cafe"",""brand"":""5 to go"",""brand:wikidata"":""Q115684369"",""cuisine"":""coffee_shop"",""name"":""5 to go"",""takeaway"":""yes"",""wheelchair"":""limited""}}",2026-05-30 08:46:18.442513+00:00
osm,osm:way/546298178,others,Romania,București,cafe,44.430083,26.0187141,,,,,"{""addr:city"":""București"",""addr:housenumber"":""55"",""addr:postcode"":""061219"",""addr:street"":""Strada Murguța"",""amenity"":""cafe"",""building"":""retail"",""building:levels"":""1"",""outdoor_seating"":""yes"",""source:addr:housenumber"":""survey"",""source:addr:street"":""survey"",""formatted_address"":""Strada Murguța 55, 061219, București"",""primary_type"":""amenity=cafe"",""osm_meta"":{""version"":5,""timestamp"":""2023-06-06T21:56:50Z"",""changeset"":137032961,""uid"":11303102,""user"":""watmildon""}}","{""type"":""way"",""id"":546298178,""timestamp"":""2023-06-06T21:56:50Z"",""version"":5,""changeset"":137032961,""user"":""watmildon"",""uid"":11303102,""center"":{""lat"":44.430083,""lon"":26.0187141},""nodes"":[5279324382,5279324379,5279324376,5279324375,5279324378,5279324381,5279324382],""tags"":{""addr:city"":""București"",""addr:housenumber"":""55"",""addr:postcode"":""061219"",""addr:street"":""Strada Murguța"",""amenity"":""cafe"",""building"":""retail"",""building:levels"":""1"",""outdoor_seating"":""yes"",""source:addr:housenumber"":""survey"",""source:addr:street"":""survey""}}",2026-05-30 08:46:18.442513+00:00
osm,osm:way/1301496895,5 to go,Romania,București,cafe,44.4344269,26.028975,,,,,"{""addr:city"":""București"",""amenity"":""cafe"",""brand"":""5 to go"",""brand:wikidata"":""Q115684369"",""building"":""yes"",""cuisine"":""coffee_shop"",""name"":""5 to go"",""takeaway"":""yes"",""formatted_address"":""București"",""primary_type"":""amenity=cafe"",""osm_meta"":{""version"":2,""timestamp"":""2025-10-11T20:02:37Z"",""changeset"":173153668,""uid"":128281,""user"":""rarad74""}}","{""type"":""way"",""id"":1301496895,""timestamp"":""2025-10-11T20:02:37Z"",""version"":2,""changeset"":173153668,""user"":""rarad74"",""uid"":128281,""center"":{""lat"":44.4344269,""lon"":26.028975},""nodes"":[12055001768,12055038169,12055038170,12055038171,12055001768],""tags"":{""addr:city"":""București"",""amenity"":""cafe"",""brand"":""5 to go"",""brand:wikidata"":""Q115684369"",""building"":""yes"",""cuisine"":""coffee_shop"",""name"":""5 to go"",""takeaway"":""yes""}}",2026-05-30 08:46:18.442513+00:00
osm,osm:way/1315955663,Pardon Café,RO,București,cafe,44.4253663,26.0464337,,,,,"{""addr:city"":""București"",""addr:country"":""RO"",""addr:housenumber"":""4A"",""addr:postcode"":""061386"",""addr:street"":""Strada Sibiu"",""amenity"":""cafe"",""building"":""retail"",""building:levels"":""1"",""height"":""4"",""name"":""Pardon Café"",""opening_hours"":""Mo-Su 10:00-01:00"",""outdoor_seating"":""yes"",""phone"":""+40 744 310 166"",""source:addr:housenumber"":""survey"",""source:addr:street"":""survey"",""source:name"":""survey"",""website"":""https://pardoncafe.metro.bar/"",""wheelchair"":""no"",""formatted_address"":""Strada Sibiu 4A, 061386, București"",""primary_type"":""amenity=cafe"",""osm_meta"":{""version"":3,""timestamp"":""2026-04-22T17:48:07Z"",""changeset"":181684801,""uid"":290680,""user"":""wheelmap_visitor""}}","{""type"":""way"",""id"":1315955663,""timestamp"":""2026-04-22T17:48:07Z"",""version"":3,""changeset"":181684801,""user"":""wheelmap_visitor"",""uid"":290680,""center"":{""lat"":44.4253663,""lon"":26.0464337},""nodes"":[1399190787,12180485087,12180485088,12180485089,1399190787],""tags"":{""addr:city"":""București"",""addr:country"":""RO"",""addr:housenumber"":""4A"",""addr:postcode"":""061386"",""addr:street"":""Strada Sibiu"",""amenity"":""cafe"",""building"":""retail"",""building:levels"":""1"",""height"":""4"",""name"":""Pardon Café"",""opening_hours"":""Mo-Su 10:00-01:00"",""outdoor_seating"":""yes"",""phone"":""+40 744 310 166"",""source:addr:housenumber"":""survey"",""source:addr:street"":""survey"",""source:name"":""survey"",""website"":""https://pardoncafe.metro.bar/"",""wheelchair"":""no""}}",2026-05-30 08:46:18.442513+00:00
osm,osm:node/4528960489,B V M Sala Ps @ xbox,Romania,Bucharest,cafe,44.4068654,26.0587431,,,,,"{""amenity"":""cafe"",""name"":""B V M Sala Ps @ xbox"",""name:ro"":""B V M Sala Ps @ xbox"",""formatted_address"":"""",""primary_type"":""amenity=cafe"",""osm_meta"":{""version"":2,""timestamp"":""2026-04-16T17:41:08Z"",""changeset"":181425486,""uid"":128281,""user"":""rarad74""}}","{""type"":""node"",""id"":4528960489,""lat"":44.4068654,""lon"":26.0587431,""timestamp"":""2026-04-16T17:41:08Z"",""version"":2,""changeset"":181425486,""user"":""rarad74"",""uid"":128281,""tags"":{""amenity"":""cafe"",""name"":""B V M Sala Ps @ xbox"",""name:ro"":""B V M Sala Ps @ xbox""}}",2026-05-30 08:46:18.442513+00:00
osm,osm:node/12222303133,5 to go,Romania,Bucharest,cafe,44.4103711,26.0779682,,,,,"{""amenity"":""cafe"",""brand"":""5 to go"",""brand:wikidata"":""Q115684369"",""cuisine"":""coffee_shop"",""name"":""5 to go"",""takeaway"":""yes"",""formatted_address"":"""",""primary_type"":""amenity=cafe"",""osm_meta"":{""version"":1,""timestamp"":""2024-10-04T12:56:33Z"",""changeset"":157459877,""uid"":69259,""user"":""DnaX""}}","{""type"":""node"",""id"":12222303133,""lat"":44.4103711,""lon"":26.0779682,""timestamp"":""2024-10-04T12:56:33Z"",""version"":1,""changeset"":157459877,""user"":""DnaX"",""uid"":69259,""tags"":{""amenity"":""cafe"",""brand"":""5 to go"",""brand:wikidata"":""Q115684369"",""cuisine"":""coffee_shop"",""name"":""5 to go"",""takeaway"":""yes""}}",2026-05-30 08:46:18.442513+00:00
osm,osm:node/11725839459,Koffeine,Romania,Bucharest,cafe,44.4166966,26.0642065,,,,,"{""amenity"":""cafe"",""cuisine"":""coffee_shop"",""name"":""Koffeine"",""formatted_address"":"""",""primary_type"":""amenity=cafe"",""osm_meta"":{""version"":1,""timestamp"":""2024-03-12T21:59:05Z"",""changeset"":148568827,""uid"":20320807,""user"":""SGFRO""}}","{""type"":""node"",""id"":11725839459,""lat"":44.4166966,""lon"":26.0642065,""timestamp"":""2024-03-12T21:59:05Z"",""version"":1,""changeset"":148568827,""user"":""SGFRO"",""uid"":20320807,""tags"":{""amenity"":""cafe"",""cuisine"":""coffee_shop"",""name"":""Koffeine""}}",2026-05-30 08:46:18.442513+00:00
osm,osm:node/13574625920,5 to go,Romania,Bucharest,cafe,44.418413,26.0585379,,,,,"{""amenity"":""cafe"",""brand"":""5 to go"",""brand:wikidata"":""Q115684369"",""cuisine"":""coffee_shop"",""name"":""5 to go"",""takeaway"":""yes"",""formatted_address"":"""",""primary_type"":""amenity=cafe"",""osm_meta"":{""version"":1,""timestamp"":""2026-02-17T22:34:55Z"",""changeset"":178701118,""uid"":20320807,""user"":""SGFRO""}}","{""type"":""node"",""id"":13574625920,""lat"":44.418413,""lon"":26.0585379,""timestamp"":""2026-02-17T22:34:55Z"",""version"":1,""changeset"":178701118,""user"":""SGFRO"",""uid"":20320807,""tags"":{""amenity"":""cafe"",""brand"":""5 to go"",""brand:wikidata"":""Q115684369"",""cuisine"":""coffee_shop"",""name"":""5 to go"",""takeaway"":""yes""}}",2026-05-30 08:46:18.442513+00:00
osm,osm:node/11910551241,5 to go,Romania,București,cafe,44.4207363,26.0664371,,,,,"{""addr:city"":""București"",""amenity"":""cafe"",""brand"":""5 to go"",""brand:wikidata"":""Q115684369"",""cuisine"":""coffee_shop"",""name"":""5 to go"",""outdoor_seating"":""no"",""takeaway"":""yes"",""formatted_address"":""București"",""primary_type"":""amenity=cafe"",""osm_meta"":{""version"":2,""timestamp"":""2025-10-11T18:32:14Z"",""changeset"":173150398,""uid"":128281,""user"":""rarad74""}}","{""type"":""node"",""id"":11910551241,""lat"":44.4207363,""lon"":26.0664371,""timestamp"":""2025-10-11T18:32:14Z"",""version"":2,""changeset"":173150398,""user"":""rarad74"",""uid"":128281,""tags"":{""addr:city"":""București"",""amenity"":""cafe"",""brand"":""5 to go"",""brand:wikidata"":""Q115684369"",""cuisine"":""coffee_shop"",""name"":""5 to go"",""outdoor_seating"":""no"",""takeaway"":""yes""}}",2026-05-30 08:46:18.442513+00:00
osm,osm:node/5520224021,Cafetăria Sebastian,Romania,București,cafe,44.4137607,26.0726231,,,,,"{""addr:city"":""București"",""addr:housenumber"":""18"",""addr:postcode"":""050771"",""addr:street"":""Strada Mihail Sebastian"",""amenity"":""cafe"",""name"":""Cafetăria Sebastian"",""opening_hours"":""Mo-Su 07:00-20:00"",""website"":""https://cafetaria.ro/"",""formatted_address"":""Strada Mihail Sebastian 18, 050771, București"",""primary_type"":""amenity=cafe"",""osm_meta"":{""version"":3,""timestamp"":""2025-10-09T08:41:29Z"",""changeset"":173038144,""uid"":128281,""user"":""rarad74""}}","{""type"":""node"",""id"":5520224021,""lat"":44.4137607,""lon"":26.0726231,""timestamp"":""2025-10-09T08:41:29Z"",""version"":3,""changeset"":173038144,""user"":""rarad74"",""uid"":128281,""tags"":{""addr:city"":""București"",""addr:housenumber"":""18"",""addr:postcode"":""050771"",""addr:street"":""Strada Mihail Sebastian"",""amenity"":""cafe"",""name"":""Cafetăria Sebastian"",""opening_hours"":""Mo-Su 07:00-20:00"",""website"":""https://cafetaria.ro/""}}",2026-05-30 08:46:18.442513+00:00
osm,osm:node/1889371099,Dines,Romania,Bucharest,cafe,44.4139921,26.0940368,,,,,"{""amenity"":""cafe"",""name"":""Dines"",""source"":""survey"",""formatted_address"":"""",""primary_type"":""amenity=cafe"",""osm_meta"":{""version"":3,""timestamp"":""2026-02-09T03:09:59Z"",""changeset"":178291016,""uid"":22582172,""user"":""one_electro_dan""}}","{""type"":""node"",""id"":1889371099,""lat"":44.4139921,""lon"":26.0940368,""timestamp"":""2026-02-09T03:09:59Z"",""version"":3,""changeset"":178291016,""user"":""one_electro_dan"",""uid"":22582172,""tags"":{""amenity"":""cafe"",""name"":""Dines"",""source"":""survey""}}",2026-05-30 08:46:18.442513+00:00
osm,osm:node/2909045568,AM. Social Space,Romania,București,cafe,44.4204466,26.0911636,,,,,"{""addr:city"":""București"",""addr:housenumber"":""21"",""addr:postcode"":""040505"",""addr:postcode:source"":""Date de la Poșta Română, publicate sub Licența pentru Guvernare Deschisă v1.0 la http://date.gov.ro/organization/posta-romana"",""addr:street"":""Strada Constantin Bosianu"",""amenity"":""cafe"",""name"":""AM. Social Space"",""opening_hours"":""Su 10:00-22:00; Tu-Th 09:00-22:00; Fr 09:00-23:00; Sa 10:00-23:00"",""source"":""survey, field survey ( 2014 - 2016)"",""formatted_address"":""Strada Constantin Bosianu 21, 040505, București"",""primary_type"":""amenity=cafe"",""osm_meta"":{""version"":8,""timestamp"":""2024-08-28T14:34:37Z"",""changeset"":155884281,""uid"":14888768,""user"":""Bolt036""}}","{""type"":""node"",""id"":2909045568,""lat"":44.4204466,""lon"":26.0911636,""timestamp"":""2024-08-28T14:34:37Z"",""version"":8,""changeset"":155884281,""user"":""Bolt036"",""uid"":14888768,""tags"":{""addr:city"":""București"",""addr:housenumber"":""21"",""addr:postcode"":""040505"",""addr:postcode:source"":""Date de la Poșta Română, publicate sub Licența pentru Guvernare Deschisă v1.0 la http://date.gov.ro/organization/posta-romana"",""addr:street"":""Strada Constantin Bosianu"",""amenity"":""cafe"",""name"":""AM. Social Space"",""opening_hours"":""Su 10:00-22:00; Tu-Th 09:00-22:00; Fr 09:00-23:00; Sa 10:00-23:00"",""source"":""survey, field survey ( 2014 - 2016)""}}",2026-05-30 08:46:18.442513+00:00
osm,osm:node/7175227588,Drip Coffee,Romania,București,cafe,44.4216257,26.0959524,,,,,"{""addr:city"":""București"",""addr:housenumber"":""35"",""addr:street"":""Strada 11 Iunie"",""amenity"":""cafe"",""name"":""Drip Coffee"",""name:en"":""Drip Coffee"",""website"":""https://drip.ro/"",""formatted_address"":""Strada 11 Iunie 35, București"",""primary_type"":""amenity=cafe"",""osm_meta"":{""version"":3,""timestamp"":""2025-10-09T08:46:54Z"",""changeset"":173038355,""uid"":128281,""user"":""rarad74""}}","{""type"":""node"",""id"":7175227588,""lat"":44.4216257,""lon"":26.0959524,""timestamp"":""2025-10-09T08:46:54Z"",""version"":3,""changeset"":173038355,""user"":""rarad74"",""uid"":128281,""tags"":{""addr:city"":""București"",""addr:housenumber"":""35"",""addr:street"":""Strada 11 Iunie"",""amenity"":""cafe"",""name"":""Drip Coffee"",""name:en"":""Drip Coffee"",""website"":""https://drip.ro/""}}",2026-05-30 08:46:18.442513+00:00
osm,osm:node/9107413125,The Coffee House,Romania,Bucharest,cafe,44.4224224,26.0909531,,,,,"{""amenity"":""cafe"",""name"":""The Coffee House"",""formatted_address"":"""",""primary_type"":""amenity=cafe"",""osm_meta"":{""version"":1,""timestamp"":""2021-09-20T09:47:14Z"",""changeset"":111440985,""uid"":2287200,""user"":""Buraddo""}}","{""type"":""node"",""id"":9107413125,""lat"":44.4224224,""lon"":26.0909531,""timestamp"":""2021-09-20T09:47:14Z"",""version"":1,""changeset"":111440985,""user"":""Buraddo"",""uid"":2287200,""tags"":{""amenity"":""cafe"",""name"":""The Coffee House""}}",2026-05-30 08:46:18.442513+00:00
osm,osm:node/12208960115,High Heels,RO,București,cafe,44.4292556,26.0540219,,,,,"{""addr:city"":""București"",""addr:country"":""RO"",""addr:housenumber"":""4"",""addr:postcode"":""061344"",""addr:street"":""Bulevardul General Paul Teodorescu"",""amenity"":""cafe"",""name"":""High Heels"",""opening_hours"":""Mo-Su 10:00-22:00"",""outdoor_seating"":""yes"",""source:addr:housenumber"":""survey"",""source:addr:street"":""survey"",""formatted_address"":""Bulevardul General Paul Teodorescu 4, 061344, București"",""primary_type"":""amenity=cafe"",""osm_meta"":{""version"":1,""timestamp"":""2024-09-29T13:46:35Z"",""changeset"":157254414,""uid"":9484321,""user"":""Dan 9""}}","{""type"":""node"",""id"":12208960115,""lat"":44.4292556,""lon"":26.0540219,""timestamp"":""2024-09-29T13:46:35Z"",""version"":1,""changeset"":157254414,""user"":""Dan 9"",""uid"":9484321,""tags"":{""addr:city"":""București"",""addr:country"":""RO"",""addr:housenumber"":""4"",""addr:postcode"":""061344"",""addr:street"":""Bulevardul General Paul Teodorescu"",""amenity"":""cafe"",""name"":""High Heels"",""opening_hours"":""Mo-Su 10:00-22:00"",""outdoor_seating"":""yes"",""source:addr:housenumber"":""survey"",""source:addr:street"":""survey""}}",2026-05-30 08:46:18.442513+00:00
osm,osm:node/12208960116,The Corner,RO,București,cafe,44.4292107,26.0540921,,,,,"{""addr:city"":""București"",""addr:country"":""RO"",""addr:housenumber"":""4"",""addr:postcode"":""061344"",""addr:street"":""Bulevardul General Paul Teodorescu"",""amenity"":""cafe"",""name"":""The Corner"",""opening_hours"":""Mo-Su 10:00-22:00"",""outdoor_seating"":""yes"",""source:addr:housenumber"":""survey"",""source:addr:street"":""survey"",""formatted_address"":""Bulevardul General Paul Teodorescu 4, 061344, București"",""primary_type"":""amenity=cafe"",""osm_meta"":{""version"":1,""timestamp"":""2024-09-29T13:46:35Z"",""changeset"":157254414,""uid"":9484321,""user"":""Dan 9""}}","{""type"":""node"",""id"":12208960116,""lat"":44.4292107,""lon"":26.0540921,""timestamp"":""2024-09-29T13:46:35Z"",""version"":1,""changeset"":157254414,""user"":""Dan 9"",""uid"":9484321,""tags"":{""addr:city"":""București"",""addr:country"":""RO"",""addr:housenumber"":""4"",""addr:postcode"":""061344"",""addr:street"":""Bulevardul General Paul Teodorescu"",""amenity"":""cafe"",""name"":""The Corner"",""opening_hours"":""Mo-Su 10:00-22:00"",""outdoor_seating"":""yes"",""source:addr:housenumber"":""survey"",""source:addr:street"":""survey""}}",2026-05-30 08:46:18.442513+00:00
osm,osm:node/12208960118,Zodiac Cafe,RO,București,cafe,44.4292902,26.0539679,,,,,"{""addr:city"":""București"",""addr:country"":""RO"",""addr:housenumber"":""4"",""addr:postcode"":""061344"",""addr:street"":""Bulevardul General Paul Teodorescu"",""amenity"":""cafe"",""name"":""Zodiac Cafe"",""opening_hours"":""Mo-Su 10:00-22:00"",""outdoor_seating"":""yes"",""source:addr:housenumber"":""survey"",""source:addr:street"":""survey"",""formatted_address"":""Bulevardul General Paul Teodorescu 4, 061344, București"",""primary_type"":""amenity=cafe"",""osm_meta"":{""version"":1,""timestamp"":""2024-09-29T13:46:35Z"",""changeset"":157254414,""uid"":9484321,""user"":""Dan 9""}}","{""type"":""node"",""id"":12208960118,""lat"":44.4292902,""lon"":26.0539679,""timestamp"":""2024-09-29T13:46:35Z"",""version"":1,""changeset"":157254414,""user"":""Dan 9"",""uid"":9484321,""tags"":{""addr:city"":""București"",""addr:country"":""RO"",""addr:housenumber"":""4"",""addr:postcode"":""061344"",""addr:street"":""Bulevardul General Paul Teodorescu"",""amenity"":""cafe"",""name"":""Zodiac Cafe"",""opening_hours"":""Mo-Su 10:00-22:00"",""outdoor_seating"":""yes"",""source:addr:housenumber"":""survey"",""source:addr:street"":""survey""}}",2026-05-30 08:46:18.442513+00:00
osm,osm:node/6098653953,Starbucks,Romania,București,cafe,44.4349757,26.0538328,,,,,"{""addr:city"":""București"",""addr:housenumber"":""6G"",""addr:postcode"":""061103"",""addr:street"":""Bulevardul Iuliu Maniu"",""amenity"":""cafe"",""brand"":""Starbucks"",""brand:wikidata"":""Q37158"",""brand:wikipedia"":""en:Starbucks"",""cuisine"":""coffee_shop"",""internet_access"":""wlan"",""internet_access:fee"":""yes"",""name"":""Starbucks"",""official_name"":""Starbucks Coffee"",""opening_hours"":""Mo-Su 07:30-21:00"",""operator"":""Amrest Coffee SRL"",""outdoor_seating"":""yes"",""phone"":""+40 753 211 699"",""source:addr:housenumber"":""survey"",""source:addr:street"":""survey"",""takeaway"":""yes"",""website"":""https://www.starbucksromania.ro/"",""formatted_address"":""Bulevardul Iuliu Maniu 6G, 061103, București"",""primary_type"":""amenity=cafe"",""osm_meta"":{""version"":16,""timestamp"":""2026-03-27T16:06:34Z"",""changeset"":180510347,""uid"":23971167,""user"":""razvan-v-poli""}}","{""type"":""node"",""id"":6098653953,""lat"":44.4349757,""lon"":26.0538328,""timestamp"":""2026-03-27T16:06:34Z"",""version"":16,""changeset"":180510347,""user"":""razvan-v-poli"",""uid"":23971167,""tags"":{""addr:city"":""București"",""addr:housenumber"":""6G"",""addr:postcode"":""061103"",""addr:street"":""Bulevardul Iuliu Maniu"",""amenity"":""cafe"",""brand"":""Starbucks"",""brand:wikidata"":""Q37158"",""brand:wikipedia"":""en:Starbucks"",""cuisine"":""coffee_shop"",""internet_access"":""wlan"",""internet_access:fee"":""yes"",""name"":""Starbucks"",""official_name"":""Starbucks Coffee"",""opening_hours"":""Mo-Su 07:30-21:00"",""operator"":""Amrest Coffee SRL"",""outdoor_seating"":""yes"",""phone"":""+40 753 211 699"",""source:addr:housenumber"":""survey"",""source:addr:street"":""survey"",""takeaway"":""yes"",""website"":""https://www.starbucksromania.ro/""}}",2026-05-30 08:46:18.442513+00:00
osm,osm:node/6100444032,Starbucks,RO,București,cafe,44.4317558,26.0535218,,,,,"{""addr:city"":""București"",""addr:country"":""RO"",""addr:housenumber"":""4"",""addr:postcode"":""061346"",""addr:street"":""Bulevardul General Paul Teodorescu"",""amenity"":""cafe"",""brand"":""Starbucks"",""brand:wikidata"":""Q37158"",""brand:wikipedia"":""en:Starbucks"",""cuisine"":""coffee_shop"",""facebook"":""StarbucksRomania"",""level"":""0"",""name"":""Starbucks"",""official_name"":""Starbucks Coffee"",""opening_hours"":""Mo-Su 10:00-22:00"",""operator"":""Amrest Coffee SRL"",""outdoor_seating"":""yes"",""phone"":""+40 757 091 908"",""source:addr:housenumber"":""survey"",""source:addr:street"":""survey"",""takeaway"":""yes"",""website"":""https://www.starbucksromania.ro/"",""formatted_address"":""Bulevardul General Paul Teodorescu 4, 061346, București"",""primary_type"":""amenity=cafe"",""osm_meta"":{""version"":10,""timestamp"":""2023-08-07T18:49:18Z"",""changeset"":139579228,""uid"":9484321,""user"":""Dan 9""}}","{""type"":""node"",""id"":6100444032,""lat"":44.4317558,""lon"":26.0535218,""timestamp"":""2023-08-07T18:49:18Z"",""version"":10,""changeset"":139579228,""user"":""Dan 9"",""uid"":9484321,""tags"":{""addr:city"":""București"",""addr:country"":""RO"",""addr:housenumber"":""4"",""addr:postcode"":""061346"",""addr:street"":""Bulevardul General Paul Teodorescu"",""amenity"":""cafe"",""brand"":""Starbucks"",""brand:wikidata"":""Q37158"",""brand:wikipedia"":""en:Starbucks"",""cuisine"":""coffee_shop"",""facebook"":""StarbucksRomania"",""level"":""0"",""name"":""Starbucks"",""official_name"":""Starbucks Coffee"",""opening_hours"":""Mo-Su 10:00-22:00"",""operator"":""Amrest Coffee SRL"",""outdoor_seating"":""yes"",""phone"":""+40 757 091 908"",""source:addr:housenumber"":""survey"",""source:addr:street"":""survey"",""takeaway"":""yes"",""website"":""https://www.starbucksromania.ro/""}}",2026-05-30 08:46:18.442513+00:00
osm,osm:node/7166623785,Coffee Makers Romania,Romania,București,cafe,44.4326412,26.0532646,,,,,"{""addr:city"":""București"",""addr:housenumber"":""7"",""addr:postcode"":""061072"",""addr:street"":""Bulevardul Iuliu Maniu"",""amenity"":""cafe"",""name"":""Coffee Makers Romania"",""opening_hours"":""Mo-Fr 08:30-17:00"",""phone"":""+40722330234"",""source:addr:housenumber"":""survey"",""source:addr:street"":""survey"",""website"":""https://www.coffeemakers.ro/"",""formatted_address"":""Bulevardul Iuliu Maniu 7, 061072, București"",""primary_type"":""amenity=cafe"",""osm_meta"":{""version"":4,""timestamp"":""2023-06-06T21:56:50Z"",""changeset"":137032961,""uid"":11303102,""user"":""watmildon""}}","{""type"":""node"",""id"":7166623785,""lat"":44.4326412,""lon"":26.0532646,""timestamp"":""2023-06-06T21:56:50Z"",""version"":4,""changeset"":137032961,""user"":""watmildon"",""uid"":11303102,""tags"":{""addr:city"":""București"",""addr:housenumber"":""7"",""addr:postcode"":""061072"",""addr:street"":""Bulevardul Iuliu Maniu"",""amenity"":""cafe"",""name"":""Coffee Makers Romania"",""opening_hours"":""Mo-Fr 08:30-17:00"",""phone"":""+40722330234"",""source:addr:housenumber"":""survey"",""source:addr:street"":""survey"",""website"":""https://www.coffeemakers.ro/""}}",2026-05-30 08:46:18.442513+00:00
osm,osm:node/10027946549,Coffee Lovers,RO,București,cafe,44.4336015,26.0541235,,,,,"{""addr:city"":""București"",""addr:country"":""RO"",""addr:housenumber"":""7"",""addr:postcode"":""061072"",""addr:street"":""Bulevardul Iuliu Maniu"",""amenity"":""cafe"",""name"":""Coffee Lovers"",""source:addr:housenumber"":""survey"",""source:addr:street"":""survey"",""formatted_address"":""Bulevardul Iuliu Maniu 7, 061072, București"",""primary_type"":""amenity=cafe"",""osm_meta"":{""version"":5,""timestamp"":""2024-08-04T21:27:48Z"",""changeset"":154830688,""uid"":9484321,""user"":""Dan 9""}}","{""type"":""node"",""id"":10027946549,""lat"":44.4336015,""lon"":26.0541235,""timestamp"":""2024-08-04T21:27:48Z"",""version"":5,""changeset"":154830688,""user"":""Dan 9"",""uid"":9484321,""tags"":{""addr:city"":""București"",""addr:country"":""RO"",""addr:housenumber"":""7"",""addr:postcode"":""061072"",""addr:street"":""Bulevardul Iuliu Maniu"",""amenity"":""cafe"",""name"":""Coffee Lovers"",""source:addr:housenumber"":""survey"",""source:addr:street"":""survey""}}",2026-05-30 08:46:18.442513+00:00
osm,osm:node/10769619018,18CTEA,RO,București,cafe,44.4326115,26.0540979,,,,,"{""addr:city"":""București"",""addr:country"":""RO"",""addr:housenumber"":""7"",""addr:postcode"":""061072"",""addr:street"":""Bulevardul Iuliu Maniu"",""amenity"":""cafe"",""cuisine"":""bubble_tea"",""name"":""18CTEA"",""opening_hours"":""Mo-Su 10:00-22:00"",""outdoor_seating"":""yes"",""phone"":""+40 759 618 470"",""source:addr:housenumber"":""survey"",""source:addr:street"":""survey"",""website"":""http://www.18ctea.ro/"",""formatted_address"":""Bulevardul Iuliu Maniu 7, 061072, București"",""primary_type"":""amenity=cafe"",""osm_meta"":{""version"":3,""timestamp"":""2024-08-04T21:27:48Z"",""changeset"":154830688,""uid"":9484321,""user"":""Dan 9""}}","{""type"":""node"",""id"":10769619018,""lat"":44.4326115,""lon"":26.0540979,""timestamp"":""2024-08-04T21:27:48Z"",""version"":3,""changeset"":154830688,""user"":""Dan 9"",""uid"":9484321,""tags"":{""addr:city"":""București"",""addr:country"":""RO"",""addr:housenumber"":""7"",""addr:postcode"":""061072"",""addr:street"":""Bulevardul Iuliu Maniu"",""amenity"":""cafe"",""cuisine"":""bubble_tea"",""name"":""18CTEA"",""opening_hours"":""Mo-Su 10:00-22:00"",""outdoor_seating"":""yes"",""phone"":""+40 759 618 470"",""source:addr:housenumber"":""survey"",""source:addr:street"":""survey"",""website"":""http://www.18ctea.ro/""}}",2026-05-30 08:46:18.442513+00:00
osm,osm:node/12053398088,Mitzu Creamy & Famous,Romania,București,cafe,44.435181299999996,26.0535453,,,,,"{""addr:city"":""București"",""addr:housenumber"":""6G"",""addr:postcode"":""061103"",""addr:street"":""Bulevardul Iuliu Maniu"",""amenity"":""cafe"",""cuisine"":""coffee_shop"",""name"":""Mitzu Creamy & Famous"",""outdoor_seating"":""yes"",""formatted_address"":""Bulevardul Iuliu Maniu 6G, 061103, București"",""primary_type"":""amenity=cafe"",""osm_meta"":{""version"":2,""timestamp"":""2024-11-07T11:51:58Z"",""changeset"":158852590,""uid"":9484321,""user"":""Dan 9""}}","{""type"":""node"",""id"":12053398088,""lat"":44.435181299999996,""lon"":26.0535453,""timestamp"":""2024-11-07T11:51:58Z"",""version"":2,""changeset"":158852590,""user"":""Dan 9"",""uid"":9484321,""tags"":{""addr:city"":""București"",""addr:housenumber"":""6G"",""addr:postcode"":""061103"",""addr:street"":""Bulevardul Iuliu Maniu"",""amenity"":""cafe"",""cuisine"":""coffee_shop"",""name"":""Mitzu Creamy & Famous"",""outdoor_seating"":""yes""}}",2026-05-30 08:46:18.442513+00:00
osm,osm:node/12092429189,Ted's Coffee Co.,RO,București,cafe,44.4309956,26.0530712,,,,,"{""addr:city"":""București"",""addr:country"":""RO"",""addr:housenumber"":""4"",""addr:postcode"":""061346"",""addr:street"":""Bulevardul General Paul Teodorescu"",""amenity"":""cafe"",""brand"":""Ted's Coffee Co."",""brand:wikidata"":""Q137035177"",""cuisine"":""coffee_shop"",""level"":""1"",""name"":""Ted's Coffee Co."",""opening_hours"":""Mo-Su 10:00-22:00"",""outdoor_seating"":""no"",""phone"":""+40 740 085 216"",""source:addr:housenumber"":""survey"",""source:addr:street"":""survey"",""takeaway"":""yes"",""website"":""https://www.tedscoffeecompany.com/"",""formatted_address"":""Bulevardul General Paul Teodorescu 4, 061346, București"",""primary_type"":""amenity=cafe"",""osm_meta"":{""version"":3,""timestamp"":""2026-04-20T19:39:00Z"",""changeset"":181599045,""uid"":9484321,""user"":""Dan 9""}}","{""type"":""node"",""id"":12092429189,""lat"":44.4309956,""lon"":26.0530712,""timestamp"":""2026-04-20T19:39:00Z"",""version"":3,""changeset"":181599045,""user"":""Dan 9"",""uid"":9484321,""tags"":{""addr:city"":""București"",""addr:country"":""RO"",""addr:housenumber"":""4"",""addr:postcode"":""061346"",""addr:street"":""Bulevardul General Paul Teodorescu"",""amenity"":""cafe"",""brand"":""Ted's Coffee Co."",""brand:wikidata"":""Q137035177"",""cuisine"":""coffee_shop"",""level"":""1"",""name"":""Ted's Coffee Co."",""opening_hours"":""Mo-Su 10:00-22:00"",""outdoor_seating"":""no"",""phone"":""+40 740 085 216"",""source:addr:housenumber"":""survey"",""source:addr:street"":""survey"",""takeaway"":""yes"",""website"":""https://www.tedscoffeecompany.com/""}}",2026-05-30 08:46:18.442513+00:00
osm,osm:node/13746373500,Jay Bubble Tea,RO,București,cafe,44.4307148,26.0530736,,,,,"{""addr:city"":""București"",""addr:country"":""RO"",""addr:housenumber"":""4"",""addr:postcode"":""061346"",""addr:street"":""Bulevardul General Paul Teodorescu"",""amenity"":""cafe"",""branch"":""AFI Cotroceni"",""cuisine"":""bubble_tea"",""level"":""0"",""name"":""Jay Bubble Tea"",""opening_hours"":""Mo-Su 10:00-22:00"",""outdoor_seating"":""no"",""phone"":""+40 773 718 748"",""source:addr:housenumber"":""survey"",""source:addr:street"":""survey"",""website"":""https://jaybubbletea.ro/"",""formatted_address"":""Bulevardul General Paul Teodorescu 4, 061346, București"",""primary_type"":""amenity=cafe"",""osm_meta"":{""version"":1,""timestamp"":""2026-04-20T19:39:00Z"",""changeset"":181599045,""uid"":9484321,""user"":""Dan 9""}}","{""type"":""node"",""id"":13746373500,""lat"":44.4307148,""lon"":26.0530736,""timestamp"":""2026-04-20T19:39:00Z"",""version"":1,""changeset"":181599045,""user"":""Dan 9"",""uid"":9484321,""tags"":{""addr:city"":""București"",""addr:country"":""RO"",""addr:housenumber"":""4"",""addr:postcode"":""061346"",""addr:street"":""Bulevardul General Paul Teodorescu"",""amenity"":""cafe"",""branch"":""AFI Cotroceni"",""cuisine"":""bubble_tea"",""level"":""0"",""name"":""Jay Bubble Tea"",""opening_hours"":""Mo-Su 10:00-22:00"",""outdoor_seating"":""no"",""phone"":""+40 773 718 748"",""source:addr:housenumber"":""survey"",""source:addr:street"":""survey"",""website"":""https://jaybubbletea.ro/""}}",2026-05-30 08:46:18.442513+00:00
osm,osm:node/11727115809,Ted's Coffee Co.,RO,București,cafe,44.427158,26.0626079,,,,,"{""addr:city"":""București"",""addr:country"":""RO"",""addr:housenumber"":""1"",""addr:postcode"":""050691"",""addr:street"":""Strada Progresului"",""amenity"":""cafe"",""brand"":""Ted's Coffee Co."",""brand:wikidata"":""Q137035177"",""cuisine"":""coffee_shop"",""name"":""Ted's Coffee Co."",""takeaway"":""yes"",""formatted_address"":""Strada Progresului 1, 050691, București"",""primary_type"":""amenity=cafe"",""osm_meta"":{""version"":2,""timestamp"":""2026-04-07T22:24:03Z"",""changeset"":181022659,""uid"":69259,""user"":""DnaX""}}","{""type"":""node"",""id"":11727115809,""lat"":44.427158,""lon"":26.0626079,""timestamp"":""2026-04-07T22:24:03Z"",""version"":2,""changeset"":181022659,""user"":""DnaX"",""uid"":69259,""tags"":{""addr:city"":""București"",""addr:country"":""RO"",""addr:housenumber"":""1"",""addr:postcode"":""050691"",""addr:street"":""Strada Progresului"",""amenity"":""cafe"",""brand"":""Ted's Coffee Co."",""brand:wikidata"":""Q137035177"",""cuisine"":""coffee_shop"",""name"":""Ted's Coffee Co."",""takeaway"":""yes""}}",2026-05-30 08:46:18.442513+00:00
osm,osm:node/4563144470,ich&fee,Romania,București,cafe,44.434306,26.0683783,,,,,"{""addr:city"":""București"",""addr:housenumber"":""12"",""addr:postcode"":""050453"",""addr:street"":""Bulevardul Eroii Sanitari"",""amenity"":""cafe"",""name"":""ich&fee"",""outdoor_seating"":""yes"",""source:addr:housenumber"":""survey"",""source:addr:street"":""survey"",""formatted_address"":""Bulevardul Eroii Sanitari 12, 050453, București"",""primary_type"":""amenity=cafe"",""osm_meta"":{""version"":4,""timestamp"":""2023-06-06T21:56:40Z"",""changeset"":137032953,""uid"":11303102,""user"":""watmildon""}}","{""type"":""node"",""id"":4563144470,""lat"":44.434306,""lon"":26.0683783,""timestamp"":""2023-06-06T21:56:40Z"",""version"":4,""changeset"":137032953,""user"":""watmildon"",""uid"":11303102,""tags"":{""addr:city"":""București"",""addr:housenumber"":""12"",""addr:postcode"":""050453"",""addr:street"":""Bulevardul Eroii Sanitari"",""amenity"":""cafe"",""name"":""ich&fee"",""outdoor_seating"":""yes"",""source:addr:housenumber"":""survey"",""source:addr:street"":""survey""}}",2026-05-30 08:46:18.442513+00:00
osm,osm:node/4574853189,Infinitea,Romania,București,cafe,44.4278175,26.0719962,,,,,"{""addr:city"":""București"",""addr:housenumber"":""7"",""addr:postcode"":""050574"",""addr:street"":""Strada Doctor Romniceanu Grigore"",""amenity"":""cafe"",""name"":""Infinitea"",""phone"":""0040723175300"",""source:addr:housenumber"":""survey"",""source:addr:street"":""survey"",""website"":""https://infinitea.ro/"",""formatted_address"":""Strada Doctor Romniceanu Grigore 7, 050574, București"",""primary_type"":""amenity=cafe"",""osm_meta"":{""version"":8,""timestamp"":""2023-06-06T21:56:40Z"",""changeset"":137032953,""uid"":11303102,""user"":""watmildon""}}","{""type"":""node"",""id"":4574853189,""lat"":44.4278175,""lon"":26.0719962,""timestamp"":""2023-06-06T21:56:40Z"",""version"":8,""changeset"":137032953,""user"":""watmildon"",""uid"":11303102,""tags"":{""addr:city"":""București"",""addr:housenumber"":""7"",""addr:postcode"":""050574"",""addr:street"":""Strada Doctor Romniceanu Grigore"",""amenity"":""cafe"",""name"":""Infinitea"",""phone"":""0040723175300"",""source:addr:housenumber"":""survey"",""source:addr:street"":""survey"",""website"":""https://infinitea.ro/""}}",2026-05-30 08:46:18.442513+00:00
osm,osm:node/10262127823,5 to go,Romania,Bucharest,cafe,44.4247832,26.0717683,,,,,"{""amenity"":""cafe"",""name"":""5 to go"",""formatted_address"":"""",""primary_type"":""amenity=cafe"",""osm_meta"":{""version"":2,""timestamp"":""2022-12-15T06:39:35Z"",""changeset"":130099720,""uid"":128281,""user"":""rarad74""}}","{""type"":""node"",""id"":10262127823,""lat"":44.4247832,""lon"":26.0717683,""timestamp"":""2022-12-15T06:39:35Z"",""version"":2,""changeset"":130099720,""user"":""rarad74"",""uid"":128281,""tags"":{""amenity"":""cafe"",""name"":""5 to go""}}",2026-05-30 08:46:18.442513+00:00
osm,osm:node/7162469507,Ted's Coffee Co.,Romania,București,cafe,44.4299459,26.0825248,,,,,"{""addr:city"":""București"",""addr:housenumber"":""80"",""addr:street"":""Strada Izvor"",""amenity"":""cafe"",""brand"":""Ted's Coffee Co."",""brand:wikidata"":""Q137035177"",""cuisine"":""coffee_shop"",""indoor_seating"":""yes"",""name"":""Ted's Coffee Co."",""outdoor_seating"":""yes"",""takeaway"":""yes"",""formatted_address"":""Strada Izvor 80, București"",""primary_type"":""amenity=cafe"",""osm_meta"":{""version"":4,""timestamp"":""2026-04-07T22:14:46Z"",""changeset"":181022451,""uid"":69259,""user"":""DnaX""}}","{""type"":""node"",""id"":7162469507,""lat"":44.4299459,""lon"":26.0825248,""timestamp"":""2026-04-07T22:14:46Z"",""version"":4,""changeset"":181022451,""user"":""DnaX"",""uid"":69259,""tags"":{""addr:city"":""București"",""addr:housenumber"":""80"",""addr:street"":""Strada Izvor"",""amenity"":""cafe"",""brand"":""Ted's Coffee Co."",""brand:wikidata"":""Q137035177"",""cuisine"":""coffee_shop"",""indoor_seating"":""yes"",""name"":""Ted's Coffee Co."",""outdoor_seating"":""yes"",""takeaway"":""yes""}}",2026-05-30 08:46:18.442513+00:00
osm,osm:node/6952897562,NINE BAR coffeeshop,Romania,București,cafe,44.4329655,26.0703363,,,,,"{""addr:city"":""București"",""addr:housenumber"":""24"",""addr:postcode"":""050512"",""addr:street"":""Bulevardul Eroilor"",""amenity"":""cafe"",""name"":""NINE BAR coffeeshop"",""opening_hours"":""24/7"",""outdoor_seating"":""yes"",""source"":""survey"",""source:addr:housenumber"":""survey"",""source:addr:street"":""survey"",""formatted_address"":""Bulevardul Eroilor 24, 050512, București"",""primary_type"":""amenity=cafe"",""osm_meta"":{""version"":4,""timestamp"":""2023-07-14T08:27:54Z"",""changeset"":138495716,""uid"":19861804,""user"":""NINE BAR coffeeshop""}}","{""type"":""node"",""id"":6952897562,""lat"":44.4329655,""lon"":26.0703363,""timestamp"":""2023-07-14T08:27:54Z"",""version"":4,""changeset"":138495716,""user"":""NINE BAR coffeeshop"",""uid"":19861804,""tags"":{""addr:city"":""București"",""addr:housenumber"":""24"",""addr:postcode"":""050512"",""addr:street"":""Bulevardul Eroilor"",""amenity"":""cafe"",""name"":""NINE BAR coffeeshop"",""opening_hours"":""24/7"",""outdoor_seating"":""yes"",""source"":""survey"",""source:addr:housenumber"":""survey"",""source:addr:street"":""survey""}}",2026-05-30 08:46:18.442513+00:00
osm,osm:node/13781123201,Kopp Specialty Coffee,Romania,Bucharest,cafe,44.4326987,26.0766404,,,,,"{""addr:housenumber"":""12"",""addr:street"":""Strada Doctor Joseph Lister"",""amenity"":""cafe"",""name"":""Kopp Specialty Coffee"",""formatted_address"":""Strada Doctor Joseph Lister 12"",""primary_type"":""amenity=cafe"",""osm_meta"":{""version"":1,""timestamp"":""2026-04-30T13:32:25Z"",""changeset"":182034320,""uid"":24087844,""user"":""dnlfrdsm""}}","{""type"":""node"",""id"":13781123201,""lat"":44.4326987,""lon"":26.0766404,""timestamp"":""2026-04-30T13:32:25Z"",""version"":1,""changeset"":182034320,""user"":""dnlfrdsm"",""uid"":24087844,""tags"":{""addr:housenumber"":""12"",""addr:street"":""Strada Doctor Joseph Lister"",""amenity"":""cafe"",""name"":""Kopp Specialty Coffee""}}",2026-05-30 08:46:18.442513+00:00
osm,osm:node/2361574035,K53 Cafe,Romania,București,cafe,44.4343881,26.081467,,,,,"{""addr:city"":""București"",""addr:housenumber"":""53"",""addr:postcode"":""050104"",""addr:postcode:source"":""Date de la Poșta Română, publicate sub Licența pentru Guvernare Deschisă v1.0 la http://date.gov.ro/organization/posta-romana"",""addr:street"":""Bulevardul Mihail Kogălniceanu"",""amenity"":""cafe"",""name"":""K53 Cafe"",""formatted_address"":""Bulevardul Mihail Kogălniceanu 53, 050104, București"",""primary_type"":""amenity=cafe"",""osm_meta"":{""version"":6,""timestamp"":""2022-11-21T19:10:28Z"",""changeset"":129209149,""uid"":17751421,""user"":""FranciFranci Bada""}}","{""type"":""node"",""id"":2361574035,""lat"":44.4343881,""lon"":26.081467,""timestamp"":""2022-11-21T19:10:28Z"",""version"":6,""changeset"":129209149,""user"":""FranciFranci Bada"",""uid"":17751421,""tags"":{""addr:city"":""București"",""addr:housenumber"":""53"",""addr:postcode"":""050104"",""addr:postcode:source"":""Date de la Poșta Română, publicate sub Licența pentru Guvernare Deschisă v1.0 la http://date.gov.ro/organization/posta-romana"",""addr:street"":""Bulevardul Mihail Kogălniceanu"",""amenity"":""cafe"",""name"":""K53 Cafe""}}",2026-05-30 08:46:18.442513+00:00
osm,osm:node/3105375697,5 to go,Romania,București,cafe,44.4339659,26.076873,,,,,"{""addr:city"":""București"",""addr:housenumber"":""6"",""addr:postcode"":""050525"",""addr:street"":""Strada Sfântul Elefterie"",""amenity"":""cafe"",""brand"":""5 to go"",""brand:wikidata"":""Q115684369"",""cuisine"":""coffee_shop"",""name"":""5 to go"",""outdoor_seating"":""yes"",""shop"":""wine"",""source:addr:housenumber"":""survey"",""source:addr:street"":""survey"",""takeaway"":""yes"",""formatted_address"":""Strada Sfântul Elefterie 6, 050525, București"",""primary_type"":""amenity=cafe"",""osm_meta"":{""version"":5,""timestamp"":""2024-10-30T09:06:00Z"",""changeset"":158531265,""uid"":69259,""user"":""DnaX""}}","{""type"":""node"",""id"":3105375697,""lat"":44.4339659,""lon"":26.076873,""timestamp"":""2024-10-30T09:06:00Z"",""version"":5,""changeset"":158531265,""user"":""DnaX"",""uid"":69259,""tags"":{""addr:city"":""București"",""addr:housenumber"":""6"",""addr:postcode"":""050525"",""addr:street"":""Strada Sfântul Elefterie"",""amenity"":""cafe"",""brand"":""5 to go"",""brand:wikidata"":""Q115684369"",""cuisine"":""coffee_shop"",""name"":""5 to go"",""outdoor_seating"":""yes"",""shop"":""wine"",""source:addr:housenumber"":""survey"",""source:addr:street"":""survey"",""takeaway"":""yes""}}",2026-05-30 08:46:18.442513+00:00
osm,osm:node/3105375699,Roland Cafe,Romania,București,cafe,44.4337112,26.0777428,,,,,"{""addr:city"":""București"",""addr:housenumber"":""1"",""addr:postcode"":""050541"",""addr:street"":""Strada Doctor Joseph Lister"",""amenity"":""cafe"",""name"":""Roland Cafe"",""outdoor_seating"":""yes"",""source:addr:housenumber"":""survey"",""source:addr:street"":""survey"",""formatted_address"":""Strada Doctor Joseph Lister 1, 050541, București"",""primary_type"":""amenity=cafe"",""osm_meta"":{""version"":5,""timestamp"":""2023-06-06T21:56:40Z"",""changeset"":137032953,""uid"":11303102,""user"":""watmildon""}}","{""type"":""node"",""id"":3105375699,""lat"":44.4337112,""lon"":26.0777428,""timestamp"":""2023-06-06T21:56:40Z"",""version"":5,""changeset"":137032953,""user"":""watmildon"",""uid"":11303102,""tags"":{""addr:city"":""București"",""addr:housenumber"":""1"",""addr:postcode"":""050541"",""addr:street"":""Strada Doctor Joseph Lister"",""amenity"":""cafe"",""name"":""Roland Cafe"",""outdoor_seating"":""yes"",""source:addr:housenumber"":""survey"",""source:addr:street"":""survey""}}",2026-05-30 08:46:18.442513+00:00
osm,osm:node/6952897561,Zissou,Romania,București,cafe,44.4337742,26.0777925,,,,,"{""addr:city"":""București"",""addr:housenumber"":""1"",""addr:postcode"":""050541"",""addr:street"":""Strada Doctor Joseph Lister"",""amenity"":""cafe"",""name"":""Zissou"",""outdoor_seating"":""yes"",""source:addr:housenumber"":""survey"",""source:addr:street"":""survey"",""formatted_address"":""Strada Doctor Joseph Lister 1, 050541, București"",""primary_type"":""amenity=cafe"",""osm_meta"":{""version"":4,""timestamp"":""2023-06-06T21:56:40Z"",""changeset"":137032953,""uid"":11303102,""user"":""watmildon""}}","{""type"":""node"",""id"":6952897561,""lat"":44.4337742,""lon"":26.0777925,""timestamp"":""2023-06-06T21:56:40Z"",""version"":4,""changeset"":137032953,""user"":""watmildon"",""uid"":11303102,""tags"":{""addr:city"":""București"",""addr:housenumber"":""1"",""addr:postcode"":""050541"",""addr:street"":""Strada Doctor Joseph Lister"",""amenity"":""cafe"",""name"":""Zissou"",""outdoor_seating"":""yes"",""source:addr:housenumber"":""survey"",""source:addr:street"":""survey""}}",2026-05-30 08:46:18.442513+00:00
osm,osm:node/10208090020,K53 Cafe,Romania,Bucharest,cafe,44.434411,26.0814585,,,,,"{""amenity"":""cafe"",""name"":""K53 Cafe"",""formatted_address"":"""",""primary_type"":""amenity=cafe"",""osm_meta"":{""version"":1,""timestamp"":""2022-11-21T19:40:20Z"",""changeset"":129210013,""uid"":17751421,""user"":""FranciFranci Bada""}}","{""type"":""node"",""id"":10208090020,""lat"":44.434411,""lon"":26.0814585,""timestamp"":""2022-11-21T19:40:20Z"",""version"":1,""changeset"":129210013,""user"":""FranciFranci Bada"",""uid"":17751421,""tags"":{""amenity"":""cafe"",""name"":""K53 Cafe""}}",2026-05-30 08:46:18.442513+00:00
osm,osm:node/7011962706,OneKof,Romania,Bucharest,cafe,44.4367903,26.068167,,,,,"{""amenity"":""cafe"",""cuisine"":""coffee_shop"",""name"":""OneKof"",""opening_hours"":""Mo-Fr 07:00-18:00"",""formatted_address"":"""",""primary_type"":""amenity=cafe"",""osm_meta"":{""version"":3,""timestamp"":""2025-09-27T06:32:20Z"",""changeset"":172511187,""uid"":8430074,""user"":""alexnder""}}","{""type"":""node"",""id"":7011962706,""lat"":44.4367903,""lon"":26.068167,""timestamp"":""2025-09-27T06:32:20Z"",""version"":3,""changeset"":172511187,""user"":""alexnder"",""uid"":8430074,""tags"":{""amenity"":""cafe"",""cuisine"":""coffee_shop"",""name"":""OneKof"",""opening_hours"":""Mo-Fr 07:00-18:00""}}",2026-05-30 08:46:18.442513+00:00
osm,osm:node/7174663586,others,Romania,Bucharest,cafe,44.4374815,26.0688977,,,,,"{""amenity"":""cafe"",""name:en"":""Kafein"",""formatted_address"":"""",""primary_type"":""amenity=cafe"",""osm_meta"":{""version"":1,""timestamp"":""2020-01-31T10:40:02Z"",""changeset"":80366607,""uid"":5780790,""user"":""adrumillon""}}","{""type"":""node"",""id"":7174663586,""lat"":44.4374815,""lon"":26.0688977,""timestamp"":""2020-01-31T10:40:02Z"",""version"":1,""changeset"":80366607,""user"":""adrumillon"",""uid"":5780790,""tags"":{""amenity"":""cafe"",""name:en"":""Kafein""}}",2026-05-30 08:46:18.442513+00:00
osm,osm:node/13174879366,Orgolio,Romania,Bucharest,cafe,44.4368429,26.0684642,,,,,"{""amenity"":""cafe"",""name"":""Orgolio"",""formatted_address"":"""",""primary_type"":""amenity=cafe"",""osm_meta"":{""version"":1,""timestamp"":""2025-09-27T06:36:13Z"",""changeset"":172511532,""uid"":8430074,""user"":""alexnder""}}","{""type"":""node"",""id"":13174879366,""lat"":44.4368429,""lon"":26.0684642,""timestamp"":""2025-09-27T06:36:13Z"",""version"":1,""changeset"":172511532,""user"":""alexnder"",""uid"":8430074,""tags"":{""amenity"":""cafe"",""name"":""Orgolio""}}",2026-05-30 08:46:18.442513+00:00
osm,osm:node/13174883798,Zării Specialty Coffee,Romania,Bucharest,cafe,44.4369638,26.0692915,,,,,"{""amenity"":""cafe"",""cuisine"":""coffee_shop"",""name"":""Zării Specialty Coffee"",""formatted_address"":"""",""primary_type"":""amenity=cafe"",""osm_meta"":{""version"":1,""timestamp"":""2025-09-27T06:37:42Z"",""changeset"":172511532,""uid"":8430074,""user"":""alexnder""}}","{""type"":""node"",""id"":13174883798,""lat"":44.4369638,""lon"":26.0692915,""timestamp"":""2025-09-27T06:37:42Z"",""version"":1,""changeset"":172511532,""user"":""alexnder"",""uid"":8430074,""tags"":{""amenity"":""cafe"",""cuisine"":""coffee_shop"",""name"":""Zării Specialty Coffee""}}",2026-05-30 08:46:18.442513+00:00
osm,osm:node/6943602185,Cereal crunch,Romania,Bucharest,cafe,44.4297503,26.0939695,,,,,"{""amenity"":""cafe"",""name"":""Cereal crunch"",""opening_hours"":""Mo-Su 09:00-18:00"",""wheelchair"":""limited"",""formatted_address"":"""",""primary_type"":""amenity=cafe"",""osm_meta"":{""version"":3,""timestamp"":""2021-04-06T10:43:47Z"",""changeset"":102394696,""uid"":9458168,""user"":""Gorka115""}}","{""type"":""node"",""id"":6943602185,""lat"":44.4297503,""lon"":26.0939695,""timestamp"":""2021-04-06T10:43:47Z"",""version"":3,""changeset"":102394696,""user"":""Gorka115"",""uid"":9458168,""tags"":{""amenity"":""cafe"",""name"":""Cereal crunch"",""opening_hours"":""Mo-Su 09:00-18:00"",""wheelchair"":""limited""}}",2026-05-30 08:46:18.442513+00:00
osm,osm:node/9159258047,La Rosta,Romania,București,cafe,44.4276061,26.0944412,,,,,"{""addr:city"":""București"",""addr:housenumber"":""5"",""addr:postcode"":""040101"",""addr:postcode:source"":""Date de la Poșta Română, publicate sub Licența pentru Guvernare Deschisă v1.0 la http://date.gov.ro/organization/posta-romana"",""addr:street"":""Bulevardul Unirii"",""amenity"":""cafe"",""cuisine"":""coffee_shop"",""name"":""La Rosta"",""outdoor_seating"":""yes"",""source:addr:street"":""survey"",""survey:date"":""2023-09-11"",""takeaway"":""yes"",""website"":""https://www.larosta.ro/"",""wheelchair"":""limited"",""formatted_address"":""Bulevardul Unirii 5, 040101, București"",""primary_type"":""amenity=cafe"",""osm_meta"":{""version"":6,""timestamp"":""2025-07-28T15:22:47Z"",""changeset"":169620634,""uid"":2601744,""user"":""sctrojan79""}}","{""type"":""node"",""id"":9159258047,""lat"":44.4276061,""lon"":26.0944412,""timestamp"":""2025-07-28T15:22:47Z"",""version"":6,""changeset"":169620634,""user"":""sctrojan79"",""uid"":2601744,""tags"":{""addr:city"":""București"",""addr:housenumber"":""5"",""addr:postcode"":""040101"",""addr:postcode:source"":""Date de la Poșta Română, publicate sub Licența pentru Guvernare Deschisă v1.0 la http://date.gov.ro/organization/posta-romana"",""addr:street"":""Bulevardul Unirii"",""amenity"":""cafe"",""cuisine"":""coffee_shop"",""name"":""La Rosta"",""outdoor_seating"":""yes"",""source:addr:street"":""survey"",""survey:date"":""2023-09-11"",""takeaway"":""yes"",""website"":""https://www.larosta.ro/"",""wheelchair"":""limited""}}",2026-05-30 08:46:18.442513+00:00
osm,osm:node/11980997321,DoubleIn Coffee Shop,Romania,București,cafe,44.423974,26.0910516,,,,,"{""addr:city"":""București"",""addr:housenumber"":""12"",""addr:street"":""Bulevardul Libertății"",""amenity"":""cafe"",""name"":""DoubleIn Coffee Shop"",""formatted_address"":""Bulevardul Libertății 12, București"",""primary_type"":""amenity=cafe"",""osm_meta"":{""version"":1,""timestamp"":""2024-06-14T14:25:38Z"",""changeset"":152681880,""uid"":17863959,""user"":""Radu Nicolau""}}","{""type"":""node"",""id"":11980997321,""lat"":44.423974,""lon"":26.0910516,""timestamp"":""2024-06-14T14:25:38Z"",""version"":1,""changeset"":152681880,""user"":""Radu Nicolau"",""uid"":17863959,""tags"":{""addr:city"":""București"",""addr:housenumber"":""12"",""addr:street"":""Bulevardul Libertății"",""amenity"":""cafe"",""name"":""DoubleIn Coffee Shop""}}",2026-05-30 08:46:18.442513+00:00
osm,osm:node/12587052475,Urban Story,Romania,București,cafe,44.4237481,26.0946098,,,,,"{""addr:city"":""București"",""addr:housenumber"":""60"",""addr:street"":""Bulevardul Regina Maria"",""air_conditioning"":""yes"",""amenity"":""cafe"",""bar"":""yes"",""contact:facebook"":""https://www.facebook.com/profile.php?id=61569859760198"",""cuisine"":""coffee_shop"",""internet_access"":""yes"",""internet_access:fee"":""customers"",""name"":""Urban Story"",""opening_hours"":""Mo-Fr 08:00-17:00"",""outdoor_seating"":""yes"",""phone"":""0787668003"",""takeaway"":""yes"",""formatted_address"":""Bulevardul Regina Maria 60, București"",""primary_type"":""amenity=cafe"",""osm_meta"":{""version"":1,""timestamp"":""2025-02-14T07:34:17Z"",""changeset"":162492151,""uid"":22502486,""user"":""Urban Story""}}","{""type"":""node"",""id"":12587052475,""lat"":44.4237481,""lon"":26.0946098,""timestamp"":""2025-02-14T07:34:17Z"",""version"":1,""changeset"":162492151,""user"":""Urban Story"",""uid"":22502486,""tags"":{""addr:city"":""București"",""addr:housenumber"":""60"",""addr:street"":""Bulevardul Regina Maria"",""air_conditioning"":""yes"",""amenity"":""cafe"",""bar"":""yes"",""contact:facebook"":""https://www.facebook.com/profile.php?id=61569859760198"",""cuisine"":""coffee_shop"",""internet_access"":""yes"",""internet_access:fee"":""customers"",""name"":""Urban Story"",""opening_hours"":""Mo-Fr 08:00-17:00"",""outdoor_seating"":""yes"",""phone"":""0787668003"",""takeaway"":""yes""}}",2026-05-30 08:46:18.442513+00:00
osm,osm:node/2616101093,Saola Coffee,Romania,București,cafe,44.4342979,26.088301,,,,,"{""addr:city"":""București"",""addr:housenumber"":""7"",""addr:postcode"":""010221"",""addr:postcode:source"":""Date de la Poșta Română, publicate sub Licența pentru Guvernare Deschisă v1.0 la http://date.gov.ro/organization/posta-romana"",""addr:street"":""Calea Plevnei"",""amenity"":""cafe"",""cuisine"":""cafe"",""name"":""Saola Coffee"",""name:en"":""Saola Coffee"",""formatted_address"":""Calea Plevnei 7, 010221, București"",""primary_type"":""amenity=cafe"",""osm_meta"":{""version"":7,""timestamp"":""2021-05-28T11:09:48Z"",""changeset"":105486486,""uid"":4648211,""user"":""Mihai Mandea""}}","{""type"":""node"",""id"":2616101093,""lat"":44.4342979,""lon"":26.088301,""timestamp"":""2021-05-28T11:09:48Z"",""version"":7,""changeset"":105486486,""user"":""Mihai Mandea"",""uid"":4648211,""tags"":{""addr:city"":""București"",""addr:housenumber"":""7"",""addr:postcode"":""010221"",""addr:postcode:source"":""Date de la Poșta Română, publicate sub Licența pentru Guvernare Deschisă v1.0 la http://date.gov.ro/organization/posta-romana"",""addr:street"":""Calea Plevnei"",""amenity"":""cafe"",""cuisine"":""cafe"",""name"":""Saola Coffee"",""name:en"":""Saola Coffee""}}",2026-05-30 08:46:18.442513+00:00
osm,osm:node/5109743462,The Coffee Factory,Romania,București,cafe,44.4346882,26.0888104,,,,,"{""addr:city"":""București"",""addr:housenumber"":""54"",""addr:postcode"":""050019"",""addr:street"":""Bulevardul Regina Elisabeta"",""amenity"":""cafe"",""name"":""The Coffee Factory"",""outdoor_seating"":""yes"",""website"":""https://m.facebook.com/contegocafe/"",""formatted_address"":""Bulevardul Regina Elisabeta 54, 050019, București"",""primary_type"":""amenity=cafe"",""osm_meta"":{""version"":3,""timestamp"":""2024-05-06T16:52:22Z"",""changeset"":150974592,""uid"":21409089,""user"":""plut0_n""}}","{""type"":""node"",""id"":5109743462,""lat"":44.4346882,""lon"":26.0888104,""timestamp"":""2024-05-06T16:52:22Z"",""version"":3,""changeset"":150974592,""user"":""plut0_n"",""uid"":21409089,""tags"":{""addr:city"":""București"",""addr:housenumber"":""54"",""addr:postcode"":""050019"",""addr:street"":""Bulevardul Regina Elisabeta"",""amenity"":""cafe"",""name"":""The Coffee Factory"",""outdoor_seating"":""yes"",""website"":""https://m.facebook.com/contegocafe/""}}",2026-05-30 08:46:18.442513+00:00
osm,osm:node/7018311387,Haru Cafe,Romania,București,cafe,44.4349926,26.0893421,,,,,"{""addr:city"":""București"",""addr:housenumber"":""7"",""addr:postcode"":""010181"",""addr:street"":""Bulevardul Schitu Măgureanu"",""amenity"":""cafe"",""name"":""Haru Cafe"",""opening_hours"":""Mo-Sa 07:00-17:00"",""formatted_address"":""Bulevardul Schitu Măgureanu 7, 010181, București"",""primary_type"":""amenity=cafe"",""osm_meta"":{""version"":2,""timestamp"":""2022-11-01T17:33:58Z"",""changeset"":128357109,""uid"":15956631,""user"":""VanVidra""}}","{""type"":""node"",""id"":7018311387,""lat"":44.4349926,""lon"":26.0893421,""timestamp"":""2022-11-01T17:33:58Z"",""version"":2,""changeset"":128357109,""user"":""VanVidra"",""uid"":15956631,""tags"":{""addr:city"":""București"",""addr:housenumber"":""7"",""addr:postcode"":""010181"",""addr:street"":""Bulevardul Schitu Măgureanu"",""amenity"":""cafe"",""name"":""Haru Cafe"",""opening_hours"":""Mo-Sa 07:00-17:00""}}",2026-05-30 08:46:18.442513+00:00
osm,osm:node/7018311392,Kafeterya Cafe,Romania,București,cafe,44.4340306,26.0898256,,,,,"{""addr:city"":""București"",""addr:housenumber"":""6"",""addr:postcode"":""050026"",""addr:street"":""Bulevardul Schitu Măgureanu"",""amenity"":""cafe"",""cuisine"":""cafeteria"",""name"":""Kafeterya Cafe"",""outdoor_seating"":""yes"",""formatted_address"":""Bulevardul Schitu Măgureanu 6, 050026, București"",""primary_type"":""amenity=cafe"",""osm_meta"":{""version"":2,""timestamp"":""2021-05-28T11:09:48Z"",""changeset"":105486486,""uid"":4648211,""user"":""Mihai Mandea""}}","{""type"":""node"",""id"":7018311392,""lat"":44.4340306,""lon"":26.0898256,""timestamp"":""2021-05-28T11:09:48Z"",""version"":2,""changeset"":105486486,""user"":""Mihai Mandea"",""uid"":4648211,""tags"":{""addr:city"":""București"",""addr:housenumber"":""6"",""addr:postcode"":""050026"",""addr:street"":""Bulevardul Schitu Măgureanu"",""amenity"":""cafe"",""cuisine"":""cafeteria"",""name"":""Kafeterya Cafe"",""outdoor_seating"":""yes""}}",2026-05-30 08:46:18.442513+00:00
osm,osm:node/7179014088,Givers Coffee House,Romania,Bucharest,cafe,44.4365948,26.084438,,,,,"{""amenity"":""cafe"",""cuisine"":""coffee_shop;regional"",""name"":""Givers Coffee House"",""name:en"":""Givers Coffee House"",""formatted_address"":"""",""primary_type"":""amenity=cafe"",""osm_meta"":{""version"":2,""timestamp"":""2021-04-12T17:48:02Z"",""changeset"":102820319,""uid"":4648211,""user"":""Mihai Mandea""}}","{""type"":""node"",""id"":7179014088,""lat"":44.4365948,""lon"":26.084438,""timestamp"":""2021-04-12T17:48:02Z"",""version"":2,""changeset"":102820319,""user"":""Mihai Mandea"",""uid"":4648211,""tags"":{""amenity"":""cafe"",""cuisine"":""coffee_shop;regional"",""name"":""Givers Coffee House"",""name:en"":""Givers Coffee House""}}",2026-05-30 08:46:18.442513+00:00
osm,osm:node/11608469573,Ted's Coffee Co.,Romania,Bucharest,cafe,44.4346724,26.0883829,,,,,"{""addr:housenumber"":""3"",""addr:street"":""Piața Mihail Kogălniceanu"",""amenity"":""cafe"",""brand"":""Ted's Coffee Co."",""brand:wikidata"":""Q137035177"",""contact:facebook"":""tedscoffeecompany"",""contact:instagram"":""tedscoffeeco"",""cuisine"":""coffee_shop"",""email"":""hello@teds.ro"",""name"":""Ted's Coffee Co."",""opening_hours"":""Mo-Fr 07:00-21:00; Sa-Su 08:00-21:00"",""phone"":""+40758325880"",""takeaway"":""yes"",""website"":""https://tedscoffeecompany.com"",""formatted_address"":""Piața Mihail Kogălniceanu 3"",""primary_type"":""amenity=cafe"",""osm_meta"":{""version"":3,""timestamp"":""2026-04-07T22:15:49Z"",""changeset"":181022478,""uid"":69259,""user"":""DnaX""}}","{""type"":""node"",""id"":11608469573,""lat"":44.4346724,""lon"":26.0883829,""timestamp"":""2026-04-07T22:15:49Z"",""version"":3,""changeset"":181022478,""user"":""DnaX"",""uid"":69259,""tags"":{""addr:housenumber"":""3"",""addr:street"":""Piața Mihail Kogălniceanu"",""amenity"":""cafe"",""brand"":""Ted's Coffee Co."",""brand:wikidata"":""Q137035177"",""contact:facebook"":""tedscoffeecompany"",""contact:instagram"":""tedscoffeeco"",""cuisine"":""coffee_shop"",""email"":""hello@teds.ro"",""name"":""Ted's Coffee Co."",""opening_hours"":""Mo-Fr 07:00-21:00; Sa-Su 08:00-21:00"",""phone"":""+40758325880"",""takeaway"":""yes"",""website"":""https://tedscoffeecompany.com""}}",2026-05-30 08:46:18.442513+00:00
osm,osm:node/12114547218,Okfea,Romania,Bucharest,cafe,44.4348264,26.0874745,,,,,"{""amenity"":""cafe"",""cuisine"":""coffee_shop"",""name"":""Okfea"",""outdoor_seating"":""yes"",""formatted_address"":"""",""primary_type"":""amenity=cafe"",""osm_meta"":{""version"":1,""timestamp"":""2024-08-16T11:37:56Z"",""changeset"":155323580,""uid"":20047316,""user"":""Felixplore""}}","{""type"":""node"",""id"":12114547218,""lat"":44.4348264,""lon"":26.0874745,""timestamp"":""2024-08-16T11:37:56Z"",""version"":1,""changeset"":155323580,""user"":""Felixplore"",""uid"":20047316,""tags"":{""amenity"":""cafe"",""cuisine"":""coffee_shop"",""name"":""Okfea"",""outdoor_seating"":""yes""}}",2026-05-30 08:46:18.442513+00:00
osm,osm:node/12114575121,5 to go,Romania,Bucharest,cafe,44.4348517,26.0875168,,,,,"{""amenity"":""cafe"",""brand"":""5 to go"",""brand:wikidata"":""Q115684369"",""cuisine"":""coffee_shop"",""name"":""5 to go"",""opening_hours"":""Mo-Fr 07:00-18:00; Sa 09:00-14:00"",""outdoor_seating"":""yes"",""takeaway"":""yes"",""formatted_address"":"""",""primary_type"":""amenity=cafe"",""osm_meta"":{""version"":2,""timestamp"":""2024-10-20T17:39:35Z"",""changeset"":158139144,""uid"":69259,""user"":""DnaX""}}","{""type"":""node"",""id"":12114575121,""lat"":44.4348517,""lon"":26.0875168,""timestamp"":""2024-10-20T17:39:35Z"",""version"":2,""changeset"":158139144,""user"":""DnaX"",""uid"":69259,""tags"":{""amenity"":""cafe"",""brand"":""5 to go"",""brand:wikidata"":""Q115684369"",""cuisine"":""coffee_shop"",""name"":""5 to go"",""opening_hours"":""Mo-Fr 07:00-18:00; Sa 09:00-14:00"",""outdoor_seating"":""yes"",""takeaway"":""yes""}}",2026-05-30 08:46:18.442513+00:00
osm,osm:node/12271496695,5 to go,Romania,Bucharest,cafe,44.4365282,26.0847184,,,,,"{""amenity"":""cafe"",""brand"":""5 to go"",""brand:wikidata"":""Q115684369"",""cuisine"":""coffee_shop"",""name"":""5 to go"",""takeaway"":""yes"",""formatted_address"":"""",""primary_type"":""amenity=cafe"",""osm_meta"":{""version"":1,""timestamp"":""2024-10-20T17:39:35Z"",""changeset"":158139144,""uid"":69259,""user"":""DnaX""}}","{""type"":""node"",""id"":12271496695,""lat"":44.4365282,""lon"":26.0847184,""timestamp"":""2024-10-20T17:39:35Z"",""version"":1,""changeset"":158139144,""user"":""DnaX"",""uid"":69259,""tags"":{""amenity"":""cafe"",""brand"":""5 to go"",""brand:wikidata"":""Q115684369"",""cuisine"":""coffee_shop"",""name"":""5 to go"",""takeaway"":""yes""}}",2026-05-30 08:46:18.442513+00:00
osm,osm:node/13789960556,others,Romania,Bucharest,cafe,44.4329897,26.0895772,,,,,"{""amenity"":""cafe"",""cuisine"":""coffee_shop"",""formatted_address"":"""",""primary_type"":""amenity=cafe"",""osm_meta"":{""version"":1,""timestamp"":""2026-05-03T13:59:17Z"",""changeset"":182161474,""uid"":2669619,""user"":""Tiberiu Popescu""}}","{""type"":""node"",""id"":13789960556,""lat"":44.4329897,""lon"":26.0895772,""timestamp"":""2026-05-03T13:59:17Z"",""version"":1,""changeset"":182161474,""user"":""Tiberiu Popescu"",""uid"":2669619,""tags"":{""amenity"":""cafe"",""cuisine"":""coffee_shop""}}",2026-05-30 08:46:18.442513+00:00
osm,osm:node/1868712478,TinaR Prêt à Café,Romania,București,cafe,44.4348504,26.0955053,,,,,"{""addr:city"":""București"",""addr:housenumber"":""36"",""addr:postcode"":""050017"",""addr:street"":""Bulevardul Regina Elisabeta"",""air_conditioning"":""yes"",""amenity"":""cafe"",""bar"":""yes"",""check_date"":""2024-11-27"",""cuisine"":""coffee_shop"",""diet:lactose_free"":""yes"",""diet:vegan"":""yes"",""name"":""TinaR Prêt à Café"",""opening_hours"":""Mo-Sa 09:00-20:00"",""phone"":""+40747060771"",""website"":""https://www.pretacafe.ro/"",""formatted_address"":""Bulevardul Regina Elisabeta 36, 050017, București"",""primary_type"":""amenity=cafe"",""osm_meta"":{""version"":7,""timestamp"":""2024-11-27T09:54:15Z"",""changeset"":159650900,""uid"":21102549,""user"":""gotanda""}}","{""type"":""node"",""id"":1868712478,""lat"":44.4348504,""lon"":26.0955053,""timestamp"":""2024-11-27T09:54:15Z"",""version"":7,""changeset"":159650900,""user"":""gotanda"",""uid"":21102549,""tags"":{""addr:city"":""București"",""addr:housenumber"":""36"",""addr:postcode"":""050017"",""addr:street"":""Bulevardul Regina Elisabeta"",""air_conditioning"":""yes"",""amenity"":""cafe"",""bar"":""yes"",""check_date"":""2024-11-27"",""cuisine"":""coffee_shop"",""diet:lactose_free"":""yes"",""diet:vegan"":""yes"",""name"":""TinaR Prêt à Café"",""opening_hours"":""Mo-Sa 09:00-20:00"",""phone"":""+40747060771"",""website"":""https://www.pretacafe.ro/""}}",2026-05-30 08:46:18.442513+00:00
osm,osm:node/2455257662,Trofic,Romania,București,cafe,44.4363299,26.0944063,,,,,"{""addr:city"":""București"",""addr:housenumber"":""29A"",""addr:postcode"":""010152"",""addr:postcode:source"":""Date de la Poșta Română, publicate sub Licența pentru Guvernare Deschisă v1.0 la http://date.gov.ro/organization/posta-romana"",""addr:street"":""Strada Ion Brezoianu"",""amenity"":""cafe"",""check_date"":""2025-07-16"",""check_date:opening_hours"":""2025-07-16"",""cuisine"":""breakfast;cake;coffee_shop"",""diet:vegan"":""yes"",""diet:vegetarian"":""yes"",""internet_access"":""wlan"",""internet_access:fee"":""no"",""level"":""0"",""name"":""Trofic"",""opening_hours"":""Mo-Su 08:00-17:00"",""outdoor_seating"":""yes"",""phone"":""+40751276600"",""reservation"":""no"",""source"":""survey;local knowledge"",""takeaway"":""yes"",""wheelchair"":""limited"",""wheelchair:step_height"":""0"",""formatted_address"":""Strada Ion Brezoianu 29A, 010152, București"",""primary_type"":""amenity=cafe"",""osm_meta"":{""version"":12,""timestamp"":""2025-07-16T04:45:21Z"",""changeset"":168993336,""uid"":1722488,""user"":""Mateusz Konieczny""}}","{""type"":""node"",""id"":2455257662,""lat"":44.4363299,""lon"":26.0944063,""timestamp"":""2025-07-16T04:45:21Z"",""version"":12,""changeset"":168993336,""user"":""Mateusz Konieczny"",""uid"":1722488,""tags"":{""addr:city"":""București"",""addr:housenumber"":""29A"",""addr:postcode"":""010152"",""addr:postcode:source"":""Date de la Poșta Română, publicate sub Licența pentru Guvernare Deschisă v1.0 la http://date.gov.ro/organization/posta-romana"",""addr:street"":""Strada Ion Brezoianu"",""amenity"":""cafe"",""check_date"":""2025-07-16"",""check_date:opening_hours"":""2025-07-16"",""cuisine"":""breakfast;cake;coffee_shop"",""diet:vegan"":""yes"",""diet:vegetarian"":""yes"",""internet_access"":""wlan"",""internet_access:fee"":""no"",""level"":""0"",""name"":""Trofic"",""opening_hours"":""Mo-Su 08:00-17:00"",""outdoor_seating"":""yes"",""phone"":""+40751276600"",""reservation"":""no"",""source"":""survey;local knowledge"",""takeaway"":""yes"",""wheelchair"":""limited"",""wheelchair:step_height"":""0""}}",2026-05-30 08:46:18.442513+00:00
osm,osm:node/3101709891,Origo Coffee Shop,Romania,București,cafe,44.4332107,26.0952613,,,,,"{""addr:city"":""București"",""addr:housenumber"":""9"",""addr:postcode"":""050071"",""addr:street"":""Strada Lipscani"",""amenity"":""cafe"",""check_date"":""2025-06-21"",""cuisine"":""coffee_shop"",""name"":""Origo Coffee Shop"",""opening_hours"":""Tu-Su 07:30-23:00; Mo 08:00-23:00"",""phone"":""+40757086689"",""source:addr:street"":""survey"",""website"":""https://origocoffee.ro/"",""wheelchair"":""limited"",""formatted_address"":""Strada Lipscani 9, 050071, București"",""primary_type"":""amenity=cafe"",""osm_meta"":{""version"":8,""timestamp"":""2025-06-21T07:42:30Z"",""changeset"":167901524,""uid"":21289059,""user"":""maixnor""}}","{""type"":""node"",""id"":3101709891,""lat"":44.4332107,""lon"":26.0952613,""timestamp"":""2025-06-21T07:42:30Z"",""version"":8,""changeset"":167901524,""user"":""maixnor"",""uid"":21289059,""tags"":{""addr:city"":""București"",""addr:housenumber"":""9"",""addr:postcode"":""050071"",""addr:street"":""Strada Lipscani"",""amenity"":""cafe"",""check_date"":""2025-06-21"",""cuisine"":""coffee_shop"",""name"":""Origo Coffee Shop"",""opening_hours"":""Tu-Su 07:30-23:00; Mo 08:00-23:00"",""phone"":""+40757086689"",""source:addr:street"":""survey"",""website"":""https://origocoffee.ro/"",""wheelchair"":""limited""}}",2026-05-30 08:46:18.442513+00:00
osm,osm:node/5024134521,Level up,Romania,București,cafe,44.4343531,26.0948377,,,,,"{""addr:city"":""București"",""addr:housenumber"":""12"",""addr:street"":""Strada Ion Brezoianu"",""amenity"":""cafe"",""name"":""Level up"",""source:addr:street"":""survey"",""formatted_address"":""Strada Ion Brezoianu 12, București"",""primary_type"":""amenity=cafe"",""osm_meta"":{""version"":8,""timestamp"":""2025-07-17T14:34:54Z"",""changeset"":169064786,""uid"":1722488,""user"":""Mateusz Konieczny""}}","{""type"":""node"",""id"":5024134521,""lat"":44.4343531,""lon"":26.0948377,""timestamp"":""2025-07-17T14:34:54Z"",""version"":8,""changeset"":169064786,""user"":""Mateusz Konieczny"",""uid"":1722488,""tags"":{""addr:city"":""București"",""addr:housenumber"":""12"",""addr:street"":""Strada Ion Brezoianu"",""amenity"":""cafe"",""name"":""Level up"",""source:addr:street"":""survey""}}",2026-05-30 08:46:18.442513+00:00
osm,osm:node/5898775985,Beans & Dots,RO,București,cafe,44.4357057,26.0940185,,,,,"{""addr:city"":""București"",""addr:country"":""RO"",""addr:street"":""Strada Ion Brezoianu"",""amenity"":""cafe"",""internet_access"":""wlan"",""internet_access:fee"":""customers"",""name"":""Beans & Dots"",""name:en"":""Beans & Dots"",""name:ro"":""Beans & Dots"",""office"":""coworking"",""outdoor_seating"":""yes"",""formatted_address"":""Strada Ion Brezoianu, București"",""primary_type"":""amenity=cafe"",""osm_meta"":{""version"":3,""timestamp"":""2025-07-25T06:30:34Z"",""changeset"":169434518,""uid"":23111256,""user"":""The Backpacker""}}","{""type"":""node"",""id"":5898775985,""lat"":44.4357057,""lon"":26.0940185,""timestamp"":""2025-07-25T06:30:34Z"",""version"":3,""changeset"":169434518,""user"":""The Backpacker"",""uid"":23111256,""tags"":{""addr:city"":""București"",""addr:country"":""RO"",""addr:street"":""Strada Ion Brezoianu"",""amenity"":""cafe"",""internet_access"":""wlan"",""internet_access:fee"":""customers"",""name"":""Beans & Dots"",""name:en"":""Beans & Dots"",""name:ro"":""Beans & Dots"",""office"":""coworking"",""outdoor_seating"":""yes""}}",2026-05-30 08:46:18.442513+00:00
osm,osm:node/6420285121,5 to go,Romania,Bucharest,cafe,44.4339686,26.0900326,,,,,"{""amenity"":""cafe"",""brand"":""5 to go"",""brand:wikidata"":""Q115684369"",""cuisine"":""coffee_shop"",""name"":""5 to go"",""takeaway"":""yes"",""formatted_address"":"""",""primary_type"":""amenity=cafe"",""osm_meta"":{""version"":2,""timestamp"":""2024-10-20T17:28:40Z"",""changeset"":158138579,""uid"":69259,""user"":""DnaX""}}","{""type"":""node"",""id"":6420285121,""lat"":44.4339686,""lon"":26.0900326,""timestamp"":""2024-10-20T17:28:40Z"",""version"":2,""changeset"":158138579,""user"":""DnaX"",""uid"":69259,""tags"":{""amenity"":""cafe"",""brand"":""5 to go"",""brand:wikidata"":""Q115684369"",""cuisine"":""coffee_shop"",""name"":""5 to go"",""takeaway"":""yes""}}",2026-05-30 08:46:18.442513+00:00
osm,osm:node/6466304486,Burger Van,Romania,Bucharest,cafe,44.4366074,26.095001,,,,,"{""amenity"":""cafe"",""name"":""Burger Van"",""opening_hours:signed"":""no"",""wheelchair"":""limited"",""formatted_address"":"""",""primary_type"":""amenity=cafe"",""osm_meta"":{""version"":5,""timestamp"":""2021-10-27T14:52:40Z"",""changeset"":113041571,""uid"":9484321,""user"":""Dan 9""}}","{""type"":""node"",""id"":6466304486,""lat"":44.4366074,""lon"":26.095001,""timestamp"":""2021-10-27T14:52:40Z"",""version"":5,""changeset"":113041571,""user"":""Dan 9"",""uid"":9484321,""tags"":{""amenity"":""cafe"",""name"":""Burger Van"",""opening_hours:signed"":""no"",""wheelchair"":""limited""}}",2026-05-30 08:46:18.442513+00:00
osm,osm:node/6466305185,5 to go,Romania,București,cafe,44.4364498,26.0947232,,,,,"{""addr:city"":""București"",""amenity"":""cafe"",""brand"":""5 to go"",""brand:wikidata"":""Q115684369"",""cuisine"":""coffee_shop"",""name"":""5 to go"",""opening_hours"":""Mo-Fr 07:00-20:00; Sa,Su 09:00-18:00"",""takeaway"":""yes"",""wheelchair"":""limited"",""formatted_address"":""București"",""primary_type"":""amenity=cafe"",""osm_meta"":{""version"":6,""timestamp"":""2025-10-11T18:19:54Z"",""changeset"":173149994,""uid"":128281,""user"":""rarad74""}}","{""type"":""node"",""id"":6466305185,""lat"":44.4364498,""lon"":26.0947232,""timestamp"":""2025-10-11T18:19:54Z"",""version"":6,""changeset"":173149994,""user"":""rarad74"",""uid"":128281,""tags"":{""addr:city"":""București"",""amenity"":""cafe"",""brand"":""5 to go"",""brand:wikidata"":""Q115684369"",""cuisine"":""coffee_shop"",""name"":""5 to go"",""opening_hours"":""Mo-Fr 07:00-20:00; Sa,Su 09:00-18:00"",""takeaway"":""yes"",""wheelchair"":""limited""}}",2026-05-30 08:46:18.442513+00:00
osm,osm:node/6718728585,Meron,RO,București,cafe,44.4348249,26.0945793,,,,,"{""addr:city"":""București"",""addr:country"":""RO"",""addr:housenumber"":""40"",""addr:postcode"":""050018"",""addr:street"":""Bulevardul Regina Elisabeta"",""amenity"":""cafe"",""check_date:opening_hours"":""2024-03-15"",""name"":""Meron"",""opening_hours"":""Mo-Fr 08:00-20:00; Sa,Su 09:00-20:00"",""formatted_address"":""Bulevardul Regina Elisabeta 40, 050018, București"",""primary_type"":""amenity=cafe"",""osm_meta"":{""version"":5,""timestamp"":""2024-03-15T15:28:16Z"",""changeset"":148693515,""uid"":8430074,""user"":""alexnder""}}","{""type"":""node"",""id"":6718728585,""lat"":44.4348249,""lon"":26.0945793,""timestamp"":""2024-03-15T15:28:16Z"",""version"":5,""changeset"":148693515,""user"":""alexnder"",""uid"":8430074,""tags"":{""addr:city"":""București"",""addr:country"":""RO"",""addr:housenumber"":""40"",""addr:postcode"":""050018"",""addr:street"":""Bulevardul Regina Elisabeta"",""amenity"":""cafe"",""check_date:opening_hours"":""2024-03-15"",""name"":""Meron"",""opening_hours"":""Mo-Fr 08:00-20:00; Sa,Su 09:00-20:00""}}",2026-05-30 08:46:18.442513+00:00
osm,osm:node/6943589986,Ayo Cafe,Romania,București,cafe,44.4344626,26.0906876,,,,,"{""addr:city"":""București"",""addr:housenumber"":""59"",""addr:postcode"":""050062"",""addr:street"":""Bulevardul Regina Elisabeta"",""amenity"":""cafe"",""name"":""Ayo Cafe"",""formatted_address"":""Bulevardul Regina Elisabeta 59, 050062, București"",""primary_type"":""amenity=cafe"",""osm_meta"":{""version"":3,""timestamp"":""2024-03-15T15:31:31Z"",""changeset"":148693538,""uid"":8430074,""user"":""alexnder""}}","{""type"":""node"",""id"":6943589986,""lat"":44.4344626,""lon"":26.0906876,""timestamp"":""2024-03-15T15:31:31Z"",""version"":3,""changeset"":148693538,""user"":""alexnder"",""uid"":8430074,""tags"":{""addr:city"":""București"",""addr:housenumber"":""59"",""addr:postcode"":""050062"",""addr:street"":""Bulevardul Regina Elisabeta"",""amenity"":""cafe"",""name"":""Ayo Cafe""}}",2026-05-30 08:46:18.442513+00:00
osm,osm:node/9250389003,others,Romania,București,cafe,44.4348489,26.0954021,,,,,"{""addr:city"":""București"",""addr:housenumber"":""36"",""addr:postcode"":""050017"",""addr:street"":""Bulevardul Regina Elisabeta"",""amenity"":""cafe"",""formatted_address"":""Bulevardul Regina Elisabeta 36, 050017, București"",""primary_type"":""amenity=cafe"",""osm_meta"":{""version"":3,""timestamp"":""2024-11-27T09:54:56Z"",""changeset"":159651179,""uid"":21102549,""user"":""gotanda""}}","{""type"":""node"",""id"":9250389003,""lat"":44.4348489,""lon"":26.0954021,""timestamp"":""2024-11-27T09:54:56Z"",""version"":3,""changeset"":159651179,""user"":""gotanda"",""uid"":21102549,""tags"":{""addr:city"":""București"",""addr:housenumber"":""36"",""addr:postcode"":""050017"",""addr:street"":""Bulevardul Regina Elisabeta"",""amenity"":""cafe""}}",2026-05-30 08:46:18.442513+00:00
osm,osm:node/11734486594,Cafeteca,Romania,Bucharest,cafe,44.4344452,26.0904858,,,,,"{""amenity"":""cafe"",""cuisine"":""coffee_shop"",""name"":""Cafeteca"",""formatted_address"":"""",""primary_type"":""amenity=cafe"",""osm_meta"":{""version"":1,""timestamp"":""2024-03-15T15:31:54Z"",""changeset"":148693538,""uid"":8430074,""user"":""alexnder""}}","{""type"":""node"",""id"":11734486594,""lat"":44.4344452,""lon"":26.0904858,""timestamp"":""2024-03-15T15:31:54Z"",""version"":1,""changeset"":148693538,""user"":""alexnder"",""uid"":8430074,""tags"":{""amenity"":""cafe"",""cuisine"":""coffee_shop"",""name"":""Cafeteca""}}",2026-05-30 08:46:18.442513+00:00
osm,osm:node/12384481346,Temple of Brewzeus,Romania,București,cafe,44.4339046,26.0950543,,,,,"{""addr:city"":""București"",""addr:housenumber"":""4"",""addr:street"":""Strada Domnița Anastasia"",""amenity"":""cafe"",""contact:facebook"":""https://www.facebook.com/profile.php?id=61570520395883"",""internet_access"":""wlan"",""internet_access:fee"":""no"",""name"":""Temple of Brewzeus"",""outdoor_seating"":""yes"",""website"":""https://www.instagram.com/temple_of_brewzeus"",""formatted_address"":""Strada Domnița Anastasia 4, București"",""primary_type"":""amenity=cafe"",""osm_meta"":{""version"":2,""timestamp"":""2025-05-09T09:00:13Z"",""changeset"":166017706,""uid"":17863959,""user"":""Radu Nicolau""}}","{""type"":""node"",""id"":12384481346,""lat"":44.4339046,""lon"":26.0950543,""timestamp"":""2025-05-09T09:00:13Z"",""version"":2,""changeset"":166017706,""user"":""Radu Nicolau"",""uid"":17863959,""tags"":{""addr:city"":""București"",""addr:housenumber"":""4"",""addr:street"":""Strada Domnița Anastasia"",""amenity"":""cafe"",""contact:facebook"":""https://www.facebook.com/profile.php?id=61570520395883"",""internet_access"":""wlan"",""internet_access:fee"":""no"",""name"":""Temple of Brewzeus"",""outdoor_seating"":""yes"",""website"":""https://www.instagram.com/temple_of_brewzeus""}}",2026-05-30 08:46:18.442513+00:00
osm,osm:node/13206539592,others,Romania,Bucharest,cafe,44.4365958,26.0918254,,,,,"{""amenity"":""cafe"",""name:signed"":""no"",""formatted_address"":"""",""primary_type"":""amenity=cafe"",""osm_meta"":{""version"":2,""timestamp"":""2025-10-10T10:53:47Z"",""changeset"":173088291,""uid"":160894,""user"":""jodd""}}","{""type"":""node"",""id"":13206539592,""lat"":44.4365958,""lon"":26.0918254,""timestamp"":""2025-10-10T10:53:47Z"",""version"":2,""changeset"":173088291,""user"":""jodd"",""uid"":160894,""tags"":{""amenity"":""cafe"",""name:signed"":""no""}}",2026-05-30 08:46:18.442513+00:00
osm,osm:node/13512964548,Pain au Cafe,Romania,București,cafe,44.4325525,26.0954781,,,,,"{""addr:city"":""București"",""addr:housenumber"":""9"",""addr:street"":""Strada Mihai Vodă"",""amenity"":""cafe"",""cuisine"":""coffee_shop;pastry;beer"",""name"":""Pain au Cafe"",""website"":""https://painaucafe.ro/"",""formatted_address"":""Strada Mihai Vodă 9, București"",""primary_type"":""amenity=cafe"",""osm_meta"":{""version"":1,""timestamp"":""2026-01-30T19:50:45Z"",""changeset"":177904254,""uid"":2669619,""user"":""Tiberiu Popescu""}}","{""type"":""node"",""id"":13512964548,""lat"":44.4325525,""lon"":26.0954781,""timestamp"":""2026-01-30T19:50:45Z"",""version"":1,""changeset"":177904254,""user"":""Tiberiu Popescu"",""uid"":2669619,""tags"":{""addr:city"":""București"",""addr:housenumber"":""9"",""addr:street"":""Strada Mihai Vodă"",""amenity"":""cafe"",""cuisine"":""coffee_shop;pastry;beer"",""name"":""Pain au Cafe"",""website"":""https://painaucafe.ro/""}}",2026-05-30 08:46:18.442513+00:00
osm,osm:node/6466304386,Bandit,Romania,Bucharest,cafe,44.4367839,26.0951302,,,,,"{""amenity"":""cafe"",""internet_access"":""wlan"",""name"":""Bandit"",""payment:credit_cards"":""yes"",""payment:debit_cards"":""yes"",""formatted_address"":"""",""primary_type"":""amenity=cafe"",""osm_meta"":{""version"":5,""timestamp"":""2021-10-27T14:52:40Z"",""changeset"":113041571,""uid"":9484321,""user"":""Dan 9""}}","{""type"":""node"",""id"":6466304386,""lat"":44.4367839,""lon"":26.0951302,""timestamp"":""2021-10-27T14:52:40Z"",""version"":5,""changeset"":113041571,""user"":""Dan 9"",""uid"":9484321,""tags"":{""amenity"":""cafe"",""internet_access"":""wlan"",""name"":""Bandit"",""payment:credit_cards"":""yes"",""payment:debit_cards"":""yes""}}",2026-05-30 08:46:18.442513+00:00
osm,osm:node/7178966985,Twenty Eight,Romania,București,cafe,44.4373695,26.095554,,,,,"{""addr:city"":""București"",""addr:housenumber"":""23"",""addr:street"":""Strada Ion Câmpineanu"",""amenity"":""cafe"",""check_date"":""2025-01-16"",""check_date:opening_hours"":""2025-01-16"",""internet_access"":""wlan"",""internet_access:fee"":""customers"",""internet_access:ssid"":""Twenty Eight"",""name"":""Twenty Eight"",""opening_hours"":""Mo-Fr 08:00-22:00; Sa-Su 09:00-22:00"",""outdoor_seating"":""yes"",""payment:credit_cards"":""yes"",""wheelchair"":""limited"",""formatted_address"":""Strada Ion Câmpineanu 23, București"",""primary_type"":""amenity=cafe"",""osm_meta"":{""version"":6,""timestamp"":""2025-10-09T08:45:49Z"",""changeset"":173038315,""uid"":128281,""user"":""rarad74""}}","{""type"":""node"",""id"":7178966985,""lat"":44.4373695,""lon"":26.095554,""timestamp"":""2025-10-09T08:45:49Z"",""version"":6,""changeset"":173038315,""user"":""rarad74"",""uid"":128281,""tags"":{""addr:city"":""București"",""addr:housenumber"":""23"",""addr:street"":""Strada Ion Câmpineanu"",""amenity"":""cafe"",""check_date"":""2025-01-16"",""check_date:opening_hours"":""2025-01-16"",""internet_access"":""wlan"",""internet_access:fee"":""customers"",""internet_access:ssid"":""Twenty Eight"",""name"":""Twenty Eight"",""opening_hours"":""Mo-Fr 08:00-22:00; Sa-Su 09:00-22:00"",""outdoor_seating"":""yes"",""payment:credit_cards"":""yes"",""wheelchair"":""limited""}}",2026-05-30 08:46:18.442513+00:00
osm,osm:way/1158030417,5 to go,RO,București,cafe,44.4321955,26.0541337,,,,,"{""addr:city"":""București"",""addr:country"":""RO"",""addr:postcode"":""061072"",""addr:street"":""Bulevardul General Paul Teodorescu"",""amenity"":""cafe"",""brand"":""5 to go"",""brand:wikidata"":""Q115684369"",""building"":""retail"",""building:levels"":""1"",""cuisine"":""coffee_shop"",""name"":""5 to go"",""opening_hours"":""Mo-Su 07:00-19:00"",""phone"":""+40 724 200 536"",""source:addr:housenumber"":""survey"",""source:addr:street"":""survey"",""takeaway"":""yes"",""website"":""https://fivetogo.ro/"",""formatted_address"":""Bulevardul General Paul Teodorescu, 061072, București"",""primary_type"":""amenity=cafe"",""osm_meta"":{""version"":3,""timestamp"":""2023-11-10T21:33:39Z"",""changeset"":143880288,""uid"":9451067,""user"":""b-jazz-bot""}}","{""type"":""way"",""id"":1158030417,""timestamp"":""2023-11-10T21:33:39Z"",""version"":3,""changeset"":143880288,""user"":""b-jazz-bot"",""uid"":9451067,""center"":{""lat"":44.4321955,""lon"":26.0541337},""nodes"":[10769619026,10769619027,10769619028,10769619029,10769619026],""tags"":{""addr:city"":""București"",""addr:country"":""RO"",""addr:postcode"":""061072"",""addr:street"":""Bulevardul General Paul Teodorescu"",""amenity"":""cafe"",""brand"":""5 to go"",""brand:wikidata"":""Q115684369"",""building"":""retail"",""building:levels"":""1"",""cuisine"":""coffee_shop"",""name"":""5 to go"",""opening_hours"":""Mo-Su 07:00-19:00"",""phone"":""+40 724 200 536"",""source:addr:housenumber"":""survey"",""source:addr:street"":""survey"",""takeaway"":""yes"",""website"":""https://fivetogo.ro/""}}",2026-05-30 08:46:18.442513+00:00
osm,osm:node/12912644269,5 to go,Romania,Bucharest,cafe,44.4039568,26.0963381,,,,,"{""amenity"":""cafe"",""brand"":""5 to go"",""brand:wikidata"":""Q115684369"",""cuisine"":""coffee_shop"",""name"":""5 to go"",""takeaway"":""yes"",""formatted_address"":"""",""primary_type"":""amenity=cafe"",""osm_meta"":{""version"":1,""timestamp"":""2025-06-13T13:23:56Z"",""changeset"":167575631,""uid"":69259,""user"":""DnaX""}}","{""type"":""node"",""id"":12912644269,""lat"":44.4039568,""lon"":26.0963381,""timestamp"":""2025-06-13T13:23:56Z"",""version"":1,""changeset"":167575631,""user"":""DnaX"",""uid"":69259,""tags"":{""amenity"":""cafe"",""brand"":""5 to go"",""brand:wikidata"":""Q115684369"",""cuisine"":""coffee_shop"",""name"":""5 to go"",""takeaway"":""yes""}}",2026-05-30 08:46:18.442513+00:00
osm,osm:node/7175225385,others,Romania,Bucharest,cafe,44.4156021,26.10151,,,,,"{""amenity"":""cafe"",""name:en"":""Teto Tineretului"",""formatted_address"":"""",""primary_type"":""amenity=cafe"",""osm_meta"":{""version"":2,""timestamp"":""2021-03-27T06:08:47Z"",""changeset"":101825730,""uid"":2645222,""user"":""RaduC""}}","{""type"":""node"",""id"":7175225385,""lat"":44.4156021,""lon"":26.10151,""timestamp"":""2021-03-27T06:08:47Z"",""version"":2,""changeset"":101825730,""user"":""RaduC"",""uid"":2645222,""tags"":{""amenity"":""cafe"",""name:en"":""Teto Tineretului""}}",2026-05-30 08:46:18.442513+00:00
osm,osm:node/4151983743,Cafe Boulevard,Romania,Bucharest,cafe,44.4159147,26.109187,,,,,"{""amenity"":""cafe"",""name"":""Cafe Boulevard"",""formatted_address"":"""",""primary_type"":""amenity=cafe"",""osm_meta"":{""version"":1,""timestamp"":""2016-04-27T20:12:31Z"",""changeset"":38932056,""uid"":128281,""user"":""rarad74""}}","{""type"":""node"",""id"":4151983743,""lat"":44.4159147,""lon"":26.109187,""timestamp"":""2016-04-27T20:12:31Z"",""version"":1,""changeset"":38932056,""user"":""rarad74"",""uid"":128281,""tags"":{""amenity"":""cafe"",""name"":""Cafe Boulevard""}}",2026-05-30 08:46:18.442513+00:00
osm,osm:node/5516568770,Vine & coffee beans,Romania,Bucharest,cafe,44.4133583,26.1057316,,,,,"{""amenity"":""cafe"",""check_date"":""2024-02-11"",""indoor_seating"":""yes"",""name"":""Vine & coffee beans"",""outdoor_seating"":""yes"",""formatted_address"":"""",""primary_type"":""amenity=cafe"",""osm_meta"":{""version"":3,""timestamp"":""2024-02-11T16:26:55Z"",""changeset"":147334295,""uid"":20468763,""user"":""forgotpasword""}}","{""type"":""node"",""id"":5516568770,""lat"":44.4133583,""lon"":26.1057316,""timestamp"":""2024-02-11T16:26:55Z"",""version"":3,""changeset"":147334295,""user"":""forgotpasword"",""uid"":20468763,""tags"":{""amenity"":""cafe"",""check_date"":""2024-02-11"",""indoor_seating"":""yes"",""name"":""Vine & coffee beans"",""outdoor_seating"":""yes""}}",2026-05-30 08:46:18.442513+00:00
osm,osm:node/9574864649,Ted's Coffee Co.,Romania,București,cafe,44.4148928,26.1048057,,,,,"{""addr:city"":""București"",""addr:housenumber"":""1"",""addr:postcode"":""040315"",""addr:street"":""Bulevardul Gheorghe Șincai"",""amenity"":""cafe"",""brand"":""Ted's Coffee Co."",""brand:wikidata"":""Q137035177"",""cuisine"":""coffee_shop"",""name"":""Ted's Coffee Co."",""opening_hours"":""Mo-Fr 07:30-19:30; Sa,Su 10:00-20:00"",""takeaway"":""yes"",""formatted_address"":""Bulevardul Gheorghe Șincai 1, 040315, București"",""primary_type"":""amenity=cafe"",""osm_meta"":{""version"":3,""timestamp"":""2026-01-02T20:25:26Z"",""changeset"":176759822,""uid"":69259,""user"":""DnaX""}}","{""type"":""node"",""id"":9574864649,""lat"":44.4148928,""lon"":26.1048057,""timestamp"":""2026-01-02T20:25:26Z"",""version"":3,""changeset"":176759822,""user"":""DnaX"",""uid"":69259,""tags"":{""addr:city"":""București"",""addr:housenumber"":""1"",""addr:postcode"":""040315"",""addr:street"":""Bulevardul Gheorghe Șincai"",""amenity"":""cafe"",""brand"":""Ted's Coffee Co."",""brand:wikidata"":""Q137035177"",""cuisine"":""coffee_shop"",""name"":""Ted's Coffee Co."",""opening_hours"":""Mo-Fr 07:30-19:30; Sa,Su 10:00-20:00"",""takeaway"":""yes""}}",2026-05-30 08:46:18.442513+00:00
osm,osm:node/11917440859,Jop caffe,Romania,București,cafe,44.4153689,26.1064252,,,,,"{""addr:city"":""București"",""addr:housenumber"":""5"",""addr:street"":""Strada Lânăriei"",""amenity"":""cafe"",""cuisine"":""coffee_shop"",""name"":""Jop caffe"",""opening_hours"":""Mo-Su 07:00-19:00"",""formatted_address"":""Strada Lânăriei 5, București"",""primary_type"":""amenity=cafe"",""osm_meta"":{""version"":3,""timestamp"":""2025-01-15T11:50:28Z"",""changeset"":161377809,""uid"":14332595,""user"":""DanTPG""}}","{""type"":""node"",""id"":11917440859,""lat"":44.4153689,""lon"":26.1064252,""timestamp"":""2025-01-15T11:50:28Z"",""version"":3,""changeset"":161377809,""user"":""DanTPG"",""uid"":14332595,""tags"":{""addr:city"":""București"",""addr:housenumber"":""5"",""addr:street"":""Strada Lânăriei"",""amenity"":""cafe"",""cuisine"":""coffee_shop"",""name"":""Jop caffe"",""opening_hours"":""Mo-Su 07:00-19:00""}}",2026-05-30 08:46:18.442513+00:00
osm,osm:node/2560918196,Café Torino,Romania,Bucharest,cafe,44.4204982,26.1015432,,,,,"{""amenity"":""cafe"",""name"":""Café Torino"",""source"":""survey"",""formatted_address"":"""",""primary_type"":""amenity=cafe"",""osm_meta"":{""version"":1,""timestamp"":""2013-12-02T07:06:28Z"",""changeset"":19228153,""uid"":1164579,""user"":""dincaionclaudiu""}}","{""type"":""node"",""id"":2560918196,""lat"":44.4204982,""lon"":26.1015432,""timestamp"":""2013-12-02T07:06:28Z"",""version"":1,""changeset"":19228153,""user"":""dincaionclaudiu"",""uid"":1164579,""tags"":{""amenity"":""cafe"",""name"":""Café Torino"",""source"":""survey""}}",2026-05-30 08:46:18.442513+00:00
osm,osm:node/6939054787,Wood Cafe,Romania,București,cafe,44.4232655,26.1002632,,,,,"{""addr:city"":""București"",""addr:housenumber"":""18"",""addr:street"":""Strada Principatele Unite"",""amenity"":""cafe"",""name"":""Wood Cafe"",""source:addr:street"":""survey"",""formatted_address"":""Strada Principatele Unite 18, București"",""primary_type"":""amenity=cafe"",""osm_meta"":{""version"":5,""timestamp"":""2025-09-21T20:02:57Z"",""changeset"":172263924,""uid"":69259,""user"":""DnaX""}}","{""type"":""node"",""id"":6939054787,""lat"":44.4232655,""lon"":26.1002632,""timestamp"":""2025-09-21T20:02:57Z"",""version"":5,""changeset"":172263924,""user"":""DnaX"",""uid"":69259,""tags"":{""addr:city"":""București"",""addr:housenumber"":""18"",""addr:street"":""Strada Principatele Unite"",""amenity"":""cafe"",""name"":""Wood Cafe"",""source:addr:street"":""survey""}}",2026-05-30 08:46:18.442513+00:00
osm,osm:node/9010355622,Miss Alé – Espresso Bar,Romania,Bucharest,cafe,44.4232826,26.1027272,,,,,"{""amenity"":""cafe"",""contact:email"":""office@miss-ale.ro"",""name"":""Miss Alé – Espresso Bar"",""opening_hours"":""Mo-Fr 08:30-18:30; Sa-Su 10:00-19:00"",""website"":""https://www.miss-ale.ro/"",""formatted_address"":"""",""primary_type"":""amenity=cafe"",""osm_meta"":{""version"":1,""timestamp"":""2021-08-16T13:44:27Z"",""changeset"":109753575,""uid"":9641379,""user"":""Pan Perníček""}}","{""type"":""node"",""id"":9010355622,""lat"":44.4232826,""lon"":26.1027272,""timestamp"":""2021-08-16T13:44:27Z"",""version"":1,""changeset"":109753575,""user"":""Pan Perníček"",""uid"":9641379,""tags"":{""amenity"":""cafe"",""contact:email"":""office@miss-ale.ro"",""name"":""Miss Alé – Espresso Bar"",""opening_hours"":""Mo-Fr 08:30-18:30; Sa-Su 10:00-19:00"",""website"":""https://www.miss-ale.ro/""}}",2026-05-30 08:46:18.442513+00:00
osm,osm:node/11598143936,Baristo,Romania,Bucharest,cafe,44.4178695,26.0965078,,,,,"{""amenity"":""cafe"",""name"":""Baristo"",""opening_hours"":""Mo-Su 08:00-19:00"",""outdoor_seating"":""yes"",""formatted_address"":"""",""primary_type"":""amenity=cafe"",""osm_meta"":{""version"":2,""timestamp"":""2026-03-04T05:15:13Z"",""changeset"":179332237,""uid"":20320807,""user"":""SGFRO""}}","{""type"":""node"",""id"":11598143936,""lat"":44.4178695,""lon"":26.0965078,""timestamp"":""2026-03-04T05:15:13Z"",""version"":2,""changeset"":179332237,""user"":""SGFRO"",""uid"":20320807,""tags"":{""amenity"":""cafe"",""name"":""Baristo"",""opening_hours"":""Mo-Su 08:00-19:00"",""outdoor_seating"":""yes""}}",2026-05-30 08:46:18.442513+00:00
osm,osm:node/13616279011,5 to go,Romania,Bucharest,cafe,44.418695,26.0966946,,,,,"{""amenity"":""cafe"",""brand"":""5 to go"",""brand:wikidata"":""Q115684369"",""cuisine"":""coffee_shop"",""name"":""5 to go"",""takeaway"":""yes"",""formatted_address"":"""",""primary_type"":""amenity=cafe"",""osm_meta"":{""version"":1,""timestamp"":""2026-03-04T05:15:13Z"",""changeset"":179332237,""uid"":20320807,""user"":""SGFRO""}}","{""type"":""node"",""id"":13616279011,""lat"":44.418695,""lon"":26.0966946,""timestamp"":""2026-03-04T05:15:13Z"",""version"":1,""changeset"":179332237,""user"":""SGFRO"",""uid"":20320807,""tags"":{""amenity"":""cafe"",""brand"":""5 to go"",""brand:wikidata"":""Q115684369"",""cuisine"":""coffee_shop"",""name"":""5 to go"",""takeaway"":""yes""}}",2026-05-30 08:46:18.442513+00:00
osm,osm:node/9998922737,5 to go,Romania,București,cafe,44.4201753,26.1037743,,,,,"{""addr:city"":""București"",""amenity"":""cafe"",""brand"":""5 to go"",""brand:wikidata"":""Q115684369"",""check_date"":""2025-07-18"",""cuisine"":""coffee_shop"",""name"":""5 to go"",""opening_hours"":""Mo-Fr 07:00-19:00; Sa,Su 08:00-17:00"",""takeaway"":""yes"",""formatted_address"":""București"",""primary_type"":""amenity=cafe"",""osm_meta"":{""version"":6,""timestamp"":""2025-10-11T18:17:16Z"",""changeset"":173149896,""uid"":128281,""user"":""rarad74""}}","{""type"":""node"",""id"":9998922737,""lat"":44.4201753,""lon"":26.1037743,""timestamp"":""2025-10-11T18:17:16Z"",""version"":6,""changeset"":173149896,""user"":""rarad74"",""uid"":128281,""tags"":{""addr:city"":""București"",""amenity"":""cafe"",""brand"":""5 to go"",""brand:wikidata"":""Q115684369"",""check_date"":""2025-07-18"",""cuisine"":""coffee_shop"",""name"":""5 to go"",""opening_hours"":""Mo-Fr 07:00-19:00; Sa,Su 08:00-17:00"",""takeaway"":""yes""}}",2026-05-30 08:46:18.442513+00:00
osm,osm:node/5860626575,TED'S Cofee.,Romania,București,cafe,44.4292333,26.0961404,,,,,"{""addr:city"":""București"",""addr:housenumber"":""5"",""addr:street"":""Splaiul Independenței"",""amenity"":""cafe"",""name"":""TED'S Cofee."",""source:addr:street"":""survey"",""formatted_address"":""Splaiul Independenței 5, București"",""primary_type"":""amenity=cafe"",""osm_meta"":{""version"":6,""timestamp"":""2024-10-22T20:38:35Z"",""changeset"":158228557,""uid"":22093707,""user"":""FisHFisHGG""}}","{""type"":""node"",""id"":5860626575,""lat"":44.4292333,""lon"":26.0961404,""timestamp"":""2024-10-22T20:38:35Z"",""version"":6,""changeset"":158228557,""user"":""FisHFisHGG"",""uid"":22093707,""tags"":{""addr:city"":""București"",""addr:housenumber"":""5"",""addr:street"":""Splaiul Independenței"",""amenity"":""cafe"",""name"":""TED'S Cofee."",""source:addr:street"":""survey""}}",2026-05-30 08:46:18.442513+00:00
osm,osm:node/3578133327,Starbucks,RO,București,cafe,44.4293001,26.1018607,,,,,"{""addr:city"":""București"",""addr:country"":""RO"",""addr:housenumber"":""62-64"",""addr:postcode"":""030167"",""addr:street"":""Strada Franceză"",""amenity"":""cafe"",""brand"":""Starbucks"",""brand:wikidata"":""Q37158"",""brand:wikipedia"":""en:Starbucks"",""cuisine"":""coffee_shop"",""name"":""Starbucks"",""official_name"":""Starbucks Coffee"",""opening_hours"":""Mo-Su 08:00-21:00"",""outdoor_seating"":""yes"",""phone"":""+40 754 051 752"",""takeaway"":""yes"",""toilets:wheelchair"":""no"",""website"":""https://www.starbucks.ro/"",""wheelchair"":""limited"",""formatted_address"":""Strada Franceză 62-64, 030167, București"",""primary_type"":""amenity=cafe"",""osm_meta"":{""version"":8,""timestamp"":""2024-11-23T09:31:12Z"",""changeset"":159490293,""uid"":290680,""user"":""wheelmap_visitor""}}","{""type"":""node"",""id"":3578133327,""lat"":44.4293001,""lon"":26.1018607,""timestamp"":""2024-11-23T09:31:12Z"",""version"":8,""changeset"":159490293,""user"":""wheelmap_visitor"",""uid"":290680,""tags"":{""addr:city"":""București"",""addr:country"":""RO"",""addr:housenumber"":""62-64"",""addr:postcode"":""030167"",""addr:street"":""Strada Franceză"",""amenity"":""cafe"",""brand"":""Starbucks"",""brand:wikidata"":""Q37158"",""brand:wikipedia"":""en:Starbucks"",""cuisine"":""coffee_shop"",""name"":""Starbucks"",""official_name"":""Starbucks Coffee"",""opening_hours"":""Mo-Su 08:00-21:00"",""outdoor_seating"":""yes"",""phone"":""+40 754 051 752"",""takeaway"":""yes"",""toilets:wheelchair"":""no"",""website"":""https://www.starbucks.ro/"",""wheelchair"":""limited""}}",2026-05-30 08:46:18.442513+00:00
osm,osm:node/4659051792,The Urbanist,Romania,București,cafe,44.429519,26.1017986,,,,,"{""addr:city"":""București"",""addr:postcode"":""030167"",""addr:street"":""Strada Căldărari"",""amenity"":""cafe"",""check_date"":""2023-07-16"",""name"":""The Urbanist"",""opening_hours"":""Mo-Sa 08:00-01:00; Su 08:00-00:00"",""website"":""http://www.theurbanist.ro"",""formatted_address"":""Strada Căldărari, 030167, București"",""primary_type"":""amenity=cafe"",""osm_meta"":{""version"":5,""timestamp"":""2023-07-28T17:31:17Z"",""changeset"":139145690,""uid"":17533728,""user"":""Fchvvhvgc""}}","{""type"":""node"",""id"":4659051792,""lat"":44.429519,""lon"":26.1017986,""timestamp"":""2023-07-28T17:31:17Z"",""version"":5,""changeset"":139145690,""user"":""Fchvvhvgc"",""uid"":17533728,""tags"":{""addr:city"":""București"",""addr:postcode"":""030167"",""addr:street"":""Strada Căldărari"",""amenity"":""cafe"",""check_date"":""2023-07-16"",""name"":""The Urbanist"",""opening_hours"":""Mo-Sa 08:00-01:00; Su 08:00-00:00"",""website"":""http://www.theurbanist.ro""}}",2026-05-30 08:46:18.442513+00:00
osm,osm:node/6508725285,Mad Goat,Romania,București,cafe,44.4298007,26.0979098,,,,,"{""addr:city"":""București"",""addr:housenumber"":""2K"",""addr:street"":""Splaiul Independenței"",""amenity"":""cafe"",""name"":""Mad Goat"",""name:en"":""Mad Goat"",""opening_hours"":""Mo-Fr 08:00-17:00; Sa-Su 09:00-17:00"",""source:addr:street"":""survey"",""formatted_address"":""Splaiul Independenței 2K, București"",""primary_type"":""amenity=cafe"",""osm_meta"":{""version"":4,""timestamp"":""2023-06-06T21:56:40Z"",""changeset"":137032953,""uid"":11303102,""user"":""watmildon""}}","{""type"":""node"",""id"":6508725285,""lat"":44.4298007,""lon"":26.0979098,""timestamp"":""2023-06-06T21:56:40Z"",""version"":4,""changeset"":137032953,""user"":""watmildon"",""uid"":11303102,""tags"":{""addr:city"":""București"",""addr:housenumber"":""2K"",""addr:street"":""Splaiul Independenței"",""amenity"":""cafe"",""name"":""Mad Goat"",""name:en"":""Mad Goat"",""opening_hours"":""Mo-Fr 08:00-17:00; Sa-Su 09:00-17:00"",""source:addr:street"":""survey""}}",2026-05-30 08:46:18.442513+00:00
osm,osm:node/7179035086,Emozia,Romania,București,cafe,44.4293668,26.1029265,,,,,"{""addr:city"":""București"",""addr:housenumber"":""17"",""addr:postcode"":""030106"",""addr:street"":""Strada Halelor"",""amenity"":""cafe"",""check_date"":""2022-09-04"",""name"":""Emozia"",""name:en"":""Emozia"",""source:addr:street"":""survey"",""wheelchair"":""yes"",""formatted_address"":""Strada Halelor 17, 030106, București"",""primary_type"":""amenity=cafe"",""osm_meta"":{""version"":9,""timestamp"":""2024-11-23T09:42:57Z"",""changeset"":159490712,""uid"":290680,""user"":""wheelmap_visitor""}}","{""type"":""node"",""id"":7179035086,""lat"":44.4293668,""lon"":26.1029265,""timestamp"":""2024-11-23T09:42:57Z"",""version"":9,""changeset"":159490712,""user"":""wheelmap_visitor"",""uid"":290680,""tags"":{""addr:city"":""București"",""addr:housenumber"":""17"",""addr:postcode"":""030106"",""addr:street"":""Strada Halelor"",""amenity"":""cafe"",""check_date"":""2022-09-04"",""name"":""Emozia"",""name:en"":""Emozia"",""source:addr:street"":""survey"",""wheelchair"":""yes""}}",2026-05-30 08:46:18.442513+00:00
osm,osm:node/12269022954,5 to go,RO,București,cafe,44.4292402,26.1024664,,,,,"{""addr:city"":""București"",""addr:country"":""RO"",""addr:housenumber"":""62-64"",""addr:postcode"":""030106"",""addr:street"":""Strada Franceză"",""amenity"":""cafe"",""brand"":""5 to go"",""brand:wikidata"":""Q115684369"",""cuisine"":""coffee_shop"",""name"":""5 to go"",""phone"":""+40 722 607 363"",""source:addr:street"":""survey"",""takeaway"":""yes"",""website"":""https://fivetogo.ro/"",""wheelchair"":""no"",""formatted_address"":""Strada Franceză 62-64, 030106, București"",""primary_type"":""amenity=cafe"",""osm_meta"":{""version"":2,""timestamp"":""2024-11-23T09:41:30Z"",""changeset"":159490679,""uid"":290680,""user"":""wheelmap_visitor""}}","{""type"":""node"",""id"":12269022954,""lat"":44.4292402,""lon"":26.1024664,""timestamp"":""2024-11-23T09:41:30Z"",""version"":2,""changeset"":159490679,""user"":""wheelmap_visitor"",""uid"":290680,""tags"":{""addr:city"":""București"",""addr:country"":""RO"",""addr:housenumber"":""62-64"",""addr:postcode"":""030106"",""addr:street"":""Strada Franceză"",""amenity"":""cafe"",""brand"":""5 to go"",""brand:wikidata"":""Q115684369"",""cuisine"":""coffee_shop"",""name"":""5 to go"",""phone"":""+40 722 607 363"",""source:addr:street"":""survey"",""takeaway"":""yes"",""website"":""https://fivetogo.ro/"",""wheelchair"":""no""}}",2026-05-30 08:46:18.442513+00:00
osm,osm:node/12269022955,Kiss Tea Bubble Tea,RO,București,cafe,44.4292489,26.1023542,,,,,"{""addr:city"":""București"",""addr:country"":""RO"",""addr:housenumber"":""13"",""addr:postcode"":""030106"",""addr:street"":""Strada Franceză"",""amenity"":""cafe"",""cuisine"":""bubble_tea"",""name"":""Kiss Tea Bubble Tea"",""opening_hours"":""Mo-Th 12:30-01:00; Fr-Su 12:30-23:00"",""phone"":""+40 722 665 099"",""source:addr:street"":""survey"",""wheelchair"":""limited"",""formatted_address"":""Strada Franceză 13, 030106, București"",""primary_type"":""amenity=cafe"",""osm_meta"":{""version"":2,""timestamp"":""2024-11-23T09:41:18Z"",""changeset"":159490672,""uid"":290680,""user"":""wheelmap_visitor""}}","{""type"":""node"",""id"":12269022955,""lat"":44.4292489,""lon"":26.1023542,""timestamp"":""2024-11-23T09:41:18Z"",""version"":2,""changeset"":159490672,""user"":""wheelmap_visitor"",""uid"":290680,""tags"":{""addr:city"":""București"",""addr:country"":""RO"",""addr:housenumber"":""13"",""addr:postcode"":""030106"",""addr:street"":""Strada Franceză"",""amenity"":""cafe"",""cuisine"":""bubble_tea"",""name"":""Kiss Tea Bubble Tea"",""opening_hours"":""Mo-Th 12:30-01:00; Fr-Su 12:30-23:00"",""phone"":""+40 722 665 099"",""source:addr:street"":""survey"",""wheelchair"":""limited""}}",2026-05-30 08:46:18.442513+00:00
osm,osm:node/9411250343,The Harp Bakery,Romania,București,cafe,44.4255665,26.103423,,,,,"{""addr:city"":""București"",""addr:housenumber"":""2"",""addr:street"":""Bulevardul Dimitrie Cantemir"",""amenity"":""cafe"",""check_date"":""2022-09-04"",""contact:facebook"":""https://www.facebook.com/TheHarpBucharest/"",""contact:instagram"":""https://www.instagram.com/theharpbucharest/"",""cuisine"":""pub"",""email"":""office@theharp.ro"",""name"":""The Harp Bakery"",""opening_hours"":""Mo-Su 08:00-22:00"",""outdoor_seating"":""yes"",""source:addr:street"":""survey"",""theme"":""irish"",""website"":""https://theharp.ro/"",""wheelchair"":""limited"",""formatted_address"":""Bulevardul Dimitrie Cantemir 2, București"",""primary_type"":""amenity=cafe"",""osm_meta"":{""version"":5,""timestamp"":""2023-06-06T21:56:50Z"",""changeset"":137032961,""uid"":11303102,""user"":""watmildon""}}","{""type"":""node"",""id"":9411250343,""lat"":44.4255665,""lon"":26.103423,""timestamp"":""2023-06-06T21:56:50Z"",""version"":5,""changeset"":137032961,""user"":""watmildon"",""uid"":11303102,""tags"":{""addr:city"":""București"",""addr:housenumber"":""2"",""addr:street"":""Bulevardul Dimitrie Cantemir"",""amenity"":""cafe"",""check_date"":""2022-09-04"",""contact:facebook"":""https://www.facebook.com/TheHarpBucharest/"",""contact:instagram"":""https://www.instagram.com/theharpbucharest/"",""cuisine"":""pub"",""email"":""office@theharp.ro"",""name"":""The Harp Bakery"",""opening_hours"":""Mo-Su 08:00-22:00"",""outdoor_seating"":""yes"",""source:addr:street"":""survey"",""theme"":""irish"",""website"":""https://theharp.ro/"",""wheelchair"":""limited""}}",2026-05-30 08:46:18.442513+00:00
osm,osm:node/12269022953,C.T W. Bubble ea,RO,București,cafe,44.42773,26.1043345,,,,,"{""addr:city"":""București"",""addr:country"":""RO"",""addr:floor"":""0"",""addr:housenumber"":""1"",""addr:postcode"":""030119"",""addr:street"":""Piața Unirii"",""amenity"":""cafe"",""check_date"":""2024-10-19"",""cuisine"":""bubble_tea"",""name"":""C.T W. Bubble ea"",""opening_hours"":""Mo-Su 10:00-22:00"",""outdoor_seating"":""no"",""wheelchair"":""limited"",""formatted_address"":""Piața Unirii 1, 030119, București"",""primary_type"":""amenity=cafe"",""osm_meta"":{""version"":1,""timestamp"":""2024-10-19T12:54:38Z"",""changeset"":158089512,""uid"":9484321,""user"":""Dan 9""}}","{""type"":""node"",""id"":12269022953,""lat"":44.42773,""lon"":26.1043345,""timestamp"":""2024-10-19T12:54:38Z"",""version"":1,""changeset"":158089512,""user"":""Dan 9"",""uid"":9484321,""tags"":{""addr:city"":""București"",""addr:country"":""RO"",""addr:floor"":""0"",""addr:housenumber"":""1"",""addr:postcode"":""030119"",""addr:street"":""Piața Unirii"",""amenity"":""cafe"",""check_date"":""2024-10-19"",""cuisine"":""bubble_tea"",""name"":""C.T W. Bubble ea"",""opening_hours"":""Mo-Su 10:00-22:00"",""outdoor_seating"":""no"",""wheelchair"":""limited""}}",2026-05-30 08:46:18.442513+00:00
osm,osm:node/734559061,Bernschutz and Co,Romania,București,cafe,44.4345748,26.1019805,,,,,"{""addr:city"":""București"",""addr:housenumber"":""6"",""addr:postcode"":""030041"",""addr:street"":""Strada Ion Nistor"",""amenity"":""cafe"",""name"":""Bernschutz and Co"",""opening_hours"":""Tu-Su 11:00-21:00"",""outdoor_seating"":""yes"",""phone"":""+40 21 310 4788"",""source"":""poi.grep.ro"",""source:addr:street"":""survey"",""website"":""https://www.bernschutz.com/"",""formatted_address"":""Strada Ion Nistor 6, 030041, București"",""primary_type"":""amenity=cafe"",""osm_meta"":{""version"":12,""timestamp"":""2026-02-07T16:56:22Z"",""changeset"":178236558,""uid"":22582172,""user"":""one_electro_dan""}}","{""type"":""node"",""id"":734559061,""lat"":44.4345748,""lon"":26.1019805,""timestamp"":""2026-02-07T16:56:22Z"",""version"":12,""changeset"":178236558,""user"":""one_electro_dan"",""uid"":22582172,""tags"":{""addr:city"":""București"",""addr:housenumber"":""6"",""addr:postcode"":""030041"",""addr:street"":""Strada Ion Nistor"",""amenity"":""cafe"",""name"":""Bernschutz and Co"",""opening_hours"":""Tu-Su 11:00-21:00"",""outdoor_seating"":""yes"",""phone"":""+40 21 310 4788"",""source"":""poi.grep.ro"",""source:addr:street"":""survey"",""website"":""https://www.bernschutz.com/""}}",2026-05-30 08:46:18.442513+00:00
osm,osm:node/1487149124,Ganesha Caffe,Romania,București,cafe,44.4333575,26.0980458,,,,,"{""addr:city"":""București"",""addr:housenumber"":""20"",""addr:postcode"":""030027"",""addr:street"":""Calea Victoriei"",""alt_name"":""Ganesha Caffe Victoriei"",""amenity"":""cafe"",""check_date"":""2023-09-14"",""cuisine"":""shisha"",""indoor_seating"":""yes"",""level"":""0"",""name"":""Ganesha Caffe"",""opening_hours"":""Su-Th 13:00-02:00; Fr-Sa 13:00-04:00"",""outdoor_seating"":""yes"",""phone"":""+40 748 336 677"",""source:addr:street"":""survey"",""website"":""https://ganeshacaffevictoriei.ro/"",""wheelchair"":""yes"",""formatted_address"":""Calea Victoriei 20, 030027, București"",""primary_type"":""amenity=cafe"",""osm_meta"":{""version"":14,""timestamp"":""2024-11-23T10:08:10Z"",""changeset"":159491757,""uid"":290680,""user"":""wheelmap_visitor""}}","{""type"":""node"",""id"":1487149124,""lat"":44.4333575,""lon"":26.0980458,""timestamp"":""2024-11-23T10:08:10Z"",""version"":14,""changeset"":159491757,""user"":""wheelmap_visitor"",""uid"":290680,""tags"":{""addr:city"":""București"",""addr:housenumber"":""20"",""addr:postcode"":""030027"",""addr:street"":""Calea Victoriei"",""alt_name"":""Ganesha Caffe Victoriei"",""amenity"":""cafe"",""check_date"":""2023-09-14"",""cuisine"":""shisha"",""indoor_seating"":""yes"",""level"":""0"",""name"":""Ganesha Caffe"",""opening_hours"":""Su-Th 13:00-02:00; Fr-Sa 13:00-04:00"",""outdoor_seating"":""yes"",""phone"":""+40 748 336 677"",""source:addr:street"":""survey"",""website"":""https://ganeshacaffevictoriei.ro/"",""wheelchair"":""yes""}}",2026-05-30 08:46:18.442513+00:00
osm,osm:node/1487149127,Bemolle Cafe,Romania,București,cafe,44.4331273,26.0985322,,,,,"{""addr:city"":""București"",""addr:postcode"":""030027"",""addr:street"":""Pasajul Vilacrosse"",""amenity"":""cafe"",""check_date"":""2023-03-31"",""cuisine"":""shisha"",""name"":""Bemolle Cafe"",""opening_hours"":""Mo-Su 09:00-02:00"",""outdoor_seating"":""yes"",""phone"":""+40 21 311 83 82"",""source"":""poi.grep.ro"",""website"":""https://www.bemollecafe.ro/"",""formatted_address"":""Pasajul Vilacrosse, 030027, București"",""primary_type"":""amenity=cafe"",""osm_meta"":{""version"":10,""timestamp"":""2023-11-02T16:33:02Z"",""changeset"":143540536,""uid"":9451067,""user"":""b-jazz-bot""}}","{""type"":""node"",""id"":1487149127,""lat"":44.4331273,""lon"":26.0985322,""timestamp"":""2023-11-02T16:33:02Z"",""version"":10,""changeset"":143540536,""user"":""b-jazz-bot"",""uid"":9451067,""tags"":{""addr:city"":""București"",""addr:postcode"":""030027"",""addr:street"":""Pasajul Vilacrosse"",""amenity"":""cafe"",""check_date"":""2023-03-31"",""cuisine"":""shisha"",""name"":""Bemolle Cafe"",""opening_hours"":""Mo-Su 09:00-02:00"",""outdoor_seating"":""yes"",""phone"":""+40 21 311 83 82"",""source"":""poi.grep.ro"",""website"":""https://www.bemollecafe.ro/""}}",2026-05-30 08:46:18.442513+00:00
osm,osm:node/1487149129,Valea Regilor,Romania,București,cafe,44.4333322,26.0985443,,,,,"{""addr:city"":""București"",""addr:housenumber"":""20"",""addr:postcode"":""030027"",""addr:street"":""Calea Victoriei"",""amenity"":""cafe"",""cuisine"":""shisha"",""name"":""Valea Regilor"",""opening_hours"":""Mo-Su 09:00-02:00"",""outdoor_seating"":""yes"",""phone"":""+40 730 229 227"",""source"":""poi.grep.ro"",""wheelchair"":""limited"",""formatted_address"":""Calea Victoriei 20, 030027, București"",""primary_type"":""amenity=cafe"",""osm_meta"":{""version"":11,""timestamp"":""2024-11-23T10:08:56Z"",""changeset"":159491777,""uid"":290680,""user"":""wheelmap_visitor""}}","{""type"":""node"",""id"":1487149129,""lat"":44.4333322,""lon"":26.0985443,""timestamp"":""2024-11-23T10:08:56Z"",""version"":11,""changeset"":159491777,""user"":""wheelmap_visitor"",""uid"":290680,""tags"":{""addr:city"":""București"",""addr:housenumber"":""20"",""addr:postcode"":""030027"",""addr:street"":""Calea Victoriei"",""amenity"":""cafe"",""cuisine"":""shisha"",""name"":""Valea Regilor"",""opening_hours"":""Mo-Su 09:00-02:00"",""outdoor_seating"":""yes"",""phone"":""+40 730 229 227"",""source"":""poi.grep.ro"",""wheelchair"":""limited""}}",2026-05-30 08:46:18.442513+00:00
osm,osm:node/1510015597,Victoria,Romania,București,cafe,44.4330304,26.0971975,,,,,"{""addr:city"":""București"",""amenity"":""cafe"",""check_date"":""2022-09-04"",""cuisine"":""coffee_shop"",""name"":""Victoria"",""formatted_address"":""București"",""primary_type"":""amenity=cafe"",""osm_meta"":{""version"":5,""timestamp"":""2025-10-11T18:17:16Z"",""changeset"":173149896,""uid"":128281,""user"":""rarad74""}}","{""type"":""node"",""id"":1510015597,""lat"":44.4330304,""lon"":26.0971975,""timestamp"":""2025-10-11T18:17:16Z"",""version"":5,""changeset"":173149896,""user"":""rarad74"",""uid"":128281,""tags"":{""addr:city"":""București"",""amenity"":""cafe"",""check_date"":""2022-09-04"",""cuisine"":""coffee_shop"",""name"":""Victoria""}}",2026-05-30 08:46:18.442513+00:00
osm,osm:node/2355295304,Social Kitchen Hygge,Romania,București,cafe,44.4336097,26.0977317,,,,,"{""addr:city"":""București"",""addr:housenumber"":""21"",""addr:postcode"":""030023"",""addr:street"":""Calea Victoriei"",""amenity"":""cafe"",""name"":""Social Kitchen Hygge"",""opening_hours"":""Mo-Su 10:00-23:00"",""source:addr:street"":""survey"",""formatted_address"":""Calea Victoriei 21, 030023, București"",""primary_type"":""amenity=cafe"",""osm_meta"":{""version"":9,""timestamp"":""2025-10-10T09:26:07Z"",""changeset"":173084391,""uid"":160894,""user"":""jodd""}}","{""type"":""node"",""id"":2355295304,""lat"":44.4336097,""lon"":26.0977317,""timestamp"":""2025-10-10T09:26:07Z"",""version"":9,""changeset"":173084391,""user"":""jodd"",""uid"":160894,""tags"":{""addr:city"":""București"",""addr:housenumber"":""21"",""addr:postcode"":""030023"",""addr:street"":""Calea Victoriei"",""amenity"":""cafe"",""name"":""Social Kitchen Hygge"",""opening_hours"":""Mo-Su 10:00-23:00"",""source:addr:street"":""survey""}}",2026-05-30 08:46:18.442513+00:00
osm,osm:node/2486324751,Boss Lounge,Romania,București,cafe,44.4331718,26.0981,,,,,"{""addr:city"":""București"",""addr:housenumber"":""18"",""addr:postcode"":""030027"",""addr:street"":""Calea Victoriei"",""amenity"":""cafe"",""cuisine"":""shisha"",""name"":""Boss Lounge"",""opening_hours"":""Mo-Su 13:00-02:00"",""outdoor_seating"":""yes"",""phone"":""+40 761 786 360"",""source"":""poi.grep.ro"",""website:menu"":""https://www.reach-menu.com/boss-lounge"",""formatted_address"":""Calea Victoriei 18, 030027, București"",""primary_type"":""amenity=cafe"",""osm_meta"":{""version"":7,""timestamp"":""2023-03-31T15:35:07Z"",""changeset"":134350877,""uid"":9484321,""user"":""Dan 9""}}","{""type"":""node"",""id"":2486324751,""lat"":44.4331718,""lon"":26.0981,""timestamp"":""2023-03-31T15:35:07Z"",""version"":7,""changeset"":134350877,""user"":""Dan 9"",""uid"":9484321,""tags"":{""addr:city"":""București"",""addr:housenumber"":""18"",""addr:postcode"":""030027"",""addr:street"":""Calea Victoriei"",""amenity"":""cafe"",""cuisine"":""shisha"",""name"":""Boss Lounge"",""opening_hours"":""Mo-Su 13:00-02:00"",""outdoor_seating"":""yes"",""phone"":""+40 761 786 360"",""source"":""poi.grep.ro"",""website:menu"":""https://www.reach-menu.com/boss-lounge""}}",2026-05-30 08:46:18.442513+00:00
osm,osm:node/4729786400,Vol Cafe,Romania,București,cafe,44.4330673,26.0980941,,,,,"{""addr:city"":""București"",""addr:postcode"":""030027"",""addr:street"":""Pasajul Vilacrosse"",""amenity"":""cafe"",""cuisine"":""shisha"",""internet_access"":""wlan"",""internet_access:fee"":""no"",""internet_access:ssid"":""VOLCAFE"",""name"":""Vol Cafe"",""outdoor_seating"":""yes"",""smoking"":""outside"",""formatted_address"":""Pasajul Vilacrosse, 030027, București"",""primary_type"":""amenity=cafe"",""osm_meta"":{""version"":3,""timestamp"":""2020-06-11T17:31:44Z"",""changeset"":86528988,""uid"":9484321,""user"":""Dan 9""}}","{""type"":""node"",""id"":4729786400,""lat"":44.4330673,""lon"":26.0980941,""timestamp"":""2020-06-11T17:31:44Z"",""version"":3,""changeset"":86528988,""user"":""Dan 9"",""uid"":9484321,""tags"":{""addr:city"":""București"",""addr:postcode"":""030027"",""addr:street"":""Pasajul Vilacrosse"",""amenity"":""cafe"",""cuisine"":""shisha"",""internet_access"":""wlan"",""internet_access:fee"":""no"",""internet_access:ssid"":""VOLCAFE"",""name"":""Vol Cafe"",""outdoor_seating"":""yes"",""smoking"":""outside""}}",2026-05-30 08:46:18.442513+00:00
osm,osm:node/6164270290,Dreamz,Romania,București,cafe,44.4301921,26.0998556,,,,,"{""addr:city"":""București"",""addr:housenumber"":""13"",""addr:postcode"":""030102"",""addr:street"":""Strada Franceză"",""amenity"":""cafe"",""name"":""Dreamz"",""opening_hours"":""Mo-Su 12:00-24:00"",""outdoor_seating"":""yes"",""phone"":""+40 737 295 981"",""source"":""survey"",""source:addr:street"":""survey"",""website"":""https://www.dreamzcoffeeandcocktails.com/"",""formatted_address"":""Strada Franceză 13, 030102, București"",""primary_type"":""amenity=cafe"",""osm_meta"":{""version"":6,""timestamp"":""2023-06-06T21:56:40Z"",""changeset"":137032953,""uid"":11303102,""user"":""watmildon""}}","{""type"":""node"",""id"":6164270290,""lat"":44.4301921,""lon"":26.0998556,""timestamp"":""2023-06-06T21:56:40Z"",""version"":6,""changeset"":137032953,""user"":""watmildon"",""uid"":11303102,""tags"":{""addr:city"":""București"",""addr:housenumber"":""13"",""addr:postcode"":""030102"",""addr:street"":""Strada Franceză"",""amenity"":""cafe"",""name"":""Dreamz"",""opening_hours"":""Mo-Su 12:00-24:00"",""outdoor_seating"":""yes"",""phone"":""+40 737 295 981"",""source"":""survey"",""source:addr:street"":""survey"",""website"":""https://www.dreamzcoffeeandcocktails.com/""}}",2026-05-30 08:46:18.442513+00:00
osm,osm:node/6212335785,The Coffee Shop,Romania,București,cafe,44.4339566,26.0997832,,,,,"{""addr:city"":""București"",""addr:housenumber"":""2"",""addr:postcode"":""030012"",""addr:street"":""Strada Academiei"",""amenity"":""cafe"",""check_date"":""2023-03-31"",""cuisine"":""coffee_shop"",""name"":""The Coffee Shop"",""opening_hours"":""Mo-Fr 07:00-19:00; Sa 08:00-18:00; Su 08:00-16:00"",""outdoor_seating"":""no"",""phone"":""+40 741 240 516"",""source:addr:street"":""survey"",""website"":""https://www.ecoffeeshop.ro/"",""wheelchair"":""no"",""formatted_address"":""Strada Academiei 2, 030012, București"",""primary_type"":""amenity=cafe"",""osm_meta"":{""version"":8,""timestamp"":""2024-12-04T08:06:06Z"",""changeset"":159907991,""uid"":290680,""user"":""wheelmap_visitor""}}","{""type"":""node"",""id"":6212335785,""lat"":44.4339566,""lon"":26.0997832,""timestamp"":""2024-12-04T08:06:06Z"",""version"":8,""changeset"":159907991,""user"":""wheelmap_visitor"",""uid"":290680,""tags"":{""addr:city"":""București"",""addr:housenumber"":""2"",""addr:postcode"":""030012"",""addr:street"":""Strada Academiei"",""amenity"":""cafe"",""check_date"":""2023-03-31"",""cuisine"":""coffee_shop"",""name"":""The Coffee Shop"",""opening_hours"":""Mo-Fr 07:00-19:00; Sa 08:00-18:00; Su 08:00-16:00"",""outdoor_seating"":""no"",""phone"":""+40 741 240 516"",""source:addr:street"":""survey"",""website"":""https://www.ecoffeeshop.ro/"",""wheelchair"":""no""}}",2026-05-30 08:46:18.442513+00:00
osm,osm:node/6324709232,Gregory's,Romania,București,cafe,44.4320802,26.0999765,,,,,"{""addr:city"":""București"",""addr:housenumber"":""27"",""addr:postcode"":""030032"",""addr:street"":""Strada Lipscani"",""amenity"":""cafe"",""check_date"":""2025-10-19"",""cuisine"":""sandwich"",""name"":""Gregory's"",""opening_hours"":""Mo-Su 09:00-22:00"",""outdoor_seating"":""yes"",""source:addr:street"":""survey"",""wheelchair"":""limited"",""formatted_address"":""Strada Lipscani 27, 030032, București"",""primary_type"":""amenity=cafe"",""osm_meta"":{""version"":9,""timestamp"":""2025-10-19T11:23:04Z"",""changeset"":173486385,""uid"":119281,""user"":""RudiXXL""}}","{""type"":""node"",""id"":6324709232,""lat"":44.4320802,""lon"":26.0999765,""timestamp"":""2025-10-19T11:23:04Z"",""version"":9,""changeset"":173486385,""user"":""RudiXXL"",""uid"":119281,""tags"":{""addr:city"":""București"",""addr:housenumber"":""27"",""addr:postcode"":""030032"",""addr:street"":""Strada Lipscani"",""amenity"":""cafe"",""check_date"":""2025-10-19"",""cuisine"":""sandwich"",""name"":""Gregory's"",""opening_hours"":""Mo-Su 09:00-22:00"",""outdoor_seating"":""yes"",""source:addr:street"":""survey"",""wheelchair"":""limited""}}",2026-05-30 08:46:18.442513+00:00
osm,osm:node/7167028685,La Vita e Velo,Romania,București,cafe,44.4336261,26.1009182,,,,,"{""addr:city"":""București"",""addr:housenumber"":""4"",""addr:postcode"":""030044"",""addr:street"":""Strada Ion Ghica"",""amenity"":""cafe"",""check_date"":""2023-03-31"",""name"":""La Vita e Velo"",""name:it"":""La Vita e Velo"",""opening_hours"":""Mo-Sa 10:00-20:00; Su 10:00-16:00"",""outdoor_seating"":""yes"",""phone"":""+40 757 114 444"",""source:addr:street"":""survey"",""website"":""https://lavitaevelo.ro/"",""formatted_address"":""Strada Ion Ghica 4, 030044, București"",""primary_type"":""amenity=cafe"",""osm_meta"":{""version"":9,""timestamp"":""2023-11-02T16:33:11Z"",""changeset"":143540536,""uid"":9451067,""user"":""b-jazz-bot""}}","{""type"":""node"",""id"":7167028685,""lat"":44.4336261,""lon"":26.1009182,""timestamp"":""2023-11-02T16:33:11Z"",""version"":9,""changeset"":143540536,""user"":""b-jazz-bot"",""uid"":9451067,""tags"":{""addr:city"":""București"",""addr:housenumber"":""4"",""addr:postcode"":""030044"",""addr:street"":""Strada Ion Ghica"",""amenity"":""cafe"",""check_date"":""2023-03-31"",""name"":""La Vita e Velo"",""name:it"":""La Vita e Velo"",""opening_hours"":""Mo-Sa 10:00-20:00; Su 10:00-16:00"",""outdoor_seating"":""yes"",""phone"":""+40 757 114 444"",""source:addr:street"":""survey"",""website"":""https://lavitaevelo.ro/""}}",2026-05-30 08:46:18.442513+00:00
osm,osm:node/8167866130,Starbucks,Romania,București,cafe,44.4349463,26.1018352,,,,,"{""addr:city"":""București"",""addr:housenumber"":""3"",""addr:postcode"":""030015"",""addr:street"":""Bulevardul Regina Elisabeta"",""amenity"":""cafe"",""brand"":""Starbucks"",""brand:wikidata"":""Q37158"",""brand:wikipedia"":""en:Starbucks"",""check_date"":""2024-11-13"",""cuisine"":""coffee_shop"",""name"":""Starbucks"",""official_name"":""Starbucks Coffee"",""opening_hours"":""Mo-Fr 08:00-21:00"",""outdoor_seating"":""yes"",""phone"":""+40758235870"",""takeaway"":""yes"",""website"":""https://www.starbucksromania.ro/"",""formatted_address"":""Bulevardul Regina Elisabeta 3, 030015, București"",""primary_type"":""amenity=cafe"",""osm_meta"":{""version"":4,""timestamp"":""2024-11-13T14:15:41Z"",""changeset"":159093369,""uid"":21102549,""user"":""gotanda""}}","{""type"":""node"",""id"":8167866130,""lat"":44.4349463,""lon"":26.1018352,""timestamp"":""2024-11-13T14:15:41Z"",""version"":4,""changeset"":159093369,""user"":""gotanda"",""uid"":21102549,""tags"":{""addr:city"":""București"",""addr:housenumber"":""3"",""addr:postcode"":""030015"",""addr:street"":""Bulevardul Regina Elisabeta"",""amenity"":""cafe"",""brand"":""Starbucks"",""brand:wikidata"":""Q37158"",""brand:wikipedia"":""en:Starbucks"",""check_date"":""2024-11-13"",""cuisine"":""coffee_shop"",""name"":""Starbucks"",""official_name"":""Starbucks Coffee"",""opening_hours"":""Mo-Fr 08:00-21:00"",""outdoor_seating"":""yes"",""phone"":""+40758235870"",""takeaway"":""yes"",""website"":""https://www.starbucksromania.ro/""}}",2026-05-30 08:46:18.442513+00:00
osm,osm:node/8660344253,Jos Palaria,Romania,București,cafe,44.4345627,26.1015004,,,,,"{""addr:city"":""București"",""addr:postcode"":""030015"",""addr:street"":""Strada Toma Caragiu"",""amenity"":""cafe"",""check_date"":""2022-09-04"",""name"":""Jos Palaria"",""opening_hours"":""Mo-Su 09:00-00:00"",""outdoor_seating"":""yes"",""phone"":""+40213113456"",""formatted_address"":""Strada Toma Caragiu, 030015, București"",""primary_type"":""amenity=cafe"",""osm_meta"":{""version"":4,""timestamp"":""2023-03-31T10:14:52Z"",""changeset"":134337898,""uid"":9484321,""user"":""Dan 9""}}","{""type"":""node"",""id"":8660344253,""lat"":44.4345627,""lon"":26.1015004,""timestamp"":""2023-03-31T10:14:52Z"",""version"":4,""changeset"":134337898,""user"":""Dan 9"",""uid"":9484321,""tags"":{""addr:city"":""București"",""addr:postcode"":""030015"",""addr:street"":""Strada Toma Caragiu"",""amenity"":""cafe"",""check_date"":""2022-09-04"",""name"":""Jos Palaria"",""opening_hours"":""Mo-Su 09:00-00:00"",""outdoor_seating"":""yes"",""phone"":""+40213113456""}}",2026-05-30 08:46:18.442513+00:00
osm,osm:node/9192608742,5 to go,Romania,București,cafe,44.4346972,26.1001808,,,,,"{""addr:city"":""București"",""addr:housenumber"":""9"",""addr:postcode"":""030016"",""addr:postcode:source"":""Date de la Poșta Română, publicate sub Licența pentru Guvernare Deschisă v1.0 la http://date.gov.ro/organization/posta-romana"",""addr:street"":""Bulevardul Regina Elisabeta"",""amenity"":""cafe"",""brand"":""5 to go"",""brand:wikidata"":""Q115684369"",""cuisine"":""coffee_shop"",""name"":""5 to go"",""opening_hours"":""Mo-Fr 08:00-20:00; Sa-Su 09:00-21:00"",""outdoor_seating"":""yes"",""phone"":""+40788999979"",""takeaway"":""yes"",""website"":""https://fivetogo.ro/"",""formatted_address"":""Bulevardul Regina Elisabeta 9, 030016, București"",""primary_type"":""amenity=cafe"",""osm_meta"":{""version"":4,""timestamp"":""2023-03-31T16:11:16Z"",""changeset"":134352172,""uid"":9484321,""user"":""Dan 9""}}","{""type"":""node"",""id"":9192608742,""lat"":44.4346972,""lon"":26.1001808,""timestamp"":""2023-03-31T16:11:16Z"",""version"":4,""changeset"":134352172,""user"":""Dan 9"",""uid"":9484321,""tags"":{""addr:city"":""București"",""addr:housenumber"":""9"",""addr:postcode"":""030016"",""addr:postcode:source"":""Date de la Poșta Română, publicate sub Licența pentru Guvernare Deschisă v1.0 la http://date.gov.ro/organization/posta-romana"",""addr:street"":""Bulevardul Regina Elisabeta"",""amenity"":""cafe"",""brand"":""5 to go"",""brand:wikidata"":""Q115684369"",""cuisine"":""coffee_shop"",""name"":""5 to go"",""opening_hours"":""Mo-Fr 08:00-20:00; Sa-Su 09:00-21:00"",""outdoor_seating"":""yes"",""phone"":""+40788999979"",""takeaway"":""yes"",""website"":""https://fivetogo.ro/""}}",2026-05-30 08:46:18.442513+00:00
osm,osm:node/9192608744,Tucano Coffee,Romania,București,cafe,44.4346704,26.0999357,,,,,"{""addr:city"":""București"",""addr:housenumber"":""9"",""addr:postcode"":""030016"",""addr:postcode:source"":""Date de la Poșta Română, publicate sub Licența pentru Guvernare Deschisă v1.0 la http://date.gov.ro/organization/posta-romana"",""addr:street"":""Bulevardul Regina Elisabeta"",""amenity"":""cafe"",""name"":""Tucano Coffee"",""opening_hours"":""Mo-Su 09:00-21:00"",""phone"":""+40764597222"",""website"":""https://www.tucanocoffee.com/"",""formatted_address"":""Bulevardul Regina Elisabeta 9, 030016, București"",""primary_type"":""amenity=cafe"",""osm_meta"":{""version"":5,""timestamp"":""2023-11-02T16:33:15Z"",""changeset"":143540536,""uid"":9451067,""user"":""b-jazz-bot""}}","{""type"":""node"",""id"":9192608744,""lat"":44.4346704,""lon"":26.0999357,""timestamp"":""2023-11-02T16:33:15Z"",""version"":5,""changeset"":143540536,""user"":""b-jazz-bot"",""uid"":9451067,""tags"":{""addr:city"":""București"",""addr:housenumber"":""9"",""addr:postcode"":""030016"",""addr:postcode:source"":""Date de la Poșta Română, publicate sub Licența pentru Guvernare Deschisă v1.0 la http://date.gov.ro/organization/posta-romana"",""addr:street"":""Bulevardul Regina Elisabeta"",""amenity"":""cafe"",""name"":""Tucano Coffee"",""opening_hours"":""Mo-Su 09:00-21:00"",""phone"":""+40764597222"",""website"":""https://www.tucanocoffee.com/""}}",2026-05-30 08:46:18.442513+00:00
osm,osm:node/9243022909,Jule,Romania,București,cafe,44.4355632,26.098965,,,,,"{""addr:city"":""București"",""addr:housenumber"":""5"",""addr:postcode"":""010017"",""addr:postcode:source"":""Date de la Poșta Română, publicate sub Licența pentru Guvernare Deschisă v1.0 la http://date.gov.ro/organization/posta-romana"",""addr:street"":""Strada Edgar Quinet"",""amenity"":""cafe"",""name"":""Jule"",""opening_hours"":""Mo-Su 08:00-18:00"",""source"":""survey"",""formatted_address"":""Strada Edgar Quinet 5, 010017, București"",""primary_type"":""amenity=cafe"",""osm_meta"":{""version"":2,""timestamp"":""2025-07-16T09:57:10Z"",""changeset"":169004621,""uid"":1722488,""user"":""Mateusz Konieczny""}}","{""type"":""node"",""id"":9243022909,""lat"":44.4355632,""lon"":26.098965,""timestamp"":""2025-07-16T09:57:10Z"",""version"":2,""changeset"":169004621,""user"":""Mateusz Konieczny"",""uid"":1722488,""tags"":{""addr:city"":""București"",""addr:housenumber"":""5"",""addr:postcode"":""010017"",""addr:postcode:source"":""Date de la Poșta Română, publicate sub Licența pentru Guvernare Deschisă v1.0 la http://date.gov.ro/organization/posta-romana"",""addr:street"":""Strada Edgar Quinet"",""amenity"":""cafe"",""name"":""Jule"",""opening_hours"":""Mo-Su 08:00-18:00"",""source"":""survey""}}",2026-05-30 08:46:18.442513+00:00
osm,osm:node/9462191252,5 to go,Romania,București,cafe,44.4306551,26.0969624,,,,,"{""addr:city"":""București"",""amenity"":""cafe"",""brand"":""5 to go"",""brand:wikidata"":""Q115684369"",""cuisine"":""coffee_shop"",""name"":""5 to go"",""shop"":""coffee"",""takeaway"":""yes"",""wheelchair"":""yes"",""formatted_address"":""București"",""primary_type"":""amenity=cafe"",""osm_meta"":{""version"":4,""timestamp"":""2025-10-11T18:17:16Z"",""changeset"":173149896,""uid"":128281,""user"":""rarad74""}}","{""type"":""node"",""id"":9462191252,""lat"":44.4306551,""lon"":26.0969624,""timestamp"":""2025-10-11T18:17:16Z"",""version"":4,""changeset"":173149896,""user"":""rarad74"",""uid"":128281,""tags"":{""addr:city"":""București"",""amenity"":""cafe"",""brand"":""5 to go"",""brand:wikidata"":""Q115684369"",""cuisine"":""coffee_shop"",""name"":""5 to go"",""shop"":""coffee"",""takeaway"":""yes"",""wheelchair"":""yes""}}",2026-05-30 08:46:18.442513+00:00
osm,osm:node/9668008977,Ted's Coffee Co.,Romania,București,cafe,44.4350298,26.0989576,,,,,"{""addr:city"":""București"",""addr:housenumber"":""32-34"",""addr:postcode"":""010091"",""addr:street"":""Calea Victoriei"",""amenity"":""cafe"",""brand"":""Ted's Coffee Co."",""brand:wikidata"":""Q137035177"",""check_date"":""2024-11-27"",""contact:instagram"":""tedscoffeeco"",""cuisine"":""coffee_shop"",""email"":""hello@teds.ro"",""name"":""Ted's Coffee Co."",""opening_hours"":""Mo-Fr 08:00-21:00; Sa-Su 10:00-21:00"",""outdoor_seating"":""yes"",""phone"":""+40 726 234 290"",""takeaway"":""yes"",""website"":""https://tedscoffeecompany.com/locatie/teds-coffee-co-bucuresti-universitate/"",""wheelchair"":""yes"",""formatted_address"":""Calea Victoriei 32-34, 010091, București"",""primary_type"":""amenity=cafe"",""osm_meta"":{""version"":6,""timestamp"":""2026-01-05T16:44:19Z"",""changeset"":176870046,""uid"":69259,""user"":""DnaX""}}","{""type"":""node"",""id"":9668008977,""lat"":44.4350298,""lon"":26.0989576,""timestamp"":""2026-01-05T16:44:19Z"",""version"":6,""changeset"":176870046,""user"":""DnaX"",""uid"":69259,""tags"":{""addr:city"":""București"",""addr:housenumber"":""32-34"",""addr:postcode"":""010091"",""addr:street"":""Calea Victoriei"",""amenity"":""cafe"",""brand"":""Ted's Coffee Co."",""brand:wikidata"":""Q137035177"",""check_date"":""2024-11-27"",""contact:instagram"":""tedscoffeeco"",""cuisine"":""coffee_shop"",""email"":""hello@teds.ro"",""name"":""Ted's Coffee Co."",""opening_hours"":""Mo-Fr 08:00-21:00; Sa-Su 10:00-21:00"",""outdoor_seating"":""yes"",""phone"":""+40 726 234 290"",""takeaway"":""yes"",""website"":""https://tedscoffeecompany.com/locatie/teds-coffee-co-bucuresti-universitate/"",""wheelchair"":""yes""}}",2026-05-30 08:46:18.442513+00:00
osm,osm:node/10775253366,Chocoloco,Romania,București,cafe,44.4301659,26.099933,,,,,"{""addr:city"":""București"",""addr:housenumber"":""13"",""addr:postcode"":""030102"",""addr:street"":""Strada Franceză"",""alt_name"":""Chocoloco OLD TOWN"",""amenity"":""cafe"",""cuisine"":""chocolate"",""name"":""Chocoloco"",""opening_hours"":""Mo-Su 11:00-23:00"",""outdoor_seating"":""yes"",""phone"":""+40 799 550 000"",""source"":""survey"",""source:addr:street"":""survey"",""formatted_address"":""Strada Franceză 13, 030102, București"",""primary_type"":""amenity=cafe"",""osm_meta"":{""version"":3,""timestamp"":""2024-01-26T07:57:37Z"",""changeset"":146699368,""uid"":14888768,""user"":""Bolt036""}}","{""type"":""node"",""id"":10775253366,""lat"":44.4301659,""lon"":26.099933,""timestamp"":""2024-01-26T07:57:37Z"",""version"":3,""changeset"":146699368,""user"":""Bolt036"",""uid"":14888768,""tags"":{""addr:city"":""București"",""addr:housenumber"":""13"",""addr:postcode"":""030102"",""addr:street"":""Strada Franceză"",""alt_name"":""Chocoloco OLD TOWN"",""amenity"":""cafe"",""cuisine"":""chocolate"",""name"":""Chocoloco"",""opening_hours"":""Mo-Su 11:00-23:00"",""outdoor_seating"":""yes"",""phone"":""+40 799 550 000"",""source"":""survey"",""source:addr:street"":""survey""}}",2026-05-30 08:46:18.442513+00:00
osm,osm:node/10775253384,Eshte,Romania,București,cafe,44.4331882,26.1010492,,,,,"{""addr:city"":""București"",""addr:housenumber"":""15"",""addr:postcode"":""030052"",""addr:street"":""Strada Doamnei"",""amenity"":""cafe"",""name"":""Eshte"",""opening_hours"":""Mo-Fr 08:30-20:00; Sa-Su 10:00-20:00"",""phone"":""+40 765 784 705"",""source:addr:street"":""survey"",""website"":""https://www.eshte.ro/meniu/"",""formatted_address"":""Strada Doamnei 15, 030052, București"",""primary_type"":""amenity=cafe"",""osm_meta"":{""version"":2,""timestamp"":""2023-06-06T21:56:50Z"",""changeset"":137032961,""uid"":11303102,""user"":""watmildon""}}","{""type"":""node"",""id"":10775253384,""lat"":44.4331882,""lon"":26.1010492,""timestamp"":""2023-06-06T21:56:50Z"",""version"":2,""changeset"":137032961,""user"":""watmildon"",""uid"":11303102,""tags"":{""addr:city"":""București"",""addr:housenumber"":""15"",""addr:postcode"":""030052"",""addr:street"":""Strada Doamnei"",""amenity"":""cafe"",""name"":""Eshte"",""opening_hours"":""Mo-Fr 08:30-20:00; Sa-Su 10:00-20:00"",""phone"":""+40 765 784 705"",""source:addr:street"":""survey"",""website"":""https://www.eshte.ro/meniu/""}}",2026-05-30 08:46:18.442513+00:00
osm,osm:node/10775253388,Coffee & Travel,Romania,București,cafe,44.4317508,26.1013744,,,,,"{""addr:city"":""București"",""addr:housenumber"":""52"",""addr:postcode"":""030037"",""addr:postcode:source"":""Date de la Poșta Română, publicate sub Licența pentru Guvernare Deschisă v1.0 la http://date.gov.ro/organization/posta-romana"",""addr:street"":""Strada Lipscani"",""amenity"":""cafe"",""check_date"":""2023-03-31"",""name"":""Coffee & Travel"",""opening_hours"":""Mo-Su 09:00-19:00"",""outdoor_seating"":""yes"",""phone"":""+40 723 018 841"",""source:addr:street"":""survey"",""website"":""https://coffee-travel.com/"",""formatted_address"":""Strada Lipscani 52, 030037, București"",""primary_type"":""amenity=cafe"",""osm_meta"":{""version"":4,""timestamp"":""2025-12-08T14:12:34Z"",""changeset"":175669684,""uid"":22582172,""user"":""one_electro_dan""}}","{""type"":""node"",""id"":10775253388,""lat"":44.4317508,""lon"":26.1013744,""timestamp"":""2025-12-08T14:12:34Z"",""version"":4,""changeset"":175669684,""user"":""one_electro_dan"",""uid"":22582172,""tags"":{""addr:city"":""București"",""addr:housenumber"":""52"",""addr:postcode"":""030037"",""addr:postcode:source"":""Date de la Poșta Română, publicate sub Licența pentru Guvernare Deschisă v1.0 la http://date.gov.ro/organization/posta-romana"",""addr:street"":""Strada Lipscani"",""amenity"":""cafe"",""check_date"":""2023-03-31"",""name"":""Coffee & Travel"",""opening_hours"":""Mo-Su 09:00-19:00"",""outdoor_seating"":""yes"",""phone"":""+40 723 018 841"",""source:addr:street"":""survey"",""website"":""https://coffee-travel.com/""}}",2026-05-30 08:46:18.442513+00:00
osm,osm:node/10775260925,Starbucks,Romania,București,cafe,44.4318303,26.1027928,,,,,"{""addr:city"":""București"",""addr:housenumber"":""71"",""addr:postcode"":""030033"",""addr:postcode:source"":""Date de la Poșta Română, publicate sub Licența pentru Guvernare Deschisă v1.0 la http://date.gov.ro/organization/posta-romana"",""addr:street"":""Strada Lipscani"",""amenity"":""cafe"",""brand"":""Starbucks"",""brand:wikidata"":""Q37158"",""check_date"":""2023-03-31"",""cuisine"":""coffee_shop"",""name"":""Starbucks"",""official_name"":""Starbucks Coffee"",""opening_hours"":""Mo-Fr 08:00-21:00; Sa,Su 08:00-22:00"",""outdoor_seating"":""no"",""phone"":""+40 747 089 344"",""source:addr:street"":""survey"",""takeaway"":""yes"",""formatted_address"":""Strada Lipscani 71, 030033, București"",""primary_type"":""amenity=cafe"",""osm_meta"":{""version"":3,""timestamp"":""2024-08-31T14:18:30Z"",""changeset"":156017409,""uid"":21323943,""user"":""DJack04""}}","{""type"":""node"",""id"":10775260925,""lat"":44.4318303,""lon"":26.1027928,""timestamp"":""2024-08-31T14:18:30Z"",""version"":3,""changeset"":156017409,""user"":""DJack04"",""uid"":21323943,""tags"":{""addr:city"":""București"",""addr:housenumber"":""71"",""addr:postcode"":""030033"",""addr:postcode:source"":""Date de la Poșta Română, publicate sub Licența pentru Guvernare Deschisă v1.0 la http://date.gov.ro/organization/posta-romana"",""addr:street"":""Strada Lipscani"",""amenity"":""cafe"",""brand"":""Starbucks"",""brand:wikidata"":""Q37158"",""check_date"":""2023-03-31"",""cuisine"":""coffee_shop"",""name"":""Starbucks"",""official_name"":""Starbucks Coffee"",""opening_hours"":""Mo-Fr 08:00-21:00; Sa,Su 08:00-22:00"",""outdoor_seating"":""no"",""phone"":""+40 747 089 344"",""source:addr:street"":""survey"",""takeaway"":""yes""}}",2026-05-30 08:46:18.442513+00:00
osm,osm:node/11157791275,So! Coffee,Romania,București,cafe,44.43556,26.1026924,,,,,"{""addr:city"":""București"",""addr:street"":""Pasajul Nicolae Bălcescu"",""amenity"":""cafe"",""cuisine"":""coffee_shop"",""level"":""-1"",""name"":""So! Coffee"",""outdoor_seating"":""no"",""formatted_address"":""Pasajul Nicolae Bălcescu, București"",""primary_type"":""amenity=cafe"",""osm_meta"":{""version"":4,""timestamp"":""2025-10-11T18:19:54Z"",""changeset"":173149994,""uid"":128281,""user"":""rarad74""}}","{""type"":""node"",""id"":11157791275,""lat"":44.43556,""lon"":26.1026924,""timestamp"":""2025-10-11T18:19:54Z"",""version"":4,""changeset"":173149994,""user"":""rarad74"",""uid"":128281,""tags"":{""addr:city"":""București"",""addr:street"":""Pasajul Nicolae Bălcescu"",""amenity"":""cafe"",""cuisine"":""coffee_shop"",""level"":""-1"",""name"":""So! Coffee"",""outdoor_seating"":""no""}}",2026-05-30 08:46:18.442513+00:00
osm,osm:node/11617982012,5 to go,Romania,București,cafe,44.4341968,26.1026922,,,,,"{""addr:city"":""București"",""amenity"":""cafe"",""brand"":""5 to go"",""brand:wikidata"":""Q115684369"",""cuisine"":""coffee_shop"",""name"":""5 to go"",""takeaway"":""yes"",""formatted_address"":""București"",""primary_type"":""amenity=cafe"",""osm_meta"":{""version"":4,""timestamp"":""2025-10-11T18:17:16Z"",""changeset"":173149896,""uid"":128281,""user"":""rarad74""}}","{""type"":""node"",""id"":11617982012,""lat"":44.4341968,""lon"":26.1026922,""timestamp"":""2025-10-11T18:17:16Z"",""version"":4,""changeset"":173149896,""user"":""rarad74"",""uid"":128281,""tags"":{""addr:city"":""București"",""amenity"":""cafe"",""brand"":""5 to go"",""brand:wikidata"":""Q115684369"",""cuisine"":""coffee_shop"",""name"":""5 to go"",""takeaway"":""yes""}}",2026-05-30 08:46:18.442513+00:00
osm,osm:node/4119529289,Sfinx Espresso Bar,Romania,București,cafe,44.4338735,26.1046151,,,,,"{""addr:city"":""București"",""addr:housenumber"":""2"",""addr:postcode"":""030242"",""addr:postcode:source"":""Date de la Poșta Română, publicate sub Licența pentru Guvernare Deschisă v1.0 la http://date.gov.ro/organization/posta-romana"",""addr:street"":""Strada Slănic"",""amenity"":""cafe"",""internet_access"":""wlan"",""name"":""Sfinx Espresso Bar"",""outdoor_seating"":""yes"",""formatted_address"":""Strada Slănic 2, 030242, București"",""primary_type"":""amenity=cafe"",""osm_meta"":{""version"":6,""timestamp"":""2024-10-23T15:20:53Z"",""changeset"":158259269,""uid"":69259,""user"":""DnaX""}}","{""type"":""node"",""id"":4119529289,""lat"":44.4338735,""lon"":26.1046151,""timestamp"":""2024-10-23T15:20:53Z"",""version"":6,""changeset"":158259269,""user"":""DnaX"",""uid"":69259,""tags"":{""addr:city"":""București"",""addr:housenumber"":""2"",""addr:postcode"":""030242"",""addr:postcode:source"":""Date de la Poșta Română, publicate sub Licența pentru Guvernare Deschisă v1.0 la http://date.gov.ro/organization/posta-romana"",""addr:street"":""Strada Slănic"",""amenity"":""cafe"",""internet_access"":""wlan"",""name"":""Sfinx Espresso Bar"",""outdoor_seating"":""yes""}}",2026-05-30 08:46:18.442513+00:00
osm,osm:node/6468165485,Ivy,Romania,București,cafe,44.4363792,26.1057314,,,,,"{""addr:city"":""București"",""addr:housenumber"":""23"",""addr:postcode"":""030167"",""addr:street"":""Bulevardul Carol I"",""amenity"":""cafe"",""cuisine"":""coffee_shop;sandwich;wine"",""description"":""specialty coffee, healthy food, local wines"",""name"":""Ivy"",""opening_hours"":""Mo-Fr 08:00-19:00, Sa 09-19:00, Su 09-18:00"",""outdoor_seating"":""yes"",""phone"":""+40745 603 151, +40755 210 748"",""website"":""https://ivy-specialty-coffee.business.site/"",""wheelchair"":""limited"",""formatted_address"":""Bulevardul Carol I 23, 030167, București"",""primary_type"":""amenity=cafe"",""osm_meta"":{""version"":7,""timestamp"":""2023-07-13T22:19:08Z"",""changeset"":138482285,""uid"":15497294,""user"":""zenbassi""}}","{""type"":""node"",""id"":6468165485,""lat"":44.4363792,""lon"":26.1057314,""timestamp"":""2023-07-13T22:19:08Z"",""version"":7,""changeset"":138482285,""user"":""zenbassi"",""uid"":15497294,""tags"":{""addr:city"":""București"",""addr:housenumber"":""23"",""addr:postcode"":""030167"",""addr:street"":""Bulevardul Carol I"",""amenity"":""cafe"",""cuisine"":""coffee_shop;sandwich;wine"",""description"":""specialty coffee, healthy food, local wines"",""name"":""Ivy"",""opening_hours"":""Mo-Fr 08:00-19:00, Sa 09-19:00, Su 09-18:00"",""outdoor_seating"":""yes"",""phone"":""+40745 603 151, +40755 210 748"",""website"":""https://ivy-specialty-coffee.business.site/"",""wheelchair"":""limited""}}",2026-05-30 08:46:18.442513+00:00
osm,osm:node/6758629185,Ted's Coffe,Romania,Bucharest,cafe,44.4318468,26.1030264,,,,,"{""amenity"":""cafe"",""check_date"":""2022-09-04"",""name"":""Ted's Coffe"",""formatted_address"":"""",""primary_type"":""amenity=cafe"",""osm_meta"":{""version"":2,""timestamp"":""2022-09-04T10:17:18Z"",""changeset"":125766509,""uid"":11306447,""user"":""starsep""}}","{""type"":""node"",""id"":6758629185,""lat"":44.4318468,""lon"":26.1030264,""timestamp"":""2022-09-04T10:17:18Z"",""version"":2,""changeset"":125766509,""user"":""starsep"",""uid"":11306447,""tags"":{""amenity"":""cafe"",""check_date"":""2022-09-04"",""name"":""Ted's Coffe""}}",2026-05-30 08:46:18.442513+00:00
osm,osm:node/7175216885,T-zero,Romania,Bucharest,cafe,44.4366894,26.1066732,,,,,"{""amenity"":""cafe"",""name"":""T-zero"",""name:en"":""T-Zero Speciality Coffee"",""formatted_address"":"""",""primary_type"":""amenity=cafe"",""osm_meta"":{""version"":3,""timestamp"":""2022-01-13T19:18:50Z"",""changeset"":116120075,""uid"":9484321,""user"":""Dan 9""}}","{""type"":""node"",""id"":7175216885,""lat"":44.4366894,""lon"":26.1066732,""timestamp"":""2022-01-13T19:18:50Z"",""version"":3,""changeset"":116120075,""user"":""Dan 9"",""uid"":9484321,""tags"":{""amenity"":""cafe"",""name"":""T-zero"",""name:en"":""T-Zero Speciality Coffee""}}",2026-05-30 08:46:18.442513+00:00
osm,osm:node/7175231885,First Coffee,Romania,Bucharest,cafe,44.4330216,26.1038526,,,,,"{""amenity"":""cafe"",""name"":""First Coffee"",""name:en"":""First Coffee"",""opening_hours"":""Mo-Su 09:00-16:00"",""wheelchair"":""limited"",""formatted_address"":"""",""primary_type"":""amenity=cafe"",""osm_meta"":{""version"":4,""timestamp"":""2021-04-08T10:41:20Z"",""changeset"":102550014,""uid"":9458168,""user"":""Gorka115""}}","{""type"":""node"",""id"":7175231885,""lat"":44.4330216,""lon"":26.1038526,""timestamp"":""2021-04-08T10:41:20Z"",""version"":4,""changeset"":102550014,""user"":""Gorka115"",""uid"":9458168,""tags"":{""amenity"":""cafe"",""name"":""First Coffee"",""name:en"":""First Coffee"",""opening_hours"":""Mo-Su 09:00-16:00"",""wheelchair"":""limited""}}",2026-05-30 08:46:18.442513+00:00
osm,osm:node/9667850805,5 to go,Romania,București,cafe,44.4348833,26.1071024,,,,,"{""addr:city"":""București"",""addr:housenumber"":""7"",""addr:street"":""Bulevardul Hristo Botev"",""amenity"":""cafe"",""brand"":""5 to go"",""brand:wikidata"":""Q115684369"",""cuisine"":""coffee_shop"",""name"":""5 to go"",""opening_hours"":""Mo-Fr 07:00-17:00; Sa 08:30-15:00"",""takeaway"":""yes"",""website"":""https://fivetogo.ro/en/"",""formatted_address"":""Bulevardul Hristo Botev 7, București"",""primary_type"":""amenity=cafe"",""osm_meta"":{""version"":4,""timestamp"":""2024-10-30T11:17:37Z"",""changeset"":158535976,""uid"":9458168,""user"":""Gorka115""}}","{""type"":""node"",""id"":9667850805,""lat"":44.4348833,""lon"":26.1071024,""timestamp"":""2024-10-30T11:17:37Z"",""version"":4,""changeset"":158535976,""user"":""Gorka115"",""uid"":9458168,""tags"":{""addr:city"":""București"",""addr:housenumber"":""7"",""addr:street"":""Bulevardul Hristo Botev"",""amenity"":""cafe"",""brand"":""5 to go"",""brand:wikidata"":""Q115684369"",""cuisine"":""coffee_shop"",""name"":""5 to go"",""opening_hours"":""Mo-Fr 07:00-17:00; Sa 08:30-15:00"",""takeaway"":""yes"",""website"":""https://fivetogo.ro/en/""}}",2026-05-30 08:46:18.442513+00:00
osm,osm:node/10539882353,5 to go,Romania,București,cafe,44.4304057,26.1071604,,,,,"{""addr:city"":""București"",""addr:street"":""Bulevardul Corneliu Coposu"",""amenity"":""cafe"",""brand"":""5 to go"",""brand:wikidata"":""Q115684369"",""cuisine"":""coffee_shop"",""name"":""5 to go"",""takeaway"":""yes"",""formatted_address"":""Bulevardul Corneliu Coposu, București"",""primary_type"":""amenity=cafe"",""osm_meta"":{""version"":3,""timestamp"":""2025-11-23T07:45:54Z"",""changeset"":175015436,""uid"":128281,""user"":""rarad74""}}","{""type"":""node"",""id"":10539882353,""lat"":44.4304057,""lon"":26.1071604,""timestamp"":""2025-11-23T07:45:54Z"",""version"":3,""changeset"":175015436,""user"":""rarad74"",""uid"":128281,""tags"":{""addr:city"":""București"",""addr:street"":""Bulevardul Corneliu Coposu"",""amenity"":""cafe"",""brand"":""5 to go"",""brand:wikidata"":""Q115684369"",""cuisine"":""coffee_shop"",""name"":""5 to go"",""takeaway"":""yes""}}",2026-05-30 08:46:18.442513+00:00
osm,osm:node/11617986869,Cofee Station,Romania,București,cafe,44.433948,26.1050078,,,,,"{""addr:city"":""București"",""addr:street"":""Strada Colței"",""amenity"":""cafe"",""name"":""Cofee Station"",""formatted_address"":""Strada Colței, București"",""primary_type"":""amenity=cafe"",""osm_meta"":{""version"":2,""timestamp"":""2024-02-13T10:01:45Z"",""changeset"":147401504,""uid"":128281,""user"":""rarad74""}}","{""type"":""node"",""id"":11617986869,""lat"":44.433948,""lon"":26.1050078,""timestamp"":""2024-02-13T10:01:45Z"",""version"":2,""changeset"":147401504,""user"":""rarad74"",""uid"":128281,""tags"":{""addr:city"":""București"",""addr:street"":""Strada Colței"",""amenity"":""cafe"",""name"":""Cofee Station""}}",2026-05-30 08:46:18.442513+00:00
osm,osm:node/12851066022,5 to go,Romania,București,cafe,44.4314664,26.1040143,,,,,"{""addr:city"":""București"",""amenity"":""cafe"",""brand"":""5 to go"",""brand:wikidata"":""Q115684369"",""cuisine"":""coffee_shop"",""name"":""5 to go"",""takeaway"":""yes"",""wheelchair"":""no"",""formatted_address"":""București"",""primary_type"":""amenity=cafe"",""osm_meta"":{""version"":3,""timestamp"":""2026-05-04T15:23:31Z"",""changeset"":182210942,""uid"":290680,""user"":""wheelmap_visitor""}}","{""type"":""node"",""id"":12851066022,""lat"":44.4314664,""lon"":26.1040143,""timestamp"":""2026-05-04T15:23:31Z"",""version"":3,""changeset"":182210942,""user"":""wheelmap_visitor"",""uid"":290680,""tags"":{""addr:city"":""București"",""amenity"":""cafe"",""brand"":""5 to go"",""brand:wikidata"":""Q115684369"",""cuisine"":""coffee_shop"",""name"":""5 to go"",""takeaway"":""yes"",""wheelchair"":""no""}}",2026-05-30 08:46:18.442513+00:00
osm,osm:node/13625669766,Sip Coffee & Wine,Romania,Bucharest,cafe,44.4356902,26.1091793,,,,,"{""amenity"":""cafe"",""check_date"":""2026-03-19"",""cuisine"":""coffee_shop"",""name"":""Sip Coffee & Wine"",""opening_hours"":""Mo-We 08:00-19:00; Th 08:00-23:00; Fr 08:00-24:00; Sa 09:00-24:00; Su 09:00-23:00"",""phone"":""+40 745 054 014"",""website"":""https://www.sipcoffeeandwine.com/"",""formatted_address"":"""",""primary_type"":""amenity=cafe"",""osm_meta"":{""version"":2,""timestamp"":""2026-03-19T16:22:58Z"",""changeset"":180119262,""uid"":23309591,""user"":""EUalternative""}}","{""type"":""node"",""id"":13625669766,""lat"":44.4356902,""lon"":26.1091793,""timestamp"":""2026-03-19T16:22:58Z"",""version"":2,""changeset"":180119262,""user"":""EUalternative"",""uid"":23309591,""tags"":{""amenity"":""cafe"",""check_date"":""2026-03-19"",""cuisine"":""coffee_shop"",""name"":""Sip Coffee & Wine"",""opening_hours"":""Mo-We 08:00-19:00; Th 08:00-23:00; Fr 08:00-24:00; Sa 09:00-24:00; Su 09:00-23:00"",""phone"":""+40 745 054 014"",""website"":""https://www.sipcoffeeandwine.com/""}}",2026-05-30 08:46:18.442513+00:00
osm,osm:node/13688881969,TY Shop Bubble Tea&Coffee,Romania,Bucharest,cafe,44.4328499,26.1030567,,,,,"{""amenity"":""cafe"",""cuisine"":""bubble_tea"",""name"":""TY Shop Bubble Tea&Coffee"",""formatted_address"":"""",""primary_type"":""amenity=cafe"",""osm_meta"":{""version"":1,""timestamp"":""2026-03-29T15:56:12Z"",""changeset"":180591443,""uid"":20320807,""user"":""SGFRO""}}","{""type"":""node"",""id"":13688881969,""lat"":44.4328499,""lon"":26.1030567,""timestamp"":""2026-03-29T15:56:12Z"",""version"":1,""changeset"":180591443,""user"":""SGFRO"",""uid"":20320807,""tags"":{""amenity"":""cafe"",""cuisine"":""bubble_tea"",""name"":""TY Shop Bubble Tea&Coffee""}}",2026-05-30 08:46:18.442513+00:00
osm,osm:node/6467864487,Vanfruct,Romania,Bucharest,cafe,44.4370912,26.0961457,,,,,"{""amenity"":""cafe"",""name"":""Vanfruct"",""opening_hours"":""Mo-Fr 09:00-17:30; Sa-Su 10:00-17:30"",""wheelchair"":""no"",""formatted_address"":"""",""primary_type"":""amenity=cafe"",""osm_meta"":{""version"":3,""timestamp"":""2021-10-27T14:52:40Z"",""changeset"":113041571,""uid"":9484321,""user"":""Dan 9""}}","{""type"":""node"",""id"":6467864487,""lat"":44.4370912,""lon"":26.0961457,""timestamp"":""2021-10-27T14:52:40Z"",""version"":3,""changeset"":113041571,""user"":""Dan 9"",""uid"":9484321,""tags"":{""amenity"":""cafe"",""name"":""Vanfruct"",""opening_hours"":""Mo-Fr 09:00-17:30; Sa-Su 10:00-17:30"",""wheelchair"":""no""}}",2026-05-30 08:46:18.442513+00:00
osm,osm:node/6467897185,French Bakery,Romania,București,cafe,44.4374902,26.0973789,,,,,"{""addr:city"":""București"",""addr:housenumber"":""39"",""addr:postcode"":""010062"",""addr:street"":""Calea Victoriei"",""amenity"":""cafe"",""check_date"":""2024-11-15"",""cuisine"":""french"",""internet_access"":""wlan"",""name"":""French Bakery"",""opening_hours"":""Mo-Su 09:00-20:00"",""phone"":""+40 31 102 4524"",""website"":""https://www.frenchbakery.ro/"",""wheelchair"":""yes"",""formatted_address"":""Calea Victoriei 39, 010062, București"",""primary_type"":""amenity=cafe"",""osm_meta"":{""version"":9,""timestamp"":""2024-11-15T13:28:17Z"",""changeset"":159170285,""uid"":21102549,""user"":""gotanda""}}","{""type"":""node"",""id"":6467897185,""lat"":44.4374902,""lon"":26.0973789,""timestamp"":""2024-11-15T13:28:17Z"",""version"":9,""changeset"":159170285,""user"":""gotanda"",""uid"":21102549,""tags"":{""addr:city"":""București"",""addr:housenumber"":""39"",""addr:postcode"":""010062"",""addr:street"":""Calea Victoriei"",""amenity"":""cafe"",""check_date"":""2024-11-15"",""cuisine"":""french"",""internet_access"":""wlan"",""name"":""French Bakery"",""opening_hours"":""Mo-Su 09:00-20:00"",""phone"":""+40 31 102 4524"",""website"":""https://www.frenchbakery.ro/"",""wheelchair"":""yes""}}",2026-05-30 08:46:18.442513+00:00
osm,osm:node/10839274163,5 to go,Romania,București,cafe,44.4373906,26.0992894,,,,,"{""addr:city"":""București"",""addr:street"":""Strada Ion Câmpineanu"",""amenity"":""cafe"",""brand"":""5 to go"",""brand:wikidata"":""Q115684369"",""cuisine"":""coffee_shop"",""name"":""5 to go"",""opening_hours"":""Mo-Fr 07:00-18:00"",""takeaway"":""yes"",""formatted_address"":""Strada Ion Câmpineanu, București"",""primary_type"":""amenity=cafe"",""osm_meta"":{""version"":2,""timestamp"":""2024-07-12T19:33:21Z"",""changeset"":153869506,""uid"":21323943,""user"":""DJack04""}}","{""type"":""node"",""id"":10839274163,""lat"":44.4373906,""lon"":26.0992894,""timestamp"":""2024-07-12T19:33:21Z"",""version"":2,""changeset"":153869506,""user"":""DJack04"",""uid"":21323943,""tags"":{""addr:city"":""București"",""addr:street"":""Strada Ion Câmpineanu"",""amenity"":""cafe"",""brand"":""5 to go"",""brand:wikidata"":""Q115684369"",""cuisine"":""coffee_shop"",""name"":""5 to go"",""opening_hours"":""Mo-Fr 07:00-18:00"",""takeaway"":""yes""}}",2026-05-30 08:46:18.442513+00:00
osm,osm:node/11734418305,Le Petit Café,Romania,București,cafe,44.4368232,26.1012985,,,,,"{""addr:city"":""București"",""amenity"":""cafe"",""cuisine"":""coffee_shop"",""name"":""Le Petit Café"",""formatted_address"":""București"",""primary_type"":""amenity=cafe"",""osm_meta"":{""version"":2,""timestamp"":""2025-10-11T18:19:54Z"",""changeset"":173149994,""uid"":128281,""user"":""rarad74""}}","{""type"":""node"",""id"":11734418305,""lat"":44.4368232,""lon"":26.1012985,""timestamp"":""2025-10-11T18:19:54Z"",""version"":2,""changeset"":173149994,""user"":""rarad74"",""uid"":128281,""tags"":{""addr:city"":""București"",""amenity"":""cafe"",""cuisine"":""coffee_shop"",""name"":""Le Petit Café""}}",2026-05-30 08:46:18.442513+00:00
osm,osm:node/12774502391,C22 Cafeteria,Romania,Bucharest,cafe,44.4373055,26.0969811,,,,,"{""amenity"":""cafe"",""name"":""C22 Cafeteria"",""opening_hours"":""Sa 10:00-20:00; Tu-Th 09:00-17:00; Fr 09:00-20:00; Su,Mo off"",""formatted_address"":"""",""primary_type"":""amenity=cafe"",""osm_meta"":{""version"":2,""timestamp"":""2025-04-22T07:43:23Z"",""changeset"":165270645,""uid"":19039555,""user"":""Ma_zi""}}","{""type"":""node"",""id"":12774502391,""lat"":44.4373055,""lon"":26.0969811,""timestamp"":""2025-04-22T07:43:23Z"",""version"":2,""changeset"":165270645,""user"":""Ma_zi"",""uid"":19039555,""tags"":{""amenity"":""cafe"",""name"":""C22 Cafeteria"",""opening_hours"":""Sa 10:00-20:00; Tu-Th 09:00-17:00; Fr 09:00-20:00; Su,Mo off""}}",2026-05-30 08:46:18.442513+00:00
osm,osm:node/4403870891,T-zero,Romania,Bucharest,cafe,44.4371218,26.1065561,,,,,"{""amenity"":""cafe"",""name"":""T-zero"",""name:ro"":""T-zero"",""formatted_address"":"""",""primary_type"":""amenity=cafe"",""osm_meta"":{""version"":1,""timestamp"":""2016-09-16T08:33:28Z"",""changeset"":42197290,""uid"":4584572,""user"":""Ekaterina Vrublevskaya""}}","{""type"":""node"",""id"":4403870891,""lat"":44.4371218,""lon"":26.1065561,""timestamp"":""2016-09-16T08:33:28Z"",""version"":1,""changeset"":42197290,""user"":""Ekaterina Vrublevskaya"",""uid"":4584572,""tags"":{""amenity"":""cafe"",""name"":""T-zero"",""name:ro"":""T-zero""}}",2026-05-30 08:46:18.442513+00:00
osm,osm:node/4403908489,T-zone,Romania,Bucharest,cafe,44.4370679,26.1066212,,,,,"{""amenity"":""cafe"",""name"":""T-zone"",""name:ro"":""T-zone"",""formatted_address"":"""",""primary_type"":""amenity=cafe"",""osm_meta"":{""version"":1,""timestamp"":""2016-09-16T08:33:27Z"",""changeset"":42197290,""uid"":4584572,""user"":""Ekaterina Vrublevskaya""}}","{""type"":""node"",""id"":4403908489,""lat"":44.4370679,""lon"":26.1066212,""timestamp"":""2016-09-16T08:33:27Z"",""version"":1,""changeset"":42197290,""user"":""Ekaterina Vrublevskaya"",""uid"":4584572,""tags"":{""amenity"":""cafe"",""name"":""T-zone"",""name:ro"":""T-zone""}}",2026-05-30 08:46:18.442513+00:00
osm,osm:node/11594139506,STEAM Coffee Shop,Romania,București,cafe,44.4368972,26.1057686,,,,,"{""addr:city"":""București"",""addr:housenumber"":""4"",""addr:postcode"":""030167"",""addr:street"":""Strada Tudor Arghezi"",""air_conditioning"":""yes"",""amenity"":""cafe"",""contact:facebook"":""https://www.facebook.com/SteamCoffeeShop"",""highchair"":""yes"",""internet_access"":""wlan"",""internet_access:fee"":""no"",""name"":""STEAM Coffee Shop"",""opening_hours"":""Mo-Su 07:30-19:00"",""outdoor_seating"":""yes"",""reservation"":""no"",""smoking"":""outside"",""formatted_address"":""Strada Tudor Arghezi 4, 030167, București"",""primary_type"":""amenity=cafe"",""osm_meta"":{""version"":1,""timestamp"":""2024-02-07T09:50:32Z"",""changeset"":147168552,""uid"":17863959,""user"":""Radu Nicolau""}}","{""type"":""node"",""id"":11594139506,""lat"":44.4368972,""lon"":26.1057686,""timestamp"":""2024-02-07T09:50:32Z"",""version"":1,""changeset"":147168552,""user"":""Radu Nicolau"",""uid"":17863959,""tags"":{""addr:city"":""București"",""addr:housenumber"":""4"",""addr:postcode"":""030167"",""addr:street"":""Strada Tudor Arghezi"",""air_conditioning"":""yes"",""amenity"":""cafe"",""contact:facebook"":""https://www.facebook.com/SteamCoffeeShop"",""highchair"":""yes"",""internet_access"":""wlan"",""internet_access:fee"":""no"",""name"":""STEAM Coffee Shop"",""opening_hours"":""Mo-Su 07:30-19:00"",""outdoor_seating"":""yes"",""reservation"":""no"",""smoking"":""outside""}}",2026-05-30 08:46:18.442513+00:00
osm,osm:node/5439953354,5 to go,Romania,București,cafe,44.4155906,26.1107287,,,,,"{""addr:city"":""București"",""addr:housenumber"":""16"",""addr:street"":""Bulevardul Gheorghe Șincai"",""amenity"":""cafe"",""brand"":""5 to go"",""brand:wikidata"":""Q115684369"",""cuisine"":""coffee_shop"",""name"":""5 to go"",""takeaway"":""yes"",""formatted_address"":""Bulevardul Gheorghe Șincai 16, București"",""primary_type"":""amenity=cafe"",""osm_meta"":{""version"":3,""timestamp"":""2025-10-21T07:48:10Z"",""changeset"":173568553,""uid"":14332595,""user"":""DanTPG""}}","{""type"":""node"",""id"":5439953354,""lat"":44.4155906,""lon"":26.1107287,""timestamp"":""2025-10-21T07:48:10Z"",""version"":3,""changeset"":173568553,""user"":""DanTPG"",""uid"":14332595,""tags"":{""addr:city"":""București"",""addr:housenumber"":""16"",""addr:street"":""Bulevardul Gheorghe Șincai"",""amenity"":""cafe"",""brand"":""5 to go"",""brand:wikidata"":""Q115684369"",""cuisine"":""coffee_shop"",""name"":""5 to go"",""takeaway"":""yes""}}",2026-05-30 08:46:18.442513+00:00
osm,osm:node/7175239385,others,Romania,Bucharest,cafe,44.4121645,26.114839,,,,,"{""amenity"":""cafe"",""name:en"":""Speciality Coffee Shop"",""formatted_address"":"""",""primary_type"":""amenity=cafe"",""osm_meta"":{""version"":1,""timestamp"":""2020-01-31T14:17:38Z"",""changeset"":80378942,""uid"":5780790,""user"":""adrumillon""}}","{""type"":""node"",""id"":7175239385,""lat"":44.4121645,""lon"":26.114839,""timestamp"":""2020-01-31T14:17:38Z"",""version"":1,""changeset"":80378942,""user"":""adrumillon"",""uid"":5780790,""tags"":{""amenity"":""cafe"",""name:en"":""Speciality Coffee Shop""}}",2026-05-30 08:46:18.442513+00:00
osm,osm:node/12554185420,5 to go,Romania,București,cafe,44.4129767,26.1144943,,,,,"{""addr:city"":""București"",""addr:housenumber"":""213"",""addr:street"":""Strada V. V. Stanciu"",""amenity"":""cafe"",""brand"":""5 to go"",""brand:wikidata"":""Q115684369"",""cuisine"":""coffee_shop"",""internet_access"":""no"",""name"":""5 to go"",""opening_hours"":""Mo-Fr 07:00-16:30; Sa-Su 09:00-14:00"",""takeaway"":""yes"",""formatted_address"":""Strada V. V. Stanciu 213, București"",""primary_type"":""amenity=cafe"",""osm_meta"":{""version"":1,""timestamp"":""2025-02-03T16:22:24Z"",""changeset"":162093540,""uid"":14332595,""user"":""DanTPG""}}","{""type"":""node"",""id"":12554185420,""lat"":44.4129767,""lon"":26.1144943,""timestamp"":""2025-02-03T16:22:24Z"",""version"":1,""changeset"":162093540,""user"":""DanTPG"",""uid"":14332595,""tags"":{""addr:city"":""București"",""addr:housenumber"":""213"",""addr:street"":""Strada V. V. Stanciu"",""amenity"":""cafe"",""brand"":""5 to go"",""brand:wikidata"":""Q115684369"",""cuisine"":""coffee_shop"",""internet_access"":""no"",""name"":""5 to go"",""opening_hours"":""Mo-Fr 07:00-16:30; Sa-Su 09:00-14:00"",""takeaway"":""yes""}}",2026-05-30 08:46:18.442513+00:00
osm,osm:node/12554185434,OKFEA,Romania,București,cafe,44.4128565,26.1149917,,,,,"{""addr:city"":""București"",""addr:housenumber"":""213"",""addr:street"":""Strada V. V. Stanciu"",""amenity"":""cafe"",""cuisine"":""coffee_shop"",""name"":""OKFEA"",""opening_hours"":""Mo-Fr 07:30-17:00"",""website"":""https://okfea.ro/"",""formatted_address"":""Strada V. V. Stanciu 213, București"",""primary_type"":""amenity=cafe"",""osm_meta"":{""version"":2,""timestamp"":""2025-02-14T13:02:57Z"",""changeset"":162502657,""uid"":9451067,""user"":""b-jazz-bot""}}","{""type"":""node"",""id"":12554185434,""lat"":44.4128565,""lon"":26.1149917,""timestamp"":""2025-02-14T13:02:57Z"",""version"":2,""changeset"":162502657,""user"":""b-jazz-bot"",""uid"":9451067,""tags"":{""addr:city"":""București"",""addr:housenumber"":""213"",""addr:street"":""Strada V. V. Stanciu"",""amenity"":""cafe"",""cuisine"":""coffee_shop"",""name"":""OKFEA"",""opening_hours"":""Mo-Fr 07:30-17:00"",""website"":""https://okfea.ro/""}}",2026-05-30 08:46:18.442513+00:00
osm,osm:node/12554185440,JUST BLVCK COFFEE,Romania,Bucharest,cafe,44.4127723,26.1141068,,,,,"{""amenity"":""cafe"",""cuisine"":""coffee_shop"",""name"":""JUST BLVCK COFFEE"",""phone"":""+40731335407"",""formatted_address"":"""",""primary_type"":""amenity=cafe"",""osm_meta"":{""version"":1,""timestamp"":""2025-02-03T16:22:24Z"",""changeset"":162093540,""uid"":14332595,""user"":""DanTPG""}}","{""type"":""node"",""id"":12554185440,""lat"":44.4127723,""lon"":26.1141068,""timestamp"":""2025-02-03T16:22:24Z"",""version"":1,""changeset"":162093540,""user"":""DanTPG"",""uid"":14332595,""tags"":{""amenity"":""cafe"",""cuisine"":""coffee_shop"",""name"":""JUST BLVCK COFFEE"",""phone"":""+40731335407""}}",2026-05-30 08:46:18.442513+00:00
osm,osm:node/12561013613,COFFEE in 30 SECONDS,Romania,București,cafe,44.4129286,26.1102008,,,,,"{""addr:city"":""București"",""addr:housenumber"":""16"",""addr:street"":""Strada Constantin Rădulescu Motru"",""amenity"":""cafe"",""name"":""COFFEE in 30 SECONDS"",""opening_hours"":""Mo-Fr 08:00-17:00; Sa 09:00-16:00"",""phone"":""+40729002685"",""website"":""https://www.facebook.com/p/Coffee-in-30-SECONDS-100068632960761/"",""formatted_address"":""Strada Constantin Rădulescu Motru 16, București"",""primary_type"":""amenity=cafe"",""osm_meta"":{""version"":1,""timestamp"":""2025-02-06T10:00:44Z"",""changeset"":162200506,""uid"":14332595,""user"":""DanTPG""}}","{""type"":""node"",""id"":12561013613,""lat"":44.4129286,""lon"":26.1102008,""timestamp"":""2025-02-06T10:00:44Z"",""version"":1,""changeset"":162200506,""user"":""DanTPG"",""uid"":14332595,""tags"":{""addr:city"":""București"",""addr:housenumber"":""16"",""addr:street"":""Strada Constantin Rădulescu Motru"",""amenity"":""cafe"",""name"":""COFFEE in 30 SECONDS"",""opening_hours"":""Mo-Fr 08:00-17:00; Sa 09:00-16:00"",""phone"":""+40729002685"",""website"":""https://www.facebook.com/p/Coffee-in-30-SECONDS-100068632960761/""}}",2026-05-30 08:46:18.442513+00:00
osm,osm:node/13594217360,5 to go,Romania,Bucharest,cafe,44.4167798,26.1126611,,,,,"{""amenity"":""cafe"",""brand"":""5 to go"",""brand:wikidata"":""Q115684369"",""cuisine"":""coffee_shop"",""name"":""5 to go"",""takeaway"":""yes"",""formatted_address"":"""",""primary_type"":""amenity=cafe"",""osm_meta"":{""version"":2,""timestamp"":""2026-03-07T18:34:29Z"",""changeset"":179505247,""uid"":20320807,""user"":""SGFRO""}}","{""type"":""node"",""id"":13594217360,""lat"":44.4167798,""lon"":26.1126611,""timestamp"":""2026-03-07T18:34:29Z"",""version"":2,""changeset"":179505247,""user"":""SGFRO"",""uid"":20320807,""tags"":{""amenity"":""cafe"",""brand"":""5 to go"",""brand:wikidata"":""Q115684369"",""cuisine"":""coffee_shop"",""name"":""5 to go"",""takeaway"":""yes""}}",2026-05-30 08:46:18.442513+00:00
osm,osm:node/11530720731,Sip Sip,RO,București,cafe,44.4182958,26.1129948,,,,,"{""addr:city"":""București"",""addr:country"":""RO"",""addr:housenumber"":""52"",""addr:postcode"":""030669"",""addr:street"":""Bulevardul Mircea Vodă"",""amenity"":""cafe"",""name"":""Sip Sip"",""opening_hours"":""Mo-Su 08:00-17:00"",""formatted_address"":""Bulevardul Mircea Vodă 52, 030669, București"",""primary_type"":""amenity=cafe"",""osm_meta"":{""version"":1,""timestamp"":""2024-01-19T13:16:03Z"",""changeset"":146443718,""uid"":9484321,""user"":""Dan 9""}}","{""type"":""node"",""id"":11530720731,""lat"":44.4182958,""lon"":26.1129948,""timestamp"":""2024-01-19T13:16:03Z"",""version"":1,""changeset"":146443718,""user"":""Dan 9"",""uid"":9484321,""tags"":{""addr:city"":""București"",""addr:country"":""RO"",""addr:housenumber"":""52"",""addr:postcode"":""030669"",""addr:street"":""Bulevardul Mircea Vodă"",""amenity"":""cafe"",""name"":""Sip Sip"",""opening_hours"":""Mo-Su 08:00-17:00""}}",2026-05-30 08:46:18.442513+00:00
osm,osm:node/13152680064,figs,Romania,Bucharest,cafe,44.4190163,26.1151568,,,,,"{""amenity"":""cafe"",""cuisine"":""coffee_shop"",""name"":""figs"",""opening_hours"":""Mo-Fr 08:30-20:00; Sa,Su 09:00-20:00"",""formatted_address"":"""",""primary_type"":""amenity=cafe"",""osm_meta"":{""version"":3,""timestamp"":""2025-09-25T13:32:48Z"",""changeset"":172440375,""uid"":8430074,""user"":""alexnder""}}","{""type"":""node"",""id"":13152680064,""lat"":44.4190163,""lon"":26.1151568,""timestamp"":""2025-09-25T13:32:48Z"",""version"":3,""changeset"":172440375,""user"":""alexnder"",""uid"":8430074,""tags"":{""amenity"":""cafe"",""cuisine"":""coffee_shop"",""name"":""figs"",""opening_hours"":""Mo-Fr 08:30-20:00; Sa,Su 09:00-20:00""}}",2026-05-30 08:46:18.442513+00:00
osm,osm:node/11240835324,5 to go,Romania,București,cafe,44.4121604,26.1267718,,,,,"{""addr:city"":""București"",""amenity"":""cafe"",""brand"":""5 to go"",""brand:wikidata"":""Q115684369"",""cuisine"":""coffee_shop"",""name"":""5 to go"",""takeaway"":""yes"",""formatted_address"":""București"",""primary_type"":""amenity=cafe"",""osm_meta"":{""version"":3,""timestamp"":""2026-05-29T19:13:46Z"",""changeset"":183371109,""uid"":128281,""user"":""rarad74""}}","{""type"":""node"",""id"":11240835324,""lat"":44.4121604,""lon"":26.1267718,""timestamp"":""2026-05-29T19:13:46Z"",""version"":3,""changeset"":183371109,""user"":""rarad74"",""uid"":128281,""tags"":{""addr:city"":""București"",""amenity"":""cafe"",""brand"":""5 to go"",""brand:wikidata"":""Q115684369"",""cuisine"":""coffee_shop"",""name"":""5 to go"",""takeaway"":""yes""}}",2026-05-30 08:46:18.442513+00:00
osm,osm:node/981449678,Starbucks,RO,București,cafe,44.4212112,26.1269894,,,,,"{""addr:city"":""București"",""addr:country"":""RO"",""addr:housenumber"":""55-59"",""addr:postcode"":""031281"",""addr:street"":""Calea Vitan"",""amenity"":""cafe"",""brand"":""Starbucks"",""brand:wikidata"":""Q37158"",""brand:wikipedia"":""en:Starbucks"",""cuisine"":""coffee_shop"",""facebook"":""StarbucksRomania"",""level"":""0"",""name"":""Starbucks"",""official_name"":""Starbucks Coffee"",""opening_hours"":""Mo-Su 10:00-22:00"",""operator"":""Amrest Coffee SRL"",""outdoor_seating"":""yes"",""phone"":""+40 752 281 202"",""source:postcode"":""survey"",""source:streetnumber"":""survey"",""takeaway"":""yes"",""website"":""https://www.starbucksromania.ro/"",""formatted_address"":""Calea Vitan 55-59, 031281, București"",""primary_type"":""amenity=cafe"",""osm_meta"":{""version"":8,""timestamp"":""2023-08-24T08:39:39Z"",""changeset"":140310182,""uid"":9484321,""user"":""Dan 9""}}","{""type"":""node"",""id"":981449678,""lat"":44.4212112,""lon"":26.1269894,""timestamp"":""2023-08-24T08:39:39Z"",""version"":8,""changeset"":140310182,""user"":""Dan 9"",""uid"":9484321,""tags"":{""addr:city"":""București"",""addr:country"":""RO"",""addr:housenumber"":""55-59"",""addr:postcode"":""031281"",""addr:street"":""Calea Vitan"",""amenity"":""cafe"",""brand"":""Starbucks"",""brand:wikidata"":""Q37158"",""brand:wikipedia"":""en:Starbucks"",""cuisine"":""coffee_shop"",""facebook"":""StarbucksRomania"",""level"":""0"",""name"":""Starbucks"",""official_name"":""Starbucks Coffee"",""opening_hours"":""Mo-Su 10:00-22:00"",""operator"":""Amrest Coffee SRL"",""outdoor_seating"":""yes"",""phone"":""+40 752 281 202"",""source:postcode"":""survey"",""source:streetnumber"":""survey"",""takeaway"":""yes"",""website"":""https://www.starbucksromania.ro/""}}",2026-05-30 08:46:18.442513+00:00
osm,osm:node/4278409590,Kahve Dünyası,RO,București,cafe,44.4199852,26.1262596,,,,,"{""addr:city"":""București"",""addr:country"":""RO"",""addr:housenumber"":""55-59"",""addr:postcode"":""031281"",""addr:street"":""Calea Vitan"",""amenity"":""cafe"",""branch"":""Bucuresti Mall"",""brand"":""Kahve Dünyası"",""brand:wikidata"":""Q28008050"",""cuisine"":""coffee_shop"",""facebook"":""KahveDunyasiBucurestiMall"",""internet_access"":""wlan"",""level"":""0"",""name"":""Kahve Dünyası"",""name:ro"":""Kahve Dünyasi"",""opening_hours"":""Mo-Su 09:00-22:00"",""outdoor_seating"":""yes"",""phone"":""+40 21 323 0055"",""source:postcode"":""survey"",""source:streetnumber"":""survey"",""takeaway"":""yes"",""website"":""https://www.kahvedunyasi.com/"",""formatted_address"":""Calea Vitan 55-59, 031281, București"",""primary_type"":""amenity=cafe"",""osm_meta"":{""version"":9,""timestamp"":""2023-08-24T08:39:39Z"",""changeset"":140310182,""uid"":9484321,""user"":""Dan 9""}}","{""type"":""node"",""id"":4278409590,""lat"":44.4199852,""lon"":26.1262596,""timestamp"":""2023-08-24T08:39:39Z"",""version"":9,""changeset"":140310182,""user"":""Dan 9"",""uid"":9484321,""tags"":{""addr:city"":""București"",""addr:country"":""RO"",""addr:housenumber"":""55-59"",""addr:postcode"":""031281"",""addr:street"":""Calea Vitan"",""amenity"":""cafe"",""branch"":""Bucuresti Mall"",""brand"":""Kahve Dünyası"",""brand:wikidata"":""Q28008050"",""cuisine"":""coffee_shop"",""facebook"":""KahveDunyasiBucurestiMall"",""internet_access"":""wlan"",""level"":""0"",""name"":""Kahve Dünyası"",""name:ro"":""Kahve Dünyasi"",""opening_hours"":""Mo-Su 09:00-22:00"",""outdoor_seating"":""yes"",""phone"":""+40 21 323 0055"",""source:postcode"":""survey"",""source:streetnumber"":""survey"",""takeaway"":""yes"",""website"":""https://www.kahvedunyasi.com/""}}",2026-05-30 08:46:18.442513+00:00
osm,osm:node/8615036491,Ana Baking Co.,RO,București,cafe,44.4195756,26.1267665,,,,,"{""addr:city"":""București"",""addr:country"":""RO"",""addr:housenumber"":""55-59"",""addr:postcode"":""031281"",""addr:street"":""Calea Vitan"",""amenity"":""cafe"",""branch"":""Bucuresti Mall"",""cuisine"":""bistro"",""facebook"":""anabakingro"",""level"":""0"",""name"":""Ana Baking Co."",""opening_hours"":""Mo-Su 09:00-22:00"",""operator"":""Ana Pan SA"",""outdoor_seating"":""yes"",""phone"":""+40 31 101 9325"",""source:postcode"":""survey"",""source:streetnumber"":""survey"",""website"":""https://www.anabaking.ro/"",""formatted_address"":""Calea Vitan 55-59, 031281, București"",""primary_type"":""amenity=cafe"",""osm_meta"":{""version"":4,""timestamp"":""2023-08-24T08:39:39Z"",""changeset"":140310182,""uid"":9484321,""user"":""Dan 9""}}","{""type"":""node"",""id"":8615036491,""lat"":44.4195756,""lon"":26.1267665,""timestamp"":""2023-08-24T08:39:39Z"",""version"":4,""changeset"":140310182,""user"":""Dan 9"",""uid"":9484321,""tags"":{""addr:city"":""București"",""addr:country"":""RO"",""addr:housenumber"":""55-59"",""addr:postcode"":""031281"",""addr:street"":""Calea Vitan"",""amenity"":""cafe"",""branch"":""Bucuresti Mall"",""cuisine"":""bistro"",""facebook"":""anabakingro"",""level"":""0"",""name"":""Ana Baking Co."",""opening_hours"":""Mo-Su 09:00-22:00"",""operator"":""Ana Pan SA"",""outdoor_seating"":""yes"",""phone"":""+40 31 101 9325"",""source:postcode"":""survey"",""source:streetnumber"":""survey"",""website"":""https://www.anabaking.ro/""}}",2026-05-30 08:46:18.442513+00:00
osm,osm:node/11140560693,Manufaktura,Romania,București,cafe,44.4201057,26.1261537,,,,,"{""addr:city"":""București"",""addr:housenumber"":""55-59"",""addr:postcode"":""031281"",""addr:street"":""Calea Vitan"",""amenity"":""cafe"",""branch"":""Bucuresti Mall"",""facebook"":""ManufakturaTheCoffeeShopRestaurant"",""level"":""0"",""name"":""Manufaktura"",""opening_hours"":""Mo-Su 10:00-22:00"",""outdoor_seating"":""yes"",""phone"":""+40 728 180 002"",""source:postcode"":""survey"",""source:streetnumber"":""survey"",""website"":""https://manufakturacafe.ro/"",""formatted_address"":""Calea Vitan 55-59, 031281, București"",""primary_type"":""amenity=cafe"",""osm_meta"":{""version"":1,""timestamp"":""2023-08-24T08:39:39Z"",""changeset"":140310182,""uid"":9484321,""user"":""Dan 9""}}","{""type"":""node"",""id"":11140560693,""lat"":44.4201057,""lon"":26.1261537,""timestamp"":""2023-08-24T08:39:39Z"",""version"":1,""changeset"":140310182,""user"":""Dan 9"",""uid"":9484321,""tags"":{""addr:city"":""București"",""addr:housenumber"":""55-59"",""addr:postcode"":""031281"",""addr:street"":""Calea Vitan"",""amenity"":""cafe"",""branch"":""Bucuresti Mall"",""facebook"":""ManufakturaTheCoffeeShopRestaurant"",""level"":""0"",""name"":""Manufaktura"",""opening_hours"":""Mo-Su 10:00-22:00"",""outdoor_seating"":""yes"",""phone"":""+40 728 180 002"",""source:postcode"":""survey"",""source:streetnumber"":""survey"",""website"":""https://manufakturacafe.ro/""}}",2026-05-30 08:46:18.442513+00:00
osm,osm:node/13607997890,5 to go,Romania,Bucharest,cafe,44.4204532,26.1341213,,,,,"{""amenity"":""cafe"",""brand"":""5 to go"",""brand:wikidata"":""Q115684369"",""cuisine"":""coffee_shop"",""name"":""5 to go"",""takeaway"":""yes"",""formatted_address"":"""",""primary_type"":""amenity=cafe"",""osm_meta"":{""version"":1,""timestamp"":""2026-02-28T18:32:46Z"",""changeset"":179182424,""uid"":20320807,""user"":""SGFRO""}}","{""type"":""node"",""id"":13607997890,""lat"":44.4204532,""lon"":26.1341213,""timestamp"":""2026-02-28T18:32:46Z"",""version"":1,""changeset"":179182424,""user"":""SGFRO"",""uid"":20320807,""tags"":{""amenity"":""cafe"",""brand"":""5 to go"",""brand:wikidata"":""Q115684369"",""cuisine"":""coffee_shop"",""name"":""5 to go"",""takeaway"":""yes""}}",2026-05-30 08:46:18.442513+00:00
osm,osm:node/6098677599,Starbucks,Romania,București,cafe,44.4269212,26.1114959,,,,,"{""addr:city"":""București"",""addr:housenumber"":""37A"",""addr:postcode"":""030667"",""addr:street"":""Bulevardul Unirii"",""amenity"":""cafe"",""brand"":""Starbucks"",""brand:wikidata"":""Q37158"",""brand:wikipedia"":""en:Starbucks"",""cuisine"":""coffee_shop"",""name"":""Starbucks"",""official_name"":""Starbucks Coffee"",""outdoor_seating"":""yes"",""start_date"":""2018"",""takeaway"":""yes"",""formatted_address"":""Bulevardul Unirii 37A, 030667, București"",""primary_type"":""amenity=cafe"",""osm_meta"":{""version"":5,""timestamp"":""2022-01-15T15:32:50Z"",""changeset"":116186326,""uid"":9484321,""user"":""Dan 9""}}","{""type"":""node"",""id"":6098677599,""lat"":44.4269212,""lon"":26.1114959,""timestamp"":""2022-01-15T15:32:50Z"",""version"":5,""changeset"":116186326,""user"":""Dan 9"",""uid"":9484321,""tags"":{""addr:city"":""București"",""addr:housenumber"":""37A"",""addr:postcode"":""030667"",""addr:street"":""Bulevardul Unirii"",""amenity"":""cafe"",""brand"":""Starbucks"",""brand:wikidata"":""Q37158"",""brand:wikipedia"":""en:Starbucks"",""cuisine"":""coffee_shop"",""name"":""Starbucks"",""official_name"":""Starbucks Coffee"",""outdoor_seating"":""yes"",""start_date"":""2018"",""takeaway"":""yes""}}",2026-05-30 08:46:18.442513+00:00
osm,osm:node/1904529821,Adior Cafe lounge,Romania,București,cafe,44.4296499,26.1168865,,,,,"{""addr:city"":""București"",""addr:housenumber"":""14"",""addr:postcode"":""030842"",""addr:postcode:source"":""Date de la Poșta Română, publicate sub Licența pentru Guvernare Deschisă v1.0 la http://date.gov.ro/organization/posta-romana"",""addr:street"":""Strada Parfumului"",""amenity"":""cafe"",""name"":""Adior Cafe lounge"",""formatted_address"":""Strada Parfumului 14, 030842, București"",""primary_type"":""amenity=cafe"",""osm_meta"":{""version"":3,""timestamp"":""2015-02-07T15:16:32Z"",""changeset"":28677853,""uid"":352334,""user"":""Strainubot""}}","{""type"":""node"",""id"":1904529821,""lat"":44.4296499,""lon"":26.1168865,""timestamp"":""2015-02-07T15:16:32Z"",""version"":3,""changeset"":28677853,""user"":""Strainubot"",""uid"":352334,""tags"":{""addr:city"":""București"",""addr:housenumber"":""14"",""addr:postcode"":""030842"",""addr:postcode:source"":""Date de la Poșta Română, publicate sub Licența pentru Guvernare Deschisă v1.0 la http://date.gov.ro/organization/posta-romana"",""addr:street"":""Strada Parfumului"",""amenity"":""cafe"",""name"":""Adior Cafe lounge""}}",2026-05-30 08:46:18.442513+00:00
osm,osm:node/1960132008,Segafredo,Romania,București,cafe,44.4243047,26.119293,,,,,"{""addr:city"":""București"",""addr:housenumber"":""3A"",""addr:postcode"":""031041"",""addr:street"":""Strada Nerva Traian"",""amenity"":""cafe"",""brand"":""Segafredo"",""brand:wikidata"":""Q21282762"",""brand:wikipedia"":""it:Segafredo Zanetti"",""cuisine"":""coffee_shop"",""name"":""Segafredo"",""outdoor_seating"":""yes"",""takeaway"":""yes"",""wheelchair"":""yes"",""formatted_address"":""Strada Nerva Traian 3A, 031041, București"",""primary_type"":""amenity=cafe"",""osm_meta"":{""version"":7,""timestamp"":""2024-08-20T19:51:04Z"",""changeset"":155527248,""uid"":2445910,""user"":""SorinPopaRo""}}","{""type"":""node"",""id"":1960132008,""lat"":44.4243047,""lon"":26.119293,""timestamp"":""2024-08-20T19:51:04Z"",""version"":7,""changeset"":155527248,""user"":""SorinPopaRo"",""uid"":2445910,""tags"":{""addr:city"":""București"",""addr:housenumber"":""3A"",""addr:postcode"":""031041"",""addr:street"":""Strada Nerva Traian"",""amenity"":""cafe"",""brand"":""Segafredo"",""brand:wikidata"":""Q21282762"",""brand:wikipedia"":""it:Segafredo Zanetti"",""cuisine"":""coffee_shop"",""name"":""Segafredo"",""outdoor_seating"":""yes"",""takeaway"":""yes"",""wheelchair"":""yes""}}",2026-05-30 08:46:18.442513+00:00
osm,osm:node/2848315431,Miau,Romania,București,cafe,44.4274158,26.1207086,,,,,"{""addr:city"":""București"",""addr:housenumber"":""41"",""addr:postcode"":""030862"",""addr:postcode:source"":""Date de la Poșta Română, publicate sub Licența pentru Guvernare Deschisă v1.0 la http://date.gov.ro/organization/posta-romana"",""addr:street"":""Strada Maximilian Popper"",""amenity"":""cafe"",""cuisine"":""coffee_shop"",""internet_access"":""wlan"",""name"":""Miau"",""opening_hours"":""14:00-23:00"",""smoking"":""outside"",""source"":""urbanism.pmb.ro;legea 544/2001;survey"",""website"":""https://www.facebook.com/cafemiau"",""formatted_address"":""Strada Maximilian Popper 41, 030862, București"",""primary_type"":""amenity=cafe"",""osm_meta"":{""version"":4,""timestamp"":""2015-10-02T11:23:29Z"",""changeset"":34386627,""uid"":101527,""user"":""Masi""}}","{""type"":""node"",""id"":2848315431,""lat"":44.4274158,""lon"":26.1207086,""timestamp"":""2015-10-02T11:23:29Z"",""version"":4,""changeset"":34386627,""user"":""Masi"",""uid"":101527,""tags"":{""addr:city"":""București"",""addr:housenumber"":""41"",""addr:postcode"":""030862"",""addr:postcode:source"":""Date de la Poșta Română, publicate sub Licența pentru Guvernare Deschisă v1.0 la http://date.gov.ro/organization/posta-romana"",""addr:street"":""Strada Maximilian Popper"",""amenity"":""cafe"",""cuisine"":""coffee_shop"",""internet_access"":""wlan"",""name"":""Miau"",""opening_hours"":""14:00-23:00"",""smoking"":""outside"",""source"":""urbanism.pmb.ro;legea 544/2001;survey"",""website"":""https://www.facebook.com/cafemiau""}}",2026-05-30 08:46:18.442513+00:00
osm,osm:node/8982367317,Kink Coffee,Romania,București,cafe,44.4237377,26.1222837,,,,,"{""addr:city"":""București"",""addr:housenumber"":""26"",""addr:street"":""Bulevardul Octavian Goga"",""amenity"":""cafe"",""cuisine"":""coffee_shop"",""name"":""Kink Coffee"",""formatted_address"":""Bulevardul Octavian Goga 26, București"",""primary_type"":""amenity=cafe"",""osm_meta"":{""version"":3,""timestamp"":""2026-05-14T22:01:01Z"",""changeset"":182672211,""uid"":20320807,""user"":""SGFRO""}}","{""type"":""node"",""id"":8982367317,""lat"":44.4237377,""lon"":26.1222837,""timestamp"":""2026-05-14T22:01:01Z"",""version"":3,""changeset"":182672211,""user"":""SGFRO"",""uid"":20320807,""tags"":{""addr:city"":""București"",""addr:housenumber"":""26"",""addr:street"":""Bulevardul Octavian Goga"",""amenity"":""cafe"",""cuisine"":""coffee_shop"",""name"":""Kink Coffee""}}",2026-05-30 08:46:18.442513+00:00
osm,osm:node/9420725778,Gloria Jean's,Romania,București,cafe,44.4265291,26.1183834,,,,,"{""addr:city"":""București"",""addr:housenumber"":""57"",""addr:postcode"":""030826"",""addr:postcode:source"":""Date de la Poșta Română, publicate sub Licența pentru Guvernare Deschisă v1.0 la http://date.gov.ro/organization/posta-romana"",""addr:street"":""Bulevardul Unirii"",""amenity"":""cafe"",""brand"":""Gloria Jean's"",""brand:wikidata"":""Q2666365"",""brand:wikipedia"":""en:Gloria Jean's Coffees"",""check_date:opening_hours"":""2023-04-16"",""cuisine"":""coffee_shop"",""name"":""Gloria Jean's"",""official_name"":""Gloria Jean's Coffees"",""opening_hours"":""Mo-Su 08:00-22:00"",""outdoor_seating"":""yes"",""takeaway"":""yes"",""formatted_address"":""Bulevardul Unirii 57, 030826, București"",""primary_type"":""amenity=cafe"",""osm_meta"":{""version"":2,""timestamp"":""2023-04-16T11:22:58Z"",""changeset"":134969331,""uid"":9458168,""user"":""Gorka115""}}","{""type"":""node"",""id"":9420725778,""lat"":44.4265291,""lon"":26.1183834,""timestamp"":""2023-04-16T11:22:58Z"",""version"":2,""changeset"":134969331,""user"":""Gorka115"",""uid"":9458168,""tags"":{""addr:city"":""București"",""addr:housenumber"":""57"",""addr:postcode"":""030826"",""addr:postcode:source"":""Date de la Poșta Română, publicate sub Licența pentru Guvernare Deschisă v1.0 la http://date.gov.ro/organization/posta-romana"",""addr:street"":""Bulevardul Unirii"",""amenity"":""cafe"",""brand"":""Gloria Jean's"",""brand:wikidata"":""Q2666365"",""brand:wikipedia"":""en:Gloria Jean's Coffees"",""check_date:opening_hours"":""2023-04-16"",""cuisine"":""coffee_shop"",""name"":""Gloria Jean's"",""official_name"":""Gloria Jean's Coffees"",""opening_hours"":""Mo-Su 08:00-22:00"",""outdoor_seating"":""yes"",""takeaway"":""yes""}}",2026-05-30 08:46:18.442513+00:00
osm,osm:node/12493379679,5 to go,Romania,Bucharest,cafe,44.430687,26.1124215,,,,,"{""amenity"":""cafe"",""brand"":""5 to go"",""brand:wikidata"":""Q115684369"",""cuisine"":""coffee_shop"",""name"":""5 to go"",""takeaway"":""yes"",""formatted_address"":"""",""primary_type"":""amenity=cafe"",""osm_meta"":{""version"":1,""timestamp"":""2025-01-11T21:59:02Z"",""changeset"":161255415,""uid"":69259,""user"":""DnaX""}}","{""type"":""node"",""id"":12493379679,""lat"":44.430687,""lon"":26.1124215,""timestamp"":""2025-01-11T21:59:02Z"",""version"":1,""changeset"":161255415,""user"":""DnaX"",""uid"":69259,""tags"":{""amenity"":""cafe"",""brand"":""5 to go"",""brand:wikidata"":""Q115684369"",""cuisine"":""coffee_shop"",""name"":""5 to go"",""takeaway"":""yes""}}",2026-05-30 08:46:18.442513+00:00
osm,osm:node/7175249087,20 grams,Romania,Bucharest,cafe,44.4333431,26.1162413,,,,,"{""amenity"":""cafe"",""check_date:opening_hours"":""2023-02-05"",""name"":""20 grams"",""name:en"":""20 Grams Coffee Roasters"",""opening_hours"":""Mo-Fr 07:30-18:00; Sa 08:30-18:00"",""wheelchair"":""limited"",""formatted_address"":"""",""primary_type"":""amenity=cafe"",""osm_meta"":{""version"":6,""timestamp"":""2026-02-17T22:34:55Z"",""changeset"":178701118,""uid"":20320807,""user"":""SGFRO""}}","{""type"":""node"",""id"":7175249087,""lat"":44.4333431,""lon"":26.1162413,""timestamp"":""2026-02-17T22:34:55Z"",""version"":6,""changeset"":178701118,""user"":""SGFRO"",""uid"":20320807,""tags"":{""amenity"":""cafe"",""check_date:opening_hours"":""2023-02-05"",""name"":""20 grams"",""name:en"":""20 Grams Coffee Roasters"",""opening_hours"":""Mo-Fr 07:30-18:00; Sa 08:30-18:00"",""wheelchair"":""limited""}}",2026-05-30 08:46:18.442513+00:00
osm,osm:node/13456671090,5 to go,Romania,Bucharest,cafe,44.4334837,26.1207061,,,,,"{""amenity"":""cafe"",""brand"":""5 to go"",""brand:wikidata"":""Q115684369"",""cuisine"":""coffee_shop"",""name"":""5 to go"",""takeaway"":""yes"",""formatted_address"":"""",""primary_type"":""amenity=cafe"",""osm_meta"":{""version"":2,""timestamp"":""2026-03-07T20:49:22Z"",""changeset"":179509891,""uid"":20320807,""user"":""SGFRO""}}","{""type"":""node"",""id"":13456671090,""lat"":44.4334837,""lon"":26.1207061,""timestamp"":""2026-03-07T20:49:22Z"",""version"":2,""changeset"":179509891,""user"":""SGFRO"",""uid"":20320807,""tags"":{""amenity"":""cafe"",""brand"":""5 to go"",""brand:wikidata"":""Q115684369"",""cuisine"":""coffee_shop"",""name"":""5 to go"",""takeaway"":""yes""}}",2026-05-30 08:46:18.442513+00:00
osm,osm:node/13763738501,Green Tea,Romania,Bucharest,cafe,44.4341519,26.1186554,,,,,"{""addr:housenumber"":""24"",""addr:postcode"":""024032"",""addr:street"":""Strada Doctor Burghelea"",""amenity"":""cafe"",""check_date"":""2026-04-25"",""check_date:opening_hours"":""2026-04-25"",""name"":""Green Tea"",""opening_hours"":""Sa-Su 10:00-22:00; Tu-Fr 11:00-22:00"",""phone"":""+40749090202"",""website"":""https://greentea.ro/"",""formatted_address"":""Strada Doctor Burghelea 24, 024032"",""primary_type"":""amenity=cafe"",""osm_meta"":{""version"":1,""timestamp"":""2026-04-26T14:21:19Z"",""changeset"":181847881,""uid"":1711256,""user"":""Paul Irofti""}}","{""type"":""node"",""id"":13763738501,""lat"":44.4341519,""lon"":26.1186554,""timestamp"":""2026-04-26T14:21:19Z"",""version"":1,""changeset"":181847881,""user"":""Paul Irofti"",""uid"":1711256,""tags"":{""addr:housenumber"":""24"",""addr:postcode"":""024032"",""addr:street"":""Strada Doctor Burghelea"",""amenity"":""cafe"",""check_date"":""2026-04-25"",""check_date:opening_hours"":""2026-04-25"",""name"":""Green Tea"",""opening_hours"":""Sa-Su 10:00-22:00; Tu-Fr 11:00-22:00"",""phone"":""+40749090202"",""website"":""https://greentea.ro/""}}",2026-05-30 08:46:18.442513+00:00
osm,osm:node/807107545,Gheg & Tosk,Romania,Bucharest,cafe,44.4260853,26.1267522,,,,,"{""amenity"":""cafe"",""cuisine"":""coffee_shop"",""name"":""Gheg & Tosk"",""opening_hours"":""Mo-Fr 08:00-23:00; Sa,Su 10:00-23:00"",""wheelchair"":""limited"",""formatted_address"":"""",""primary_type"":""amenity=cafe"",""osm_meta"":{""version"":8,""timestamp"":""2021-05-06T10:06:45Z"",""changeset"":104241939,""uid"":9458168,""user"":""Gorka115""}}","{""type"":""node"",""id"":807107545,""lat"":44.4260853,""lon"":26.1267522,""timestamp"":""2021-05-06T10:06:45Z"",""version"":8,""changeset"":104241939,""user"":""Gorka115"",""uid"":9458168,""tags"":{""amenity"":""cafe"",""cuisine"":""coffee_shop"",""name"":""Gheg & Tosk"",""opening_hours"":""Mo-Fr 08:00-23:00; Sa,Su 10:00-23:00"",""wheelchair"":""limited""}}",2026-05-30 08:46:18.442513+00:00
osm,osm:node/9080038018,The Coffee Shop,Romania,București,cafe,44.4262432,26.1240179,,,,,"{""addr:city"":""București"",""addr:housenumber"":""65"",""addr:neighbourhood"":""Unirii"",""addr:street"":""Bulevardul Unirii"",""amenity"":""cafe"",""cuisine"":""coffee_shop"",""internet_access"":""yes"",""internet_access:fee"":""no"",""name"":""The Coffee Shop"",""opening_hours"":""Mo-Su 08:00-20:00"",""outdoor_seating"":""yes"",""formatted_address"":""Bulevardul Unirii 65, București"",""primary_type"":""amenity=cafe"",""osm_meta"":{""version"":2,""timestamp"":""2023-04-16T11:09:36Z"",""changeset"":134969331,""uid"":9458168,""user"":""Gorka115""}}","{""type"":""node"",""id"":9080038018,""lat"":44.4262432,""lon"":26.1240179,""timestamp"":""2023-04-16T11:09:36Z"",""version"":2,""changeset"":134969331,""user"":""Gorka115"",""uid"":9458168,""tags"":{""addr:city"":""București"",""addr:housenumber"":""65"",""addr:neighbourhood"":""Unirii"",""addr:street"":""Bulevardul Unirii"",""amenity"":""cafe"",""cuisine"":""coffee_shop"",""internet_access"":""yes"",""internet_access:fee"":""no"",""name"":""The Coffee Shop"",""opening_hours"":""Mo-Su 08:00-20:00"",""outdoor_seating"":""yes""}}",2026-05-30 08:46:18.442513+00:00
osm,osm:node/12805811337,Loom 68,Romania,Bucharest,cafe,44.4250753,26.1228505,,,,,"{""amenity"":""cafe"",""cuisine"":""coffee_shop"",""name"":""Loom 68"",""opening_hours"":""Mo-Fr 08:00-18:00; Sa,Su 10:00-18:30"",""formatted_address"":"""",""primary_type"":""amenity=cafe"",""osm_meta"":{""version"":2,""timestamp"":""2025-05-03T08:38:40Z"",""changeset"":165748436,""uid"":8430074,""user"":""alexnder""}}","{""type"":""node"",""id"":12805811337,""lat"":44.4250753,""lon"":26.1228505,""timestamp"":""2025-05-03T08:38:40Z"",""version"":2,""changeset"":165748436,""user"":""alexnder"",""uid"":8430074,""tags"":{""amenity"":""cafe"",""cuisine"":""coffee_shop"",""name"":""Loom 68"",""opening_hours"":""Mo-Fr 08:00-18:00; Sa,Su 10:00-18:30""}}",2026-05-30 08:46:18.442513+00:00
osm,osm:node/703831905,Gio Cafe,Romania,București,cafe,44.4241875,26.1293555,,,,,"{""addr:city"":""București"",""addr:housenumber"":""2"",""addr:postcode"":""031108"",""addr:street"":""Bulevardul Burebista"",""amenity"":""cafe"",""internet_access"":""wlan"",""name"":""Gio Cafe"",""opening_hours"":""Mo-Su 09:00-00:36"",""outdoor_seating"":""yes"",""formatted_address"":""Bulevardul Burebista 2, 031108, București"",""primary_type"":""amenity=cafe"",""osm_meta"":{""version"":4,""timestamp"":""2019-07-01T03:06:14Z"",""changeset"":71769380,""uid"":9484321,""user"":""Dan 9""}}","{""type"":""node"",""id"":703831905,""lat"":44.4241875,""lon"":26.1293555,""timestamp"":""2019-07-01T03:06:14Z"",""version"":4,""changeset"":71769380,""user"":""Dan 9"",""uid"":9484321,""tags"":{""addr:city"":""București"",""addr:housenumber"":""2"",""addr:postcode"":""031108"",""addr:street"":""Bulevardul Burebista"",""amenity"":""cafe"",""internet_access"":""wlan"",""name"":""Gio Cafe"",""opening_hours"":""Mo-Su 09:00-00:36"",""outdoor_seating"":""yes""}}",2026-05-30 08:46:18.442513+00:00
osm,osm:node/703833227,Puerto Cafe,Romania,București,cafe,44.4244673,26.1298935,,,,,"{""addr:city"":""București"",""addr:housenumber"":""6"",""addr:postcode"":""031108"",""addr:street"":""Piața Alba Iulia"",""amenity"":""cafe"",""name"":""Puerto Cafe"",""outdoor_seating"":""yes"",""phone"":""+40734418035"",""formatted_address"":""Piața Alba Iulia 6, 031108, București"",""primary_type"":""amenity=cafe"",""osm_meta"":{""version"":4,""timestamp"":""2024-02-02T17:18:06Z"",""changeset"":146993945,""uid"":20320807,""user"":""SGFRO""}}","{""type"":""node"",""id"":703833227,""lat"":44.4244673,""lon"":26.1298935,""timestamp"":""2024-02-02T17:18:06Z"",""version"":4,""changeset"":146993945,""user"":""SGFRO"",""uid"":20320807,""tags"":{""addr:city"":""București"",""addr:housenumber"":""6"",""addr:postcode"":""031108"",""addr:street"":""Piața Alba Iulia"",""amenity"":""cafe"",""name"":""Puerto Cafe"",""outdoor_seating"":""yes"",""phone"":""+40734418035""}}",2026-05-30 08:46:18.442513+00:00
osm,osm:node/979652760,Tress Cafe,Romania,București,cafe,44.4276707,26.1309008,,,,,"{""addr:city"":""București"",""addr:housenumber"":""3"",""addr:postcode"":""030962"",""addr:street"":""Bulevardul Decebal"",""amenity"":""cafe"",""name"":""Tress Cafe"",""outdoor_seating"":""yes"",""source:name"":""survey"",""formatted_address"":""Bulevardul Decebal 3, 030962, București"",""primary_type"":""amenity=cafe"",""osm_meta"":{""version"":4,""timestamp"":""2019-07-01T02:21:05Z"",""changeset"":71768840,""uid"":9484321,""user"":""Dan 9""}}","{""type"":""node"",""id"":979652760,""lat"":44.4276707,""lon"":26.1309008,""timestamp"":""2019-07-01T02:21:05Z"",""version"":4,""changeset"":71768840,""user"":""Dan 9"",""uid"":9484321,""tags"":{""addr:city"":""București"",""addr:housenumber"":""3"",""addr:postcode"":""030962"",""addr:street"":""Bulevardul Decebal"",""amenity"":""cafe"",""name"":""Tress Cafe"",""outdoor_seating"":""yes"",""source:name"":""survey""}}",2026-05-30 08:46:18.442513+00:00
osm,osm:node/2405677715,Turkish Sweets Duman,Romania,București,cafe,44.4299077,26.1346554,,,,,"{""addr:city"":""București"",""addr:street"":""Bulevardul Decebal"",""amenity"":""cafe"",""name"":""Turkish Sweets Duman"",""opening_hours"":""Mo-Su 11:00-23:00"",""phone"":""+40725454545"",""source:name"":""survey"",""website"":""https://turkishsweetsduman.ro/"",""formatted_address"":""Bulevardul Decebal, București"",""primary_type"":""amenity=cafe"",""osm_meta"":{""version"":5,""timestamp"":""2023-11-09T02:34:57Z"",""changeset"":143803998,""uid"":9451067,""user"":""b-jazz-bot""}}","{""type"":""node"",""id"":2405677715,""lat"":44.4299077,""lon"":26.1346554,""timestamp"":""2023-11-09T02:34:57Z"",""version"":5,""changeset"":143803998,""user"":""b-jazz-bot"",""uid"":9451067,""tags"":{""addr:city"":""București"",""addr:street"":""Bulevardul Decebal"",""amenity"":""cafe"",""name"":""Turkish Sweets Duman"",""opening_hours"":""Mo-Su 11:00-23:00"",""phone"":""+40725454545"",""source:name"":""survey"",""website"":""https://turkishsweetsduman.ro/""}}",2026-05-30 08:46:18.442513+00:00
osm,osm:node/2405677716,Pink Cafe,Romania,București,cafe,44.4297836,26.1344326,,,,,"{""addr:city"":""București"",""addr:postcode"":""030964"",""addr:street"":""Bulevardul Decebal"",""amenity"":""cafe"",""name"":""Pink Cafe"",""outdoor_seating"":""yes"",""source:name"":""survey"",""formatted_address"":""Bulevardul Decebal, 030964, București"",""primary_type"":""amenity=cafe"",""osm_meta"":{""version"":5,""timestamp"":""2021-03-19T13:04:15Z"",""changeset"":101331704,""uid"":9484321,""user"":""Dan 9""}}","{""type"":""node"",""id"":2405677716,""lat"":44.4297836,""lon"":26.1344326,""timestamp"":""2021-03-19T13:04:15Z"",""version"":5,""changeset"":101331704,""user"":""Dan 9"",""uid"":9484321,""tags"":{""addr:city"":""București"",""addr:postcode"":""030964"",""addr:street"":""Bulevardul Decebal"",""amenity"":""cafe"",""name"":""Pink Cafe"",""outdoor_seating"":""yes"",""source:name"":""survey""}}",2026-05-30 08:46:18.442513+00:00
osm,osm:node/2557453982,Handsome Monk,Romania,București,cafe,44.4268751,26.1344826,,,,,"{""addr:city"":""București"",""addr:housenumber"":""60"",""addr:postcode"":""031537"",""addr:postcode:source"":""Date de la Poșta Română, publicate sub Licența pentru Guvernare Deschisă v1.0 la http://date.gov.ro/organization/posta-romana"",""addr:street"":""Strada Dristorului"",""amenity"":""cafe"",""cuisine"":""coffee_shop"",""name"":""Handsome Monk"",""opening_hours"":""Mo-Fr 08:00-19:00; Sa,Su 10:00-20:00"",""formatted_address"":""Strada Dristorului 60, 031537, București"",""primary_type"":""amenity=cafe"",""osm_meta"":{""version"":6,""timestamp"":""2021-08-20T10:58:29Z"",""changeset"":109980183,""uid"":9458168,""user"":""Gorka115""}}","{""type"":""node"",""id"":2557453982,""lat"":44.4268751,""lon"":26.1344826,""timestamp"":""2021-08-20T10:58:29Z"",""version"":6,""changeset"":109980183,""user"":""Gorka115"",""uid"":9458168,""tags"":{""addr:city"":""București"",""addr:housenumber"":""60"",""addr:postcode"":""031537"",""addr:postcode:source"":""Date de la Poșta Română, publicate sub Licența pentru Guvernare Deschisă v1.0 la http://date.gov.ro/organization/posta-romana"",""addr:street"":""Strada Dristorului"",""amenity"":""cafe"",""cuisine"":""coffee_shop"",""name"":""Handsome Monk"",""opening_hours"":""Mo-Fr 08:00-19:00; Sa,Su 10:00-20:00""}}",2026-05-30 08:46:18.442513+00:00
osm,osm:node/3453182059,Lolly Pop Lounge Cafe,Romania,București,cafe,44.4298032,26.1346335,,,,,"{""addr:city"":""București"",""addr:housenumber"":""13"",""addr:postcode"":""030964"",""addr:street"":""Bulevard Decebal"",""amenity"":""cafe"",""cuisine"":""pizza;coffee_shop;burger;sandwich;seafood"",""height"":""10"",""internet_access"":""yes"",""internet_access:fee"":""no"",""name"":""Lolly Pop Lounge Cafe"",""opening_hours"":""Mo-Su 08:00-23:00"",""outdoor_seating"":""yes"",""phone"":""+40 (724) 948 820"",""source"":""urbanism.pmb.ro"",""species"":""Fraxinus excelsior"",""species:ro"":""Frasin comun"",""species:wikidata"":""Q156907"",""website"":""https://www.lollypop.ro"",""formatted_address"":""Bulevard Decebal 13, 030964, București"",""primary_type"":""amenity=cafe"",""osm_meta"":{""version"":6,""timestamp"":""2025-03-28T11:54:54Z"",""changeset"":164204277,""uid"":22677421,""user"":""MCR21""}}","{""type"":""node"",""id"":3453182059,""lat"":44.4298032,""lon"":26.1346335,""timestamp"":""2025-03-28T11:54:54Z"",""version"":6,""changeset"":164204277,""user"":""MCR21"",""uid"":22677421,""tags"":{""addr:city"":""București"",""addr:housenumber"":""13"",""addr:postcode"":""030964"",""addr:street"":""Bulevard Decebal"",""amenity"":""cafe"",""cuisine"":""pizza;coffee_shop;burger;sandwich;seafood"",""height"":""10"",""internet_access"":""yes"",""internet_access:fee"":""no"",""name"":""Lolly Pop Lounge Cafe"",""opening_hours"":""Mo-Su 08:00-23:00"",""outdoor_seating"":""yes"",""phone"":""+40 (724) 948 820"",""source"":""urbanism.pmb.ro"",""species"":""Fraxinus excelsior"",""species:ro"":""Frasin comun"",""species:wikidata"":""Q156907"",""website"":""https://www.lollypop.ro""}}",2026-05-30 08:46:18.442513+00:00
osm,osm:node/4319290092,High Class Cafe & Lounge,Romania,București,cafe,44.4239776,26.1296231,,,,,"{""addr:city"":""București"",""addr:housenumber"":""2"",""addr:postcode"":""031108"",""addr:street"":""Bulevardul Burebista"",""amenity"":""cafe"",""cuisine"":""fine_dining"",""internet_access"":""wlan"",""name"":""High Class Cafe & Lounge"",""opening_hours"":""Mo-Su 10:00-00:00"",""outdoor_seating"":""yes"",""website"":""https://highclasscoffeelounge.ro/"",""formatted_address"":""Bulevardul Burebista 2, 031108, București"",""primary_type"":""amenity=cafe"",""osm_meta"":{""version"":3,""timestamp"":""2024-03-14T09:34:45Z"",""changeset"":148631859,""uid"":14888768,""user"":""Bolt036""}}","{""type"":""node"",""id"":4319290092,""lat"":44.4239776,""lon"":26.1296231,""timestamp"":""2024-03-14T09:34:45Z"",""version"":3,""changeset"":148631859,""user"":""Bolt036"",""uid"":14888768,""tags"":{""addr:city"":""București"",""addr:housenumber"":""2"",""addr:postcode"":""031108"",""addr:street"":""Bulevardul Burebista"",""amenity"":""cafe"",""cuisine"":""fine_dining"",""internet_access"":""wlan"",""name"":""High Class Cafe & Lounge"",""opening_hours"":""Mo-Su 10:00-00:00"",""outdoor_seating"":""yes"",""website"":""https://highclasscoffeelounge.ro/""}}",2026-05-30 08:46:18.442513+00:00
osm,osm:node/7175260985,Ethnic Plantation,Romania,Bucharest,cafe,44.4274081,26.1335963,,,,,"{""amenity"":""cafe"",""name"":""Ethnic Plantation"",""name:en"":""Ethnic Plantation Coffee"",""formatted_address"":"""",""primary_type"":""amenity=cafe"",""osm_meta"":{""version"":2,""timestamp"":""2021-08-20T10:54:40Z"",""changeset"":109980803,""uid"":9458168,""user"":""Gorka115""}}","{""type"":""node"",""id"":7175260985,""lat"":44.4274081,""lon"":26.1335963,""timestamp"":""2021-08-20T10:54:40Z"",""version"":2,""changeset"":109980803,""user"":""Gorka115"",""uid"":9458168,""tags"":{""amenity"":""cafe"",""name"":""Ethnic Plantation"",""name:en"":""Ethnic Plantation Coffee""}}",2026-05-30 08:46:18.442513+00:00
osm,osm:node/12631528283,5 to go,Romania,București,cafe,44.4298533,26.1357092,,,,,"{""addr:city"":""București"",""addr:housenumber"":""18"",""addr:postcode"":""030968"",""addr:street"":""Bulevardul Decebal"",""amenity"":""cafe"",""brand"":""5 to go"",""brand:wikidata"":""Q115684369"",""cuisine"":""coffee_shop"",""name"":""5 to go"",""opening_hours"":""Mo-Fr 07:00-20:30; Sa-Su 08:30-19:00"",""outdoor_seating"":""yes"",""takeaway"":""yes"",""formatted_address"":""Bulevardul Decebal 18, 030968, București"",""primary_type"":""amenity=cafe"",""osm_meta"":{""version"":1,""timestamp"":""2025-03-02T23:30:54Z"",""changeset"":163141414,""uid"":22580100,""user"":""GitGood""}}","{""type"":""node"",""id"":12631528283,""lat"":44.4298533,""lon"":26.1357092,""timestamp"":""2025-03-02T23:30:54Z"",""version"":1,""changeset"":163141414,""user"":""GitGood"",""uid"":22580100,""tags"":{""addr:city"":""București"",""addr:housenumber"":""18"",""addr:postcode"":""030968"",""addr:street"":""Bulevardul Decebal"",""amenity"":""cafe"",""brand"":""5 to go"",""brand:wikidata"":""Q115684369"",""cuisine"":""coffee_shop"",""name"":""5 to go"",""opening_hours"":""Mo-Fr 07:00-20:30; Sa-Su 08:30-19:00"",""outdoor_seating"":""yes"",""takeaway"":""yes""}}",2026-05-30 08:46:18.442513+00:00
osm,osm:node/4386869501,Snack Lab,Romania,Bucharest,cafe,44.4334539,26.1269234,,,,,"{""amenity"":""cafe"",""name"":""Snack Lab"",""formatted_address"":"""",""primary_type"":""amenity=cafe"",""osm_meta"":{""version"":1,""timestamp"":""2016-09-06T10:28:41Z"",""changeset"":41951797,""uid"":1164579,""user"":""dincaionclaudiu""}}","{""type"":""node"",""id"":4386869501,""lat"":44.4334539,""lon"":26.1269234,""timestamp"":""2016-09-06T10:28:41Z"",""version"":1,""changeset"":41951797,""user"":""dincaionclaudiu"",""uid"":1164579,""tags"":{""amenity"":""cafe"",""name"":""Snack Lab""}}",2026-05-30 08:46:18.442513+00:00
osm,osm:node/11511308427,Volt,RO,București,cafe,44.4325956,26.1258783,,,,,"{""addr:city"":""București"",""addr:country"":""RO"",""addr:housenumber"":""97"",""addr:postcode"":""024076"",""addr:postcode:source"":""Date de la Poșta Română, publicate sub Licența pentru Guvernare Deschisă v1.0 la http://date.gov.ro/organization/posta-romana"",""addr:street"":""Strada Popa Nan"",""amenity"":""cafe"",""name"":""Volt"",""opening_hours"":""Mo-Fr 07:00-20:00; Sa-Su 07:30-18:00"",""outdoor_seating"":""yes"",""formatted_address"":""Strada Popa Nan 97, 024076, București"",""primary_type"":""amenity=cafe"",""osm_meta"":{""version"":2,""timestamp"":""2026-02-28T18:56:30Z"",""changeset"":179183204,""uid"":20320807,""user"":""SGFRO""}}","{""type"":""node"",""id"":11511308427,""lat"":44.4325956,""lon"":26.1258783,""timestamp"":""2026-02-28T18:56:30Z"",""version"":2,""changeset"":179183204,""user"":""SGFRO"",""uid"":20320807,""tags"":{""addr:city"":""București"",""addr:country"":""RO"",""addr:housenumber"":""97"",""addr:postcode"":""024076"",""addr:postcode:source"":""Date de la Poșta Română, publicate sub Licența pentru Guvernare Deschisă v1.0 la http://date.gov.ro/organization/posta-romana"",""addr:street"":""Strada Popa Nan"",""amenity"":""cafe"",""name"":""Volt"",""opening_hours"":""Mo-Fr 07:00-20:00; Sa-Su 07:30-18:00"",""outdoor_seating"":""yes""}}",2026-05-30 08:46:18.442513+00:00
osm,osm:node/3060140133,Loka,Romania,Bucharest,cafe,44.4301888,26.1351361,,,,,"{""amenity"":""cafe"",""name"":""Loka"",""source:name"":""survey"",""formatted_address"":"""",""primary_type"":""amenity=cafe"",""osm_meta"":{""version"":3,""timestamp"":""2022-01-07T13:30:26Z"",""changeset"":115877362,""uid"":2287200,""user"":""Buraddo""}}","{""type"":""node"",""id"":3060140133,""lat"":44.4301888,""lon"":26.1351361,""timestamp"":""2022-01-07T13:30:26Z"",""version"":3,""changeset"":115877362,""user"":""Buraddo"",""uid"":2287200,""tags"":{""amenity"":""cafe"",""name"":""Loka"",""source:name"":""survey""}}",2026-05-30 08:46:18.442513+00:00
osm,osm:node/8536883291,Gatto Lounge,Romania,București,cafe,44.4304076,26.1355172,,,,,"{""addr:city"":""București"",""addr:street"":""Bulevardul Decebal"",""amenity"":""cafe"",""name"":""Gatto Lounge"",""source:name"":""survey"",""formatted_address"":""Bulevardul Decebal, București"",""primary_type"":""amenity=cafe"",""osm_meta"":{""version"":2,""timestamp"":""2026-05-03T20:10:32Z"",""changeset"":182177198,""uid"":20320807,""user"":""SGFRO""}}","{""type"":""node"",""id"":8536883291,""lat"":44.4304076,""lon"":26.1355172,""timestamp"":""2026-05-03T20:10:32Z"",""version"":2,""changeset"":182177198,""user"":""SGFRO"",""uid"":20320807,""tags"":{""addr:city"":""București"",""addr:street"":""Bulevardul Decebal"",""amenity"":""cafe"",""name"":""Gatto Lounge"",""source:name"":""survey""}}",2026-05-30 08:46:18.442513+00:00
osm,osm:node/11252501337,5 to go,Romania,București,cafe,44.4293932,26.1385854,,,,,"{""addr:city"":""București"",""amenity"":""cafe"",""brand"":""5 to go"",""brand:wikidata"":""Q115684369"",""cuisine"":""coffee_shop"",""name"":""5 to go"",""takeaway"":""yes"",""formatted_address"":""București"",""primary_type"":""amenity=cafe"",""osm_meta"":{""version"":3,""timestamp"":""2024-11-25T09:13:44Z"",""changeset"":159563797,""uid"":69259,""user"":""DnaX""}}","{""type"":""node"",""id"":11252501337,""lat"":44.4293932,""lon"":26.1385854,""timestamp"":""2024-11-25T09:13:44Z"",""version"":3,""changeset"":159563797,""user"":""DnaX"",""uid"":69259,""tags"":{""addr:city"":""București"",""amenity"":""cafe"",""brand"":""5 to go"",""brand:wikidata"":""Q115684369"",""cuisine"":""coffee_shop"",""name"":""5 to go"",""takeaway"":""yes""}}",2026-05-30 08:46:18.442513+00:00
osm,osm:node/12697500425,Level Up,Romania,Bucharest,cafe,44.4259511,26.1360989,,,,,"{""amenity"":""cafe"",""cuisine"":""coffee_shop"",""name"":""Level Up"",""formatted_address"":"""",""primary_type"":""amenity=cafe"",""osm_meta"":{""version"":1,""timestamp"":""2025-03-24T21:22:42Z"",""changeset"":164052306,""uid"":22580100,""user"":""GitGood""}}","{""type"":""node"",""id"":12697500425,""lat"":44.4259511,""lon"":26.1360989,""timestamp"":""2025-03-24T21:22:42Z"",""version"":1,""changeset"":164052306,""user"":""GitGood"",""uid"":22580100,""tags"":{""amenity"":""cafe"",""cuisine"":""coffee_shop"",""name"":""Level Up""}}",2026-05-30 08:46:18.442513+00:00
osm,osm:node/8599551538,The Host,Romania,București,cafe,44.432723,26.1389298,,,,,"{""addr:city"":""București"",""addr:housenumber"":""219"",""addr:postcode"":""021323"",""addr:postcode:source"":""Date de la Poșta Română, publicate sub Licența pentru Guvernare Deschisă v1.0 la http://date.gov.ro/organization/posta-romana"",""addr:street"":""Șoseaua Mihai Bravu"",""amenity"":""cafe"",""name"":""The Host"",""opening_hours"":""Mo-Su 11:00-23:00"",""formatted_address"":""Șoseaua Mihai Bravu 219, 021323, București"",""primary_type"":""amenity=cafe"",""osm_meta"":{""version"":5,""timestamp"":""2022-07-14T17:16:50Z"",""changeset"":123618636,""uid"":13546437,""user"":""irene4b""}}","{""type"":""node"",""id"":8599551538,""lat"":44.432723,""lon"":26.1389298,""timestamp"":""2022-07-14T17:16:50Z"",""version"":5,""changeset"":123618636,""user"":""irene4b"",""uid"":13546437,""tags"":{""addr:city"":""București"",""addr:housenumber"":""219"",""addr:postcode"":""021323"",""addr:postcode:source"":""Date de la Poșta Română, publicate sub Licența pentru Guvernare Deschisă v1.0 la http://date.gov.ro/organization/posta-romana"",""addr:street"":""Șoseaua Mihai Bravu"",""amenity"":""cafe"",""name"":""The Host"",""opening_hours"":""Mo-Su 11:00-23:00""}}",2026-05-30 08:46:18.442513+00:00
osm,osm:node/8599551539,Boiler Coffee Shop,Romania,București,cafe,44.4329454,26.1387929,,,,,"{""addr:city"":""București"",""addr:housenumber"":""1"",""addr:street"":""Strada Inginer Slăniceanu Nicolae"",""amenity"":""cafe"",""name"":""Boiler Coffee Shop"",""opening_hours"":""Mo-Sa 08:00-19:00; Su 09:00-19:00"",""source"":""http://urbanism.pmb.ro;legea 544/2001;survey"",""wheelchair"":""limited"",""formatted_address"":""Strada Inginer Slăniceanu Nicolae 1, București"",""primary_type"":""amenity=cafe"",""osm_meta"":{""version"":3,""timestamp"":""2021-05-14T10:20:11Z"",""changeset"":104678824,""uid"":9458168,""user"":""Gorka115""}}","{""type"":""node"",""id"":8599551539,""lat"":44.4329454,""lon"":26.1387929,""timestamp"":""2021-05-14T10:20:11Z"",""version"":3,""changeset"":104678824,""user"":""Gorka115"",""uid"":9458168,""tags"":{""addr:city"":""București"",""addr:housenumber"":""1"",""addr:street"":""Strada Inginer Slăniceanu Nicolae"",""amenity"":""cafe"",""name"":""Boiler Coffee Shop"",""opening_hours"":""Mo-Sa 08:00-19:00; Su 09:00-19:00"",""source"":""http://urbanism.pmb.ro;legea 544/2001;survey"",""wheelchair"":""limited""}}",2026-05-30 08:46:18.442513+00:00
osm,osm:node/11848065261,Vicii,Romania,Bucharest,cafe,44.4330505,26.1376842,,,,,"{""amenity"":""cafe"",""cuisine"":""coffee_shop"",""name"":""Vicii"",""formatted_address"":"""",""primary_type"":""amenity=cafe"",""osm_meta"":{""version"":1,""timestamp"":""2024-04-25T18:31:06Z"",""changeset"":150509570,""uid"":20320807,""user"":""SGFRO""}}","{""type"":""node"",""id"":11848065261,""lat"":44.4330505,""lon"":26.1376842,""timestamp"":""2024-04-25T18:31:06Z"",""version"":1,""changeset"":150509570,""user"":""SGFRO"",""uid"":20320807,""tags"":{""amenity"":""cafe"",""cuisine"":""coffee_shop"",""name"":""Vicii""}}",2026-05-30 08:46:18.442513+00:00
osm,osm:node/12634499469,5 to go,Romania,București,cafe,44.4320095,26.1371158,,,,,"{""addr:city"":""București"",""addr:housenumber"":""321"",""addr:postcode"":""030622"",""addr:street"":""Calea Călărașilor"",""amenity"":""cafe"",""brand"":""5 to go"",""brand:wikidata"":""Q115684369"",""cuisine"":""coffee_shop"",""name"":""5 to go"",""opening_hours"":""Mo-Fr 07:00-18:00; Sa 09:00-15:00"",""takeaway"":""yes"",""formatted_address"":""Calea Călărașilor 321, 030622, București"",""primary_type"":""amenity=cafe"",""osm_meta"":{""version"":1,""timestamp"":""2025-03-03T21:44:55Z"",""changeset"":163179024,""uid"":22580100,""user"":""GitGood""}}","{""type"":""node"",""id"":12634499469,""lat"":44.4320095,""lon"":26.1371158,""timestamp"":""2025-03-03T21:44:55Z"",""version"":1,""changeset"":163179024,""user"":""GitGood"",""uid"":22580100,""tags"":{""addr:city"":""București"",""addr:housenumber"":""321"",""addr:postcode"":""030622"",""addr:street"":""Calea Călărașilor"",""amenity"":""cafe"",""brand"":""5 to go"",""brand:wikidata"":""Q115684369"",""cuisine"":""coffee_shop"",""name"":""5 to go"",""opening_hours"":""Mo-Fr 07:00-18:00; Sa 09:00-15:00"",""takeaway"":""yes""}}",2026-05-30 08:46:18.442513+00:00
osm,osm:way/1001017507,others,Romania,București,cafe,44.4360921,26.1010251,,,,,"{""addr:city"":""București"",""amenity"":""cafe"",""building"":""retail"",""building:levels"":""1"",""cuisine"":""coffee_shop"",""formatted_address"":""București"",""primary_type"":""amenity=cafe"",""osm_meta"":{""version"":6,""timestamp"":""2026-03-29T20:20:28Z"",""changeset"":180602324,""uid"":1281559,""user"":""melo_1""}}","{""type"":""way"",""id"":1001017507,""timestamp"":""2026-03-29T20:20:28Z"",""version"":6,""changeset"":180602324,""user"":""melo_1"",""uid"":1281559,""center"":{""lat"":44.4360921,""lon"":26.1010251},""nodes"":[9239867045,13688338156,13688338159,13688236041,13689458008,9239867044,13689458015,9239867045],""tags"":{""addr:city"":""București"",""amenity"":""cafe"",""building"":""retail"",""building:levels"":""1"",""cuisine"":""coffee_shop""}}",2026-05-30 08:46:18.442513+00:00
osm,osm:node/10997995978,5 to go,RO,București,cafe,44.408503,26.1396175,,,,,"{""addr:city"":""București"",""addr:country"":""RO"",""addr:housenumber"":""236"",""addr:postcode"":""031303"",""addr:street"":""Calea Vitan"",""amenity"":""cafe"",""branch"":""Auchan Vitan"",""brand"":""5 to go"",""brand:wikidata"":""Q115684369"",""cuisine"":""coffee_shop"",""name"":""5 to go"",""opening_hours"":""Mo-Su 08:00-22:00"",""takeaway"":""yes"",""website"":""https://fivetogo.ro/"",""formatted_address"":""Calea Vitan 236, 031303, București"",""primary_type"":""amenity=cafe"",""osm_meta"":{""version"":1,""timestamp"":""2023-06-22T17:48:38Z"",""changeset"":137657460,""uid"":9484321,""user"":""Dan 9""}}","{""type"":""node"",""id"":10997995978,""lat"":44.408503,""lon"":26.1396175,""timestamp"":""2023-06-22T17:48:38Z"",""version"":1,""changeset"":137657460,""user"":""Dan 9"",""uid"":9484321,""tags"":{""addr:city"":""București"",""addr:country"":""RO"",""addr:housenumber"":""236"",""addr:postcode"":""031303"",""addr:street"":""Calea Vitan"",""amenity"":""cafe"",""branch"":""Auchan Vitan"",""brand"":""5 to go"",""brand:wikidata"":""Q115684369"",""cuisine"":""coffee_shop"",""name"":""5 to go"",""opening_hours"":""Mo-Su 08:00-22:00"",""takeaway"":""yes"",""website"":""https://fivetogo.ro/""}}",2026-05-30 08:46:18.442513+00:00
osm,osm:node/6155872130,Starbucks,RO,București,cafe,44.4213743,26.14944,,,,,"{""addr:city"":""București"",""addr:country"":""RO"",""addr:housenumber"":""4"",""addr:postcode"":""031773"",""addr:street"":""Strada Liviu Rebreanu"",""amenity"":""cafe"",""branch"":""ParkLake"",""brand"":""Starbucks"",""brand:wikidata"":""Q37158"",""brand:wikipedia"":""en:Starbucks"",""cuisine"":""coffee_shop"",""level"":""0"",""name"":""Starbucks"",""official_name"":""Starbucks Coffee"",""opening_hours"":""Mo-Su 08:00-22:00"",""operator"":""Amrest Coffee SRL"",""outdoor_seating"":""yes"",""phone"":""+40 756 040 654"",""start_date"":""2016"",""takeaway"":""yes"",""website"":""https://www.starbucksromania.ro/"",""formatted_address"":""Strada Liviu Rebreanu 4, 031773, București"",""primary_type"":""amenity=cafe"",""osm_meta"":{""version"":5,""timestamp"":""2023-06-27T09:01:45Z"",""changeset"":137825320,""uid"":9484321,""user"":""Dan 9""}}","{""type"":""node"",""id"":6155872130,""lat"":44.4213743,""lon"":26.14944,""timestamp"":""2023-06-27T09:01:45Z"",""version"":5,""changeset"":137825320,""user"":""Dan 9"",""uid"":9484321,""tags"":{""addr:city"":""București"",""addr:country"":""RO"",""addr:housenumber"":""4"",""addr:postcode"":""031773"",""addr:street"":""Strada Liviu Rebreanu"",""amenity"":""cafe"",""branch"":""ParkLake"",""brand"":""Starbucks"",""brand:wikidata"":""Q37158"",""brand:wikipedia"":""en:Starbucks"",""cuisine"":""coffee_shop"",""level"":""0"",""name"":""Starbucks"",""official_name"":""Starbucks Coffee"",""opening_hours"":""Mo-Su 08:00-22:00"",""operator"":""Amrest Coffee SRL"",""outdoor_seating"":""yes"",""phone"":""+40 756 040 654"",""start_date"":""2016"",""takeaway"":""yes"",""website"":""https://www.starbucksromania.ro/""}}",2026-05-30 08:46:18.442513+00:00
osm,osm:node/9394387029,Mikel,RO,București,cafe,44.4215677,26.1496615,,,,,"{""addr:city"":""București"",""addr:country"":""RO"",""addr:housenumber"":""4"",""addr:postcode"":""031773"",""addr:street"":""Strada Liviu Rebreanu"",""amenity"":""cafe"",""branch"":""ParkLake"",""brand"":""Mikel"",""brand:wikidata"":""Q16952021"",""brand:wikipedia"":""en:Mikel Coffee Company"",""level"":""0"",""name"":""Mikel"",""opening_hours"":""Mo-Su 08:30-22:00"",""outdoor_seating"":""yes"",""phone"":""+40 771 017 624"",""website"":""https://mikelcoffee.com/"",""formatted_address"":""Strada Liviu Rebreanu 4, 031773, București"",""primary_type"":""amenity=cafe"",""osm_meta"":{""version"":2,""timestamp"":""2023-06-27T09:01:45Z"",""changeset"":137825320,""uid"":9484321,""user"":""Dan 9""}}","{""type"":""node"",""id"":9394387029,""lat"":44.4215677,""lon"":26.1496615,""timestamp"":""2023-06-27T09:01:45Z"",""version"":2,""changeset"":137825320,""user"":""Dan 9"",""uid"":9484321,""tags"":{""addr:city"":""București"",""addr:country"":""RO"",""addr:housenumber"":""4"",""addr:postcode"":""031773"",""addr:street"":""Strada Liviu Rebreanu"",""amenity"":""cafe"",""branch"":""ParkLake"",""brand"":""Mikel"",""brand:wikidata"":""Q16952021"",""brand:wikipedia"":""en:Mikel Coffee Company"",""level"":""0"",""name"":""Mikel"",""opening_hours"":""Mo-Su 08:30-22:00"",""outdoor_seating"":""yes"",""phone"":""+40 771 017 624"",""website"":""https://mikelcoffee.com/""}}",2026-05-30 08:46:18.442513+00:00
osm,osm:node/9394387196,Ted's Coffee Co.,Romania,București,cafe,44.420259,26.150055,,,,,"{""addr:city"":""București"",""addr:housenumber"":""4"",""addr:postcode"":""031773"",""addr:street"":""Strada Liviu Rebreanu"",""amenity"":""cafe"",""brand"":""Ted's Coffee Co."",""brand:wikidata"":""Q137035177"",""cuisine"":""coffee_shop"",""level"":""0"",""name"":""Ted's Coffee Co."",""opening_hours"":""Mo-Su 08:00-22:00"",""outdoor_seating"":""yes"",""takeaway"":""yes"",""formatted_address"":""Strada Liviu Rebreanu 4, 031773, București"",""primary_type"":""amenity=cafe"",""osm_meta"":{""version"":3,""timestamp"":""2026-04-07T22:26:12Z"",""changeset"":181022715,""uid"":69259,""user"":""DnaX""}}","{""type"":""node"",""id"":9394387196,""lat"":44.420259,""lon"":26.150055,""timestamp"":""2026-04-07T22:26:12Z"",""version"":3,""changeset"":181022715,""user"":""DnaX"",""uid"":69259,""tags"":{""addr:city"":""București"",""addr:housenumber"":""4"",""addr:postcode"":""031773"",""addr:street"":""Strada Liviu Rebreanu"",""amenity"":""cafe"",""brand"":""Ted's Coffee Co."",""brand:wikidata"":""Q137035177"",""cuisine"":""coffee_shop"",""level"":""0"",""name"":""Ted's Coffee Co."",""opening_hours"":""Mo-Su 08:00-22:00"",""outdoor_seating"":""yes"",""takeaway"":""yes""}}",2026-05-30 08:46:18.442513+00:00
osm,osm:node/9394387210,Handsome Monk,RO,București,cafe,44.4209709,26.150554,,,,,"{""addr:city"":""București"",""addr:country"":""RO"",""addr:housenumber"":""4"",""addr:postcode"":""031783"",""addr:postcode:source"":""Date de la Poșta Română, publicate sub Licența pentru Guvernare Deschisă v1.0 la http://date.gov.ro/organization/posta-romana"",""addr:street"":""Strada Liviu Rebreanu"",""amenity"":""cafe"",""branch"":""ParkLake"",""cuisine"":""coffee_shop"",""level"":""1"",""name"":""Handsome Monk"",""opening_hours"":""Mo-Su 10:00-22:00"",""outdoor_seating"":""yes"",""phone"":""+40 762 257 258"",""website"":""https://handsomemonk.com/"",""formatted_address"":""Strada Liviu Rebreanu 4, 031783, București"",""primary_type"":""amenity=cafe"",""osm_meta"":{""version"":3,""timestamp"":""2024-06-23T12:48:11Z"",""changeset"":153066286,""uid"":9451067,""user"":""b-jazz-bot""}}","{""type"":""node"",""id"":9394387210,""lat"":44.4209709,""lon"":26.150554,""timestamp"":""2024-06-23T12:48:11Z"",""version"":3,""changeset"":153066286,""user"":""b-jazz-bot"",""uid"":9451067,""tags"":{""addr:city"":""București"",""addr:country"":""RO"",""addr:housenumber"":""4"",""addr:postcode"":""031783"",""addr:postcode:source"":""Date de la Poșta Română, publicate sub Licența pentru Guvernare Deschisă v1.0 la http://date.gov.ro/organization/posta-romana"",""addr:street"":""Strada Liviu Rebreanu"",""amenity"":""cafe"",""branch"":""ParkLake"",""cuisine"":""coffee_shop"",""level"":""1"",""name"":""Handsome Monk"",""opening_hours"":""Mo-Su 10:00-22:00"",""outdoor_seating"":""yes"",""phone"":""+40 762 257 258"",""website"":""https://handsomemonk.com/""}}",2026-05-30 08:46:18.442513+00:00
osm,osm:node/11009898061,Tea Star,RO,București,cafe,44.4203821,26.1501651,,,,,"{""addr:city"":""București"",""addr:country"":""RO"",""addr:housenumber"":""4"",""addr:postcode"":""031773"",""addr:street"":""Strada Liviu Rebreanu"",""amenity"":""cafe"",""branch"":""ParkLake"",""cuisine"":""bubble_tea"",""name"":""Tea Star"",""opening_hours"":""Mo-Su 10:00-22:00"",""phone"":""+40 755 431 257"",""source"":""survey"",""formatted_address"":""Strada Liviu Rebreanu 4, 031773, București"",""primary_type"":""amenity=cafe"",""osm_meta"":{""version"":1,""timestamp"":""2023-06-27T09:01:45Z"",""changeset"":137825320,""uid"":9484321,""user"":""Dan 9""}}","{""type"":""node"",""id"":11009898061,""lat"":44.4203821,""lon"":26.1501651,""timestamp"":""2023-06-27T09:01:45Z"",""version"":1,""changeset"":137825320,""user"":""Dan 9"",""uid"":9484321,""tags"":{""addr:city"":""București"",""addr:country"":""RO"",""addr:housenumber"":""4"",""addr:postcode"":""031773"",""addr:street"":""Strada Liviu Rebreanu"",""amenity"":""cafe"",""branch"":""ParkLake"",""cuisine"":""bubble_tea"",""name"":""Tea Star"",""opening_hours"":""Mo-Su 10:00-22:00"",""phone"":""+40 755 431 257"",""source"":""survey""}}",2026-05-30 08:46:18.442513+00:00
osm,osm:node/11773783020,Ceaicoffski,Romania,Bucharest,cafe,44.4183048,26.1595092,,,,,"{""amenity"":""cafe"",""cuisine"":""coffee_shop"",""name"":""Ceaicoffski"",""opening_hours"":""Mo-Su 08:00-20:00"",""formatted_address"":"""",""primary_type"":""amenity=cafe"",""osm_meta"":{""version"":3,""timestamp"":""2025-07-09T08:20:14Z"",""changeset"":168682599,""uid"":2669619,""user"":""Tiberiu Popescu""}}","{""type"":""node"",""id"":11773783020,""lat"":44.4183048,""lon"":26.1595092,""timestamp"":""2025-07-09T08:20:14Z"",""version"":3,""changeset"":168682599,""user"":""Tiberiu Popescu"",""uid"":2669619,""tags"":{""amenity"":""cafe"",""cuisine"":""coffee_shop"",""name"":""Ceaicoffski"",""opening_hours"":""Mo-Su 08:00-20:00""}}",2026-05-30 08:46:18.442513+00:00
osm,osm:node/12184759801,5 to go,Romania,București,cafe,44.409653,26.1783898,,,,,"{""addr:city"":""București"",""amenity"":""cafe"",""brand"":""5 to go"",""brand:wikidata"":""Q115684369"",""cuisine"":""coffee_shop"",""name"":""5 to go"",""takeaway"":""yes"",""formatted_address"":""București"",""primary_type"":""amenity=cafe"",""osm_meta"":{""version"":2,""timestamp"":""2025-10-11T18:21:04Z"",""changeset"":173150061,""uid"":128281,""user"":""rarad74""}}","{""type"":""node"",""id"":12184759801,""lat"":44.409653,""lon"":26.1783898,""timestamp"":""2025-10-11T18:21:04Z"",""version"":2,""changeset"":173150061,""user"":""rarad74"",""uid"":128281,""tags"":{""addr:city"":""București"",""amenity"":""cafe"",""brand"":""5 to go"",""brand:wikidata"":""Q115684369"",""cuisine"":""coffee_shop"",""name"":""5 to go"",""takeaway"":""yes""}}",2026-05-30 08:46:18.442513+00:00
osm,osm:node/10880419536,Kohi,Romania,Bucharest,cafe,44.4135244,26.1634959,,,,,"{""amenity"":""cafe"",""name"":""Kohi"",""formatted_address"":"""",""primary_type"":""amenity=cafe"",""osm_meta"":{""version"":2,""timestamp"":""2023-05-23T14:47:58Z"",""changeset"":136460309,""uid"":10517467,""user"":""Teo Cata""}}","{""type"":""node"",""id"":10880419536,""lat"":44.4135244,""lon"":26.1634959,""timestamp"":""2023-05-23T14:47:58Z"",""version"":2,""changeset"":136460309,""user"":""Teo Cata"",""uid"":10517467,""tags"":{""amenity"":""cafe"",""name"":""Kohi""}}",2026-05-30 08:46:18.442513+00:00
osm,osm:node/12184743129,5 to go,Romania,București,cafe,44.4129556,26.1628602,,,,,"{""addr:city"":""București"",""amenity"":""cafe"",""brand"":""5 to go"",""brand:wikidata"":""Q115684369"",""cuisine"":""coffee_shop"",""name"":""5 to go"",""takeaway"":""yes"",""formatted_address"":""București"",""primary_type"":""amenity=cafe"",""osm_meta"":{""version"":1,""timestamp"":""2024-09-18T19:37:17Z"",""changeset"":156790547,""uid"":128281,""user"":""rarad74""}}","{""type"":""node"",""id"":12184743129,""lat"":44.4129556,""lon"":26.1628602,""timestamp"":""2024-09-18T19:37:17Z"",""version"":1,""changeset"":156790547,""user"":""rarad74"",""uid"":128281,""tags"":{""addr:city"":""București"",""amenity"":""cafe"",""brand"":""5 to go"",""brand:wikidata"":""Q115684369"",""cuisine"":""coffee_shop"",""name"":""5 to go"",""takeaway"":""yes""}}",2026-05-30 08:46:18.442513+00:00
osm,osm:node/12270905790,5 to go,Romania,București,cafe,44.4113433,26.1733417,,,,,"{""addr:city"":""București"",""amenity"":""cafe"",""brand"":""5 to go"",""brand:wikidata"":""Q115684369"",""cuisine"":""coffee_shop"",""name"":""5 to go"",""takeaway"":""yes"",""formatted_address"":""București"",""primary_type"":""amenity=cafe"",""osm_meta"":{""version"":2,""timestamp"":""2025-10-11T18:21:04Z"",""changeset"":173150061,""uid"":128281,""user"":""rarad74""}}","{""type"":""node"",""id"":12270905790,""lat"":44.4113433,""lon"":26.1733417,""timestamp"":""2025-10-11T18:21:04Z"",""version"":2,""changeset"":173150061,""user"":""rarad74"",""uid"":128281,""tags"":{""addr:city"":""București"",""amenity"":""cafe"",""brand"":""5 to go"",""brand:wikidata"":""Q115684369"",""cuisine"":""coffee_shop"",""name"":""5 to go"",""takeaway"":""yes""}}",2026-05-30 08:46:18.442513+00:00
osm,osm:node/11740602310,5 to go,Romania,Bucharest,cafe,44.421202,26.1637511,,,,,"{""amenity"":""cafe"",""brand"":""5 to go"",""brand:wikidata"":""Q115684369"",""cuisine"":""coffee_shop"",""name"":""5 to go"",""opening_hours"":""Mo-Fr 07:00-18:00; Sa,Su 09:00-17:00"",""takeaway"":""yes"",""formatted_address"":"""",""primary_type"":""amenity=cafe"",""osm_meta"":{""version"":2,""timestamp"":""2025-08-04T11:09:14Z"",""changeset"":169948919,""uid"":2669619,""user"":""Tiberiu Popescu""}}","{""type"":""node"",""id"":11740602310,""lat"":44.421202,""lon"":26.1637511,""timestamp"":""2025-08-04T11:09:14Z"",""version"":2,""changeset"":169948919,""user"":""Tiberiu Popescu"",""uid"":2669619,""tags"":{""amenity"":""cafe"",""brand"":""5 to go"",""brand:wikidata"":""Q115684369"",""cuisine"":""coffee_shop"",""name"":""5 to go"",""opening_hours"":""Mo-Fr 07:00-18:00; Sa,Su 09:00-17:00"",""takeaway"":""yes""}}",2026-05-30 08:46:18.442513+00:00
osm,osm:node/3724064425,Asa Cafe,Romania,București,cafe,44.4138401,26.1785145,,,,,"{""addr:city"":""București"",""addr:housenumber"":""92"",""addr:street"":""Strada Ghiță Șerban Soldat"",""amenity"":""cafe"",""name"":""Asa Cafe"",""source:addr:housenumber"":""survey"",""formatted_address"":""Strada Ghiță Șerban Soldat 92, București"",""primary_type"":""amenity=cafe"",""osm_meta"":{""version"":6,""timestamp"":""2026-02-16T19:34:17Z"",""changeset"":178645842,""uid"":128281,""user"":""rarad74""}}","{""type"":""node"",""id"":3724064425,""lat"":44.4138401,""lon"":26.1785145,""timestamp"":""2026-02-16T19:34:17Z"",""version"":6,""changeset"":178645842,""user"":""rarad74"",""uid"":128281,""tags"":{""addr:city"":""București"",""addr:housenumber"":""92"",""addr:street"":""Strada Ghiță Șerban Soldat"",""amenity"":""cafe"",""name"":""Asa Cafe"",""source:addr:housenumber"":""survey""}}",2026-05-30 08:46:18.442513+00:00
osm,osm:node/13253101112,5 to go,Romania,Bucharest,cafe,44.4165457,26.1817457,,,,,"{""amenity"":""cafe"",""brand"":""5 to go"",""brand:wikidata"":""Q115684369"",""cuisine"":""coffee_shop"",""name"":""5 to go"",""takeaway"":""yes"",""formatted_address"":"""",""primary_type"":""amenity=cafe"",""osm_meta"":{""version"":1,""timestamp"":""2025-10-23T22:18:59Z"",""changeset"":173694050,""uid"":23169390,""user"":""mihneacristian93""}}","{""type"":""node"",""id"":13253101112,""lat"":44.4165457,""lon"":26.1817457,""timestamp"":""2025-10-23T22:18:59Z"",""version"":1,""changeset"":173694050,""user"":""mihneacristian93"",""uid"":23169390,""tags"":{""amenity"":""cafe"",""brand"":""5 to go"",""brand:wikidata"":""Q115684369"",""cuisine"":""coffee_shop"",""name"":""5 to go"",""takeaway"":""yes""}}",2026-05-30 08:46:18.442513+00:00
osm,osm:node/442896961,5 to go,RO,București,cafe,44.4207301,26.1789437,,,,,"{""addr:city"":""București"",""addr:country"":""RO"",""addr:housenumber"":""33A"",""addr:postcode"":""032455"",""addr:street"":""Bulevardul 1 Decembrie 1918"",""amenity"":""cafe"",""branch"":""Auchan Titan"",""brand"":""5 to go"",""brand:wikidata"":""Q115684369"",""cuisine"":""coffee_shop"",""level"":""0"",""name"":""5 to go"",""opening_hours"":""Mo-Su 09:00-21:00"",""takeaway"":""yes"",""formatted_address"":""Bulevardul 1 Decembrie 1918 33A, 032455, București"",""primary_type"":""amenity=cafe"",""osm_meta"":{""version"":3,""timestamp"":""2023-07-30T16:58:31Z"",""changeset"":139218299,""uid"":9484321,""user"":""Dan 9""}}","{""type"":""node"",""id"":442896961,""lat"":44.4207301,""lon"":26.1789437,""timestamp"":""2023-07-30T16:58:31Z"",""version"":3,""changeset"":139218299,""user"":""Dan 9"",""uid"":9484321,""tags"":{""addr:city"":""București"",""addr:country"":""RO"",""addr:housenumber"":""33A"",""addr:postcode"":""032455"",""addr:street"":""Bulevardul 1 Decembrie 1918"",""amenity"":""cafe"",""branch"":""Auchan Titan"",""brand"":""5 to go"",""brand:wikidata"":""Q115684369"",""cuisine"":""coffee_shop"",""level"":""0"",""name"":""5 to go"",""opening_hours"":""Mo-Su 09:00-21:00"",""takeaway"":""yes""}}",2026-05-30 08:46:18.442513+00:00
osm,osm:node/10302622597,5 to go,Romania,Bucharest,cafe,44.4233538,26.1773414,,,,,"{""amenity"":""cafe"",""brand"":""5 to go"",""brand:wikidata"":""Q115684369"",""cuisine"":""coffee_shop"",""name"":""5 to go"",""takeaway"":""yes"",""formatted_address"":"""",""primary_type"":""amenity=cafe"",""osm_meta"":{""version"":1,""timestamp"":""2023-01-03T15:39:02Z"",""changeset"":130832002,""uid"":69259,""user"":""DnaX""}}","{""type"":""node"",""id"":10302622597,""lat"":44.4233538,""lon"":26.1773414,""timestamp"":""2023-01-03T15:39:02Z"",""version"":1,""changeset"":130832002,""user"":""DnaX"",""uid"":69259,""tags"":{""amenity"":""cafe"",""brand"":""5 to go"",""brand:wikidata"":""Q115684369"",""cuisine"":""coffee_shop"",""name"":""5 to go"",""takeaway"":""yes""}}",2026-05-30 08:46:18.442513+00:00
osm,osm:node/11077275948,Tucano Coffee,RO,București,cafe,44.4194803,26.1776597,,,,,"{""addr:city"":""București"",""addr:country"":""RO"",""addr:housenumber"":""33A"",""addr:postcode"":""032455"",""addr:street"":""Bulevardul 1 Decembrie 1918"",""amenity"":""cafe"",""branch"":""Auchan Titan"",""brand"":""Tucano Coffee"",""level"":""0"",""name"":""Tucano Coffee"",""opening_hours"":""Mo-Sa 09:00-22:00; Su 10:00-22:00"",""phone"":""+40 754 860 291"",""website"":""https://www.tucanocoffee.com/"",""formatted_address"":""Bulevardul 1 Decembrie 1918 33A, 032455, București"",""primary_type"":""amenity=cafe"",""osm_meta"":{""version"":1,""timestamp"":""2023-07-30T16:58:31Z"",""changeset"":139218299,""uid"":9484321,""user"":""Dan 9""}}","{""type"":""node"",""id"":11077275948,""lat"":44.4194803,""lon"":26.1776597,""timestamp"":""2023-07-30T16:58:31Z"",""version"":1,""changeset"":139218299,""user"":""Dan 9"",""uid"":9484321,""tags"":{""addr:city"":""București"",""addr:country"":""RO"",""addr:housenumber"":""33A"",""addr:postcode"":""032455"",""addr:street"":""Bulevardul 1 Decembrie 1918"",""amenity"":""cafe"",""branch"":""Auchan Titan"",""brand"":""Tucano Coffee"",""level"":""0"",""name"":""Tucano Coffee"",""opening_hours"":""Mo-Sa 09:00-22:00; Su 10:00-22:00"",""phone"":""+40 754 860 291"",""website"":""https://www.tucanocoffee.com/""}}",2026-05-30 08:46:18.442513+00:00
osm,osm:node/12634210738,5 to go,Romania,București,cafe,44.4324387,26.1402463,,,,,"{""addr:city"":""București"",""addr:housenumber"":""15"",""addr:postcode"":""022102"",""addr:street"":""Bulevardul Basarabia"",""amenity"":""cafe"",""brand"":""5 to go"",""brand:wikidata"":""Q115684369"",""cuisine"":""coffee_shop"",""name"":""5 to go"",""opening_hours"":""Mo-Fr 07:00-17:00"",""outdoor_seating"":""yes"",""takeaway"":""yes"",""formatted_address"":""Bulevardul Basarabia 15, 022102, București"",""primary_type"":""amenity=cafe"",""osm_meta"":{""version"":1,""timestamp"":""2025-03-03T22:08:31Z"",""changeset"":163179632,""uid"":22580100,""user"":""GitGood""}}","{""type"":""node"",""id"":12634210738,""lat"":44.4324387,""lon"":26.1402463,""timestamp"":""2025-03-03T22:08:31Z"",""version"":1,""changeset"":163179632,""user"":""GitGood"",""uid"":22580100,""tags"":{""addr:city"":""București"",""addr:housenumber"":""15"",""addr:postcode"":""022102"",""addr:street"":""Bulevardul Basarabia"",""amenity"":""cafe"",""brand"":""5 to go"",""brand:wikidata"":""Q115684369"",""cuisine"":""coffee_shop"",""name"":""5 to go"",""opening_hours"":""Mo-Fr 07:00-17:00"",""outdoor_seating"":""yes"",""takeaway"":""yes""}}",2026-05-30 08:46:18.442513+00:00
osm,osm:node/7822134298,5 to go,Romania,București,cafe,44.4288956,26.1541328,,,,,"{""addr:city"":""București"",""addr:housenumber"":""6"",""addr:postcode"":""030392"",""addr:street"":""Strada Bucovina"",""amenity"":""cafe"",""brand"":""5 to go"",""brand:wikidata"":""Q115684369"",""cuisine"":""coffee_shop"",""name"":""5 to go"",""takeaway"":""yes"",""formatted_address"":""Strada Bucovina 6, 030392, București"",""primary_type"":""amenity=cafe"",""osm_meta"":{""version"":2,""timestamp"":""2023-11-30T10:07:29Z"",""changeset"":144619089,""uid"":69259,""user"":""DnaX""}}","{""type"":""node"",""id"":7822134298,""lat"":44.4288956,""lon"":26.1541328,""timestamp"":""2023-11-30T10:07:29Z"",""version"":2,""changeset"":144619089,""user"":""DnaX"",""uid"":69259,""tags"":{""addr:city"":""București"",""addr:housenumber"":""6"",""addr:postcode"":""030392"",""addr:street"":""Strada Bucovina"",""amenity"":""cafe"",""brand"":""5 to go"",""brand:wikidata"":""Q115684369"",""cuisine"":""coffee_shop"",""name"":""5 to go"",""takeaway"":""yes""}}",2026-05-30 08:46:18.442513+00:00
osm,osm:node/12330575298,The Cup,Romania,Bucharest,cafe,44.4372309,26.1586837,,,,,"{""amenity"":""cafe"",""name"":""The Cup"",""formatted_address"":"""",""primary_type"":""amenity=cafe"",""osm_meta"":{""version"":1,""timestamp"":""2024-11-11T10:24:28Z"",""changeset"":159001904,""uid"":10517467,""user"":""Teo Cata""}}","{""type"":""node"",""id"":12330575298,""lat"":44.4372309,""lon"":26.1586837,""timestamp"":""2024-11-11T10:24:28Z"",""version"":1,""changeset"":159001904,""user"":""Teo Cata"",""uid"":10517467,""tags"":{""amenity"":""cafe"",""name"":""The Cup""}}",2026-05-30 08:46:18.442513+00:00
osm,osm:node/13274646198,JAP,Romania,Bucharest,cafe,44.4246195,26.1625422,,,,,"{""amenity"":""cafe"",""name"":""JAP"",""formatted_address"":"""",""primary_type"":""amenity=cafe"",""osm_meta"":{""version"":1,""timestamp"":""2025-11-01T21:40:56Z"",""changeset"":174081352,""uid"":4170283,""user"":""Ionut Paduretu""}}","{""type"":""node"",""id"":13274646198,""lat"":44.4246195,""lon"":26.1625422,""timestamp"":""2025-11-01T21:40:56Z"",""version"":1,""changeset"":174081352,""user"":""Ionut Paduretu"",""uid"":4170283,""tags"":{""amenity"":""cafe"",""name"":""JAP""}}",2026-05-30 08:46:18.442513+00:00
osm,osm:node/11009752142,5 to go,Romania,București,cafe,44.4369784,26.1706776,,,,,"{""addr:city"":""București"",""addr:street"":""Bulevardul Basarabia"",""amenity"":""cafe"",""brand"":""5 to go"",""brand:wikidata"":""Q115684369"",""cuisine"":""coffee_shop"",""name"":""5 to go"",""takeaway"":""yes"",""formatted_address"":""Bulevardul Basarabia, București"",""primary_type"":""amenity=cafe"",""osm_meta"":{""version"":1,""timestamp"":""2023-06-27T07:44:09Z"",""changeset"":137822334,""uid"":128281,""user"":""rarad74""}}","{""type"":""node"",""id"":11009752142,""lat"":44.4369784,""lon"":26.1706776,""timestamp"":""2023-06-27T07:44:09Z"",""version"":1,""changeset"":137822334,""user"":""rarad74"",""uid"":128281,""tags"":{""addr:city"":""București"",""addr:street"":""Bulevardul Basarabia"",""amenity"":""cafe"",""brand"":""5 to go"",""brand:wikidata"":""Q115684369"",""cuisine"":""coffee_shop"",""name"":""5 to go"",""takeaway"":""yes""}}",2026-05-30 08:46:18.442513+00:00
osm,osm:way/1524213367,Riviera cafe,Romania,București,cafe,44.4329548,26.1450804,,,,,"{""addr:city"":""București"",""addr:housenumber"":""23"",""addr:street"":""Bulevardul Basarabia"",""amenity"":""cafe"",""building"":""yes"",""name"":""Riviera cafe"",""name:ro"":""Riviera cafe"",""formatted_address"":""Bulevardul Basarabia 23, București"",""primary_type"":""amenity=cafe"",""osm_meta"":{""version"":1,""timestamp"":""2026-05-28T22:44:33Z"",""changeset"":183327057,""uid"":3418742,""user"":""corrector_91""}}","{""type"":""way"",""id"":1524213367,""timestamp"":""2026-05-28T22:44:33Z"",""version"":1,""changeset"":183327057,""user"":""corrector_91"",""uid"":3418742,""center"":{""lat"":44.4329548,""lon"":26.1450804},""nodes"":[4534783693,13892703769,13892703770,13892703771,4534783693],""tags"":{""addr:city"":""București"",""addr:housenumber"":""23"",""addr:street"":""Bulevardul Basarabia"",""amenity"":""cafe"",""building"":""yes"",""name"":""Riviera cafe"",""name:ro"":""Riviera cafe""}}",2026-05-30 08:46:18.442513+00:00
osm,osm:way/162553166,No Name Cafe,Romania,Bucharest,cafe,44.4340457,26.160844,,,,,"{""amenity"":""cafe"",""building"":""yes"",""cuisine"":""cafe"",""name"":""No Name Cafe"",""formatted_address"":"""",""primary_type"":""amenity=cafe"",""osm_meta"":{""version"":5,""timestamp"":""2022-12-08T13:27:28Z"",""changeset"":129861370,""uid"":13722344,""user"":""Iulian M""}}","{""type"":""way"",""id"":162553166,""timestamp"":""2022-12-08T13:27:28Z"",""version"":5,""changeset"":129861370,""user"":""Iulian M"",""uid"":13722344,""center"":{""lat"":44.4340457,""lon"":26.160844},""nodes"":[1744177845,1744177847,6260277089,6260277090,1744177845],""tags"":{""amenity"":""cafe"",""building"":""yes"",""cuisine"":""cafe"",""name"":""No Name Cafe""}}",2026-05-30 08:46:18.442513+00:00
osm,osm:node/13710660636,Speciality Cofee,Romania,Bucharest,cafe,44.4077093,26.194283,,,,,"{""amenity"":""cafe"",""name"":""Speciality Cofee"",""formatted_address"":"""",""primary_type"":""amenity=cafe"",""osm_meta"":{""version"":2,""timestamp"":""2026-04-07T06:14:27Z"",""changeset"":180979927,""uid"":128281,""user"":""rarad74""}}","{""type"":""node"",""id"":13710660636,""lat"":44.4077093,""lon"":26.194283,""timestamp"":""2026-04-07T06:14:27Z"",""version"":2,""changeset"":180979927,""user"":""rarad74"",""uid"":128281,""tags"":{""amenity"":""cafe"",""name"":""Speciality Cofee""}}",2026-05-30 08:46:18.442513+00:00
osm,osm:node/11613196581,5 to go,Romania,București,cafe,44.4080095,26.2036976,,,,,"{""addr:city"":""București"",""amenity"":""cafe"",""brand"":""5 to go"",""brand:wikidata"":""Q115684369"",""cuisine"":""coffee_shop"",""name"":""5 to go"",""takeaway"":""yes"",""formatted_address"":""București"",""primary_type"":""amenity=cafe"",""osm_meta"":{""version"":4,""timestamp"":""2025-10-11T18:21:04Z"",""changeset"":173150061,""uid"":128281,""user"":""rarad74""}}","{""type"":""node"",""id"":11613196581,""lat"":44.4080095,""lon"":26.2036976,""timestamp"":""2025-10-11T18:21:04Z"",""version"":4,""changeset"":173150061,""user"":""rarad74"",""uid"":128281,""tags"":{""addr:city"":""București"",""amenity"":""cafe"",""brand"":""5 to go"",""brand:wikidata"":""Q115684369"",""cuisine"":""coffee_shop"",""name"":""5 to go"",""takeaway"":""yes""}}",2026-05-30 08:46:18.442513+00:00
osm,osm:node/13625439912,5 to go,Romania,Bucharest,cafe,44.404974,26.2066693,,,,,"{""amenity"":""cafe"",""brand"":""5 to go"",""brand:wikidata"":""Q115684369"",""cuisine"":""coffee_shop"",""name"":""5 to go"",""takeaway"":""yes"",""formatted_address"":"""",""primary_type"":""amenity=cafe"",""osm_meta"":{""version"":1,""timestamp"":""2026-03-07T18:01:57Z"",""changeset"":179503953,""uid"":20320807,""user"":""SGFRO""}}","{""type"":""node"",""id"":13625439912,""lat"":44.404974,""lon"":26.2066693,""timestamp"":""2026-03-07T18:01:57Z"",""version"":1,""changeset"":179503953,""user"":""SGFRO"",""uid"":20320807,""tags"":{""amenity"":""cafe"",""brand"":""5 to go"",""brand:wikidata"":""Q115684369"",""cuisine"":""coffee_shop"",""name"":""5 to go"",""takeaway"":""yes""}}",2026-05-30 08:46:18.442513+00:00
osm,osm:node/13017157587,5 to go,Romania,Bucharest,cafe,44.415567,26.1894865,,,,,"{""amenity"":""cafe"",""brand"":""5 to go"",""brand:wikidata"":""Q115684369"",""cuisine"":""coffee_shop"",""name"":""5 to go"",""takeaway"":""yes"",""formatted_address"":"""",""primary_type"":""amenity=cafe"",""osm_meta"":{""version"":1,""timestamp"":""2025-07-22T11:30:48Z"",""changeset"":169288498,""uid"":21863866,""user"":""agaczuus""}}","{""type"":""node"",""id"":13017157587,""lat"":44.415567,""lon"":26.1894865,""timestamp"":""2025-07-22T11:30:48Z"",""version"":1,""changeset"":169288498,""user"":""agaczuus"",""uid"":21863866,""tags"":{""amenity"":""cafe"",""brand"":""5 to go"",""brand:wikidata"":""Q115684369"",""cuisine"":""coffee_shop"",""name"":""5 to go"",""takeaway"":""yes""}}",2026-05-30 08:46:18.442513+00:00
osm,osm:node/10661203757,5 to go,Romania,București,cafe,44.4113933,26.1967828,,,,,"{""addr:city"":""București"",""addr:street"":""Drumul Gura Crivățului"",""amenity"":""cafe"",""brand"":""5 to go"",""brand:wikidata"":""Q115684369"",""cuisine"":""coffee_shop"",""name"":""5 to go"",""takeaway"":""yes"",""formatted_address"":""Drumul Gura Crivățului, București"",""primary_type"":""amenity=cafe"",""osm_meta"":{""version"":3,""timestamp"":""2023-02-22T12:48:28Z"",""changeset"":132878128,""uid"":128281,""user"":""rarad74""}}","{""type"":""node"",""id"":10661203757,""lat"":44.4113933,""lon"":26.1967828,""timestamp"":""2023-02-22T12:48:28Z"",""version"":3,""changeset"":132878128,""user"":""rarad74"",""uid"":128281,""tags"":{""addr:city"":""București"",""addr:street"":""Drumul Gura Crivățului"",""amenity"":""cafe"",""brand"":""5 to go"",""brand:wikidata"":""Q115684369"",""cuisine"":""coffee_shop"",""name"":""5 to go"",""takeaway"":""yes""}}",2026-05-30 08:46:18.442513+00:00
osm,osm:node/12271370806,others,Romania,București,cafe,44.4113968,26.198843,,,,,"{""addr:city"":""București"",""amenity"":""cafe"",""cuisine"":""coffee_shop"",""formatted_address"":""București"",""primary_type"":""amenity=cafe"",""osm_meta"":{""version"":2,""timestamp"":""2025-10-11T18:21:04Z"",""changeset"":173150061,""uid"":128281,""user"":""rarad74""}}","{""type"":""node"",""id"":12271370806,""lat"":44.4113968,""lon"":26.198843,""timestamp"":""2025-10-11T18:21:04Z"",""version"":2,""changeset"":173150061,""user"":""rarad74"",""uid"":128281,""tags"":{""addr:city"":""București"",""amenity"":""cafe"",""cuisine"":""coffee_shop""}}",2026-05-30 08:46:18.442513+00:00
osm,osm:node/13253101110,Caffelo,Romania,București,cafe,44.4120114,26.1954889,,,,,"{""addr:city"":""București"",""addr:street"":""Drumul Gura Crivățului"",""amenity"":""cafe"",""cuisine"":""coffee_shop"",""name"":""Caffelo"",""formatted_address"":""Drumul Gura Crivățului, București"",""primary_type"":""amenity=cafe"",""osm_meta"":{""version"":1,""timestamp"":""2025-10-23T22:18:59Z"",""changeset"":173694050,""uid"":23169390,""user"":""mihneacristian93""}}","{""type"":""node"",""id"":13253101110,""lat"":44.4120114,""lon"":26.1954889,""timestamp"":""2025-10-23T22:18:59Z"",""version"":1,""changeset"":173694050,""user"":""mihneacristian93"",""uid"":23169390,""tags"":{""addr:city"":""București"",""addr:street"":""Drumul Gura Crivățului"",""amenity"":""cafe"",""cuisine"":""coffee_shop"",""name"":""Caffelo""}}",2026-05-30 08:46:18.442513+00:00
osm,osm:node/9179976621,others,Romania,Bucharest,cafe,44.4345519,26.1857059,,,,,"{""amenity"":""cafe"",""formatted_address"":"""",""primary_type"":""amenity=cafe"",""osm_meta"":{""version"":1,""timestamp"":""2021-10-18T11:18:39Z"",""changeset"":112648185,""uid"":69259,""user"":""DnaX""}}","{""type"":""node"",""id"":9179976621,""lat"":44.4345519,""lon"":26.1857059,""timestamp"":""2021-10-18T11:18:39Z"",""version"":1,""changeset"":112648185,""user"":""DnaX"",""uid"":69259,""tags"":{""amenity"":""cafe""}}",2026-05-30 08:46:18.442513+00:00
osm,osm:node/13200130401,5 to go,Romania,Bucharest,cafe,44.4444165,25.9772634,,,,,"{""addr:housenumber"":""57"",""addr:postcode"":""077040"",""addr:street"":""Strada Sergent Ilie Petre"",""amenity"":""cafe"",""brand"":""5 to go"",""brand:wikidata"":""Q115684369"",""cuisine"":""coffee_shop"",""name"":""5 to go"",""opening_hours"":""Mo-Fr 07:00-18:00; Sa-Su 09:00-20:00"",""takeaway"":""yes"",""formatted_address"":""Strada Sergent Ilie Petre 57, 077040"",""primary_type"":""amenity=cafe"",""osm_meta"":{""version"":2,""timestamp"":""2026-04-07T22:52:12Z"",""changeset"":181023191,""uid"":69259,""user"":""DnaX""}}","{""type"":""node"",""id"":13200130401,""lat"":44.4444165,""lon"":25.9772634,""timestamp"":""2026-04-07T22:52:12Z"",""version"":2,""changeset"":181023191,""user"":""DnaX"",""uid"":69259,""tags"":{""addr:housenumber"":""57"",""addr:postcode"":""077040"",""addr:street"":""Strada Sergent Ilie Petre"",""amenity"":""cafe"",""brand"":""5 to go"",""brand:wikidata"":""Q115684369"",""cuisine"":""coffee_shop"",""name"":""5 to go"",""opening_hours"":""Mo-Fr 07:00-18:00; Sa-Su 09:00-20:00"",""takeaway"":""yes""}}",2026-05-30 08:46:18.442513+00:00
osm,osm:node/12282332080,Tucano Coffee,RO,Chiajna,cafe,44.4417305,25.9786379,,,,,"{""addr:city"":""Chiajna"",""addr:country"":""RO"",""addr:housenumber"":""87"",""addr:postcode"":""077041"",""addr:street"":""Strada Sergent Ilie Petre"",""amenity"":""cafe"",""cuisine"":""coffee_shop"",""level"":""0"",""name"":""Tucano Coffee"",""opening_hours"":""Mo-Su 07:00-21:00"",""outdoor_seating"":""yes"",""start_date"":""2024"",""website"":""https://tucanofranchise.com/"",""formatted_address"":""Strada Sergent Ilie Petre 87, 077041, Chiajna"",""primary_type"":""amenity=cafe"",""osm_meta"":{""version"":2,""timestamp"":""2024-11-06T11:45:18Z"",""changeset"":158814574,""uid"":17172759,""user"":""Maksym Chepynoga""}}","{""type"":""node"",""id"":12282332080,""lat"":44.4417305,""lon"":25.9786379,""timestamp"":""2024-11-06T11:45:18Z"",""version"":2,""changeset"":158814574,""user"":""Maksym Chepynoga"",""uid"":17172759,""tags"":{""addr:city"":""Chiajna"",""addr:country"":""RO"",""addr:housenumber"":""87"",""addr:postcode"":""077041"",""addr:street"":""Strada Sergent Ilie Petre"",""amenity"":""cafe"",""cuisine"":""coffee_shop"",""level"":""0"",""name"":""Tucano Coffee"",""opening_hours"":""Mo-Su 07:00-21:00"",""outdoor_seating"":""yes"",""start_date"":""2024"",""website"":""https://tucanofranchise.com/""}}",2026-05-30 08:46:18.442513+00:00
osm,osm:node/11830879369,5 to go,Romania,Bucharest,cafe,44.4417457,25.9869657,,,,,"{""amenity"":""cafe"",""brand"":""5 to go"",""brand:wikidata"":""Q115684369"",""cuisine"":""coffee_shop"",""name"":""5 to go"",""name:en"":""5 to go"",""takeaway"":""yes"",""formatted_address"":"""",""primary_type"":""amenity=cafe"",""osm_meta"":{""version"":2,""timestamp"":""2024-10-23T13:42:35Z"",""changeset"":158254110,""uid"":9484321,""user"":""Dan 9""}}","{""type"":""node"",""id"":11830879369,""lat"":44.4417457,""lon"":25.9869657,""timestamp"":""2024-10-23T13:42:35Z"",""version"":2,""changeset"":158254110,""user"":""Dan 9"",""uid"":9484321,""tags"":{""amenity"":""cafe"",""brand"":""5 to go"",""brand:wikidata"":""Q115684369"",""cuisine"":""coffee_shop"",""name"":""5 to go"",""name:en"":""5 to go"",""takeaway"":""yes""}}",2026-05-30 08:46:18.442513+00:00
osm,osm:node/7617615390,Buddies,RO,Roșu,cafe,44.4460458,25.9874336,,,,,"{""addr:city"":""Roșu"",""addr:country"":""RO"",""addr:housenumber"":""59"",""addr:postcode"":""077042"",""addr:street"":""Strada Rezervelor"",""amenity"":""cafe"",""name"":""Buddies"",""formatted_address"":""Strada Rezervelor 59, 077042, Roșu"",""primary_type"":""amenity=cafe"",""osm_meta"":{""version"":2,""timestamp"":""2021-12-23T18:42:33Z"",""changeset"":115309580,""uid"":9484321,""user"":""Dan 9""}}","{""type"":""node"",""id"":7617615390,""lat"":44.4460458,""lon"":25.9874336,""timestamp"":""2021-12-23T18:42:33Z"",""version"":2,""changeset"":115309580,""user"":""Dan 9"",""uid"":9484321,""tags"":{""addr:city"":""Roșu"",""addr:country"":""RO"",""addr:housenumber"":""59"",""addr:postcode"":""077042"",""addr:street"":""Strada Rezervelor"",""amenity"":""cafe"",""name"":""Buddies""}}",2026-05-30 08:46:18.442513+00:00
osm,osm:node/11884174762,5 to go,Romania,București,cafe,44.4397684,26.0266617,,,,,"{""addr:city"":""București"",""amenity"":""cafe"",""brand"":""5 to go"",""brand:wikidata"":""Q115684369"",""cuisine"":""coffee_shop"",""name"":""5 to go"",""takeaway"":""yes"",""formatted_address"":""București"",""primary_type"":""amenity=cafe"",""osm_meta"":{""version"":3,""timestamp"":""2025-10-11T20:02:37Z"",""changeset"":173153668,""uid"":128281,""user"":""rarad74""}}","{""type"":""node"",""id"":11884174762,""lat"":44.4397684,""lon"":26.0266617,""timestamp"":""2025-10-11T20:02:37Z"",""version"":3,""changeset"":173153668,""user"":""rarad74"",""uid"":128281,""tags"":{""addr:city"":""București"",""amenity"":""cafe"",""brand"":""5 to go"",""brand:wikidata"":""Q115684369"",""cuisine"":""coffee_shop"",""name"":""5 to go"",""takeaway"":""yes""}}",2026-05-30 08:46:18.442513+00:00
osm,osm:node/11878621794,Copy and Office Cafe,Romania,Bucharest,cafe,44.4385879,26.050296,,,,,"{""amenity"":""cafe"",""cuisine"":""coffee_shop"",""level"":""1"",""name"":""Copy and Office Cafe"",""outdoor_seating"":""no"",""formatted_address"":"""",""primary_type"":""amenity=cafe"",""osm_meta"":{""version"":1,""timestamp"":""2024-05-04T11:00:05Z"",""changeset"":150874173,""uid"":21409089,""user"":""plut0_n""}}","{""type"":""node"",""id"":11878621794,""lat"":44.4385879,""lon"":26.050296,""timestamp"":""2024-05-04T11:00:05Z"",""version"":1,""changeset"":150874173,""user"":""plut0_n"",""uid"":21409089,""tags"":{""amenity"":""cafe"",""cuisine"":""coffee_shop"",""level"":""1"",""name"":""Copy and Office Cafe"",""outdoor_seating"":""no""}}",2026-05-30 08:46:18.442513+00:00
osm,osm:node/11210073895,5 to go,Romania,Bucharest,cafe,44.4430765,26.052298,,,,,"{""amenity"":""cafe"",""brand"":""5 to go"",""brand:wikidata"":""Q115684369"",""check_date"":""2023-09-22"",""cuisine"":""coffee_shop"",""level"":""0"",""name"":""5 to go"",""takeaway"":""yes"",""wheelchair"":""no"",""formatted_address"":"""",""primary_type"":""amenity=cafe"",""osm_meta"":{""version"":3,""timestamp"":""2026-05-10T19:19:13Z"",""changeset"":182481366,""uid"":20320807,""user"":""SGFRO""}}","{""type"":""node"",""id"":11210073895,""lat"":44.4430765,""lon"":26.052298,""timestamp"":""2026-05-10T19:19:13Z"",""version"":3,""changeset"":182481366,""user"":""SGFRO"",""uid"":20320807,""tags"":{""amenity"":""cafe"",""brand"":""5 to go"",""brand:wikidata"":""Q115684369"",""check_date"":""2023-09-22"",""cuisine"":""coffee_shop"",""level"":""0"",""name"":""5 to go"",""takeaway"":""yes"",""wheelchair"":""no""}}",2026-05-30 08:46:18.442513+00:00
osm,osm:node/11210115650,5 to go,Romania,Bucharest,cafe,44.4448823,26.0490991,,,,,"{""amenity"":""cafe"",""brand"":""5 to go"",""brand:wikidata"":""Q115684369"",""check_date"":""2023-09-22"",""cuisine"":""coffee_shop"",""level"":""0"",""name"":""5 to go"",""takeaway"":""yes"",""wheelchair"":""no"",""formatted_address"":"""",""primary_type"":""amenity=cafe"",""osm_meta"":{""version"":2,""timestamp"":""2023-11-30T10:29:26Z"",""changeset"":144619743,""uid"":69259,""user"":""DnaX""}}","{""type"":""node"",""id"":11210115650,""lat"":44.4448823,""lon"":26.0490991,""timestamp"":""2023-11-30T10:29:26Z"",""version"":2,""changeset"":144619743,""user"":""DnaX"",""uid"":69259,""tags"":{""amenity"":""cafe"",""brand"":""5 to go"",""brand:wikidata"":""Q115684369"",""check_date"":""2023-09-22"",""cuisine"":""coffee_shop"",""level"":""0"",""name"":""5 to go"",""takeaway"":""yes"",""wheelchair"":""no""}}",2026-05-30 08:46:18.442513+00:00
osm,osm:node/12652304729,Ted's Coffee Co.,Romania,București,cafe,44.4449058,26.0461196,,,,,"{""addr:city"":""București"",""amenity"":""cafe"",""brand"":""Ted's Coffee Co."",""brand:wikidata"":""Q137035177"",""cuisine"":""coffee_shop"",""name"":""Ted's Coffee Co."",""takeaway"":""yes"",""formatted_address"":""București"",""primary_type"":""amenity=cafe"",""osm_meta"":{""version"":3,""timestamp"":""2026-01-05T14:58:28Z"",""changeset"":176865654,""uid"":69259,""user"":""DnaX""}}","{""type"":""node"",""id"":12652304729,""lat"":44.4449058,""lon"":26.0461196,""timestamp"":""2026-01-05T14:58:28Z"",""version"":3,""changeset"":176865654,""user"":""DnaX"",""uid"":69259,""tags"":{""addr:city"":""București"",""amenity"":""cafe"",""brand"":""Ted's Coffee Co."",""brand:wikidata"":""Q137035177"",""cuisine"":""coffee_shop"",""name"":""Ted's Coffee Co."",""takeaway"":""yes""}}",2026-05-30 08:46:18.442513+00:00
osm,osm:node/12843632999,Vera Coffe,Romania,Bucharest,cafe,44.455064899999996,26.0380771,,,,,"{""amenity"":""cafe"",""name"":""Vera Coffe"",""formatted_address"":"""",""primary_type"":""amenity=cafe"",""osm_meta"":{""version"":1,""timestamp"":""2025-05-17T08:21:25Z"",""changeset"":166380912,""uid"":10832296,""user"":""johnnybegoode""}}","{""type"":""node"",""id"":12843632999,""lat"":44.455064899999996,""lon"":26.0380771,""timestamp"":""2025-05-17T08:21:25Z"",""version"":1,""changeset"":166380912,""user"":""johnnybegoode"",""uid"":10832296,""tags"":{""amenity"":""cafe"",""name"":""Vera Coffe""}}",2026-05-30 08:46:18.442513+00:00
osm,osm:node/10278535100,5 to go,Romania,Bucharest,cafe,44.4533263,26.0468984,,,,,"{""amenity"":""cafe"",""brand"":""5 to go"",""brand:wikidata"":""Q115684369"",""cuisine"":""coffee_shop"",""name"":""5 to go"",""takeaway"":""yes"",""formatted_address"":"""",""primary_type"":""amenity=cafe"",""osm_meta"":{""version"":1,""timestamp"":""2022-12-21T17:49:22Z"",""changeset"":130343385,""uid"":69259,""user"":""DnaX""}}","{""type"":""node"",""id"":10278535100,""lat"":44.4533263,""lon"":26.0468984,""timestamp"":""2022-12-21T17:49:22Z"",""version"":1,""changeset"":130343385,""user"":""DnaX"",""uid"":69259,""tags"":{""amenity"":""cafe"",""brand"":""5 to go"",""brand:wikidata"":""Q115684369"",""cuisine"":""coffee_shop"",""name"":""5 to go"",""takeaway"":""yes""}}",2026-05-30 08:46:18.442513+00:00
osm,osm:node/2016341725,Cantina Facultatea de Transporturi,Romania,Bucharest,cafe,44.4393597,26.0530025,,,,,"{""amenity"":""cafe"",""name"":""Cantina Facultatea de Transporturi"",""name:en"":""Faculty of Transportation cafeteria"",""name:ro"":""Cantina Facultatea de Transporturi"",""opening_hours"":""Mo-Fr 11:00-15:00"",""outdoor_seating"":""no"",""formatted_address"":"""",""primary_type"":""amenity=cafe"",""osm_meta"":{""version"":3,""timestamp"":""2026-03-27T16:06:32Z"",""changeset"":180510347,""uid"":23971167,""user"":""razvan-v-poli""}}","{""type"":""node"",""id"":2016341725,""lat"":44.4393597,""lon"":26.0530025,""timestamp"":""2026-03-27T16:06:32Z"",""version"":3,""changeset"":180510347,""user"":""razvan-v-poli"",""uid"":23971167,""tags"":{""amenity"":""cafe"",""name"":""Cantina Facultatea de Transporturi"",""name:en"":""Faculty of Transportation cafeteria"",""name:ro"":""Cantina Facultatea de Transporturi"",""opening_hours"":""Mo-Fr 11:00-15:00"",""outdoor_seating"":""no""}}",2026-05-30 08:46:18.442513+00:00
osm,osm:node/6552401241,Mancave,Romania,București,cafe,44.4401414,26.0547475,,,,,"{""addr:city"":""București"",""addr:housenumber"":""61a"",""addr:street"":""Strada Economu Cezărescu"",""amenity"":""cafe"",""name"":""Mancave"",""opening_hours"":""Mo-Fr 08:00-24:00; Sa-Su 10:00-24:00"",""outdoor_seating"":""no"",""phone"":""+40764 574 623"",""source:addr:housenumber"":""survey"",""source:addr:street"":""survey"",""website"":""https://www.facebook.com/mancave.playground/"",""formatted_address"":""Strada Economu Cezărescu 61a, București"",""primary_type"":""amenity=cafe"",""osm_meta"":{""version"":5,""timestamp"":""2023-06-06T21:56:40Z"",""changeset"":137032953,""uid"":11303102,""user"":""watmildon""}}","{""type"":""node"",""id"":6552401241,""lat"":44.4401414,""lon"":26.0547475,""timestamp"":""2023-06-06T21:56:40Z"",""version"":5,""changeset"":137032953,""user"":""watmildon"",""uid"":11303102,""tags"":{""addr:city"":""București"",""addr:housenumber"":""61a"",""addr:street"":""Strada Economu Cezărescu"",""amenity"":""cafe"",""name"":""Mancave"",""opening_hours"":""Mo-Fr 08:00-24:00; Sa-Su 10:00-24:00"",""outdoor_seating"":""no"",""phone"":""+40764 574 623"",""source:addr:housenumber"":""survey"",""source:addr:street"":""survey"",""website"":""https://www.facebook.com/mancave.playground/""}}",2026-05-30 08:46:18.442513+00:00
osm,osm:node/11528436970,Sweet Concept,Romania,Bucharest,cafe,44.4409238,26.0566104,,,,,"{""addr:postcode"":""060764"",""amenity"":""cafe"",""internet_access"":""wlan"",""name"":""Sweet Concept"",""opening_hours"":""Mo-Fr 08:30-20:30; Sa 09:30-21:00; Su 09:30-20:00"",""website"":""https://sweetconcept.ro"",""formatted_address"":""060764"",""primary_type"":""amenity=cafe"",""osm_meta"":{""version"":1,""timestamp"":""2024-01-18T17:12:31Z"",""changeset"":146413863,""uid"":20161314,""user"":""anicolae""}}","{""type"":""node"",""id"":11528436970,""lat"":44.4409238,""lon"":26.0566104,""timestamp"":""2024-01-18T17:12:31Z"",""version"":1,""changeset"":146413863,""user"":""anicolae"",""uid"":20161314,""tags"":{""addr:postcode"":""060764"",""amenity"":""cafe"",""internet_access"":""wlan"",""name"":""Sweet Concept"",""opening_hours"":""Mo-Fr 08:30-20:30; Sa 09:30-21:00; Su 09:30-20:00"",""website"":""https://sweetconcept.ro""}}",2026-05-30 08:46:18.442513+00:00
osm,osm:node/13236285713,Sloane Coffee Roastery,Romania,Bucharest,cafe,44.4434437,26.0563304,,,,,"{""amenity"":""cafe"",""name"":""Sloane Coffee Roastery"",""outdoor_seating"":""yes"",""formatted_address"":"""",""primary_type"":""amenity=cafe"",""osm_meta"":{""version"":1,""timestamp"":""2025-10-16T10:26:08Z"",""changeset"":173358428,""uid"":23091446,""user"":""betterMaps421""}}","{""type"":""node"",""id"":13236285713,""lat"":44.4434437,""lon"":26.0563304,""timestamp"":""2025-10-16T10:26:08Z"",""version"":1,""changeset"":173358428,""user"":""betterMaps421"",""uid"":23091446,""tags"":{""amenity"":""cafe"",""name"":""Sloane Coffee Roastery"",""outdoor_seating"":""yes""}}",2026-05-30 08:46:18.442513+00:00
osm,osm:node/13602413415,5 to go,Romania,București,cafe,44.4659654,26.0537928,,,,,"{""addr:city"":""București"",""addr:street"":""Calea Griviței"",""amenity"":""cafe"",""brand"":""5 to go"",""brand:wikidata"":""Q115684369"",""cuisine"":""coffee_shop"",""name"":""5 to go"",""takeaway"":""yes"",""formatted_address"":""Calea Griviței, București"",""primary_type"":""amenity=cafe"",""osm_meta"":{""version"":2,""timestamp"":""2026-04-07T22:57:29Z"",""changeset"":181023316,""uid"":69259,""user"":""DnaX""}}","{""type"":""node"",""id"":13602413415,""lat"":44.4659654,""lon"":26.0537928,""timestamp"":""2026-04-07T22:57:29Z"",""version"":2,""changeset"":181023316,""user"":""DnaX"",""uid"":69259,""tags"":{""addr:city"":""București"",""addr:street"":""Calea Griviței"",""amenity"":""cafe"",""brand"":""5 to go"",""brand:wikidata"":""Q115684369"",""cuisine"":""coffee_shop"",""name"":""5 to go"",""takeaway"":""yes""}}",2026-05-30 08:46:18.442513+00:00
osm,osm:node/13236285714,5 to go,Romania,Bucharest,cafe,44.4414848,26.0581141,,,,,"{""amenity"":""cafe"",""brand"":""5 to go"",""brand:wikidata"":""Q115684369"",""cuisine"":""coffee_shop"",""name"":""5 to go"",""takeaway"":""yes"",""formatted_address"":"""",""primary_type"":""amenity=cafe"",""osm_meta"":{""version"":2,""timestamp"":""2026-04-07T22:52:48Z"",""changeset"":181023198,""uid"":69259,""user"":""DnaX""}}","{""type"":""node"",""id"":13236285714,""lat"":44.4414848,""lon"":26.0581141,""timestamp"":""2026-04-07T22:52:48Z"",""version"":2,""changeset"":181023198,""user"":""DnaX"",""uid"":69259,""tags"":{""amenity"":""cafe"",""brand"":""5 to go"",""brand:wikidata"":""Q115684369"",""cuisine"":""coffee_shop"",""name"":""5 to go"",""takeaway"":""yes""}}",2026-05-30 08:46:18.442513+00:00
osm,osm:node/13705945701,Grafit Cafe,Romania,Bucharest,cafe,44.4375595,26.0612796,,,,,"{""addr:housenumber"":""32"",""addr:postcode"":""060114"",""addr:street"":""Șoseaua Cotroceni"",""amenity"":""cafe"",""check_date"":""2026-04-04"",""check_date:opening_hours"":""2026-04-04"",""contact:facebook"":""GrafitCafeBucharest"",""level"":""0"",""name"":""Grafit Cafe"",""opening_hours"":""Mo-Su 10:00-19:00"",""phone"":""+40 372 905 025"",""formatted_address"":""Șoseaua Cotroceni 32, 060114"",""primary_type"":""amenity=cafe"",""osm_meta"":{""version"":1,""timestamp"":""2026-04-04T14:46:45Z"",""changeset"":180857752,""uid"":23906738,""user"":""vveevvee""}}","{""type"":""node"",""id"":13705945701,""lat"":44.4375595,""lon"":26.0612796,""timestamp"":""2026-04-04T14:46:45Z"",""version"":1,""changeset"":180857752,""user"":""vveevvee"",""uid"":23906738,""tags"":{""addr:housenumber"":""32"",""addr:postcode"":""060114"",""addr:street"":""Șoseaua Cotroceni"",""amenity"":""cafe"",""check_date"":""2026-04-04"",""check_date:opening_hours"":""2026-04-04"",""contact:facebook"":""GrafitCafeBucharest"",""level"":""0"",""name"":""Grafit Cafe"",""opening_hours"":""Mo-Su 10:00-19:00"",""phone"":""+40 372 905 025""}}",2026-05-30 08:46:18.442513+00:00
osm,osm:node/6768983282,Starbucks,RO,București,cafe,44.4453706,26.0625288,,,,,"{""addr:city"":""București"",""addr:country"":""RO"",""addr:housenumber"":""210-210B"",""addr:postcode"":""060025"",""addr:postcode:source"":""Date de la Poșta Română, publicate sub Licența pentru Guvernare Deschisă v1.0 la http://date.gov.ro/organization/posta-romana"",""addr:street"":""Splaiul Independenței"",""amenity"":""cafe"",""brand"":""Starbucks"",""brand:wikidata"":""Q37158"",""brand:wikipedia"":""en:Starbucks"",""cuisine"":""coffee_shop"",""name"":""Starbucks"",""official_name"":""Starbucks Coffee"",""opening_hours"":""Mo-Su 08:00-21:30"",""operator"":""Amrest Coffee SRL"",""outdoor_seating"":""yes"",""phone"":""+40 747 089 345"",""source:addr:housenumber"":""survey"",""source:addr:street"":""survey"",""takeaway"":""yes"",""website"":""https://www.starbucksromania.ro/"",""formatted_address"":""Splaiul Independenței 210-210B, 060025, București"",""primary_type"":""amenity=cafe"",""osm_meta"":{""version"":5,""timestamp"":""2023-06-27T01:04:17Z"",""changeset"":137812895,""uid"":9484321,""user"":""Dan 9""}}","{""type"":""node"",""id"":6768983282,""lat"":44.4453706,""lon"":26.0625288,""timestamp"":""2023-06-27T01:04:17Z"",""version"":5,""changeset"":137812895,""user"":""Dan 9"",""uid"":9484321,""tags"":{""addr:city"":""București"",""addr:country"":""RO"",""addr:housenumber"":""210-210B"",""addr:postcode"":""060025"",""addr:postcode:source"":""Date de la Poșta Română, publicate sub Licența pentru Guvernare Deschisă v1.0 la http://date.gov.ro/organization/posta-romana"",""addr:street"":""Splaiul Independenței"",""amenity"":""cafe"",""brand"":""Starbucks"",""brand:wikidata"":""Q37158"",""brand:wikipedia"":""en:Starbucks"",""cuisine"":""coffee_shop"",""name"":""Starbucks"",""official_name"":""Starbucks Coffee"",""opening_hours"":""Mo-Su 08:00-21:30"",""operator"":""Amrest Coffee SRL"",""outdoor_seating"":""yes"",""phone"":""+40 747 089 345"",""source:addr:housenumber"":""survey"",""source:addr:street"":""survey"",""takeaway"":""yes"",""website"":""https://www.starbucksromania.ro/""}}",2026-05-30 08:46:18.442513+00:00
osm,osm:node/6877476154,5 to go,Romania,Bucharest,cafe,44.4453941,26.0592653,,,,,"{""amenity"":""cafe"",""brand"":""5 to go"",""brand:wikidata"":""Q115684369"",""cuisine"":""coffee_shop"",""name"":""5 to go"",""takeaway"":""yes"",""formatted_address"":"""",""primary_type"":""amenity=cafe"",""osm_meta"":{""version"":2,""timestamp"":""2025-11-05T20:31:32Z"",""changeset"":174258683,""uid"":69259,""user"":""DnaX""}}","{""type"":""node"",""id"":6877476154,""lat"":44.4453941,""lon"":26.0592653,""timestamp"":""2025-11-05T20:31:32Z"",""version"":2,""changeset"":174258683,""user"":""DnaX"",""uid"":69259,""tags"":{""amenity"":""cafe"",""brand"":""5 to go"",""brand:wikidata"":""Q115684369"",""cuisine"":""coffee_shop"",""name"":""5 to go"",""takeaway"":""yes""}}",2026-05-30 08:46:18.442513+00:00
osm,osm:node/6945345344,So Coffee,Romania,Bucharest,cafe,44.4446558,26.0598609,,,,,"{""amenity"":""cafe"",""name"":""So Coffee"",""formatted_address"":"""",""primary_type"":""amenity=cafe"",""osm_meta"":{""version"":2,""timestamp"":""2022-02-16T11:58:01Z"",""changeset"":117473512,""uid"":9484321,""user"":""Dan 9""}}","{""type"":""node"",""id"":6945345344,""lat"":44.4446558,""lon"":26.0598609,""timestamp"":""2022-02-16T11:58:01Z"",""version"":2,""changeset"":117473512,""user"":""Dan 9"",""uid"":9484321,""tags"":{""amenity"":""cafe"",""name"":""So Coffee""}}",2026-05-30 08:46:18.442513+00:00
osm,osm:node/6945345345,14th Lane,Romania,Bucharest,cafe,44.4449444,26.0597572,,,,,"{""amenity"":""cafe"",""name"":""14th Lane"",""formatted_address"":"""",""primary_type"":""amenity=cafe"",""osm_meta"":{""version"":1,""timestamp"":""2019-11-04T14:01:44Z"",""changeset"":76596002,""uid"":7364813,""user"":""xxoonn""}}","{""type"":""node"",""id"":6945345345,""lat"":44.4449444,""lon"":26.0597572,""timestamp"":""2019-11-04T14:01:44Z"",""version"":1,""changeset"":76596002,""user"":""xxoonn"",""uid"":7364813,""tags"":{""amenity"":""cafe"",""name"":""14th Lane""}}",2026-05-30 08:46:18.442513+00:00
osm,osm:node/12318869822,5 to go,Romania,București,cafe,44.4481398,26.0620052,,,,,"{""addr:city"":""București"",""addr:housenumber"":""1-3"",""addr:postcode"":""060251"",""addr:street"":""Calea Giulești"",""amenity"":""cafe"",""brand"":""5 to go"",""brand:wikidata"":""Q115684369"",""cuisine"":""coffee_shop"",""name"":""5 to go"",""opening_hours"":""Mo-Sa 08:00-20:00; Su 08:00-21:00"",""source:addr:housenumber"":""survey"",""source:addr:street"":""survey"",""takeaway"":""yes"",""formatted_address"":""Calea Giulești 1-3, 060251, București"",""primary_type"":""amenity=cafe"",""osm_meta"":{""version"":1,""timestamp"":""2024-11-06T15:48:36Z"",""changeset"":158823946,""uid"":9484321,""user"":""Dan 9""}}","{""type"":""node"",""id"":12318869822,""lat"":44.4481398,""lon"":26.0620052,""timestamp"":""2024-11-06T15:48:36Z"",""version"":1,""changeset"":158823946,""user"":""Dan 9"",""uid"":9484321,""tags"":{""addr:city"":""București"",""addr:housenumber"":""1-3"",""addr:postcode"":""060251"",""addr:street"":""Calea Giulești"",""amenity"":""cafe"",""brand"":""5 to go"",""brand:wikidata"":""Q115684369"",""cuisine"":""coffee_shop"",""name"":""5 to go"",""opening_hours"":""Mo-Sa 08:00-20:00; Su 08:00-21:00"",""source:addr:housenumber"":""survey"",""source:addr:street"":""survey"",""takeaway"":""yes""}}",2026-05-30 08:46:18.442513+00:00
osm,osm:node/13766600423,Mitzu,Romania,București,cafe,44.4439373,26.0596336,,,,,"{""addr:city"":""București"",""addr:housenumber"":""15A"",""addr:street"":""Șoseaua Orhideelor"",""amenity"":""cafe"",""cuisine"":""coffee_shop"",""name"":""Mitzu"",""outdoor_seating"":""yes"",""formatted_address"":""Șoseaua Orhideelor 15A, București"",""primary_type"":""amenity=cafe"",""osm_meta"":{""version"":1,""timestamp"":""2026-04-27T12:34:23Z"",""changeset"":181888929,""uid"":24076285,""user"":""VonWolfen""}}","{""type"":""node"",""id"":13766600423,""lat"":44.4439373,""lon"":26.0596336,""timestamp"":""2026-04-27T12:34:23Z"",""version"":1,""changeset"":181888929,""user"":""VonWolfen"",""uid"":24076285,""tags"":{""addr:city"":""București"",""addr:housenumber"":""15A"",""addr:street"":""Șoseaua Orhideelor"",""amenity"":""cafe"",""cuisine"":""coffee_shop"",""name"":""Mitzu"",""outdoor_seating"":""yes""}}",2026-05-30 08:46:18.442513+00:00
osm,osm:node/13553661101,K Fea,Romania,Bucharest,cafe,44.4470575,26.0656406,,,,,"{""amenity"":""cafe"",""name"":""K Fea"",""formatted_address"":"""",""primary_type"":""amenity=cafe"",""osm_meta"":{""version"":1,""timestamp"":""2026-02-13T11:33:37Z"",""changeset"":178499452,""uid"":20320807,""user"":""SGFRO""}}","{""type"":""node"",""id"":13553661101,""lat"":44.4470575,""lon"":26.0656406,""timestamp"":""2026-02-13T11:33:37Z"",""version"":1,""changeset"":178499452,""user"":""SGFRO"",""uid"":20320807,""tags"":{""amenity"":""cafe"",""name"":""K Fea""}}",2026-05-30 08:46:18.442513+00:00
osm,osm:node/5974976950,others,Romania,Bucharest,cafe,44.4428111,26.079654,,,,,"{""amenity"":""cafe"",""internet_access"":""no"",""outdoor_seating"":""yes"",""formatted_address"":"""",""primary_type"":""amenity=cafe"",""osm_meta"":{""version"":2,""timestamp"":""2018-10-13T05:22:27Z"",""changeset"":63477442,""uid"":340741,""user"":""CRCulver""}}","{""type"":""node"",""id"":5974976950,""lat"":44.4428111,""lon"":26.079654,""timestamp"":""2018-10-13T05:22:27Z"",""version"":2,""changeset"":63477442,""user"":""CRCulver"",""uid"":340741,""tags"":{""amenity"":""cafe"",""internet_access"":""no"",""outdoor_seating"":""yes""}}",2026-05-30 08:46:18.442513+00:00
osm,osm:node/7124616240,Ted's Coffee Co.,RO,București,cafe,44.44629,26.0743938,,,,,"{""addr:city"":""București"",""addr:country"":""RO"",""addr:housenumber"":""1-3"",""addr:postcode"":""010858"",""addr:street"":""Piața Gării de Nord"",""amenity"":""cafe"",""brand"":""Ted's Coffee Co."",""brand:wikidata"":""Q137035177"",""cuisine"":""coffee_shop"",""name"":""Ted's Coffee Co."",""opening_hours"":""Mo-Su 06:30-20:00"",""outdoor_seating"":""no"",""phone"":""+40 768 339 739"",""source:addr:housenumber"":""survey"",""source:addr:street"":""survey"",""takeaway"":""yes"",""website"":""https://tedscoffeecompany.com/"",""formatted_address"":""Piața Gării de Nord 1-3, 010858, București"",""primary_type"":""amenity=cafe"",""osm_meta"":{""version"":3,""timestamp"":""2026-04-07T22:16:52Z"",""changeset"":181022490,""uid"":69259,""user"":""DnaX""}}","{""type"":""node"",""id"":7124616240,""lat"":44.44629,""lon"":26.0743938,""timestamp"":""2026-04-07T22:16:52Z"",""version"":3,""changeset"":181022490,""user"":""DnaX"",""uid"":69259,""tags"":{""addr:city"":""București"",""addr:country"":""RO"",""addr:housenumber"":""1-3"",""addr:postcode"":""010858"",""addr:street"":""Piața Gării de Nord"",""amenity"":""cafe"",""brand"":""Ted's Coffee Co."",""brand:wikidata"":""Q137035177"",""cuisine"":""coffee_shop"",""name"":""Ted's Coffee Co."",""opening_hours"":""Mo-Su 06:30-20:00"",""outdoor_seating"":""no"",""phone"":""+40 768 339 739"",""source:addr:housenumber"":""survey"",""source:addr:street"":""survey"",""takeaway"":""yes"",""website"":""https://tedscoffeecompany.com/""}}",2026-05-30 08:46:18.442513+00:00
osm,osm:node/8344530538,Asha,Romania,Bucharest,cafe,44.4474517,26.076702,,,,,"{""amenity"":""cafe"",""name"":""Asha"",""takeaway"":""only"",""formatted_address"":"""",""primary_type"":""amenity=cafe"",""osm_meta"":{""version"":1,""timestamp"":""2021-01-21T08:16:59Z"",""changeset"":97886918,""uid"":340741,""user"":""CRCulver""}}","{""type"":""node"",""id"":8344530538,""lat"":44.4474517,""lon"":26.076702,""timestamp"":""2021-01-21T08:16:59Z"",""version"":1,""changeset"":97886918,""user"":""CRCulver"",""uid"":340741,""tags"":{""amenity"":""cafe"",""name"":""Asha"",""takeaway"":""only""}}",2026-05-30 08:46:18.442513+00:00
osm,osm:node/12271560728,Polen Cafe,RO,București,cafe,44.4464554,26.0733143,,,,,"{""addr:city"":""București"",""addr:country"":""RO"",""addr:housenumber"":""1-3"",""addr:postcode"":""010858"",""addr:postcode:source"":""Date de la Poșta Română, publicate sub Licența pentru Guvernare Deschisă v1.0 la http://date.gov.ro/organization/posta-romana"",""addr:street"":""Piața Gării de Nord"",""amenity"":""cafe"",""name"":""Polen Cafe"",""source:addr:housenumber"":""survey"",""source:addr:street"":""survey"",""formatted_address"":""Piața Gării de Nord 1-3, 010858, București"",""primary_type"":""amenity=cafe"",""osm_meta"":{""version"":1,""timestamp"":""2024-10-20T18:18:48Z"",""changeset"":158140595,""uid"":9484321,""user"":""Dan 9""}}","{""type"":""node"",""id"":12271560728,""lat"":44.4464554,""lon"":26.0733143,""timestamp"":""2024-10-20T18:18:48Z"",""version"":1,""changeset"":158140595,""user"":""Dan 9"",""uid"":9484321,""tags"":{""addr:city"":""București"",""addr:country"":""RO"",""addr:housenumber"":""1-3"",""addr:postcode"":""010858"",""addr:postcode:source"":""Date de la Poșta Română, publicate sub Licența pentru Guvernare Deschisă v1.0 la http://date.gov.ro/organization/posta-romana"",""addr:street"":""Piața Gării de Nord"",""amenity"":""cafe"",""name"":""Polen Cafe"",""source:addr:housenumber"":""survey"",""source:addr:street"":""survey""}}",2026-05-30 08:46:18.442513+00:00
osm,osm:node/12300335980,Coffee 4 you,RO,București,cafe,44.4479976,26.0760745,,,,,"{""addr:city"":""București"",""addr:country"":""RO"",""addr:housenumber"":""1"",""addr:postcode"":""011071"",""addr:street"":""Bulevardul Gheorghe Duca"",""amenity"":""cafe"",""cuisine"":""coffee_shop"",""name"":""Coffee 4 you"",""formatted_address"":""Bulevardul Gheorghe Duca 1, 011071, București"",""primary_type"":""amenity=cafe"",""osm_meta"":{""version"":2,""timestamp"":""2026-03-22T21:55:43Z"",""changeset"":180274070,""uid"":20320807,""user"":""SGFRO""}}","{""type"":""node"",""id"":12300335980,""lat"":44.4479976,""lon"":26.0760745,""timestamp"":""2026-03-22T21:55:43Z"",""version"":2,""changeset"":180274070,""user"":""SGFRO"",""uid"":20320807,""tags"":{""addr:city"":""București"",""addr:country"":""RO"",""addr:housenumber"":""1"",""addr:postcode"":""011071"",""addr:street"":""Bulevardul Gheorghe Duca"",""amenity"":""cafe"",""cuisine"":""coffee_shop"",""name"":""Coffee 4 you""}}",2026-05-30 08:46:18.442513+00:00
osm,osm:node/12300335986,Bubble T,RO,București,cafe,44.4478365,26.075829,,,,,"{""addr:city"":""București"",""addr:country"":""RO"",""addr:housenumber"":""1"",""addr:postcode"":""011071"",""addr:street"":""Bulevardul Gheorghe Duca"",""amenity"":""cafe"",""cuisine"":""bubble_tea"",""name"":""Bubble T"",""opening_hours"":""Mo-Sa 10:00-20:00"",""phone"":""+40 771 509 065"",""source:addr:housenumber"":""survey"",""source:addr:street"":""survey"",""website"":""https://www.bubblet.ro/"",""formatted_address"":""Bulevardul Gheorghe Duca 1, 011071, București"",""primary_type"":""amenity=cafe"",""osm_meta"":{""version"":2,""timestamp"":""2024-11-07T04:19:39Z"",""changeset"":158840416,""uid"":9451067,""user"":""b-jazz-bot""}}","{""type"":""node"",""id"":12300335986,""lat"":44.4478365,""lon"":26.075829,""timestamp"":""2024-11-07T04:19:39Z"",""version"":2,""changeset"":158840416,""user"":""b-jazz-bot"",""uid"":9451067,""tags"":{""addr:city"":""București"",""addr:country"":""RO"",""addr:housenumber"":""1"",""addr:postcode"":""011071"",""addr:street"":""Bulevardul Gheorghe Duca"",""amenity"":""cafe"",""cuisine"":""bubble_tea"",""name"":""Bubble T"",""opening_hours"":""Mo-Sa 10:00-20:00"",""phone"":""+40 771 509 065"",""source:addr:housenumber"":""survey"",""source:addr:street"":""survey"",""website"":""https://www.bubblet.ro/""}}",2026-05-30 08:46:18.442513+00:00
osm,osm:node/12476542968,Manila Coffee,Romania,Bucharest,cafe,44.4444125,26.0755762,,,,,"{""amenity"":""cafe"",""name"":""Manila Coffee"",""formatted_address"":"""",""primary_type"":""amenity=cafe"",""osm_meta"":{""version"":1,""timestamp"":""2025-01-05T22:10:47Z"",""changeset"":161038036,""uid"":69259,""user"":""DnaX""}}","{""type"":""node"",""id"":12476542968,""lat"":44.4444125,""lon"":26.0755762,""timestamp"":""2025-01-05T22:10:47Z"",""version"":1,""changeset"":161038036,""user"":""DnaX"",""uid"":69259,""tags"":{""amenity"":""cafe"",""name"":""Manila Coffee""}}",2026-05-30 08:46:18.442513+00:00
osm,osm:node/4191190477,Sufrageria cu Jocuri,Romania,București,cafe,44.4479621,26.082666,,,,,"{""addr:city"":""București"",""addr:housenumber"":""1"",""addr:street"":""Strada Occidentului"",""amenity"":""cafe"",""name"":""Sufrageria cu Jocuri"",""phone"":""+40731907725"",""website"":""https://www.facebook.com/sufrageriacujocuri"",""formatted_address"":""Strada Occidentului 1, București"",""primary_type"":""amenity=cafe"",""osm_meta"":{""version"":3,""timestamp"":""2017-11-10T06:20:30Z"",""changeset"":53657910,""uid"":128281,""user"":""rarad74""}}","{""type"":""node"",""id"":4191190477,""lat"":44.4479621,""lon"":26.082666,""timestamp"":""2017-11-10T06:20:30Z"",""version"":3,""changeset"":53657910,""user"":""rarad74"",""uid"":128281,""tags"":{""addr:city"":""București"",""addr:housenumber"":""1"",""addr:street"":""Strada Occidentului"",""amenity"":""cafe"",""name"":""Sufrageria cu Jocuri"",""phone"":""+40731907725"",""website"":""https://www.facebook.com/sufrageriacujocuri""}}",2026-05-30 08:46:18.442513+00:00
osm,osm:node/4646947920,5 to go,Romania,București,cafe,44.4469604,26.0821114,,,,,"{""addr:city"":""București"",""addr:housenumber"":""22"",""addr:postcode"":""011014"",""addr:street"":""Strada Buzești"",""amenity"":""cafe"",""brand"":""5 to go"",""brand:wikidata"":""Q115684369"",""cuisine"":""coffee_shop"",""name"":""5 to go"",""opening_hours"":""07:00-18:00"",""operator"":""Concept Store"",""takeaway"":""yes"",""website"":""https://fivetogo.ro/"",""formatted_address"":""Strada Buzești 22, 011014, București"",""primary_type"":""amenity=cafe"",""osm_meta"":{""version"":5,""timestamp"":""2023-02-10T20:55:54Z"",""changeset"":132381072,""uid"":128281,""user"":""rarad74""}}","{""type"":""node"",""id"":4646947920,""lat"":44.4469604,""lon"":26.0821114,""timestamp"":""2023-02-10T20:55:54Z"",""version"":5,""changeset"":132381072,""user"":""rarad74"",""uid"":128281,""tags"":{""addr:city"":""București"",""addr:housenumber"":""22"",""addr:postcode"":""011014"",""addr:street"":""Strada Buzești"",""amenity"":""cafe"",""brand"":""5 to go"",""brand:wikidata"":""Q115684369"",""cuisine"":""coffee_shop"",""name"":""5 to go"",""opening_hours"":""07:00-18:00"",""operator"":""Concept Store"",""takeaway"":""yes"",""website"":""https://fivetogo.ro/""}}",2026-05-30 08:46:18.442513+00:00
osm,osm:node/2315300636,Caffe & Latte,RO,București,cafe,44.4382413,26.0874345,,,,,"{""addr:city"":""București"",""addr:country"":""RO"",""addr:housenumber"":""35"",""addr:postcode"":""010184"",""addr:street"":""Bulevardul Schitu Măgureanu"",""amenity"":""cafe"",""name"":""Caffe & Latte"",""formatted_address"":""Bulevardul Schitu Măgureanu 35, 010184, București"",""primary_type"":""amenity=cafe"",""osm_meta"":{""version"":2,""timestamp"":""2019-12-08T22:01:01Z"",""changeset"":78119976,""uid"":9484321,""user"":""Dan 9""}}","{""type"":""node"",""id"":2315300636,""lat"":44.4382413,""lon"":26.0874345,""timestamp"":""2019-12-08T22:01:01Z"",""version"":2,""changeset"":78119976,""user"":""Dan 9"",""uid"":9484321,""tags"":{""addr:city"":""București"",""addr:country"":""RO"",""addr:housenumber"":""35"",""addr:postcode"":""010184"",""addr:street"":""Bulevardul Schitu Măgureanu"",""amenity"":""cafe"",""name"":""Caffe & Latte""}}",2026-05-30 08:46:18.442513+00:00
osm,osm:node/2440410891,Bouche Bee,Romania,Bucharest,cafe,44.4401371,26.0864682,,,,,"{""amenity"":""cafe"",""name"":""Bouche Bee"",""source"":""survey"",""formatted_address"":"""",""primary_type"":""amenity=cafe"",""osm_meta"":{""version"":2,""timestamp"":""2024-03-13T09:33:22Z"",""changeset"":148584234,""uid"":128281,""user"":""rarad74""}}","{""type"":""node"",""id"":2440410891,""lat"":44.4401371,""lon"":26.0864682,""timestamp"":""2024-03-13T09:33:22Z"",""version"":2,""changeset"":148584234,""user"":""rarad74"",""uid"":128281,""tags"":{""amenity"":""cafe"",""name"":""Bouche Bee"",""source"":""survey""}}",2026-05-30 08:46:18.442513+00:00
osm,osm:node/6420082185,5 to go,Romania,Bucharest,cafe,44.4402635,26.0856479,,,,,"{""amenity"":""cafe"",""brand"":""5 to go"",""brand:wikidata"":""Q115684369"",""cuisine"":""coffee_shop"",""internet_access"":""wlan"",""name"":""5 to go"",""opening_hours"":""Mo-Fr 07:00-18:00; Sa 09:00-16:00"",""takeaway"":""yes"",""formatted_address"":"""",""primary_type"":""amenity=cafe"",""osm_meta"":{""version"":2,""timestamp"":""2024-11-12T15:43:28Z"",""changeset"":159055952,""uid"":69259,""user"":""DnaX""}}","{""type"":""node"",""id"":6420082185,""lat"":44.4402635,""lon"":26.0856479,""timestamp"":""2024-11-12T15:43:28Z"",""version"":2,""changeset"":159055952,""user"":""DnaX"",""uid"":69259,""tags"":{""amenity"":""cafe"",""brand"":""5 to go"",""brand:wikidata"":""Q115684369"",""cuisine"":""coffee_shop"",""internet_access"":""wlan"",""name"":""5 to go"",""opening_hours"":""Mo-Fr 07:00-18:00; Sa 09:00-16:00"",""takeaway"":""yes""}}",2026-05-30 08:46:18.442513+00:00
osm,osm:node/6988883366,Troia Caffe,RO,București,cafe,44.4418119,26.0852699,,,,,"{""addr:city"":""București"",""addr:country"":""RO"",""addr:housenumber"":""25"",""addr:postcode"":""010802"",""addr:street"":""Strada Popa Tatu"",""amenity"":""cafe"",""name"":""Troia Caffe"",""source"":""survey"",""formatted_address"":""Strada Popa Tatu 25, 010802, București"",""primary_type"":""amenity=cafe"",""osm_meta"":{""version"":1,""timestamp"":""2019-11-19T06:15:29Z"",""changeset"":77256752,""uid"":9484321,""user"":""Dan 9""}}","{""type"":""node"",""id"":6988883366,""lat"":44.4418119,""lon"":26.0852699,""timestamp"":""2019-11-19T06:15:29Z"",""version"":1,""changeset"":77256752,""user"":""Dan 9"",""uid"":9484321,""tags"":{""addr:city"":""București"",""addr:country"":""RO"",""addr:housenumber"":""25"",""addr:postcode"":""010802"",""addr:street"":""Strada Popa Tatu"",""amenity"":""cafe"",""name"":""Troia Caffe"",""source"":""survey""}}",2026-05-30 08:46:18.442513+00:00
osm,osm:node/9223893533,others,Romania,Bucharest,cafe,44.4383427,26.0886291,,,,,"{""amenity"":""cafe"",""name:signed"":""no"",""opening_hours"":""Mo-Su 11:00-18:00"",""outdoor_seating"":""yes"",""formatted_address"":"""",""primary_type"":""amenity=cafe"",""osm_meta"":{""version"":4,""timestamp"":""2024-07-21T05:16:47Z"",""changeset"":154203483,""uid"":10832296,""user"":""johnnybegoode""}}","{""type"":""node"",""id"":9223893533,""lat"":44.4383427,""lon"":26.0886291,""timestamp"":""2024-07-21T05:16:47Z"",""version"":4,""changeset"":154203483,""user"":""johnnybegoode"",""uid"":10832296,""tags"":{""amenity"":""cafe"",""name:signed"":""no"",""opening_hours"":""Mo-Su 11:00-18:00"",""outdoor_seating"":""yes""}}",2026-05-30 08:46:18.442513+00:00
osm,osm:node/1563413156,Ruby,Romania,București,cafe,44.4408935,26.0952487,,,,,"{""addr:city"":""București"",""addr:housenumber"":""2-4"",""addr:street"":""Strada Știrbei Vodă"",""air_conditioning"":""yes"",""amenity"":""cafe"",""indoor_seating"":""yes"",""name"":""Ruby"",""opening_hours"":""Mo-Su 10:00-22:00"",""outdoor_seating"":""yes"",""smoking"":""outside"",""formatted_address"":""Strada Știrbei Vodă 2-4, București"",""primary_type"":""amenity=cafe"",""osm_meta"":{""version"":18,""timestamp"":""2023-07-26T12:07:00Z"",""changeset"":139034412,""uid"":9484321,""user"":""Dan 9""}}","{""type"":""node"",""id"":1563413156,""lat"":44.4408935,""lon"":26.0952487,""timestamp"":""2023-07-26T12:07:00Z"",""version"":18,""changeset"":139034412,""user"":""Dan 9"",""uid"":9484321,""tags"":{""addr:city"":""București"",""addr:housenumber"":""2-4"",""addr:street"":""Strada Știrbei Vodă"",""air_conditioning"":""yes"",""amenity"":""cafe"",""indoor_seating"":""yes"",""name"":""Ruby"",""opening_hours"":""Mo-Su 10:00-22:00"",""outdoor_seating"":""yes"",""smoking"":""outside""}}",2026-05-30 08:46:18.442513+00:00
osm,osm:node/7175238185,Kyut Social,Romania,București,cafe,44.4418147,26.0946704,,,,,"{""addr:city"":""București"",""addr:housenumber"":""102-108"",""addr:postcode"":""010091"",""addr:street"":""Calea Victoriei"",""amenity"":""cafe"",""name"":""Kyut Social"",""opening_hours"":""Mo-Su 07:30-23:00"",""outdoor_seating"":""yes"",""phone"":""+40 752 091 918"",""formatted_address"":""Calea Victoriei 102-108, 010091, București"",""primary_type"":""amenity=cafe"",""osm_meta"":{""version"":4,""timestamp"":""2023-11-30T14:26:37Z"",""changeset"":144627348,""uid"":8430074,""user"":""alexnder""}}","{""type"":""node"",""id"":7175238185,""lat"":44.4418147,""lon"":26.0946704,""timestamp"":""2023-11-30T14:26:37Z"",""version"":4,""changeset"":144627348,""user"":""alexnder"",""uid"":8430074,""tags"":{""addr:city"":""București"",""addr:housenumber"":""102-108"",""addr:postcode"":""010091"",""addr:street"":""Calea Victoriei"",""amenity"":""cafe"",""name"":""Kyut Social"",""opening_hours"":""Mo-Su 07:30-23:00"",""outdoor_seating"":""yes"",""phone"":""+40 752 091 918""}}",2026-05-30 08:46:18.442513+00:00
osm,osm:node/9087673778,Coffee Store,Romania,București,cafe,44.442549,26.0935716,,,,,"{""addr:city"":""București"",""addr:housenumber"":""85"",""addr:postcode"":""010172"",""addr:street"":""Calea Victoriei"",""amenity"":""cafe"",""check_date:opening_hours"":""2024-10-27"",""name"":""Coffee Store"",""opening_hours"":""Mo-Su 08:00-22:00"",""outdoor_seating"":""yes"",""phone"":""+40 720 045 411"",""website"":""http://www.coffeestore.ro/"",""formatted_address"":""Calea Victoriei 85, 010172, București"",""primary_type"":""amenity=cafe"",""osm_meta"":{""version"":4,""timestamp"":""2024-10-28T06:29:15Z"",""changeset"":158441054,""uid"":6220204,""user"":""Ysogo""}}","{""type"":""node"",""id"":9087673778,""lat"":44.442549,""lon"":26.0935716,""timestamp"":""2024-10-28T06:29:15Z"",""version"":4,""changeset"":158441054,""user"":""Ysogo"",""uid"":6220204,""tags"":{""addr:city"":""București"",""addr:housenumber"":""85"",""addr:postcode"":""010172"",""addr:street"":""Calea Victoriei"",""amenity"":""cafe"",""check_date:opening_hours"":""2024-10-27"",""name"":""Coffee Store"",""opening_hours"":""Mo-Su 08:00-22:00"",""outdoor_seating"":""yes"",""phone"":""+40 720 045 411"",""website"":""http://www.coffeestore.ro/""}}",2026-05-30 08:46:18.442513+00:00
osm,osm:node/9696975717,SLOAN Coffee Shop,Romania,București,cafe,44.4427318,26.0934122,,,,,"{""addr:city"":""București"",""addr:housenumber"":""87"",""addr:postcode"":""010091"",""addr:street"":""Calea Victoriei"",""amenity"":""cafe"",""name"":""SLOAN Coffee Shop"",""name:en"":""SLOANE Coffee Shop"",""name:ro"":""SLOANE Coffee Shop"",""opening_hours"":""Mo-Fr 08:00-23:00; Sa-Su 09:00-23:00"",""outdoor_seating"":""yes"",""phone"":""+40712600498"",""website"":""https://sloanecoffee.com/"",""formatted_address"":""Calea Victoriei 87, 010091, București"",""primary_type"":""amenity=cafe"",""osm_meta"":{""version"":2,""timestamp"":""2023-07-26T12:07:00Z"",""changeset"":139034412,""uid"":9484321,""user"":""Dan 9""}}","{""type"":""node"",""id"":9696975717,""lat"":44.4427318,""lon"":26.0934122,""timestamp"":""2023-07-26T12:07:00Z"",""version"":2,""changeset"":139034412,""user"":""Dan 9"",""uid"":9484321,""tags"":{""addr:city"":""București"",""addr:housenumber"":""87"",""addr:postcode"":""010091"",""addr:street"":""Calea Victoriei"",""amenity"":""cafe"",""name"":""SLOAN Coffee Shop"",""name:en"":""SLOANE Coffee Shop"",""name:ro"":""SLOANE Coffee Shop"",""opening_hours"":""Mo-Fr 08:00-23:00; Sa-Su 09:00-23:00"",""outdoor_seating"":""yes"",""phone"":""+40712600498"",""website"":""https://sloanecoffee.com/""}}",2026-05-30 08:46:18.442513+00:00
osm,osm:node/11068954234,Tucano Coffee,Romania,București,cafe,44.4415325,26.0949792,,,,,"{""addr:city"":""București"",""addr:housenumber"":""100"",""addr:postcode"":""010091"",""addr:postcode:source"":""Date de la Poșta Română, publicate sub Licența pentru Guvernare Deschisă v1.0 la http://date.gov.ro/organization/posta-romana"",""addr:street"":""Calea Victoriei"",""air_conditioning"":""yes"",""amenity"":""cafe"",""branch"":""Zimbabwe"",""brand"":""Tucano Coffee"",""name"":""Tucano Coffee"",""opening_hours"":""Mo-Su 08:30-22:00"",""outdoor_seating"":""yes"",""phone"":""+40 786 489 777"",""website"":""https://www.tucanocoffee.com/"",""formatted_address"":""Calea Victoriei 100, 010091, București"",""primary_type"":""amenity=cafe"",""osm_meta"":{""version"":3,""timestamp"":""2024-10-29T18:22:27Z"",""changeset"":158511166,""uid"":6220204,""user"":""Ysogo""}}","{""type"":""node"",""id"":11068954234,""lat"":44.4415325,""lon"":26.0949792,""timestamp"":""2024-10-29T18:22:27Z"",""version"":3,""changeset"":158511166,""user"":""Ysogo"",""uid"":6220204,""tags"":{""addr:city"":""București"",""addr:housenumber"":""100"",""addr:postcode"":""010091"",""addr:postcode:source"":""Date de la Poșta Română, publicate sub Licența pentru Guvernare Deschisă v1.0 la http://date.gov.ro/organization/posta-romana"",""addr:street"":""Calea Victoriei"",""air_conditioning"":""yes"",""amenity"":""cafe"",""branch"":""Zimbabwe"",""brand"":""Tucano Coffee"",""name"":""Tucano Coffee"",""opening_hours"":""Mo-Su 08:30-22:00"",""outdoor_seating"":""yes"",""phone"":""+40 786 489 777"",""website"":""https://www.tucanocoffee.com/""}}",2026-05-30 08:46:18.442513+00:00
osm,osm:node/11068954265,Cofftail's,Romania,București,cafe,44.4421541,26.0942982,,,,,"{""addr:city"":""București"",""addr:housenumber"":""112"",""addr:postcode"":""010092"",""addr:postcode:source"":""Date de la Poșta Română, publicate sub Licența pentru Guvernare Deschisă v1.0 la http://date.gov.ro/organization/posta-romana"",""addr:street"":""Calea Victoriei"",""amenity"":""cafe"",""name"":""Cofftail's"",""outdoor_seating"":""yes"",""phone"":""+40 722 983 708"",""website"":""http://www.cofftails.ro/"",""formatted_address"":""Calea Victoriei 112, 010092, București"",""primary_type"":""amenity=cafe"",""osm_meta"":{""version"":1,""timestamp"":""2023-07-26T12:07:00Z"",""changeset"":139034412,""uid"":9484321,""user"":""Dan 9""}}","{""type"":""node"",""id"":11068954265,""lat"":44.4421541,""lon"":26.0942982,""timestamp"":""2023-07-26T12:07:00Z"",""version"":1,""changeset"":139034412,""user"":""Dan 9"",""uid"":9484321,""tags"":{""addr:city"":""București"",""addr:housenumber"":""112"",""addr:postcode"":""010092"",""addr:postcode:source"":""Date de la Poșta Română, publicate sub Licența pentru Guvernare Deschisă v1.0 la http://date.gov.ro/organization/posta-romana"",""addr:street"":""Calea Victoriei"",""amenity"":""cafe"",""name"":""Cofftail's"",""outdoor_seating"":""yes"",""phone"":""+40 722 983 708"",""website"":""http://www.cofftails.ro/""}}",2026-05-30 08:46:18.442513+00:00
osm,osm:node/11131305331,5 to go,Romania,București,cafe,44.4408859,26.0925204,,,,,"{""addr:city"":""București"",""addr:housenumber"":""5"",""addr:street"":""Strada Luterană"",""amenity"":""cafe"",""brand"":""5 to go"",""brand:wikidata"":""Q115684369"",""cuisine"":""coffee_shop"",""name"":""5 to go"",""takeaway"":""yes"",""formatted_address"":""Strada Luterană 5, București"",""primary_type"":""amenity=cafe"",""osm_meta"":{""version"":2,""timestamp"":""2026-05-25T20:18:14Z"",""changeset"":183176162,""uid"":20320807,""user"":""SGFRO""}}","{""type"":""node"",""id"":11131305331,""lat"":44.4408859,""lon"":26.0925204,""timestamp"":""2026-05-25T20:18:14Z"",""version"":2,""changeset"":183176162,""user"":""SGFRO"",""uid"":20320807,""tags"":{""addr:city"":""București"",""addr:housenumber"":""5"",""addr:street"":""Strada Luterană"",""amenity"":""cafe"",""brand"":""5 to go"",""brand:wikidata"":""Q115684369"",""cuisine"":""coffee_shop"",""name"":""5 to go"",""takeaway"":""yes""}}",2026-05-30 08:46:18.442513+00:00
osm,osm:node/11195947525,Rio Juice,Romania,București,cafe,44.4417159,26.0951183,,,,,"{""addr:city"":""București"",""addr:housenumber"":""100"",""addr:street"":""Calea Victoriei"",""amenity"":""cafe"",""cuisine"":""brazilian"",""name"":""Rio Juice"",""opening_hours"":""Tu-Th 10:00-17:00; Fr, Sa 10:00-18:00; Su 10:00-16:00"",""formatted_address"":""Calea Victoriei 100, București"",""primary_type"":""amenity=cafe"",""osm_meta"":{""version"":2,""timestamp"":""2025-10-09T08:45:49Z"",""changeset"":173038315,""uid"":128281,""user"":""rarad74""}}","{""type"":""node"",""id"":11195947525,""lat"":44.4417159,""lon"":26.0951183,""timestamp"":""2025-10-09T08:45:49Z"",""version"":2,""changeset"":173038315,""user"":""rarad74"",""uid"":128281,""tags"":{""addr:city"":""București"",""addr:housenumber"":""100"",""addr:street"":""Calea Victoriei"",""amenity"":""cafe"",""cuisine"":""brazilian"",""name"":""Rio Juice"",""opening_hours"":""Tu-Th 10:00-17:00; Fr, Sa 10:00-18:00; Su 10:00-16:00""}}",2026-05-30 08:46:18.442513+00:00
osm,osm:node/13206582694,others,Romania,Bucharest,cafe,44.4375571,26.0900008,,,,,"{""amenity"":""cafe"",""formatted_address"":"""",""primary_type"":""amenity=cafe"",""osm_meta"":{""version"":1,""timestamp"":""2025-10-10T10:49:04Z"",""changeset"":173086104,""uid"":160894,""user"":""jodd""}}","{""type"":""node"",""id"":13206582694,""lat"":44.4375571,""lon"":26.0900008,""timestamp"":""2025-10-10T10:49:04Z"",""version"":1,""changeset"":173086104,""user"":""jodd"",""uid"":160894,""tags"":{""amenity"":""cafe""}}",2026-05-30 08:46:18.442513+00:00
osm,osm:node/2939214402,J'ai Bistrot,Romania,București,cafe,44.4448065,26.0857354,,,,,"{""addr:city"":""București"",""addr:housenumber"":""55"",""addr:postcode"":""010704"",""addr:street"":""Calea Griviței"",""amenity"":""cafe"",""contact:facebook"":""jaibistrot"",""contact:instagram"":""jaibistrot"",""contact:phone"":""+40790229922"",""cuisine"":""burger;grill;pasta"",""indoor_seating"":""yes"",""internet_access"":""wlan"",""name"":""J'ai Bistrot"",""opening_hours"":""Mo-Fr 12:00-01:00, Sa,Su 10:00-01:00"",""outdoor_seating"":""no"",""website"":""https://www.jaibistrot.ro/"",""formatted_address"":""Calea Griviței 55, 010704, București"",""primary_type"":""amenity=cafe"",""osm_meta"":{""version"":8,""timestamp"":""2023-11-18T13:28:26Z"",""changeset"":144174466,""uid"":9451067,""user"":""b-jazz-bot""}}","{""type"":""node"",""id"":2939214402,""lat"":44.4448065,""lon"":26.0857354,""timestamp"":""2023-11-18T13:28:26Z"",""version"":8,""changeset"":144174466,""user"":""b-jazz-bot"",""uid"":9451067,""tags"":{""addr:city"":""București"",""addr:housenumber"":""55"",""addr:postcode"":""010704"",""addr:street"":""Calea Griviței"",""amenity"":""cafe"",""contact:facebook"":""jaibistrot"",""contact:instagram"":""jaibistrot"",""contact:phone"":""+40790229922"",""cuisine"":""burger;grill;pasta"",""indoor_seating"":""yes"",""internet_access"":""wlan"",""name"":""J'ai Bistrot"",""opening_hours"":""Mo-Fr 12:00-01:00, Sa,Su 10:00-01:00"",""outdoor_seating"":""no"",""website"":""https://www.jaibistrot.ro/""}}",2026-05-30 08:46:18.442513+00:00
osm,osm:node/4350720097,Starbucks,Romania,București,cafe,44.4494099,26.0881461,,,,,"{""addr:city"":""București"",""amenity"":""cafe"",""atm"":""yes"",""brand"":""Starbucks"",""brand:wikidata"":""Q37158"",""brand:wikipedia"":""en:Starbucks"",""cuisine"":""coffee_shop"",""name"":""Starbucks"",""official_name"":""Starbucks Coffee"",""opening_hours"":""Mo-Fr 07:30-22:00; Sa,Su 08:00-22:00"",""takeaway"":""yes"",""wheelchair"":""yes"",""formatted_address"":""București"",""primary_type"":""amenity=cafe"",""osm_meta"":{""version"":10,""timestamp"":""2025-10-11T18:22:07Z"",""changeset"":173150088,""uid"":128281,""user"":""rarad74""}}","{""type"":""node"",""id"":4350720097,""lat"":44.4494099,""lon"":26.0881461,""timestamp"":""2025-10-11T18:22:07Z"",""version"":10,""changeset"":173150088,""user"":""rarad74"",""uid"":128281,""tags"":{""addr:city"":""București"",""amenity"":""cafe"",""atm"":""yes"",""brand"":""Starbucks"",""brand:wikidata"":""Q37158"",""brand:wikipedia"":""en:Starbucks"",""cuisine"":""coffee_shop"",""name"":""Starbucks"",""official_name"":""Starbucks Coffee"",""opening_hours"":""Mo-Fr 07:30-22:00; Sa,Su 08:00-22:00"",""takeaway"":""yes"",""wheelchair"":""yes""}}",2026-05-30 08:46:18.442513+00:00
osm,osm:node/7179017185,Black Habit,Romania,Bucharest,cafe,44.4451194,26.0842887,,,,,"{""amenity"":""cafe"",""cuisine"":""international"",""indoor_seating"":""yes"",""name"":""Black Habit"",""name:en"":""Black Habit"",""opening_hours"":""Mo-Fr 07:30-17:30; Sa,Su 09:00-17:00"",""outdoor_seating"":""yes"",""website"":""https://www.blackhabit.ro/"",""formatted_address"":"""",""primary_type"":""amenity=cafe"",""osm_meta"":{""version"":6,""timestamp"":""2024-08-18T13:28:26Z"",""changeset"":155414851,""uid"":21821458,""user"":""Nalaxon""}}","{""type"":""node"",""id"":7179017185,""lat"":44.4451194,""lon"":26.0842887,""timestamp"":""2024-08-18T13:28:26Z"",""version"":6,""changeset"":155414851,""user"":""Nalaxon"",""uid"":21821458,""tags"":{""amenity"":""cafe"",""cuisine"":""international"",""indoor_seating"":""yes"",""name"":""Black Habit"",""name:en"":""Black Habit"",""opening_hours"":""Mo-Fr 07:30-17:30; Sa,Su 09:00-17:00"",""outdoor_seating"":""yes"",""website"":""https://www.blackhabit.ro/""}}",2026-05-30 08:46:18.442513+00:00
osm,osm:node/11228642342,Enso cafe,Romania,Bucharest,cafe,44.44638,26.087553,,,,,"{""amenity"":""cafe"",""check_date"":""2023-09-30"",""name"":""Enso cafe"",""payment:mastercard"":""yes"",""payment:visa"":""yes"",""formatted_address"":"""",""primary_type"":""amenity=cafe"",""osm_meta"":{""version"":1,""timestamp"":""2023-09-30T09:33:47Z"",""changeset"":141943228,""uid"":227774,""user"":""notmymap""}}","{""type"":""node"",""id"":11228642342,""lat"":44.44638,""lon"":26.087553,""timestamp"":""2023-09-30T09:33:47Z"",""version"":1,""changeset"":141943228,""user"":""notmymap"",""uid"":227774,""tags"":{""amenity"":""cafe"",""check_date"":""2023-09-30"",""name"":""Enso cafe"",""payment:mastercard"":""yes"",""payment:visa"":""yes""}}",2026-05-30 08:46:18.442513+00:00
osm,osm:node/11795216443,Boiler x Guido,Romania,București,cafe,44.4492073,26.0883176,,,,,"{""addr:city"":""București"",""amenity"":""cafe"",""cuisine"":""coffee_shop"",""name"":""Boiler x Guido"",""formatted_address"":""București"",""primary_type"":""amenity=cafe"",""osm_meta"":{""version"":2,""timestamp"":""2025-10-11T18:22:07Z"",""changeset"":173150088,""uid"":128281,""user"":""rarad74""}}","{""type"":""node"",""id"":11795216443,""lat"":44.4492073,""lon"":26.0883176,""timestamp"":""2025-10-11T18:22:07Z"",""version"":2,""changeset"":173150088,""user"":""rarad74"",""uid"":128281,""tags"":{""addr:city"":""București"",""amenity"":""cafe"",""cuisine"":""coffee_shop"",""name"":""Boiler x Guido""}}",2026-05-30 08:46:18.442513+00:00
osm,osm:node/12826037401,Popa Tatu 68,Romania,București,cafe,44.4443326,26.0836047,,,,,"{""addr:city"":""București"",""addr:housenumber"":""68"",""addr:postcode"":""010806"",""addr:street"":""Strada Popa Tatu"",""amenity"":""cafe"",""name"":""Popa Tatu 68"",""opening_hours"":""Sa-Su 10:00-20:00; Tu-Fr 09:00-20:00"",""outdoor_seating"":""yes"",""formatted_address"":""Strada Popa Tatu 68, 010806, București"",""primary_type"":""amenity=cafe"",""osm_meta"":{""version"":3,""timestamp"":""2026-01-31T03:47:29Z"",""changeset"":177913318,""uid"":22582172,""user"":""one_electro_dan""}}","{""type"":""node"",""id"":12826037401,""lat"":44.4443326,""lon"":26.0836047,""timestamp"":""2026-01-31T03:47:29Z"",""version"":3,""changeset"":177913318,""user"":""one_electro_dan"",""uid"":22582172,""tags"":{""addr:city"":""București"",""addr:housenumber"":""68"",""addr:postcode"":""010806"",""addr:street"":""Strada Popa Tatu"",""amenity"":""cafe"",""name"":""Popa Tatu 68"",""opening_hours"":""Sa-Su 10:00-20:00; Tu-Fr 09:00-20:00"",""outdoor_seating"":""yes""}}",2026-05-30 08:46:18.442513+00:00
osm,osm:node/1726036389,Cascara,Romania,București,cafe,44.4440333,26.0925108,,,,,"{""addr:city"":""București"",""addr:housenumber"":""134"",""addr:postcode"":""010094"",""addr:postcode:source"":""Date de la Poșta Română, publicate sub Licența pentru Guvernare Deschisă v1.0 la http://date.gov.ro/organization/posta-romana"",""addr:street"":""Calea Victoriei"",""amenity"":""cafe"",""facebook"":""cascaracoffeeshop"",""name"":""Cascara"",""name:en"":""Cascara Coffee Roastery"",""opening_hours"":""Mo-Fr 09:00-22:00; Sa 10:00-23:00; Su 10:00-22:00"",""outdoor_seating"":""yes"",""phone"":""+40 724 272 521"",""website"":""https://www.cascaracoffee.ro/"",""formatted_address"":""Calea Victoriei 134, 010094, București"",""primary_type"":""amenity=cafe"",""osm_meta"":{""version"":7,""timestamp"":""2023-11-02T16:33:10Z"",""changeset"":143540536,""uid"":9451067,""user"":""b-jazz-bot""}}","{""type"":""node"",""id"":1726036389,""lat"":44.4440333,""lon"":26.0925108,""timestamp"":""2023-11-02T16:33:10Z"",""version"":7,""changeset"":143540536,""user"":""b-jazz-bot"",""uid"":9451067,""tags"":{""addr:city"":""București"",""addr:housenumber"":""134"",""addr:postcode"":""010094"",""addr:postcode:source"":""Date de la Poșta Română, publicate sub Licența pentru Guvernare Deschisă v1.0 la http://date.gov.ro/organization/posta-romana"",""addr:street"":""Calea Victoriei"",""amenity"":""cafe"",""facebook"":""cascaracoffeeshop"",""name"":""Cascara"",""name:en"":""Cascara Coffee Roastery"",""opening_hours"":""Mo-Fr 09:00-22:00; Sa 10:00-23:00; Su 10:00-22:00"",""outdoor_seating"":""yes"",""phone"":""+40 724 272 521"",""website"":""https://www.cascaracoffee.ro/""}}",2026-05-30 08:46:18.442513+00:00
osm,osm:node/1726036390,136 Brasserie,Romania,București,cafe,44.444158,26.0923911,,,,,"{""addr:city"":""București"",""addr:housenumber"":""136"",""addr:postcode"":""010094"",""addr:postcode:source"":""Date de la Poșta Română, publicate sub Licența pentru Guvernare Deschisă v1.0 la http://date.gov.ro/organization/posta-romana"",""addr:street"":""Calea Victoriei"",""amenity"":""cafe"",""name"":""136 Brasserie"",""opening_hours"":""Mo-Su 10:00-22:00"",""formatted_address"":""Calea Victoriei 136, 010094, București"",""primary_type"":""amenity=cafe"",""osm_meta"":{""version"":9,""timestamp"":""2026-01-24T11:25:17Z"",""changeset"":177641890,""uid"":21323943,""user"":""DJack04""}}","{""type"":""node"",""id"":1726036390,""lat"":44.444158,""lon"":26.0923911,""timestamp"":""2026-01-24T11:25:17Z"",""version"":9,""changeset"":177641890,""user"":""DJack04"",""uid"":21323943,""tags"":{""addr:city"":""București"",""addr:housenumber"":""136"",""addr:postcode"":""010094"",""addr:postcode:source"":""Date de la Poșta Română, publicate sub Licența pentru Guvernare Deschisă v1.0 la http://date.gov.ro/organization/posta-romana"",""addr:street"":""Calea Victoriei"",""amenity"":""cafe"",""name"":""136 Brasserie"",""opening_hours"":""Mo-Su 10:00-22:00""}}",2026-05-30 08:46:18.442513+00:00
osm,osm:node/2734668732,Cafeneaua Nației,Romania,București,cafe,44.4473545,26.0953731,,,,,"{""addr:city"":""București"",""addr:housenumber"":""7"",""addr:postcode"":""010661"",""addr:street"":""Bulevardul Lascăr Catargiu"",""amenity"":""cafe"",""name"":""Cafeneaua Nației"",""outdoor_seating"":""yes"",""source"":""survey"",""formatted_address"":""Bulevardul Lascăr Catargiu 7, 010661, București"",""primary_type"":""amenity=cafe"",""osm_meta"":{""version"":7,""timestamp"":""2026-04-06T11:09:06Z"",""changeset"":180939277,""uid"":20320807,""user"":""SGFRO""}}","{""type"":""node"",""id"":2734668732,""lat"":44.4473545,""lon"":26.0953731,""timestamp"":""2026-04-06T11:09:06Z"",""version"":7,""changeset"":180939277,""user"":""SGFRO"",""uid"":20320807,""tags"":{""addr:city"":""București"",""addr:housenumber"":""7"",""addr:postcode"":""010661"",""addr:street"":""Bulevardul Lascăr Catargiu"",""amenity"":""cafe"",""name"":""Cafeneaua Nației"",""outdoor_seating"":""yes"",""source"":""survey""}}",2026-05-30 08:46:18.442513+00:00
osm,osm:node/5513775322,Coclinart,Romania,Bucharest,cafe,44.4446225,26.0924152,,,,,"{""amenity"":""cafe"",""name"":""Coclinart"",""formatted_address"":"""",""primary_type"":""amenity=cafe"",""osm_meta"":{""version"":1,""timestamp"":""2018-03-29T10:44:29Z"",""changeset"":57629287,""uid"":5564999,""user"":""diemendes""}}","{""type"":""node"",""id"":5513775322,""lat"":44.4446225,""lon"":26.0924152,""timestamp"":""2018-03-29T10:44:29Z"",""version"":1,""changeset"":57629287,""user"":""diemendes"",""uid"":5564999,""tags"":{""amenity"":""cafe"",""name"":""Coclinart""}}",2026-05-30 08:46:18.442513+00:00
osm,osm:node/5714624185,Ceramic Cafe,Romania,Bucharest,cafe,44.4489752,26.0951265,,,,,"{""addr:housenumber"":""20"",""addr:postcode"":""010424"",""addr:street"":""Strada Visarion"",""amenity"":""cafe"",""email"":""ceramicafebucuresti@gmail.com"",""name"":""Ceramic Cafe"",""opening_hours"":""Tu-Su 14:00-22:00"",""outdoor_seating"":""yes"",""phone"":""+40774007364"",""phone:mobile"":""+40774007364"",""website"":""https://www.facebook.com/ceramicafebucuresti/"",""formatted_address"":""Strada Visarion 20, 010424"",""primary_type"":""amenity=cafe"",""osm_meta"":{""version"":4,""timestamp"":""2025-09-02T08:07:18Z"",""changeset"":171348188,""uid"":11413,""user"":""CCC0""}}","{""type"":""node"",""id"":5714624185,""lat"":44.4489752,""lon"":26.0951265,""timestamp"":""2025-09-02T08:07:18Z"",""version"":4,""changeset"":171348188,""user"":""CCC0"",""uid"":11413,""tags"":{""addr:housenumber"":""20"",""addr:postcode"":""010424"",""addr:street"":""Strada Visarion"",""amenity"":""cafe"",""email"":""ceramicafebucuresti@gmail.com"",""name"":""Ceramic Cafe"",""opening_hours"":""Tu-Su 14:00-22:00"",""outdoor_seating"":""yes"",""phone"":""+40774007364"",""phone:mobile"":""+40774007364"",""website"":""https://www.facebook.com/ceramicafebucuresti/""}}",2026-05-30 08:46:18.442513+00:00
osm,osm:node/7179021185,Steam Coffee,Romania,București,cafe,44.4468579,26.0947641,,,,,"{""addr:city"":""București"",""addr:housenumber"":""2"",""addr:postcode"":""010421"",""addr:street"":""Strada Visarion"",""amenity"":""cafe"",""name"":""Steam Coffee"",""name:en"":""Steam Coffee"",""wheelchair"":""no"",""formatted_address"":""Strada Visarion 2, 010421, București"",""primary_type"":""amenity=cafe"",""osm_meta"":{""version"":3,""timestamp"":""2023-10-02T17:30:28Z"",""changeset"":142049897,""uid"":17533728,""user"":""Fchvvhvgc""}}","{""type"":""node"",""id"":7179021185,""lat"":44.4468579,""lon"":26.0947641,""timestamp"":""2023-10-02T17:30:28Z"",""version"":3,""changeset"":142049897,""user"":""Fchvvhvgc"",""uid"":17533728,""tags"":{""addr:city"":""București"",""addr:housenumber"":""2"",""addr:postcode"":""010421"",""addr:street"":""Strada Visarion"",""amenity"":""cafe"",""name"":""Steam Coffee"",""name:en"":""Steam Coffee"",""wheelchair"":""no""}}",2026-05-30 08:46:18.442513+00:00
osm,osm:node/7843192385,Uzina Coffee,Romania,București,cafe,44.4434999,26.0939228,,,,,"{""addr:city"":""București"",""addr:housenumber"":""5"",""addr:postcode"":""010342"",""addr:street"":""Strada Piața Amzei"",""amenity"":""cafe"",""name"":""Uzina Coffee"",""name:en"":""Uzina Coffee"",""opening_hours"":""Mo-Fr 08:00-23:00; Sa,Su 10:00-23:00"",""formatted_address"":""Strada Piața Amzei 5, 010342, București"",""primary_type"":""amenity=cafe"",""osm_meta"":{""version"":5,""timestamp"":""2026-02-11T21:16:47Z"",""changeset"":178426285,""uid"":20320807,""user"":""SGFRO""}}","{""type"":""node"",""id"":7843192385,""lat"":44.4434999,""lon"":26.0939228,""timestamp"":""2026-02-11T21:16:47Z"",""version"":5,""changeset"":178426285,""user"":""SGFRO"",""uid"":20320807,""tags"":{""addr:city"":""București"",""addr:housenumber"":""5"",""addr:postcode"":""010342"",""addr:street"":""Strada Piața Amzei"",""amenity"":""cafe"",""name"":""Uzina Coffee"",""name:en"":""Uzina Coffee"",""opening_hours"":""Mo-Fr 08:00-23:00; Sa,Su 10:00-23:00""}}",2026-05-30 08:46:18.442513+00:00
osm,osm:node/10065931217,Crocant,Romania,Bucharest,cafe,44.4470813,26.0940145,,,,,"{""addr:housenumber"":""35"",""addr:street"":""Strada Nicolae Iorga"",""amenity"":""cafe"",""internet_access"":""wlan"",""name"":""Crocant"",""name:en"":""Crocant"",""opening_hours"":""Mo-Fr 08:00-18:00; Sa-Su 09:00-16:00"",""phone"":""+40771292068"",""website"":""https://www.crocant.ro"",""formatted_address"":""Strada Nicolae Iorga 35"",""primary_type"":""amenity=cafe"",""osm_meta"":{""version"":2,""timestamp"":""2024-02-03T14:35:58Z"",""changeset"":147022228,""uid"":20320807,""user"":""SGFRO""}}","{""type"":""node"",""id"":10065931217,""lat"":44.4470813,""lon"":26.0940145,""timestamp"":""2024-02-03T14:35:58Z"",""version"":2,""changeset"":147022228,""user"":""SGFRO"",""uid"":20320807,""tags"":{""addr:housenumber"":""35"",""addr:street"":""Strada Nicolae Iorga"",""amenity"":""cafe"",""internet_access"":""wlan"",""name"":""Crocant"",""name:en"":""Crocant"",""opening_hours"":""Mo-Fr 08:00-18:00; Sa-Su 09:00-16:00"",""phone"":""+40771292068"",""website"":""https://www.crocant.ro""}}",2026-05-30 08:46:18.442513+00:00
osm,osm:node/11068961018,Okfea,Romania,București,cafe,44.4433366,26.0928527,,,,,"{""addr:city"":""București"",""addr:housenumber"":""101"",""addr:postcode"":""010068"",""addr:postcode:source"":""Date de la Poșta Română, publicate sub Licența pentru Guvernare Deschisă v1.0 la http://date.gov.ro/organization/posta-romana"",""addr:street"":""Calea Victoriei"",""amenity"":""cafe"",""name"":""Okfea"",""opening_hours"":""Mo-Fr 07:30-19:00; Sa-Su 08:30-21:00"",""website"":""https://okfea.ro/"",""formatted_address"":""Calea Victoriei 101, 010068, București"",""primary_type"":""amenity=cafe"",""osm_meta"":{""version"":1,""timestamp"":""2023-07-26T12:07:00Z"",""changeset"":139034412,""uid"":9484321,""user"":""Dan 9""}}","{""type"":""node"",""id"":11068961018,""lat"":44.4433366,""lon"":26.0928527,""timestamp"":""2023-07-26T12:07:00Z"",""version"":1,""changeset"":139034412,""user"":""Dan 9"",""uid"":9484321,""tags"":{""addr:city"":""București"",""addr:housenumber"":""101"",""addr:postcode"":""010068"",""addr:postcode:source"":""Date de la Poșta Română, publicate sub Licența pentru Guvernare Deschisă v1.0 la http://date.gov.ro/organization/posta-romana"",""addr:street"":""Calea Victoriei"",""amenity"":""cafe"",""name"":""Okfea"",""opening_hours"":""Mo-Fr 07:30-19:00; Sa-Su 08:30-21:00"",""website"":""https://okfea.ro/""}}",2026-05-30 08:46:18.442513+00:00
osm,osm:node/11068961024,La Maison du Gout,Romania,București,cafe,44.4439525,26.0925885,,,,,"{""addr:city"":""București"",""addr:housenumber"":""134"",""addr:postcode"":""010094"",""addr:postcode:source"":""Date de la Poșta Română, publicate sub Licența pentru Guvernare Deschisă v1.0 la http://date.gov.ro/organization/posta-romana"",""addr:street"":""Calea Victoriei"",""amenity"":""cafe"",""facebook"":""cascaracoffeeshop"",""name"":""La Maison du Gout"",""name:fr"":""La Maison du Gout"",""opening_hours"":""Mo-Fr 09:00-20:00; Sa 09:00-21:00; Su 09:00-20:00"",""outdoor_seating"":""yes"",""phone"":""+40 726 961 347"",""website"":""https://www.frenchbakery.ro/"",""formatted_address"":""Calea Victoriei 134, 010094, București"",""primary_type"":""amenity=cafe"",""osm_meta"":{""version"":2,""timestamp"":""2026-01-24T11:26:57Z"",""changeset"":177641890,""uid"":21323943,""user"":""DJack04""}}","{""type"":""node"",""id"":11068961024,""lat"":44.4439525,""lon"":26.0925885,""timestamp"":""2026-01-24T11:26:57Z"",""version"":2,""changeset"":177641890,""user"":""DJack04"",""uid"":21323943,""tags"":{""addr:city"":""București"",""addr:housenumber"":""134"",""addr:postcode"":""010094"",""addr:postcode:source"":""Date de la Poșta Română, publicate sub Licența pentru Guvernare Deschisă v1.0 la http://date.gov.ro/organization/posta-romana"",""addr:street"":""Calea Victoriei"",""amenity"":""cafe"",""facebook"":""cascaracoffeeshop"",""name"":""La Maison du Gout"",""name:fr"":""La Maison du Gout"",""opening_hours"":""Mo-Fr 09:00-20:00; Sa 09:00-21:00; Su 09:00-20:00"",""outdoor_seating"":""yes"",""phone"":""+40 726 961 347"",""website"":""https://www.frenchbakery.ro/""}}",2026-05-30 08:46:18.442513+00:00
osm,osm:node/11410181404,Reper,Romania,Bucharest,cafe,44.4458506,26.0910052,,,,,"{""amenity"":""cafe"",""name"":""Reper"",""formatted_address"":"""",""primary_type"":""amenity=cafe"",""osm_meta"":{""version"":1,""timestamp"":""2023-12-11T17:46:40Z"",""changeset"":145008932,""uid"":69259,""user"":""DnaX""}}","{""type"":""node"",""id"":11410181404,""lat"":44.4458506,""lon"":26.0910052,""timestamp"":""2023-12-11T17:46:40Z"",""version"":1,""changeset"":145008932,""user"":""DnaX"",""uid"":69259,""tags"":{""amenity"":""cafe"",""name"":""Reper""}}",2026-05-30 08:46:18.442513+00:00
osm,osm:node/13544497924,5 to go,Romania,Bucharest,cafe,44.4435571,26.0942414,,,,,"{""amenity"":""cafe"",""brand"":""5 to go"",""brand:wikidata"":""Q115684369"",""cuisine"":""coffee_shop"",""name"":""5 to go"",""takeaway"":""yes"",""formatted_address"":"""",""primary_type"":""amenity=cafe"",""osm_meta"":{""version"":1,""timestamp"":""2026-02-11T21:16:47Z"",""changeset"":178426285,""uid"":20320807,""user"":""SGFRO""}}","{""type"":""node"",""id"":13544497924,""lat"":44.4435571,""lon"":26.0942414,""timestamp"":""2026-02-11T21:16:47Z"",""version"":1,""changeset"":178426285,""user"":""SGFRO"",""uid"":20320807,""tags"":{""amenity"":""cafe"",""brand"":""5 to go"",""brand:wikidata"":""Q115684369"",""cuisine"":""coffee_shop"",""name"":""5 to go"",""takeaway"":""yes""}}",2026-05-30 08:46:18.442513+00:00
osm,osm:node/12358167947,5 to go,Romania,Bucharest,cafe,44.4603283,26.0588189,,,,,"{""amenity"":""cafe"",""brand"":""5 to go"",""brand:wikidata"":""Q115684369"",""cuisine"":""coffee_shop"",""name"":""5 to go"",""opening_hours"":""Mo-Fr 07:00-18:00; Sa,Su 08:00-18:00"",""takeaway"":""yes"",""formatted_address"":"""",""primary_type"":""amenity=cafe"",""osm_meta"":{""version"":3,""timestamp"":""2026-01-04T01:06:28Z"",""changeset"":176802948,""uid"":69259,""user"":""DnaX""}}","{""type"":""node"",""id"":12358167947,""lat"":44.4603283,""lon"":26.0588189,""timestamp"":""2026-01-04T01:06:28Z"",""version"":3,""changeset"":176802948,""user"":""DnaX"",""uid"":69259,""tags"":{""amenity"":""cafe"",""brand"":""5 to go"",""brand:wikidata"":""Q115684369"",""cuisine"":""coffee_shop"",""name"":""5 to go"",""opening_hours"":""Mo-Fr 07:00-18:00; Sa,Su 08:00-18:00"",""takeaway"":""yes""}}",2026-05-30 08:46:18.442513+00:00
osm,osm:node/1296347641,Starbucks,Romania,București,cafe,44.4523982,26.0828114,,,,,"{""addr:city"":""București"",""addr:housenumber"":""4-8"",""addr:postcode"":""011131"",""addr:street"":""Șoseaua Nicolae Titulescu"",""amenity"":""cafe"",""brand"":""Starbucks"",""brand:wikidata"":""Q37158"",""brand:wikipedia"":""en:Starbucks"",""check_date:opening_hours"":""2025-02-15"",""cuisine"":""coffee_shop"",""is_in:city"":""București"",""name"":""Starbucks"",""official_name"":""Starbucks Coffee"",""opening_hours"":""Mo-Su 08:00-21:00"",""outdoor_seating"":""yes"",""phone"":""+40 751 281 205"",""takeaway"":""yes"",""website"":""https://www.starbucksromania.ro/"",""wheelchair"":""yes"",""formatted_address"":""Șoseaua Nicolae Titulescu 4-8, 011131, București"",""primary_type"":""amenity=cafe"",""osm_meta"":{""version"":15,""timestamp"":""2025-02-15T11:21:44Z"",""changeset"":162532149,""uid"":21323943,""user"":""DJack04""}}","{""type"":""node"",""id"":1296347641,""lat"":44.4523982,""lon"":26.0828114,""timestamp"":""2025-02-15T11:21:44Z"",""version"":15,""changeset"":162532149,""user"":""DJack04"",""uid"":21323943,""tags"":{""addr:city"":""București"",""addr:housenumber"":""4-8"",""addr:postcode"":""011131"",""addr:street"":""Șoseaua Nicolae Titulescu"",""amenity"":""cafe"",""brand"":""Starbucks"",""brand:wikidata"":""Q37158"",""brand:wikipedia"":""en:Starbucks"",""check_date:opening_hours"":""2025-02-15"",""cuisine"":""coffee_shop"",""is_in:city"":""București"",""name"":""Starbucks"",""official_name"":""Starbucks Coffee"",""opening_hours"":""Mo-Su 08:00-21:00"",""outdoor_seating"":""yes"",""phone"":""+40 751 281 205"",""takeaway"":""yes"",""website"":""https://www.starbucksromania.ro/"",""wheelchair"":""yes""}}",2026-05-30 08:46:18.442513+00:00
osm,osm:node/6696629616,Coppa Coffee & Wine Bar,Romania,București,cafe,44.4518383,26.0819792,,,,,"{""addr:city"":""București"",""addr:housenumber"":""3"",""addr:postcode"":""011131"",""addr:street"":""Șoseaua Nicolae Titulescu"",""amenity"":""cafe"",""name"":""Coppa Coffee & Wine Bar"",""opening_hours"":""Mo-Fr 09:00-22:00; Su 10:00-20:00; Sa 10:00-22:00"",""outdoor_seating"":""yes"",""phone"":""+40 741 594 545"",""source"":""survey"",""formatted_address"":""Șoseaua Nicolae Titulescu 3, 011131, București"",""primary_type"":""amenity=cafe"",""osm_meta"":{""version"":3,""timestamp"":""2025-08-08T08:41:20Z"",""changeset"":170142702,""uid"":8430074,""user"":""alexnder""}}","{""type"":""node"",""id"":6696629616,""lat"":44.4518383,""lon"":26.0819792,""timestamp"":""2025-08-08T08:41:20Z"",""version"":3,""changeset"":170142702,""user"":""alexnder"",""uid"":8430074,""tags"":{""addr:city"":""București"",""addr:housenumber"":""3"",""addr:postcode"":""011131"",""addr:street"":""Șoseaua Nicolae Titulescu"",""amenity"":""cafe"",""name"":""Coppa Coffee & Wine Bar"",""opening_hours"":""Mo-Fr 09:00-22:00; Su 10:00-20:00; Sa 10:00-22:00"",""outdoor_seating"":""yes"",""phone"":""+40 741 594 545"",""source"":""survey""}}",2026-05-30 08:46:18.442513+00:00
osm,osm:node/7175163185,Saint Roastery Speciality Coffee,Romania,Bucharest,cafe,44.4513064,26.0783629,,,,,"{""amenity"":""cafe"",""cuisine"":""coffee_shop;regional"",""indoor_seating"":""yes"",""internet_access"":""wlan"",""internet_access:fee"":""no"",""name"":""Saint Roastery Speciality Coffee"",""name:en"":""Saint Roastery Speciality Coffee"",""opening_hours"":""Mo-Fr 07:30-19:00; Sa-Su 08:00-19:00"",""outdoor_seating"":""yes"",""smoking"":""outside"",""takeaway"":""yes"",""website"":""https://www.saintroastery.ro/"",""wheelchair"":""limited"",""formatted_address"":"""",""primary_type"":""amenity=cafe"",""osm_meta"":{""version"":4,""timestamp"":""2026-03-03T08:45:13Z"",""changeset"":179289866,""uid"":213831,""user"":""Josef73""}}","{""type"":""node"",""id"":7175163185,""lat"":44.4513064,""lon"":26.0783629,""timestamp"":""2026-03-03T08:45:13Z"",""version"":4,""changeset"":179289866,""user"":""Josef73"",""uid"":213831,""tags"":{""amenity"":""cafe"",""cuisine"":""coffee_shop;regional"",""indoor_seating"":""yes"",""internet_access"":""wlan"",""internet_access:fee"":""no"",""name"":""Saint Roastery Speciality Coffee"",""name:en"":""Saint Roastery Speciality Coffee"",""opening_hours"":""Mo-Fr 07:30-19:00; Sa-Su 08:00-19:00"",""outdoor_seating"":""yes"",""smoking"":""outside"",""takeaway"":""yes"",""website"":""https://www.saintroastery.ro/"",""wheelchair"":""limited""}}",2026-05-30 08:46:18.442513+00:00
osm,osm:node/10168996688,others,Romania,București,cafe,44.4523974,26.0829946,,,,,"{""addr:city"":""București"",""addr:housenumber"":""4-8"",""addr:street"":""Șoseaua Nicolae Titulescu"",""amenity"":""cafe"",""cuisine"":""coffee_shop"",""formatted_address"":""Șoseaua Nicolae Titulescu 4-8, București"",""primary_type"":""amenity=cafe"",""osm_meta"":{""version"":4,""timestamp"":""2025-02-15T11:21:16Z"",""changeset"":162532431,""uid"":21323943,""user"":""DJack04""}}","{""type"":""node"",""id"":10168996688,""lat"":44.4523974,""lon"":26.0829946,""timestamp"":""2025-02-15T11:21:16Z"",""version"":4,""changeset"":162532431,""user"":""DJack04"",""uid"":21323943,""tags"":{""addr:city"":""București"",""addr:housenumber"":""4-8"",""addr:street"":""Șoseaua Nicolae Titulescu"",""amenity"":""cafe"",""cuisine"":""coffee_shop""}}",2026-05-30 08:46:18.442513+00:00
osm,osm:node/10951615131,Sagakura,Romania,București,cafe,44.4524056,26.0812395,,,,,"{""addr:city"":""București"",""addr:housenumber"":""4.8"",""addr:postcode"":""011131"",""addr:street"":""Șoseaua Nicolae Titulescu"",""amenity"":""cafe"",""name"":""Sagakura"",""opening_hours"":""Mo-Su 08:00-24:00"",""formatted_address"":""Șoseaua Nicolae Titulescu 4.8, 011131, București"",""primary_type"":""amenity=cafe"",""osm_meta"":{""version"":4,""timestamp"":""2025-02-15T11:27:44Z"",""changeset"":162532149,""uid"":21323943,""user"":""DJack04""}}","{""type"":""node"",""id"":10951615131,""lat"":44.4524056,""lon"":26.0812395,""timestamp"":""2025-02-15T11:27:44Z"",""version"":4,""changeset"":162532149,""user"":""DJack04"",""uid"":21323943,""tags"":{""addr:city"":""București"",""addr:housenumber"":""4.8"",""addr:postcode"":""011131"",""addr:street"":""Șoseaua Nicolae Titulescu"",""amenity"":""cafe"",""name"":""Sagakura"",""opening_hours"":""Mo-Su 08:00-24:00""}}",2026-05-30 08:46:18.442513+00:00
osm,osm:node/11046997299,5 to go,Romania,Bucharest,cafe,44.4518624,26.0800997,,,,,"{""amenity"":""cafe"",""brand"":""5 to go"",""brand:wikidata"":""Q115684369"",""cuisine"":""coffee_shop"",""name"":""5 to go"",""takeaway"":""yes"",""formatted_address"":"""",""primary_type"":""amenity=cafe"",""osm_meta"":{""version"":1,""timestamp"":""2023-07-14T17:46:45Z"",""changeset"":138517989,""uid"":69259,""user"":""DnaX""}}","{""type"":""node"",""id"":11046997299,""lat"":44.4518624,""lon"":26.0800997,""timestamp"":""2023-07-14T17:46:45Z"",""version"":1,""changeset"":138517989,""user"":""DnaX"",""uid"":69259,""tags"":{""amenity"":""cafe"",""brand"":""5 to go"",""brand:wikidata"":""Q115684369"",""cuisine"":""coffee_shop"",""name"":""5 to go"",""takeaway"":""yes""}}",2026-05-30 08:46:18.442513+00:00
osm,osm:node/928443229,CAFEA - La Haig Keșkerian,Romania,Bucharest,cafe,44.4564369,26.0773646,,,,,"{""amenity"":""cafe"",""cuisine"":""armenian"",""name"":""CAFEA - La Haig Keșkerian"",""formatted_address"":"""",""primary_type"":""amenity=cafe"",""osm_meta"":{""version"":4,""timestamp"":""2015-02-05T22:38:34Z"",""changeset"":28641387,""uid"":1164579,""user"":""dincaionclaudiu""}}","{""type"":""node"",""id"":928443229,""lat"":44.4564369,""lon"":26.0773646,""timestamp"":""2015-02-05T22:38:34Z"",""version"":4,""changeset"":28641387,""user"":""dincaionclaudiu"",""uid"":1164579,""tags"":{""amenity"":""cafe"",""cuisine"":""armenian"",""name"":""CAFEA - La Haig Keșkerian""}}",2026-05-30 08:46:18.442513+00:00
osm,osm:node/10982264328,ADESSO,Romania,București,cafe,44.4568442,26.0801645,,,,,"{""addr:city"":""București"",""addr:housenumber"":""1"",""addr:postcode"":""011354"",""addr:street"":""Strada Barbu Delavrancea"",""amenity"":""cafe"",""name"":""ADESSO"",""opening_hours"":""Mo-Th 08:00-20:00; Fr 08:00-21:00; Sa 09:00-21:00; Su 09:00-20:00"",""formatted_address"":""Strada Barbu Delavrancea 1, 011354, București"",""primary_type"":""amenity=cafe"",""osm_meta"":{""version"":2,""timestamp"":""2024-03-05T17:41:09Z"",""changeset"":148261294,""uid"":213831,""user"":""Josef73""}}","{""type"":""node"",""id"":10982264328,""lat"":44.4568442,""lon"":26.0801645,""timestamp"":""2024-03-05T17:41:09Z"",""version"":2,""changeset"":148261294,""user"":""Josef73"",""uid"":213831,""tags"":{""addr:city"":""București"",""addr:housenumber"":""1"",""addr:postcode"":""011354"",""addr:street"":""Strada Barbu Delavrancea"",""amenity"":""cafe"",""name"":""ADESSO"",""opening_hours"":""Mo-Th 08:00-20:00; Fr 08:00-21:00; Sa 09:00-21:00; Su 09:00-20:00""}}",2026-05-30 08:46:18.442513+00:00
osm,osm:node/13728420460,Ted's Coffee,Romania,Bucharest,cafe,44.4583898,26.0785689,,,,,"{""addr:housenumber"":""1"",""addr:street"":""Arhitect Ion Mincu"",""amenity"":""cafe"",""name"":""Ted's Coffee"",""opening_hours"":""Mo-Fr 07:00-19:00; Sa, Su 09:00-18:00"",""phone"":""+40741583974"",""website"":""https://tedscoffeecompany.com/locatie/ion-mincu/"",""formatted_address"":""Arhitect Ion Mincu 1"",""primary_type"":""amenity=cafe"",""osm_meta"":{""version"":1,""timestamp"":""2026-04-13T20:41:27Z"",""changeset"":181294819,""uid"":23153164,""user"":""tryn5""}}","{""type"":""node"",""id"":13728420460,""lat"":44.4583898,""lon"":26.0785689,""timestamp"":""2026-04-13T20:41:27Z"",""version"":1,""changeset"":181294819,""user"":""tryn5"",""uid"":23153164,""tags"":{""addr:housenumber"":""1"",""addr:street"":""Arhitect Ion Mincu"",""amenity"":""cafe"",""name"":""Ted's Coffee"",""opening_hours"":""Mo-Fr 07:00-19:00; Sa, Su 09:00-18:00"",""phone"":""+40741583974"",""website"":""https://tedscoffeecompany.com/locatie/ion-mincu/""}}",2026-05-30 08:46:18.442513+00:00
osm,osm:node/13728421035,Shopron Coffee,Romania,Bucharest,cafe,44.4575844,26.0806821,,,,,"{""addr:housenumber"":""5"",""addr:street"":""Barbu Ștefănescu Delavrancea"",""amenity"":""cafe"",""name"":""Shopron Coffee"",""formatted_address"":""Barbu Ștefănescu Delavrancea 5"",""primary_type"":""amenity=cafe"",""osm_meta"":{""version"":1,""timestamp"":""2026-04-13T20:38:22Z"",""changeset"":181294725,""uid"":23153164,""user"":""tryn5""}}","{""type"":""node"",""id"":13728421035,""lat"":44.4575844,""lon"":26.0806821,""timestamp"":""2026-04-13T20:38:22Z"",""version"":1,""changeset"":181294725,""user"":""tryn5"",""uid"":23153164,""tags"":{""addr:housenumber"":""5"",""addr:street"":""Barbu Ștefănescu Delavrancea"",""amenity"":""cafe"",""name"":""Shopron Coffee""}}",2026-05-30 08:46:18.442513+00:00
osm,osm:node/1743077251,Burger Show Domenii,Romania,București,cafe,44.4664717,26.0671851,,,,,"{""addr:city"":""București"",""addr:housenumber"":""3"",""addr:postcode"":""011471"",""addr:postcode:source"":""Date de la Poșta Română, publicate sub Licența pentru Guvernare Deschisă v1.0 la http://date.gov.ro/organization/posta-romana"",""addr:street"":""Strada Alexandru Constantinescu"",""amenity"":""cafe"",""cuisine"":""burger;chicken;pasta"",""name"":""Burger Show Domenii"",""opening_hours"":""Mo-Sa 08:00-22:00; Su 09:00-22:00"",""formatted_address"":""Strada Alexandru Constantinescu 3, 011471, București"",""primary_type"":""amenity=cafe"",""osm_meta"":{""version"":12,""timestamp"":""2026-03-23T18:49:56Z"",""changeset"":180320778,""uid"":23966064,""user"":""XanLemon""}}","{""type"":""node"",""id"":1743077251,""lat"":44.4664717,""lon"":26.0671851,""timestamp"":""2026-03-23T18:49:56Z"",""version"":12,""changeset"":180320778,""user"":""XanLemon"",""uid"":23966064,""tags"":{""addr:city"":""București"",""addr:housenumber"":""3"",""addr:postcode"":""011471"",""addr:postcode:source"":""Date de la Poșta Română, publicate sub Licența pentru Guvernare Deschisă v1.0 la http://date.gov.ro/organization/posta-romana"",""addr:street"":""Strada Alexandru Constantinescu"",""amenity"":""cafe"",""cuisine"":""burger;chicken;pasta"",""name"":""Burger Show Domenii"",""opening_hours"":""Mo-Sa 08:00-22:00; Su 09:00-22:00""}}",2026-05-30 08:46:18.442513+00:00
osm,osm:node/9051046675,Cofetăria Victoria,Romania,București,cafe,44.4662538,26.0647284,,,,,"{""addr:city"":""București"",""addr:housenumber"":""233"",""addr:street"":""Bulevardul Ion Mihalache"",""amenity"":""cafe"",""internet_access"":""yes"",""internet_access:fee"":""customers"",""name"":""Cofetăria Victoria"",""opening_hours"":""Mo-Sa 08:00-20:00 - Su 08:00-19:00"",""outdoor_seating"":""yes"",""phone"":""+40 726 38 69 71"",""website"":""https://casa-victoria.ro/"",""formatted_address"":""Bulevardul Ion Mihalache 233, București"",""primary_type"":""amenity=cafe"",""osm_meta"":{""version"":2,""timestamp"":""2023-09-09T14:10:04Z"",""changeset"":141025882,""uid"":3199858,""user"":""Mateusz Konieczny - bot account""}}","{""type"":""node"",""id"":9051046675,""lat"":44.4662538,""lon"":26.0647284,""timestamp"":""2023-09-09T14:10:04Z"",""version"":2,""changeset"":141025882,""user"":""Mateusz Konieczny - bot account"",""uid"":3199858,""tags"":{""addr:city"":""București"",""addr:housenumber"":""233"",""addr:street"":""Bulevardul Ion Mihalache"",""amenity"":""cafe"",""internet_access"":""yes"",""internet_access:fee"":""customers"",""name"":""Cofetăria Victoria"",""opening_hours"":""Mo-Sa 08:00-20:00 - Su 08:00-19:00"",""outdoor_seating"":""yes"",""phone"":""+40 726 38 69 71"",""website"":""https://casa-victoria.ro/""}}",2026-05-30 08:46:18.442513+00:00
osm,osm:node/13584766280,Dolce Nera Coffee & More,Romania,Bucharest,cafe,44.4638285,26.0698006,,,,,"{""addr:city"":""Bucharest"",""addr:postcode"":""011179"",""addr:street"":""Bulevardul Ion Mihalache 125"",""air_conditioning"":""yes"",""amenity"":""cafe"",""bar"":""yes"",""check_date"":""2026-02-20"",""cuisine"":""coffee_shop"",""internet_access"":""wlan"",""internet_access:fee"":""customers"",""internet_access:ssid"":""DolceNeraCaffe"",""level"":""0"",""name"":""Dolce Nera Coffee & More"",""outdoor_seating"":""no"",""reservation"":""yes"",""smoking"":""outside"",""takeaway"":""yes"",""toilets"":""yes"",""formatted_address"":""Bulevardul Ion Mihalache 125, 011179, Bucharest"",""primary_type"":""amenity=cafe"",""osm_meta"":{""version"":1,""timestamp"":""2026-02-20T13:30:34Z"",""changeset"":178819486,""uid"":11154887,""user"":""OpenStreetMaps07726""}}","{""type"":""node"",""id"":13584766280,""lat"":44.4638285,""lon"":26.0698006,""timestamp"":""2026-02-20T13:30:34Z"",""version"":1,""changeset"":178819486,""user"":""OpenStreetMaps07726"",""uid"":11154887,""tags"":{""addr:city"":""Bucharest"",""addr:postcode"":""011179"",""addr:street"":""Bulevardul Ion Mihalache 125"",""air_conditioning"":""yes"",""amenity"":""cafe"",""bar"":""yes"",""check_date"":""2026-02-20"",""cuisine"":""coffee_shop"",""internet_access"":""wlan"",""internet_access:fee"":""customers"",""internet_access:ssid"":""DolceNeraCaffe"",""level"":""0"",""name"":""Dolce Nera Coffee & More"",""outdoor_seating"":""no"",""reservation"":""yes"",""smoking"":""outside"",""takeaway"":""yes"",""toilets"":""yes""}}",2026-05-30 08:46:18.442513+00:00
osm,osm:node/11311361116,Butter,Romania,Bucharest,cafe,44.4674988,26.0710719,,,,,"{""amenity"":""cafe"",""name"":""Butter"",""opening_hours"":""Mo-Fr 07:30-18:00; Sa,Su 08:00-18:00"",""formatted_address"":"""",""primary_type"":""amenity=cafe"",""osm_meta"":{""version"":2,""timestamp"":""2024-06-24T11:07:26Z"",""changeset"":153107002,""uid"":21323943,""user"":""DJack04""}}","{""type"":""node"",""id"":11311361116,""lat"":44.4674988,""lon"":26.0710719,""timestamp"":""2024-06-24T11:07:26Z"",""version"":2,""changeset"":153107002,""user"":""DJack04"",""uid"":21323943,""tags"":{""amenity"":""cafe"",""name"":""Butter"",""opening_hours"":""Mo-Fr 07:30-18:00; Sa,Su 08:00-18:00""}}",2026-05-30 08:46:18.442513+00:00
osm,osm:node/4551369990,The Gate Cafe,Romania,București,cafe,44.4716378,26.0725991,,,,,"{""addr:city"":""București"",""addr:housenumber"":""1"",""addr:postcode"":""011464"",""addr:street"":""Aleea Primo Nebiolo"",""amenity"":""cafe"",""name"":""The Gate Cafe"",""formatted_address"":""Aleea Primo Nebiolo 1, 011464, București"",""primary_type"":""amenity=cafe"",""osm_meta"":{""version"":2,""timestamp"":""2020-04-12T19:34:55Z"",""changeset"":83437467,""uid"":9484321,""user"":""Dan 9""}}","{""type"":""node"",""id"":4551369990,""lat"":44.4716378,""lon"":26.0725991,""timestamp"":""2020-04-12T19:34:55Z"",""version"":2,""changeset"":83437467,""user"":""Dan 9"",""uid"":9484321,""tags"":{""addr:city"":""București"",""addr:housenumber"":""1"",""addr:postcode"":""011464"",""addr:street"":""Aleea Primo Nebiolo"",""amenity"":""cafe"",""name"":""The Gate Cafe""}}",2026-05-30 08:46:18.442513+00:00
osm,osm:node/6569307158,Manufaktura,Romania,Bucharest,cafe,44.4541636,26.0865465,,,,,"{""amenity"":""cafe"",""name"":""Manufaktura"",""opening_hours"":""Mo-Su 08:00-22:00"",""formatted_address"":"""",""primary_type"":""amenity=cafe"",""osm_meta"":{""version"":4,""timestamp"":""2023-10-16T16:46:27Z"",""changeset"":142675005,""uid"":20468763,""user"":""forgotpasword""}}","{""type"":""node"",""id"":6569307158,""lat"":44.4541636,""lon"":26.0865465,""timestamp"":""2023-10-16T16:46:27Z"",""version"":4,""changeset"":142675005,""user"":""forgotpasword"",""uid"":20468763,""tags"":{""amenity"":""cafe"",""name"":""Manufaktura"",""opening_hours"":""Mo-Su 08:00-22:00""}}",2026-05-30 08:46:18.442513+00:00
osm,osm:node/6696629629,Starbucks,Romania,București,cafe,44.4514478,26.0850544,,,,,"{""addr:city"":""București"",""addr:postcode"":""011013"",""addr:street"":""Piața Victoriei"",""amenity"":""cafe"",""brand"":""Starbucks"",""brand:wikidata"":""Q37158"",""brand:wikipedia"":""en:Starbucks"",""check_date"":""2025-02-15"",""check_date:opening_hours"":""2025-02-15"",""cuisine"":""coffee_shop"",""level"":""0"",""name"":""Starbucks"",""official_name"":""Starbucks Coffee"",""opening_hours"":""Mo-Fr 08:00-21:00; Sa,Su 08:00-21:00"",""smoking"":""no"",""takeaway"":""yes"",""wheelchair"":""yes"",""formatted_address"":""Piața Victoriei, 011013, București"",""primary_type"":""amenity=cafe"",""osm_meta"":{""version"":7,""timestamp"":""2025-02-15T11:09:20Z"",""changeset"":162532149,""uid"":21323943,""user"":""DJack04""}}","{""type"":""node"",""id"":6696629629,""lat"":44.4514478,""lon"":26.0850544,""timestamp"":""2025-02-15T11:09:20Z"",""version"":7,""changeset"":162532149,""user"":""DJack04"",""uid"":21323943,""tags"":{""addr:city"":""București"",""addr:postcode"":""011013"",""addr:street"":""Piața Victoriei"",""amenity"":""cafe"",""brand"":""Starbucks"",""brand:wikidata"":""Q37158"",""brand:wikipedia"":""en:Starbucks"",""check_date"":""2025-02-15"",""check_date:opening_hours"":""2025-02-15"",""cuisine"":""coffee_shop"",""level"":""0"",""name"":""Starbucks"",""official_name"":""Starbucks Coffee"",""opening_hours"":""Mo-Fr 08:00-21:00; Sa,Su 08:00-21:00"",""smoking"":""no"",""takeaway"":""yes"",""wheelchair"":""yes""}}",2026-05-30 08:46:18.442513+00:00
osm,osm:node/6816579749,The Coffee Shop,Romania,București,cafe,44.4517933,26.0836382,,,,,"{""addr:city"":""București"",""addr:housenumber"":""1"",""addr:postcode"":""011131"",""addr:street"":""Șoseaua Nicolae Titulescu"",""amenity"":""cafe"",""indoor_seating"":""yes"",""internet_access:fee"":""yes"",""internet_access:ssid"":""The Coffee Shop"",""name"":""The Coffee Shop"",""opening_hours"":""Mo-Fr 07:00-19:00; Sa 08:00-18:00; Su 08:00-16:00"",""outdoor_seating"":""yes"",""source"":""survey"",""website"":""https://ecoffeeshop.ro"",""formatted_address"":""Șoseaua Nicolae Titulescu 1, 011131, București"",""primary_type"":""amenity=cafe"",""osm_meta"":{""version"":5,""timestamp"":""2025-08-08T08:38:26Z"",""changeset"":170142702,""uid"":8430074,""user"":""alexnder""}}","{""type"":""node"",""id"":6816579749,""lat"":44.4517933,""lon"":26.0836382,""timestamp"":""2025-08-08T08:38:26Z"",""version"":5,""changeset"":170142702,""user"":""alexnder"",""uid"":8430074,""tags"":{""addr:city"":""București"",""addr:housenumber"":""1"",""addr:postcode"":""011131"",""addr:street"":""Șoseaua Nicolae Titulescu"",""amenity"":""cafe"",""indoor_seating"":""yes"",""internet_access:fee"":""yes"",""internet_access:ssid"":""The Coffee Shop"",""name"":""The Coffee Shop"",""opening_hours"":""Mo-Fr 07:00-19:00; Sa 08:00-18:00; Su 08:00-16:00"",""outdoor_seating"":""yes"",""source"":""survey"",""website"":""https://ecoffeeshop.ro""}}",2026-05-30 08:46:18.442513+00:00
osm,osm:node/8572234820,Ted's Coffee Co.,Romania,București,cafe,44.4512528,26.0870366,,,,,"{""access"":""yes"",""addr:city"":""București"",""addr:housenumber"":""224"",""addr:postcode"":""010099"",""addr:street"":""Calea Victoriei"",""amenity"":""cafe"",""brand"":""Ted's Coffee Co."",""brand:wikidata"":""Q137035177"",""cuisine"":""coffee_shop"",""door"":""yes"",""entrance"":""shop"",""facebook"":""tedscoffeecompany"",""level"":""0"",""name"":""Ted's Coffee Co."",""opening_hours"":""Mo-Su 07:30-20:00; Sa 09:30-20:00; Su 10:00-20:00"",""outdoor_seating"":""yes"",""phone"":""+40 775 500 345"",""takeaway"":""yes"",""website"":""https://tedscoffeecompany.com/"",""wheelchair"":""no"",""formatted_address"":""Calea Victoriei 224, 010099, București"",""primary_type"":""amenity=cafe"",""osm_meta"":{""version"":4,""timestamp"":""2026-04-07T22:05:32Z"",""changeset"":181022292,""uid"":69259,""user"":""DnaX""}}","{""type"":""node"",""id"":8572234820,""lat"":44.4512528,""lon"":26.0870366,""timestamp"":""2026-04-07T22:05:32Z"",""version"":4,""changeset"":181022292,""user"":""DnaX"",""uid"":69259,""tags"":{""access"":""yes"",""addr:city"":""București"",""addr:housenumber"":""224"",""addr:postcode"":""010099"",""addr:street"":""Calea Victoriei"",""amenity"":""cafe"",""brand"":""Ted's Coffee Co."",""brand:wikidata"":""Q137035177"",""cuisine"":""coffee_shop"",""door"":""yes"",""entrance"":""shop"",""facebook"":""tedscoffeecompany"",""level"":""0"",""name"":""Ted's Coffee Co."",""opening_hours"":""Mo-Su 07:30-20:00; Sa 09:30-20:00; Su 10:00-20:00"",""outdoor_seating"":""yes"",""phone"":""+40 775 500 345"",""takeaway"":""yes"",""website"":""https://tedscoffeecompany.com/"",""wheelchair"":""no""}}",2026-05-30 08:46:18.442513+00:00
osm,osm:node/11215891117,Sara Green,Romania,Bucharest,cafe,44.4504195,26.0893551,,,,,"{""addr:housenumber"":""43A"",""addr:street"":""Bulevardul Lascăr Catargiu"",""amenity"":""cafe"",""check_date"":""2023-09-30"",""description"":""Vegan bistro"",""diet:vegan"":""yes"",""name"":""Sara Green"",""opening_hours"":""Mo-Fr 10:00-21:00; Sa 11:00-21:00; Su 11:00-20:00"",""outdoor_seating"":""yes"",""phone"":""+40774962246"",""website"":""https://saragreen.ro/"",""wheelchair"":""yes"",""formatted_address"":""Bulevardul Lascăr Catargiu 43A"",""primary_type"":""amenity=cafe"",""osm_meta"":{""version"":4,""timestamp"":""2024-02-05T03:55:20Z"",""changeset"":147076903,""uid"":9451067,""user"":""b-jazz-bot""}}","{""type"":""node"",""id"":11215891117,""lat"":44.4504195,""lon"":26.0893551,""timestamp"":""2024-02-05T03:55:20Z"",""version"":4,""changeset"":147076903,""user"":""b-jazz-bot"",""uid"":9451067,""tags"":{""addr:housenumber"":""43A"",""addr:street"":""Bulevardul Lascăr Catargiu"",""amenity"":""cafe"",""check_date"":""2023-09-30"",""description"":""Vegan bistro"",""diet:vegan"":""yes"",""name"":""Sara Green"",""opening_hours"":""Mo-Fr 10:00-21:00; Sa 11:00-21:00; Su 11:00-20:00"",""outdoor_seating"":""yes"",""phone"":""+40774962246"",""website"":""https://saragreen.ro/"",""wheelchair"":""yes""}}",2026-05-30 08:46:18.442513+00:00
osm,osm:node/13011516444,noi2cafe,Romania,Bucharest,cafe,44.4560486,26.0885274,,,,,"{""amenity"":""cafe"",""name"":""noi2cafe"",""formatted_address"":"""",""primary_type"":""amenity=cafe"",""osm_meta"":{""version"":1,""timestamp"":""2025-07-19T11:38:15Z"",""changeset"":169147966,""uid"":3642579,""user"":""Las Wolski""}}","{""type"":""node"",""id"":13011516444,""lat"":44.4560486,""lon"":26.0885274,""timestamp"":""2025-07-19T11:38:15Z"",""version"":1,""changeset"":169147966,""user"":""Las Wolski"",""uid"":3642579,""tags"":{""amenity"":""cafe"",""name"":""noi2cafe""}}",2026-05-30 08:46:18.442513+00:00
osm,osm:node/7179026685,Sonder,Romania,Bucharest,cafe,44.4502798,26.0942088,,,,,"{""amenity"":""cafe"",""cuisine"":""cafe"",""name"":""Sonder"",""name:en"":""Sonder"",""formatted_address"":"""",""primary_type"":""amenity=cafe"",""osm_meta"":{""version"":2,""timestamp"":""2021-06-02T19:23:23Z"",""changeset"":105737472,""uid"":4648211,""user"":""Mihai Mandea""}}","{""type"":""node"",""id"":7179026685,""lat"":44.4502798,""lon"":26.0942088,""timestamp"":""2021-06-02T19:23:23Z"",""version"":2,""changeset"":105737472,""user"":""Mihai Mandea"",""uid"":4648211,""tags"":{""amenity"":""cafe"",""cuisine"":""cafe"",""name"":""Sonder"",""name:en"":""Sonder""}}",2026-05-30 08:46:18.442513+00:00
osm,osm:node/13572917435,TED'S Coffee,Romania,Bucharest,cafe,44.4500091,26.0947224,,,,,"{""amenity"":""cafe"",""cuisine"":""coffee_shop"",""name"":""TED'S Coffee"",""formatted_address"":"""",""primary_type"":""amenity=cafe"",""osm_meta"":{""version"":1,""timestamp"":""2026-02-17T13:33:49Z"",""changeset"":178680487,""uid"":20320807,""user"":""SGFRO""}}","{""type"":""node"",""id"":13572917435,""lat"":44.4500091,""lon"":26.0947224,""timestamp"":""2026-02-17T13:33:49Z"",""version"":1,""changeset"":178680487,""user"":""SGFRO"",""uid"":20320807,""tags"":{""amenity"":""cafe"",""cuisine"":""coffee_shop"",""name"":""TED'S Coffee""}}",2026-05-30 08:46:18.442513+00:00
osm,osm:node/408183181,Randez Vous,Romania,Bucharest,cafe,44.4594883,26.0958441,,,,,"{""amenity"":""cafe"",""name"":""Randez Vous"",""formatted_address"":"""",""primary_type"":""amenity=cafe"",""osm_meta"":{""version"":3,""timestamp"":""2019-06-14T03:33:23Z"",""changeset"":71237712,""uid"":6221569,""user"":""Stef-Cris""}}","{""type"":""node"",""id"":408183181,""lat"":44.4594883,""lon"":26.0958441,""timestamp"":""2019-06-14T03:33:23Z"",""version"":3,""changeset"":71237712,""user"":""Stef-Cris"",""uid"":6221569,""tags"":{""amenity"":""cafe"",""name"":""Randez Vous""}}",2026-05-30 08:46:18.442513+00:00
osm,osm:node/1754047769,Nuba Cafe,Romania,București,cafe,44.4619221,26.0946729,,,,,"{""addr:city"":""București"",""addr:housenumber"":""13"",""addr:postcode"":""011701"",""addr:street"":""Strada Locotenent Aviator Radu Beller"",""amenity"":""cafe"",""check_date"":""2025-12-08"",""name"":""Nuba Cafe"",""website"":""https://nuba.ro"",""formatted_address"":""Strada Locotenent Aviator Radu Beller 13, 011701, București"",""primary_type"":""amenity=cafe"",""osm_meta"":{""version"":6,""timestamp"":""2025-12-08T15:08:11Z"",""changeset"":175671899,""uid"":18748487,""user"":""ParcuPorumbei""}}","{""type"":""node"",""id"":1754047769,""lat"":44.4619221,""lon"":26.0946729,""timestamp"":""2025-12-08T15:08:11Z"",""version"":6,""changeset"":175671899,""user"":""ParcuPorumbei"",""uid"":18748487,""tags"":{""addr:city"":""București"",""addr:housenumber"":""13"",""addr:postcode"":""011701"",""addr:street"":""Strada Locotenent Aviator Radu Beller"",""amenity"":""cafe"",""check_date"":""2025-12-08"",""name"":""Nuba Cafe"",""website"":""https://nuba.ro""}}",2026-05-30 08:46:18.442513+00:00
osm,osm:node/2839097934,others,Romania,București,cafe,44.4601341,26.0951031,,,,,"{""addr:city"":""București"",""addr:housenumber"":""4"",""addr:postcode"":""011677"",""addr:postcode:source"":""Date de la Poșta Română, publicate sub Licența pentru Guvernare Deschisă v1.0 la http://date.gov.ro/organization/posta-romana"",""addr:street"":""Intrarea Bitolia"",""amenity"":""cafe"",""name:en"":""Frudisiac"",""formatted_address"":""Intrarea Bitolia 4, 011677, București"",""primary_type"":""amenity=cafe"",""osm_meta"":{""version"":4,""timestamp"":""2020-10-17T13:09:38Z"",""changeset"":92628129,""uid"":9484321,""user"":""Dan 9""}}","{""type"":""node"",""id"":2839097934,""lat"":44.4601341,""lon"":26.0951031,""timestamp"":""2020-10-17T13:09:38Z"",""version"":4,""changeset"":92628129,""user"":""Dan 9"",""uid"":9484321,""tags"":{""addr:city"":""București"",""addr:housenumber"":""4"",""addr:postcode"":""011677"",""addr:postcode:source"":""Date de la Poșta Română, publicate sub Licența pentru Guvernare Deschisă v1.0 la http://date.gov.ro/organization/posta-romana"",""addr:street"":""Intrarea Bitolia"",""amenity"":""cafe"",""name:en"":""Frudisiac""}}",2026-05-30 08:46:18.442513+00:00
osm,osm:node/7128123251,Origo,Romania,București,cafe,44.461243,26.0938475,,,,,"{""addr:city"":""București"",""addr:housenumber"":""186"",""addr:street"":""Calea Dorobanților"",""amenity"":""cafe"",""check_date"":""2025-12-08"",""check_date:opening_hours"":""2025-12-08"",""cuisine"":""coffee_shop"",""name"":""Origo"",""opening_hours"":""Mo 07:30-19:00; Tu-Fr 07:30-19:30; Sa-Su 08:00-19:30"",""outdoor_seating"":""yes"",""phone"":""+40 759 637 564"",""website"":""https://origocoffee.ro/"",""formatted_address"":""Calea Dorobanților 186, București"",""primary_type"":""amenity=cafe"",""osm_meta"":{""version"":5,""timestamp"":""2025-12-08T15:08:11Z"",""changeset"":175671899,""uid"":18748487,""user"":""ParcuPorumbei""}}","{""type"":""node"",""id"":7128123251,""lat"":44.461243,""lon"":26.0938475,""timestamp"":""2025-12-08T15:08:11Z"",""version"":5,""changeset"":175671899,""user"":""ParcuPorumbei"",""uid"":18748487,""tags"":{""addr:city"":""București"",""addr:housenumber"":""186"",""addr:street"":""Calea Dorobanților"",""amenity"":""cafe"",""check_date"":""2025-12-08"",""check_date:opening_hours"":""2025-12-08"",""cuisine"":""coffee_shop"",""name"":""Origo"",""opening_hours"":""Mo 07:30-19:00; Tu-Fr 07:30-19:30; Sa-Su 08:00-19:30"",""outdoor_seating"":""yes"",""phone"":""+40 759 637 564"",""website"":""https://origocoffee.ro/""}}",2026-05-30 08:46:18.442513+00:00
osm,osm:node/11466128565,High Heels Cafe,Romania,București,cafe,44.4607864,26.0946874,,,,,"{""addr:city"":""București"",""addr:housenumber"":""4"",""addr:street"":""Strada Locotenent Aviator Radu Beller"",""amenity"":""cafe"",""bar"":""yes"",""check_date"":""2025-12-08"",""cuisine"":""pizza"",""name"":""High Heels Cafe"",""opening_hours"":""Mo-Su 08:30-22:00"",""outdoor_seating"":""yes"",""phone"":""+40 760 893 928"",""formatted_address"":""Strada Locotenent Aviator Radu Beller 4, București"",""primary_type"":""amenity=cafe"",""osm_meta"":{""version"":3,""timestamp"":""2026-05-25T18:02:17Z"",""changeset"":183171136,""uid"":340741,""user"":""CRCulver""}}","{""type"":""node"",""id"":11466128565,""lat"":44.4607864,""lon"":26.0946874,""timestamp"":""2026-05-25T18:02:17Z"",""version"":3,""changeset"":183171136,""user"":""CRCulver"",""uid"":340741,""tags"":{""addr:city"":""București"",""addr:housenumber"":""4"",""addr:street"":""Strada Locotenent Aviator Radu Beller"",""amenity"":""cafe"",""bar"":""yes"",""check_date"":""2025-12-08"",""cuisine"":""pizza"",""name"":""High Heels Cafe"",""opening_hours"":""Mo-Su 08:30-22:00"",""outdoor_seating"":""yes"",""phone"":""+40 760 893 928""}}",2026-05-30 08:46:18.442513+00:00
osm,osm:node/13361797002,Coffee Map Roastery,Romania,Bucharest,cafe,44.4625021,26.0952664,,,,,"{""amenity"":""cafe"",""check_date"":""2026-04-08"",""check_date:opening_hours"":""2026-04-08"",""name"":""Coffee Map Roastery"",""opening_hours"":""Mo-Su 08:00-17:00"",""formatted_address"":"""",""primary_type"":""amenity=cafe"",""osm_meta"":{""version"":2,""timestamp"":""2026-04-08T13:56:38Z"",""changeset"":181051279,""uid"":22694792,""user"":""Ekwueme""}}","{""type"":""node"",""id"":13361797002,""lat"":44.4625021,""lon"":26.0952664,""timestamp"":""2026-04-08T13:56:38Z"",""version"":2,""changeset"":181051279,""user"":""Ekwueme"",""uid"":22694792,""tags"":{""amenity"":""cafe"",""check_date"":""2026-04-08"",""check_date:opening_hours"":""2026-04-08"",""name"":""Coffee Map Roastery"",""opening_hours"":""Mo-Su 08:00-17:00""}}",2026-05-30 08:46:18.442513+00:00
osm,osm:node/13564795451,Mezin Specialty Coffee,Romania,Bucharest,cafe,44.459616,26.0952065,,,,,"{""amenity"":""cafe"",""cuisine"":""coffee_shop"",""name"":""Mezin Specialty Coffee"",""formatted_address"":"""",""primary_type"":""amenity=cafe"",""osm_meta"":{""version"":1,""timestamp"":""2026-02-14T18:08:33Z"",""changeset"":178555260,""uid"":20320807,""user"":""SGFRO""}}","{""type"":""node"",""id"":13564795451,""lat"":44.459616,""lon"":26.0952065,""timestamp"":""2026-02-14T18:08:33Z"",""version"":1,""changeset"":178555260,""user"":""SGFRO"",""uid"":20320807,""tags"":{""amenity"":""cafe"",""cuisine"":""coffee_shop"",""name"":""Mezin Specialty Coffee""}}",2026-05-30 08:46:18.442513+00:00
osm,osm:node/13608095614,SAO,Romania,Bucharest,cafe,44.4595258,26.0951258,,,,,"{""amenity"":""cafe"",""cuisine"":""ice_cream"",""indoor_seating"":""no"",""name"":""SAO"",""opening_hours"":""Mo-Fr 07:30-22:00; Sa-Su 09:30-23:00"",""outdoor_seating"":""yes"",""takeaway"":""yes"",""wheelchair"":""limited"",""formatted_address"":"""",""primary_type"":""amenity=cafe"",""osm_meta"":{""version"":2,""timestamp"":""2026-05-25T17:37:42Z"",""changeset"":183170002,""uid"":340741,""user"":""CRCulver""}}","{""type"":""node"",""id"":13608095614,""lat"":44.4595258,""lon"":26.0951258,""timestamp"":""2026-05-25T17:37:42Z"",""version"":2,""changeset"":183170002,""user"":""CRCulver"",""uid"":340741,""tags"":{""amenity"":""cafe"",""cuisine"":""ice_cream"",""indoor_seating"":""no"",""name"":""SAO"",""opening_hours"":""Mo-Fr 07:30-22:00; Sa-Su 09:30-23:00"",""outdoor_seating"":""yes"",""takeaway"":""yes"",""wheelchair"":""limited""}}",2026-05-30 08:46:18.442513+00:00
osm,osm:node/3710769767,Golf&Coffee,Romania,București,cafe,44.469302,26.0852188,,,,,"{""addr:city"":""București"",""amenity"":""cafe"",""name"":""Golf&Coffee"",""formatted_address"":""București"",""primary_type"":""amenity=cafe"",""osm_meta"":{""version"":2,""timestamp"":""2015-08-30T08:55:43Z"",""changeset"":33678314,""uid"":323389,""user"":""Michael_H""}}","{""type"":""node"",""id"":3710769767,""lat"":44.469302,""lon"":26.0852188,""timestamp"":""2015-08-30T08:55:43Z"",""version"":2,""changeset"":33678314,""user"":""Michael_H"",""uid"":323389,""tags"":{""addr:city"":""București"",""amenity"":""cafe"",""name"":""Golf&Coffee""}}",2026-05-30 08:46:18.442513+00:00
osm,osm:node/5212550467,STEAM Cafe,Romania,București,cafe,44.4651184,26.084976,,,,,"{""addr:city"":""București"",""addr:housenumber"":""22"",""addr:street"":""Strada Uruguay"",""amenity"":""cafe"",""cuisine"":""coffee_shop"",""name"":""STEAM Cafe"",""phone"":""0751680914"",""formatted_address"":""Strada Uruguay 22, București"",""primary_type"":""amenity=cafe"",""osm_meta"":{""version"":1,""timestamp"":""2017-11-05T15:10:11Z"",""changeset"":53530699,""uid"":6889373,""user"":""Marisol19""}}","{""type"":""node"",""id"":5212550467,""lat"":44.4651184,""lon"":26.084976,""timestamp"":""2017-11-05T15:10:11Z"",""version"":1,""changeset"":53530699,""user"":""Marisol19"",""uid"":6889373,""tags"":{""addr:city"":""București"",""addr:housenumber"":""22"",""addr:street"":""Strada Uruguay"",""amenity"":""cafe"",""cuisine"":""coffee_shop"",""name"":""STEAM Cafe"",""phone"":""0751680914""}}",2026-05-30 08:46:18.442513+00:00
osm,osm:node/5365451980,5 to go,Romania,București,cafe,44.4653258,26.0881686,,,,,"{""addr:city"":""București"",""addr:postcode"":""010587"",""addr:street"":""Calea Dorobanților"",""amenity"":""cafe"",""brand"":""5 to go"",""brand:wikidata"":""Q115684369"",""cuisine"":""coffee_shop"",""name"":""5 to go"",""takeaway"":""yes"",""formatted_address"":""Calea Dorobanților, 010587, București"",""primary_type"":""amenity=cafe"",""osm_meta"":{""version"":5,""timestamp"":""2026-03-29T15:56:12Z"",""changeset"":180591443,""uid"":20320807,""user"":""SGFRO""}}","{""type"":""node"",""id"":5365451980,""lat"":44.4653258,""lon"":26.0881686,""timestamp"":""2026-03-29T15:56:12Z"",""version"":5,""changeset"":180591443,""user"":""SGFRO"",""uid"":20320807,""tags"":{""addr:city"":""București"",""addr:postcode"":""010587"",""addr:street"":""Calea Dorobanților"",""amenity"":""cafe"",""brand"":""5 to go"",""brand:wikidata"":""Q115684369"",""cuisine"":""coffee_shop"",""name"":""5 to go"",""takeaway"":""yes""}}",2026-05-30 08:46:18.442513+00:00
osm,osm:node/5898729286,BOB Coffee Lab,Romania,București,cafe,44.4654867,26.0854991,,,,,"{""addr:city"":""București"",""addr:housenumber"":""3"",""addr:postcode"":""011856"",""addr:street"":""Piața Charles de Gaulle"",""amenity"":""cafe"",""name"":""BOB Coffee Lab"",""name:en"":""BOB Coffee Lab"",""formatted_address"":""Piața Charles de Gaulle 3, 011856, București"",""primary_type"":""amenity=cafe"",""osm_meta"":{""version"":4,""timestamp"":""2023-07-31T09:57:43Z"",""changeset"":139245814,""uid"":3086786,""user"":""Stefan Scanteie""}}","{""type"":""node"",""id"":5898729286,""lat"":44.4654867,""lon"":26.0854991,""timestamp"":""2023-07-31T09:57:43Z"",""version"":4,""changeset"":139245814,""user"":""Stefan Scanteie"",""uid"":3086786,""tags"":{""addr:city"":""București"",""addr:housenumber"":""3"",""addr:postcode"":""011856"",""addr:street"":""Piața Charles de Gaulle"",""amenity"":""cafe"",""name"":""BOB Coffee Lab"",""name:en"":""BOB Coffee Lab""}}",2026-05-30 08:46:18.442513+00:00
osm,osm:node/7179021188,Work's Café,Romania,Bucharest,cafe,44.4632184,26.0845083,,,,,"{""amenity"":""cafe"",""name"":""Work's Café"",""name:en"":""Workshop Coffee"",""formatted_address"":"""",""primary_type"":""amenity=cafe"",""osm_meta"":{""version"":2,""timestamp"":""2023-05-03T00:13:36Z"",""changeset"":135636901,""uid"":4070484,""user"":""buiestru""}}","{""type"":""node"",""id"":7179021188,""lat"":44.4632184,""lon"":26.0845083,""timestamp"":""2023-05-03T00:13:36Z"",""version"":2,""changeset"":135636901,""user"":""buiestru"",""uid"":4070484,""tags"":{""amenity"":""cafe"",""name"":""Work's Café"",""name:en"":""Workshop Coffee""}}",2026-05-30 08:46:18.442513+00:00
osm,osm:node/8909815752,Ganesha Caffe,Romania,București,cafe,44.4667788,26.0879209,,,,,"{""addr:city"":""București"",""addr:housenumber"":""4"",""addr:street"":""Bulevardul Primăverii"",""alt_name"":""Ganesha Caffe Primăverii"",""amenity"":""cafe"",""name"":""Ganesha Caffe"",""opening_hours"":""Su-Th 13:00-02:00, Fr,Sa 13:00-03:00"",""formatted_address"":""Bulevardul Primăverii 4, București"",""primary_type"":""amenity=cafe"",""osm_meta"":{""version"":4,""timestamp"":""2025-05-18T16:45:18Z"",""changeset"":166439914,""uid"":131211,""user"":""tilsti""}}","{""type"":""node"",""id"":8909815752,""lat"":44.4667788,""lon"":26.0879209,""timestamp"":""2025-05-18T16:45:18Z"",""version"":4,""changeset"":166439914,""user"":""tilsti"",""uid"":131211,""tags"":{""addr:city"":""București"",""addr:housenumber"":""4"",""addr:street"":""Bulevardul Primăverii"",""alt_name"":""Ganesha Caffe Primăverii"",""amenity"":""cafe"",""name"":""Ganesha Caffe"",""opening_hours"":""Su-Th 13:00-02:00, Fr,Sa 13:00-03:00""}}",2026-05-30 08:46:18.442513+00:00
osm,osm:node/10652617105,STEAM,Romania,București,cafe,44.4652963,26.0858394,,,,,"{""addr:city"":""București"",""addr:housenumber"":""13"",""addr:street"":""Piața Charles de Gaulle"",""amenity"":""cafe"",""name"":""STEAM"",""opening_hours"":""Mo-Su 07:30-19:00"",""formatted_address"":""Piața Charles de Gaulle 13, București"",""primary_type"":""amenity=cafe"",""osm_meta"":{""version"":3,""timestamp"":""2024-05-10T07:17:05Z"",""changeset"":151130259,""uid"":128281,""user"":""rarad74""}}","{""type"":""node"",""id"":10652617105,""lat"":44.4652963,""lon"":26.0858394,""timestamp"":""2024-05-10T07:17:05Z"",""version"":3,""changeset"":151130259,""user"":""rarad74"",""uid"":128281,""tags"":{""addr:city"":""București"",""addr:housenumber"":""13"",""addr:street"":""Piața Charles de Gaulle"",""amenity"":""cafe"",""name"":""STEAM"",""opening_hours"":""Mo-Su 07:30-19:00""}}",2026-05-30 08:46:18.442513+00:00
osm,osm:node/11385516369,Starbucks,Romania,București,cafe,44.4652657,26.0871337,,,,,"{""addr:city"":""București"",""addr:housenumber"":""15"",""addr:street"":""Piața Charles de Gaulle"",""amenity"":""cafe"",""brand"":""Starbucks"",""brand:wikidata"":""Q37158"",""cuisine"":""coffee_shop"",""name"":""Starbucks"",""official_name"":""Starbucks Coffee"",""takeaway"":""yes"",""website"":""https://www.starbucks.co.uk/store-locator/82075-311499/bucharest-charles-de-gaulle"",""formatted_address"":""Piața Charles de Gaulle 15, București"",""primary_type"":""amenity=cafe"",""osm_meta"":{""version"":2,""timestamp"":""2025-08-27T18:20:20Z"",""changeset"":171097451,""uid"":22544915,""user"":""Mateusz Konieczny - bot account - ATP import""}}","{""type"":""node"",""id"":11385516369,""lat"":44.4652657,""lon"":26.0871337,""timestamp"":""2025-08-27T18:20:20Z"",""version"":2,""changeset"":171097451,""user"":""Mateusz Konieczny - bot account - ATP import"",""uid"":22544915,""tags"":{""addr:city"":""București"",""addr:housenumber"":""15"",""addr:street"":""Piața Charles de Gaulle"",""amenity"":""cafe"",""brand"":""Starbucks"",""brand:wikidata"":""Q37158"",""cuisine"":""coffee_shop"",""name"":""Starbucks"",""official_name"":""Starbucks Coffee"",""takeaway"":""yes"",""website"":""https://www.starbucks.co.uk/store-locator/82075-311499/bucharest-charles-de-gaulle""}}",2026-05-30 08:46:18.442513+00:00
osm,osm:node/13028171858,Beans & Dots,Romania,Bucharest,cafe,44.4678164,26.0890945,,,,,"{""amenity"":""cafe"",""internet_access"":""wlan"",""internet_access:fee"":""customers"",""name"":""Beans & Dots"",""office"":""coworking"",""outdoor_seating"":""yes"",""website"":""https://beansanddots.ro/"",""formatted_address"":"""",""primary_type"":""amenity=cafe"",""osm_meta"":{""version"":1,""timestamp"":""2025-07-27T11:02:49Z"",""changeset"":169551424,""uid"":23111256,""user"":""The Backpacker""}}","{""type"":""node"",""id"":13028171858,""lat"":44.4678164,""lon"":26.0890945,""timestamp"":""2025-07-27T11:02:49Z"",""version"":1,""changeset"":169551424,""user"":""The Backpacker"",""uid"":23111256,""tags"":{""amenity"":""cafe"",""internet_access"":""wlan"",""internet_access:fee"":""customers"",""name"":""Beans & Dots"",""office"":""coworking"",""outdoor_seating"":""yes"",""website"":""https://beansanddots.ro/""}}",2026-05-30 08:46:18.442513+00:00
osm,osm:node/2387663653,B4 Market,Romania,București,cafe,44.4642155,26.0959066,,,,,"{""addr:city"":""București"",""addr:housenumber"":""54"",""addr:street"":""Strada Locotenent Aviator Radu Beller"",""amenity"":""cafe"",""name"":""B4 Market"",""formatted_address"":""Strada Locotenent Aviator Radu Beller 54, București"",""primary_type"":""amenity=cafe"",""osm_meta"":{""version"":2,""timestamp"":""2020-11-06T21:57:09Z"",""changeset"":93686433,""uid"":10805245,""user"":""mihneadb""}}","{""type"":""node"",""id"":2387663653,""lat"":44.4642155,""lon"":26.0959066,""timestamp"":""2020-11-06T21:57:09Z"",""version"":2,""changeset"":93686433,""user"":""mihneadb"",""uid"":10805245,""tags"":{""addr:city"":""București"",""addr:housenumber"":""54"",""addr:street"":""Strada Locotenent Aviator Radu Beller"",""amenity"":""cafe"",""name"":""B4 Market""}}",2026-05-30 08:46:18.442513+00:00
osm,osm:node/2726739506,MURALE,Romania,București,cafe,44.4630619,26.0951506,,,,,"{""addr:city"":""București"",""addr:housenumber"":""25"",""addr:postcode"":""011702"",""addr:street"":""Strada Locotenent Aviator Radu Beller"",""amenity"":""cafe"",""internet_access"":""wlan"",""name"":""MURALE"",""opening_hours"":""Mo-Su 09:00-22:00"",""formatted_address"":""Strada Locotenent Aviator Radu Beller 25, 011702, București"",""primary_type"":""amenity=cafe"",""osm_meta"":{""version"":3,""timestamp"":""2022-09-01T06:05:11Z"",""changeset"":125638221,""uid"":3806174,""user"":""Daniel Pisica""}}","{""type"":""node"",""id"":2726739506,""lat"":44.4630619,""lon"":26.0951506,""timestamp"":""2022-09-01T06:05:11Z"",""version"":3,""changeset"":125638221,""user"":""Daniel Pisica"",""uid"":3806174,""tags"":{""addr:city"":""București"",""addr:housenumber"":""25"",""addr:postcode"":""011702"",""addr:street"":""Strada Locotenent Aviator Radu Beller"",""amenity"":""cafe"",""internet_access"":""wlan"",""name"":""MURALE"",""opening_hours"":""Mo-Su 09:00-22:00""}}",2026-05-30 08:46:18.442513+00:00
osm,osm:node/5068650350,Nespresso,Romania,Bucharest,cafe,44.4629775,26.092473,,,,,"{""amenity"":""cafe"",""brand"":""Nespresso"",""brand:wikidata"":""Q301301"",""check_date"":""2025-12-08"",""check_date:opening_hours"":""2025-12-08"",""name"":""Nespresso"",""opening_hours"":""Mo-Fr 09:00-20:00; Sa 10:00-20:00"",""shop"":""coffee"",""wheelchair"":""no"",""formatted_address"":"""",""primary_type"":""amenity=cafe"",""osm_meta"":{""version"":6,""timestamp"":""2025-12-08T15:08:11Z"",""changeset"":175671899,""uid"":18748487,""user"":""ParcuPorumbei""}}","{""type"":""node"",""id"":5068650350,""lat"":44.4629775,""lon"":26.092473,""timestamp"":""2025-12-08T15:08:11Z"",""version"":6,""changeset"":175671899,""user"":""ParcuPorumbei"",""uid"":18748487,""tags"":{""amenity"":""cafe"",""brand"":""Nespresso"",""brand:wikidata"":""Q301301"",""check_date"":""2025-12-08"",""check_date:opening_hours"":""2025-12-08"",""name"":""Nespresso"",""opening_hours"":""Mo-Fr 09:00-20:00; Sa 10:00-20:00"",""shop"":""coffee"",""wheelchair"":""no""}}",2026-05-30 08:46:18.442513+00:00
osm,osm:node/7172248485,Utopia Coffee Bar,Romania,București,cafe,44.468224,26.0908775,,,,,"{""addr:city"":""București"",""addr:housenumber"":""32"",""addr:street"":""Bulevardul Primăverii"",""amenity"":""cafe"",""name"":""Utopia Coffee Bar"",""opening_hours"":""Mo-Fr 08:00-20:00; Sa, Su 09:00-20:00"",""formatted_address"":""Bulevardul Primăverii 32, București"",""primary_type"":""amenity=cafe"",""osm_meta"":{""version"":5,""timestamp"":""2022-09-21T08:56:28Z"",""changeset"":126454080,""uid"":128281,""user"":""rarad74""}}","{""type"":""node"",""id"":7172248485,""lat"":44.468224,""lon"":26.0908775,""timestamp"":""2022-09-21T08:56:28Z"",""version"":5,""changeset"":126454080,""user"":""rarad74"",""uid"":128281,""tags"":{""addr:city"":""București"",""addr:housenumber"":""32"",""addr:street"":""Bulevardul Primăverii"",""amenity"":""cafe"",""name"":""Utopia Coffee Bar"",""opening_hours"":""Mo-Fr 08:00-20:00; Sa, Su 09:00-20:00""}}",2026-05-30 08:46:18.442513+00:00
osm,osm:node/13725012936,Inpresso Lounge Herastrau,Romania,Bucharest,cafe,44.4716324,26.0872261,,,,,"{""amenity"":""cafe"",""check_date"":""2026-04-12"",""contact:email"":""impressolounge@gmail.com"",""contact:facebook"":""https://www.facebook.com/p/Inpresso-Lounge-100087384203718/"",""contact:instagram"":""inpresso.lounge"",""contact:phone"":""+40 727 314 994"",""cuisine"":""coffee_shop"",""name"":""Inpresso Lounge Herastrau"",""opening_hours"":""Mo 10:00-22:00; Tu-Su 09:00-22:00"",""formatted_address"":"""",""primary_type"":""amenity=cafe"",""osm_meta"":{""version"":4,""timestamp"":""2026-04-14T06:47:34Z"",""changeset"":181306394,""uid"":5686224,""user"":""Boyan Alexiev""}}","{""type"":""node"",""id"":13725012936,""lat"":44.4716324,""lon"":26.0872261,""timestamp"":""2026-04-14T06:47:34Z"",""version"":4,""changeset"":181306394,""user"":""Boyan Alexiev"",""uid"":5686224,""tags"":{""amenity"":""cafe"",""check_date"":""2026-04-12"",""contact:email"":""impressolounge@gmail.com"",""contact:facebook"":""https://www.facebook.com/p/Inpresso-Lounge-100087384203718/"",""contact:instagram"":""inpresso.lounge"",""contact:phone"":""+40 727 314 994"",""cuisine"":""coffee_shop"",""name"":""Inpresso Lounge Herastrau"",""opening_hours"":""Mo 10:00-22:00; Tu-Su 09:00-22:00""}}",2026-05-30 08:46:18.442513+00:00
osm,osm:way/1192019904,Puya's House Pub & Caffe,Romania,București,cafe,44.4515481,26.053612,,,,,"{""addr:city"":""București"",""addr:housenumber"":""12"",""addr:postcode"":""060246"",""addr:street"":""Strada George Mihai Zamfirescu"",""amenity"":""cafe"",""building"":""yes"",""contact:facebook"":""https://www.facebook.com/LaPuyaHouse/"",""cuisine"":""coffee_shop"",""email"":""LaPuyaHouse@gmail.com"",""name"":""Puya's House Pub & Caffe"",""outdoor_seating"":""yes"",""phone"":""+40 766 939 220"",""reservation"":""yes"",""takeaway"":""yes"",""formatted_address"":""Strada George Mihai Zamfirescu 12, 060246, București"",""primary_type"":""amenity=cafe"",""osm_meta"":{""version"":1,""timestamp"":""2023-07-25T08:15:38Z"",""changeset"":138975020,""uid"":12302203,""user"":""k0llye""}}","{""type"":""way"",""id"":1192019904,""timestamp"":""2023-07-25T08:15:38Z"",""version"":1,""changeset"":138975020,""user"":""k0llye"",""uid"":12302203,""center"":{""lat"":44.4515481,""lon"":26.053612},""nodes"":[11066464651,11066464652,11066464653,11066464654,11066464651],""tags"":{""addr:city"":""București"",""addr:housenumber"":""12"",""addr:postcode"":""060246"",""addr:street"":""Strada George Mihai Zamfirescu"",""amenity"":""cafe"",""building"":""yes"",""contact:facebook"":""https://www.facebook.com/LaPuyaHouse/"",""cuisine"":""coffee_shop"",""email"":""LaPuyaHouse@gmail.com"",""name"":""Puya's House Pub & Caffe"",""outdoor_seating"":""yes"",""phone"":""+40 766 939 220"",""reservation"":""yes"",""takeaway"":""yes""}}",2026-05-30 08:46:18.442513+00:00
osm,osm:way/620570680,So! Coffee,Romania,București,cafe,44.4464246,26.0738195,,,,,"{""addr:city"":""București"",""addr:postcode"":""010866"",""addr:street"":""Piața Gării de Nord"",""amenity"":""cafe"",""check_date"":""2025-05-19"",""check_date:opening_hours"":""2025-05-19"",""indoor"":""room"",""level"":""0"",""name"":""So! Coffee"",""opening_hours"":""Mo-Su 06:30-21:30"",""room"":""restaurant"",""takeaway"":""yes"",""wheelchair"":""yes"",""formatted_address"":""Piața Gării de Nord, 010866, București"",""primary_type"":""amenity=cafe"",""osm_meta"":{""version"":4,""timestamp"":""2025-05-20T11:32:00Z"",""changeset"":166519955,""uid"":8770388,""user"":""Osmwithspace""}}","{""type"":""way"",""id"":620570680,""timestamp"":""2025-05-20T11:32:00Z"",""version"":4,""changeset"":166519955,""user"":""Osmwithspace"",""uid"":8770388,""center"":{""lat"":44.4464246,""lon"":26.0738195},""nodes"":[5863032755,5863032752,5863032754,5863032751,5863032753,5863032750,5863032749,5863032755],""tags"":{""addr:city"":""București"",""addr:postcode"":""010866"",""addr:street"":""Piața Gării de Nord"",""amenity"":""cafe"",""check_date"":""2025-05-19"",""check_date:opening_hours"":""2025-05-19"",""indoor"":""room"",""level"":""0"",""name"":""So! Coffee"",""opening_hours"":""Mo-Su 06:30-21:30"",""room"":""restaurant"",""takeaway"":""yes"",""wheelchair"":""yes""}}",2026-05-30 08:46:18.442513+00:00
osm,osm:way/620638545,Starbucks,Romania,Bucharest,cafe,44.4471741,26.0748522,,,,,"{""amenity"":""cafe"",""brand"":""Starbucks"",""brand:wikidata"":""Q37158"",""brand:wikipedia"":""en:Starbucks"",""check_date"":""2023-12-15"",""cuisine"":""coffee_shop"",""indoor"":""room"",""level"":""0"",""name"":""Starbucks"",""official_name"":""Starbucks Coffee"",""opening_hours"":""24/7"",""room"":""shop"",""takeaway"":""yes"",""formatted_address"":"""",""primary_type"":""amenity=cafe"",""osm_meta"":{""version"":5,""timestamp"":""2024-10-20T18:18:48Z"",""changeset"":158140595,""uid"":9484321,""user"":""Dan 9""}}","{""type"":""way"",""id"":620638545,""timestamp"":""2024-10-20T18:18:48Z"",""version"":5,""changeset"":158140595,""user"":""Dan 9"",""uid"":9484321,""center"":{""lat"":44.4471741,""lon"":26.0748522},""nodes"":[5863576733,5863576732,5863576735,5863576734,5863576733],""tags"":{""amenity"":""cafe"",""brand"":""Starbucks"",""brand:wikidata"":""Q37158"",""brand:wikipedia"":""en:Starbucks"",""check_date"":""2023-12-15"",""cuisine"":""coffee_shop"",""indoor"":""room"",""level"":""0"",""name"":""Starbucks"",""official_name"":""Starbucks Coffee"",""opening_hours"":""24/7"",""room"":""shop"",""takeaway"":""yes""}}",2026-05-30 08:46:18.442513+00:00
osm,osm:way/1081931347,Green Hours jazz-cafe,Romania,București,cafe,44.4429281,26.0936768,,,,,"{""addr:city"":""București"",""addr:housenumber"":""120"",""addr:postcode"":""010093"",""addr:street"":""Calea Victoriei"",""amenity"":""cafe"",""building"":""yes"",""name"":""Green Hours jazz-cafe"",""outdoor_seating"":""yes"",""website"":""https://www.greenhours.ro/"",""formatted_address"":""Calea Victoriei 120, 010093, București"",""primary_type"":""amenity=cafe"",""osm_meta"":{""version"":2,""timestamp"":""2023-08-20T11:55:40Z"",""changeset"":140129476,""uid"":6710042,""user"":""dpolovinkin""}}","{""type"":""way"",""id"":1081931347,""timestamp"":""2023-08-20T11:55:40Z"",""version"":2,""changeset"":140129476,""user"":""dpolovinkin"",""uid"":6710042,""center"":{""lat"":44.4429281,""lon"":26.0936768},""nodes"":[9915801732,9915801733,9915801738,9915801734,9915801735,1973467328,1973467303,9915801732],""tags"":{""addr:city"":""București"",""addr:housenumber"":""120"",""addr:postcode"":""010093"",""addr:street"":""Calea Victoriei"",""amenity"":""cafe"",""building"":""yes"",""name"":""Green Hours jazz-cafe"",""outdoor_seating"":""yes"",""website"":""https://www.greenhours.ro/""}}",2026-05-30 08:46:18.442513+00:00
osm,osm:node/7179014286,atipic,Romania,București,cafe,44.4496966,26.0960811,,,,,"{""addr:city"":""București"",""amenity"":""cafe"",""name"":""atipic"",""name:en"":""Boiler Coffee Shop"",""opening_hours"":""Mo-Sa 12:00-24:00; Su 14:00-24:00"",""formatted_address"":""București"",""primary_type"":""amenity=cafe"",""osm_meta"":{""version"":4,""timestamp"":""2025-10-11T18:22:07Z"",""changeset"":173150088,""uid"":128281,""user"":""rarad74""}}","{""type"":""node"",""id"":7179014286,""lat"":44.4496966,""lon"":26.0960811,""timestamp"":""2025-10-11T18:22:07Z"",""version"":4,""changeset"":173150088,""user"":""rarad74"",""uid"":128281,""tags"":{""addr:city"":""București"",""amenity"":""cafe"",""name"":""atipic"",""name:en"":""Boiler Coffee Shop"",""opening_hours"":""Mo-Sa 12:00-24:00; Su 14:00-24:00""}}",2026-05-30 08:46:18.442513+00:00
osm,osm:node/11193724824,Euei Café,Romania,Bucharest,cafe,44.4433075,26.096098,,,,,"{""amenity"":""cafe"",""name"":""Euei Café"",""opening_hours"":""Mo-Su 09:00-00:00"",""formatted_address"":"""",""primary_type"":""amenity=cafe"",""osm_meta"":{""version"":1,""timestamp"":""2023-09-15T14:11:30Z"",""changeset"":141305355,""uid"":15388496,""user"":""scqathvrzy""}}","{""type"":""node"",""id"":11193724824,""lat"":44.4433075,""lon"":26.096098,""timestamp"":""2023-09-15T14:11:30Z"",""version"":1,""changeset"":141305355,""user"":""scqathvrzy"",""uid"":15388496,""tags"":{""amenity"":""cafe"",""name"":""Euei Café"",""opening_hours"":""Mo-Su 09:00-00:00""}}",2026-05-30 08:46:18.442513+00:00
osm,osm:node/13592808737,5 to go,Romania,Bucharest,cafe,44.4454639,26.0961782,,,,,"{""amenity"":""cafe"",""brand"":""5 to go"",""brand:wikidata"":""Q115684369"",""cuisine"":""coffee_shop"",""name"":""5 to go"",""takeaway"":""yes"",""formatted_address"":"""",""primary_type"":""amenity=cafe"",""osm_meta"":{""version"":1,""timestamp"":""2026-02-23T13:21:45Z"",""changeset"":178943401,""uid"":69259,""user"":""DnaX""}}","{""type"":""node"",""id"":13592808737,""lat"":44.4454639,""lon"":26.0961782,""timestamp"":""2026-02-23T13:21:45Z"",""version"":1,""changeset"":178943401,""user"":""DnaX"",""uid"":69259,""tags"":{""amenity"":""cafe"",""brand"":""5 to go"",""brand:wikidata"":""Q115684369"",""cuisine"":""coffee_shop"",""name"":""5 to go"",""takeaway"":""yes""}}",2026-05-30 08:46:18.442513+00:00
osm,osm:node/13634135886,Ted's Coffee Co.,Romania,Bucharest,cafe,44.44777,26.0963784,,,,,"{""amenity"":""cafe"",""brand"":""Ted's Coffee Co."",""brand:wikidata"":""Q137035177"",""cuisine"":""coffee_shop"",""name"":""Ted's Coffee Co."",""takeaway"":""yes"",""formatted_address"":"""",""primary_type"":""amenity=cafe"",""osm_meta"":{""version"":3,""timestamp"":""2026-04-07T22:20:38Z"",""changeset"":181022589,""uid"":69259,""user"":""DnaX""}}","{""type"":""node"",""id"":13634135886,""lat"":44.44777,""lon"":26.0963784,""timestamp"":""2026-04-07T22:20:38Z"",""version"":3,""changeset"":181022589,""user"":""DnaX"",""uid"":69259,""tags"":{""amenity"":""cafe"",""brand"":""Ted's Coffee Co."",""brand:wikidata"":""Q137035177"",""cuisine"":""coffee_shop"",""name"":""Ted's Coffee Co."",""takeaway"":""yes""}}",2026-05-30 08:46:18.442513+00:00
osm,osm:node/13634141121,Coffetea,Romania,Bucharest,cafe,44.4478793,26.0963747,,,,,"{""amenity"":""cafe"",""cuisine"":""coffee_shop"",""name"":""Coffetea"",""formatted_address"":"""",""primary_type"":""amenity=cafe"",""osm_meta"":{""version"":1,""timestamp"":""2026-03-10T14:34:57Z"",""changeset"":179642618,""uid"":8430074,""user"":""alexnder""}}","{""type"":""node"",""id"":13634141121,""lat"":44.4478793,""lon"":26.0963747,""timestamp"":""2026-03-10T14:34:57Z"",""version"":1,""changeset"":179642618,""user"":""alexnder"",""uid"":8430074,""tags"":{""amenity"":""cafe"",""cuisine"":""coffee_shop"",""name"":""Coffetea""}}",2026-05-30 08:46:18.442513+00:00
osm,osm:node/828137227,Klauss Coffee Shop,Romania,Bucharest,cafe,44.4403246,26.1002571,,,,,"{""amenity"":""cafe"",""check_date:opening_hours"":""2025-02-12"",""name"":""Klauss Coffee Shop"",""opening_hours"":""Mo-Su 07:00-21:00"",""formatted_address"":"""",""primary_type"":""amenity=cafe"",""osm_meta"":{""version"":7,""timestamp"":""2026-03-25T03:36:57Z"",""changeset"":180384642,""uid"":20320807,""user"":""SGFRO""}}","{""type"":""node"",""id"":828137227,""lat"":44.4403246,""lon"":26.1002571,""timestamp"":""2026-03-25T03:36:57Z"",""version"":7,""changeset"":180384642,""user"":""SGFRO"",""uid"":20320807,""tags"":{""amenity"":""cafe"",""check_date:opening_hours"":""2025-02-12"",""name"":""Klauss Coffee Shop"",""opening_hours"":""Mo-Su 07:00-21:00""}}",2026-05-30 08:46:18.442513+00:00
osm,osm:node/1413464749,Grădina Verona,Romania,Bucharest,cafe,44.4431735,26.0998115,,,,,"{""amenity"":""cafe"",""name"":""Grădina Verona"",""source"":""poi.grep.ro"",""formatted_address"":"""",""primary_type"":""amenity=cafe"",""osm_meta"":{""version"":2,""timestamp"":""2014-06-03T14:15:23Z"",""changeset"":22715434,""uid"":1383062,""user"":""Chris Filip""}}","{""type"":""node"",""id"":1413464749,""lat"":44.4431735,""lon"":26.0998115,""timestamp"":""2014-06-03T14:15:23Z"",""version"":2,""changeset"":22715434,""user"":""Chris Filip"",""uid"":1383062,""tags"":{""amenity"":""cafe"",""name"":""Grădina Verona"",""source"":""poi.grep.ro""}}",2026-05-30 08:46:18.442513+00:00
osm,osm:node/2446504283,5 to go,Romania,Bucharest,cafe,44.4409088,26.1009295,,,,,"{""amenity"":""cafe"",""brand"":""5 to go"",""brand:wikidata"":""Q115684369"",""cuisine"":""coffee_shop"",""is_in:city"":""București"",""name"":""5 to go"",""source"":""survey"",""takeaway"":""yes"",""formatted_address"":"""",""primary_type"":""amenity=cafe"",""osm_meta"":{""version"":5,""timestamp"":""2023-06-22T09:51:19Z"",""changeset"":137639960,""uid"":69259,""user"":""DnaX""}}","{""type"":""node"",""id"":2446504283,""lat"":44.4409088,""lon"":26.1009295,""timestamp"":""2023-06-22T09:51:19Z"",""version"":5,""changeset"":137639960,""user"":""DnaX"",""uid"":69259,""tags"":{""amenity"":""cafe"",""brand"":""5 to go"",""brand:wikidata"":""Q115684369"",""cuisine"":""coffee_shop"",""is_in:city"":""București"",""name"":""5 to go"",""source"":""survey"",""takeaway"":""yes""}}",2026-05-30 08:46:18.442513+00:00
osm,osm:node/5898763785,Artichoke Social House,Romania,București,cafe,44.4379156,26.0964859,,,,,"{""addr:city"":""București"",""addr:housenumber"":""45"",""addr:street"":""Calea Victoriei"",""amenity"":""cafe"",""email"":""hello@fixmad.com"",""name"":""Artichoke Social House"",""name:en"":""Artichoke Coffee Shop"",""outdoor_seating"":""yes"",""payment:cash"":""yes"",""payment:credit_cards"":""yes"",""phone"":""+40 771 707869"",""website"":""https://artichoke.coffee/"",""formatted_address"":""Calea Victoriei 45, București"",""primary_type"":""amenity=cafe"",""osm_meta"":{""version"":3,""timestamp"":""2022-05-19T20:36:57Z"",""changeset"":121212598,""uid"":1862505,""user"":""svencb""}}","{""type"":""node"",""id"":5898763785,""lat"":44.4379156,""lon"":26.0964859,""timestamp"":""2022-05-19T20:36:57Z"",""version"":3,""changeset"":121212598,""user"":""svencb"",""uid"":1862505,""tags"":{""addr:city"":""București"",""addr:housenumber"":""45"",""addr:street"":""Calea Victoriei"",""amenity"":""cafe"",""email"":""hello@fixmad.com"",""name"":""Artichoke Social House"",""name:en"":""Artichoke Coffee Shop"",""outdoor_seating"":""yes"",""payment:cash"":""yes"",""payment:credit_cards"":""yes"",""phone"":""+40 771 707869"",""website"":""https://artichoke.coffee/""}}",2026-05-30 08:46:18.442513+00:00
osm,osm:node/6813635759,m60,Romania,București,cafe,44.443218,26.0967136,,,,,"{""addr:city"":""București"",""addr:housenumber"":""2"",""addr:postcode"":""010364"",""addr:street"":""Strada Dimitri Ivanovici Mendeleev"",""amenity"":""cafe"",""cuisine"":""international"",""internet_access:ssid"":""M60 Has Good Coffee"",""is_in"":""București"",""name"":""m60"",""opening_hours"":""Mo-Fr 08:00-22:00; Sa,Su 09:00-22:00"",""outdoor_seating"":""yes"",""wheelchair"":""limited"",""formatted_address"":""Strada Dimitri Ivanovici Mendeleev 2, 010364, București"",""primary_type"":""amenity=cafe"",""osm_meta"":{""version"":5,""timestamp"":""2021-06-02T19:50:28Z"",""changeset"":105738647,""uid"":4648211,""user"":""Mihai Mandea""}}","{""type"":""node"",""id"":6813635759,""lat"":44.443218,""lon"":26.0967136,""timestamp"":""2021-06-02T19:50:28Z"",""version"":5,""changeset"":105738647,""user"":""Mihai Mandea"",""uid"":4648211,""tags"":{""addr:city"":""București"",""addr:housenumber"":""2"",""addr:postcode"":""010364"",""addr:street"":""Strada Dimitri Ivanovici Mendeleev"",""amenity"":""cafe"",""cuisine"":""international"",""internet_access:ssid"":""M60 Has Good Coffee"",""is_in"":""București"",""name"":""m60"",""opening_hours"":""Mo-Fr 08:00-22:00; Sa,Su 09:00-22:00"",""outdoor_seating"":""yes"",""wheelchair"":""limited""}}",2026-05-30 08:46:18.442513+00:00
osm,osm:node/8905642164,Ted's Coffee Co.,Romania,București,cafe,44.4377263,26.1019318,,,,,"{""addr:city"":""București"",""addr:housenumber"":""1-3"",""addr:postcode"":""030167"",""addr:street"":""Strada Batiștei"",""amenity"":""cafe"",""brand"":""Ted's Coffee Co."",""brand:wikidata"":""Q137035177"",""check_date"":""2025-08-06"",""cuisine"":""coffee_shop"",""name"":""Ted's Coffee Co."",""takeaway"":""yes"",""formatted_address"":""Strada Batiștei 1-3, 030167, București"",""primary_type"":""amenity=cafe"",""osm_meta"":{""version"":13,""timestamp"":""2026-04-07T22:24:21Z"",""changeset"":181022670,""uid"":69259,""user"":""DnaX""}}","{""type"":""node"",""id"":8905642164,""lat"":44.4377263,""lon"":26.1019318,""timestamp"":""2026-04-07T22:24:21Z"",""version"":13,""changeset"":181022670,""user"":""DnaX"",""uid"":69259,""tags"":{""addr:city"":""București"",""addr:housenumber"":""1-3"",""addr:postcode"":""030167"",""addr:street"":""Strada Batiștei"",""amenity"":""cafe"",""brand"":""Ted's Coffee Co."",""brand:wikidata"":""Q137035177"",""check_date"":""2025-08-06"",""cuisine"":""coffee_shop"",""name"":""Ted's Coffee Co."",""takeaway"":""yes""}}",2026-05-30 08:46:18.442513+00:00
osm,osm:node/9195988018,18CTEA,Romania,București,cafe,44.4380669,26.097493,,,,,"{""addr:city"":""București"",""addr:housenumber"":""70"",""addr:postcode"":""010084"",""addr:street"":""Calea Victoriei"",""amenity"":""cafe"",""cuisine"":""bubble_tea"",""facebook"":""18CTEA.Ro"",""name"":""18CTEA"",""opening_hours"":""Mo-Su 12:00-22:00"",""outdoor_seating"":""yes"",""phone"":""+40 746 029 291"",""wheelchair"":""yes"",""formatted_address"":""Calea Victoriei 70, 010084, București"",""primary_type"":""amenity=cafe"",""osm_meta"":{""version"":3,""timestamp"":""2024-11-23T10:53:25Z"",""changeset"":159493315,""uid"":290680,""user"":""wheelmap_visitor""}}","{""type"":""node"",""id"":9195988018,""lat"":44.4380669,""lon"":26.097493,""timestamp"":""2024-11-23T10:53:25Z"",""version"":3,""changeset"":159493315,""user"":""wheelmap_visitor"",""uid"":290680,""tags"":{""addr:city"":""București"",""addr:housenumber"":""70"",""addr:postcode"":""010084"",""addr:street"":""Calea Victoriei"",""amenity"":""cafe"",""cuisine"":""bubble_tea"",""facebook"":""18CTEA.Ro"",""name"":""18CTEA"",""opening_hours"":""Mo-Su 12:00-22:00"",""outdoor_seating"":""yes"",""phone"":""+40 746 029 291"",""wheelchair"":""yes""}}",2026-05-30 08:46:18.442513+00:00
osm,osm:node/11067430939,Caffe Saccaria,Romania,București,cafe,44.4414443,26.0980655,,,,,"{""addr:city"":""București"",""addr:housenumber"":""7"",""addr:postcode"":""010287"",""addr:postcode:source"":""Date de la Poșta Română, publicate sub Licența pentru Guvernare Deschisă v1.0 la http://date.gov.ro/organization/posta-romana"",""addr:street"":""Strada Benjamin Franklin"",""amenity"":""cafe"",""name"":""Caffe Saccaria"",""opening_hours"":""Mo-Fr 08:00-22:00; Sa-Su 09:00-22:00"",""outdoor_seating"":""yes"",""phone"":""+40 770 188 799"",""website"":""0770188799"",""formatted_address"":""Strada Benjamin Franklin 7, 010287, București"",""primary_type"":""amenity=cafe"",""osm_meta"":{""version"":1,""timestamp"":""2023-07-25T17:39:58Z"",""changeset"":139001179,""uid"":9484321,""user"":""Dan 9""}}","{""type"":""node"",""id"":11067430939,""lat"":44.4414443,""lon"":26.0980655,""timestamp"":""2023-07-25T17:39:58Z"",""version"":1,""changeset"":139001179,""user"":""Dan 9"",""uid"":9484321,""tags"":{""addr:city"":""București"",""addr:housenumber"":""7"",""addr:postcode"":""010287"",""addr:postcode:source"":""Date de la Poșta Română, publicate sub Licența pentru Guvernare Deschisă v1.0 la http://date.gov.ro/organization/posta-romana"",""addr:street"":""Strada Benjamin Franklin"",""amenity"":""cafe"",""name"":""Caffe Saccaria"",""opening_hours"":""Mo-Fr 08:00-22:00; Sa-Su 09:00-22:00"",""outdoor_seating"":""yes"",""phone"":""+40 770 188 799"",""website"":""0770188799""}}",2026-05-30 08:46:18.442513+00:00
osm,osm:node/11157676120,Roasted Coffee Shop,Romania,Bucharest,cafe,44.4379577,26.1025236,,,,,"{""amenity"":""cafe"",""check_date"":""2023-09-21"",""cuisine"":""coffee_shop"",""name"":""Roasted Coffee Shop"",""opening_hours"":""Mo-Fr 07:30-16:00; Sa-Su off"",""formatted_address"":"""",""primary_type"":""amenity=cafe"",""osm_meta"":{""version"":2,""timestamp"":""2023-09-21T09:53:56Z"",""changeset"":141550540,""uid"":8430074,""user"":""alexnder""}}","{""type"":""node"",""id"":11157676120,""lat"":44.4379577,""lon"":26.1025236,""timestamp"":""2023-09-21T09:53:56Z"",""version"":2,""changeset"":141550540,""user"":""alexnder"",""uid"":8430074,""tags"":{""amenity"":""cafe"",""check_date"":""2023-09-21"",""cuisine"":""coffee_shop"",""name"":""Roasted Coffee Shop"",""opening_hours"":""Mo-Fr 07:30-16:00; Sa-Su off""}}",2026-05-30 08:46:18.442513+00:00
osm,osm:node/11157713789,5 to go,Romania,București,cafe,44.4377836,26.1021657,,,,,"{""addr:city"":""București"",""amenity"":""cafe"",""brand"":""5 to go"",""brand:wikidata"":""Q115684369"",""cuisine"":""coffee_shop"",""name"":""5 to go"",""opening_hours"":""Mo-Fr 07:00-19:30; Sa,Su 09:00-18:00"",""takeaway"":""yes"",""formatted_address"":""București"",""primary_type"":""amenity=cafe"",""osm_meta"":{""version"":5,""timestamp"":""2026-02-17T22:34:55Z"",""changeset"":178701118,""uid"":20320807,""user"":""SGFRO""}}","{""type"":""node"",""id"":11157713789,""lat"":44.4377836,""lon"":26.1021657,""timestamp"":""2026-02-17T22:34:55Z"",""version"":5,""changeset"":178701118,""user"":""SGFRO"",""uid"":20320807,""tags"":{""addr:city"":""București"",""amenity"":""cafe"",""brand"":""5 to go"",""brand:wikidata"":""Q115684369"",""cuisine"":""coffee_shop"",""name"":""5 to go"",""opening_hours"":""Mo-Fr 07:00-19:30; Sa,Su 09:00-18:00"",""takeaway"":""yes""}}",2026-05-30 08:46:18.442513+00:00
osm,osm:node/11705012594,Love You Choux,Romania,Bucharest,cafe,44.4413996,26.0979627,,,,,"{""amenity"":""cafe"",""check_date"":""2024-03-08"",""name"":""Love You Choux"",""formatted_address"":"""",""primary_type"":""amenity=cafe"",""osm_meta"":{""version"":1,""timestamp"":""2024-03-08T20:25:39Z"",""changeset"":148400278,""uid"":1962542,""user"":""whammo""}}","{""type"":""node"",""id"":11705012594,""lat"":44.4413996,""lon"":26.0979627,""timestamp"":""2024-03-08T20:25:39Z"",""version"":1,""changeset"":148400278,""user"":""whammo"",""uid"":1962542,""tags"":{""amenity"":""cafe"",""check_date"":""2024-03-08"",""name"":""Love You Choux""}}",2026-05-30 08:46:18.442513+00:00
osm,osm:node/13676636522,Cupybara,Romania,Bucharest,cafe,44.4380453,26.1014064,,,,,"{""amenity"":""cafe"",""cuisine"":""coffee_shop"",""name"":""Cupybara"",""formatted_address"":"""",""primary_type"":""amenity=cafe"",""osm_meta"":{""version"":1,""timestamp"":""2026-03-25T03:36:57Z"",""changeset"":180384642,""uid"":20320807,""user"":""SGFRO""}}","{""type"":""node"",""id"":13676636522,""lat"":44.4380453,""lon"":26.1014064,""timestamp"":""2026-03-25T03:36:57Z"",""version"":1,""changeset"":180384642,""user"":""SGFRO"",""uid"":20320807,""tags"":{""amenity"":""cafe"",""cuisine"":""coffee_shop"",""name"":""Cupybara""}}",2026-05-30 08:46:18.442513+00:00
osm,osm:node/2617153041,FROG,Romania,București,cafe,44.4381522,26.1077816,,,,,"{""addr:city"":""București"",""addr:housenumber"":""24"",""addr:postcode"":""020501"",""addr:postcode:source"":""Date de la Poșta Română, publicate sub Licența pentru Guvernare Deschisă v1.0 la http://date.gov.ro/organization/posta-romana"",""addr:street"":""Strada Vasile Lascăr"",""amenity"":""cafe"",""name"":""FROG"",""phone"":""+40 723 346 140"",""formatted_address"":""Strada Vasile Lascăr 24, 020501, București"",""primary_type"":""amenity=cafe"",""osm_meta"":{""version"":4,""timestamp"":""2019-05-05T09:19:07Z"",""changeset"":69898554,""uid"":5363233,""user"":""Dennis van Bruggen""}}","{""type"":""node"",""id"":2617153041,""lat"":44.4381522,""lon"":26.1077816,""timestamp"":""2019-05-05T09:19:07Z"",""version"":4,""changeset"":69898554,""user"":""Dennis van Bruggen"",""uid"":5363233,""tags"":{""addr:city"":""București"",""addr:housenumber"":""24"",""addr:postcode"":""020501"",""addr:postcode:source"":""Date de la Poșta Română, publicate sub Licența pentru Guvernare Deschisă v1.0 la http://date.gov.ro/organization/posta-romana"",""addr:street"":""Strada Vasile Lascăr"",""amenity"":""cafe"",""name"":""FROG"",""phone"":""+40 723 346 140""}}",2026-05-30 08:46:18.442513+00:00
osm,osm:node/6468086686,5 to go,Romania,Bucharest,cafe,44.4422476,26.106811,,,,,"{""amenity"":""cafe"",""brand"":""5 to go"",""brand:wikidata"":""Q115684369"",""cuisine"":""coffee_shop"",""name"":""5 to go"",""takeaway"":""yes"",""formatted_address"":"""",""primary_type"":""amenity=cafe"",""osm_meta"":{""version"":2,""timestamp"":""2024-11-23T18:40:19Z"",""changeset"":159510872,""uid"":69259,""user"":""DnaX""}}","{""type"":""node"",""id"":6468086686,""lat"":44.4422476,""lon"":26.106811,""timestamp"":""2024-11-23T18:40:19Z"",""version"":2,""changeset"":159510872,""user"":""DnaX"",""uid"":69259,""tags"":{""amenity"":""cafe"",""brand"":""5 to go"",""brand:wikidata"":""Q115684369"",""cuisine"":""coffee_shop"",""name"":""5 to go"",""takeaway"":""yes""}}",2026-05-30 08:46:18.442513+00:00
osm,osm:node/7294157350,Londonhome,Romania,București,cafe,44.4405962,26.1035871,,,,,"{""addr:city"":""București"",""addr:housenumber"":""31"",""addr:postcode"":""020964"",""addr:street"":""Strada General David Praporgescu"",""amenity"":""cafe"",""name"":""Londonhome"",""outdoor_seating"":""yes"",""formatted_address"":""Strada General David Praporgescu 31, 020964, București"",""primary_type"":""amenity=cafe"",""osm_meta"":{""version"":1,""timestamp"":""2020-03-14T08:57:25Z"",""changeset"":82188571,""uid"":9484321,""user"":""Dan 9""}}","{""type"":""node"",""id"":7294157350,""lat"":44.4405962,""lon"":26.1035871,""timestamp"":""2020-03-14T08:57:25Z"",""version"":1,""changeset"":82188571,""user"":""Dan 9"",""uid"":9484321,""tags"":{""addr:city"":""București"",""addr:housenumber"":""31"",""addr:postcode"":""020964"",""addr:street"":""Strada General David Praporgescu"",""amenity"":""cafe"",""name"":""Londonhome"",""outdoor_seating"":""yes""}}",2026-05-30 08:46:18.442513+00:00
osm,osm:node/11045415531,Citrick,Romania,București,cafe,44.4387322,26.104192,,,,,"{""addr:city"":""București"",""addr:housenumber"":""17"",""addr:postcode"":""020933"",""addr:street"":""Strada Batiștei"",""air_conditioning"":""no"",""amenity"":""cafe"",""cuisine"":""coffee_shop"",""description"":""Un loc nou si plin de culoare unde pasiunea si lucrurile bine facute se imbina armonios intr-un design alternativ. CITRICK este locul unde te poti bucura de cafea de specialitate, cafele de origini, preparate pe baza de cafea , si nu oricum…"",""email"":""cafeneacitrick@gmail.com"",""indoor_seating"":""yes"",""name"":""Citrick"",""opening_hours"":""Mo-Fr 08:00-17:00, Sa 09:00-17:00, Su closed"",""outdoor_seating"":""yes"",""phone"":""+40 722 657 799"",""smoking"":""outside"",""website"":""https://www.citrick.ro/"",""website:menu"":""https://www.citrick.ro/meniu/"",""wheelchair"":""no"",""formatted_address"":""Strada Batiștei 17, 020933, București"",""primary_type"":""amenity=cafe"",""osm_meta"":{""version"":5,""timestamp"":""2023-09-21T14:40:06Z"",""changeset"":141563064,""uid"":8430074,""user"":""alexnder""}}","{""type"":""node"",""id"":11045415531,""lat"":44.4387322,""lon"":26.104192,""timestamp"":""2023-09-21T14:40:06Z"",""version"":5,""changeset"":141563064,""user"":""alexnder"",""uid"":8430074,""tags"":{""addr:city"":""București"",""addr:housenumber"":""17"",""addr:postcode"":""020933"",""addr:street"":""Strada Batiștei"",""air_conditioning"":""no"",""amenity"":""cafe"",""cuisine"":""coffee_shop"",""description"":""Un loc nou si plin de culoare unde pasiunea si lucrurile bine facute se imbina armonios intr-un design alternativ. CITRICK este locul unde te poti bucura de cafea de specialitate, cafele de origini, preparate pe baza de cafea , si nu oricum…"",""email"":""cafeneacitrick@gmail.com"",""indoor_seating"":""yes"",""name"":""Citrick"",""opening_hours"":""Mo-Fr 08:00-17:00, Sa 09:00-17:00, Su closed"",""outdoor_seating"":""yes"",""phone"":""+40 722 657 799"",""smoking"":""outside"",""website"":""https://www.citrick.ro/"",""website:menu"":""https://www.citrick.ro/meniu/"",""wheelchair"":""no""}}",2026-05-30 08:46:18.442513+00:00
osm,osm:node/11521193234,B17 CoffeeLab,Romania,Bucharest,cafe,44.4387012,26.1041296,,,,,"{""amenity"":""cafe"",""name"":""B17 CoffeeLab"",""opening_hours"":""Mo-Fr 07:30-20:00"",""formatted_address"":"""",""primary_type"":""amenity=cafe"",""osm_meta"":{""version"":3,""timestamp"":""2024-10-22T05:23:54Z"",""changeset"":158195533,""uid"":8430074,""user"":""alexnder""}}","{""type"":""node"",""id"":11521193234,""lat"":44.4387012,""lon"":26.1041296,""timestamp"":""2024-10-22T05:23:54Z"",""version"":3,""changeset"":158195533,""user"":""alexnder"",""uid"":8430074,""tags"":{""amenity"":""cafe"",""name"":""B17 CoffeeLab"",""opening_hours"":""Mo-Fr 07:30-20:00""}}",2026-05-30 08:46:18.442513+00:00
osm,osm:node/12890594178,Roasted Coffee Shop,Romania,București,cafe,44.4383863,26.1080866,,,,,"{""addr:city"":""București"",""addr:housenumber"":""13"",""addr:street"":""Strada Italiană"",""air_conditioning"":""yes"",""amenity"":""cafe"",""cuisine"":""coffee_shop;sandwich;juice"",""internet_access"":""no"",""is_in:city"":""București"",""name"":""Roasted Coffee Shop"",""opening_hours"":""Mo-Su 07:30-16:00"",""outdoor_seating"":""yes"",""phone"":""0721 497 161"",""formatted_address"":""Strada Italiană 13, București"",""primary_type"":""amenity=cafe"",""osm_meta"":{""version"":2,""timestamp"":""2025-10-09T08:44:43Z"",""changeset"":173038280,""uid"":128281,""user"":""rarad74""}}","{""type"":""node"",""id"":12890594178,""lat"":44.4383863,""lon"":26.1080866,""timestamp"":""2025-10-09T08:44:43Z"",""version"":2,""changeset"":173038280,""user"":""rarad74"",""uid"":128281,""tags"":{""addr:city"":""București"",""addr:housenumber"":""13"",""addr:street"":""Strada Italiană"",""air_conditioning"":""yes"",""amenity"":""cafe"",""cuisine"":""coffee_shop;sandwich;juice"",""internet_access"":""no"",""is_in:city"":""București"",""name"":""Roasted Coffee Shop"",""opening_hours"":""Mo-Su 07:30-16:00"",""outdoor_seating"":""yes"",""phone"":""0721 497 161""}}",2026-05-30 08:46:18.442513+00:00
osm,osm:node/502517017,Tucano Coffee Guatemala,Romania,București,cafe,44.4478401,26.0996827,,,,,"{""addr:city"":""București"",""addr:housenumber"":""18"",""addr:postcode"":""010572"",""addr:street"":""Calea Dorobanților"",""air_conditioning"":""yes"",""amenity"":""cafe"",""changing_table"":""no"",""cuisine"":""coffee_shop"",""diet:halal"":""yes"",""diet:vegan"":""yes"",""diet:vegetarian"":""yes"",""indoor_seating"":""yes"",""internet_access"":""wlan"",""name"":""Tucano Coffee Guatemala"",""opening_hours"":""Su-Th 08:00-22:00; Fr-Sa 08:00-12:00, 20:00-00:00"",""outdoor_seating"":""yes"",""payment:credit_cards"":""yes"",""payment:debit_cards"":""yes"",""smoking"":""no"",""wheelchair"":""limited"",""formatted_address"":""Calea Dorobanților 18, 010572, București"",""primary_type"":""amenity=cafe"",""osm_meta"":{""version"":17,""timestamp"":""2025-06-05T21:53:01Z"",""changeset"":167242868,""uid"":9660877,""user"":""Neonkaaaaa""}}","{""type"":""node"",""id"":502517017,""lat"":44.4478401,""lon"":26.0996827,""timestamp"":""2025-06-05T21:53:01Z"",""version"":17,""changeset"":167242868,""user"":""Neonkaaaaa"",""uid"":9660877,""tags"":{""addr:city"":""București"",""addr:housenumber"":""18"",""addr:postcode"":""010572"",""addr:street"":""Calea Dorobanților"",""air_conditioning"":""yes"",""amenity"":""cafe"",""changing_table"":""no"",""cuisine"":""coffee_shop"",""diet:halal"":""yes"",""diet:vegan"":""yes"",""diet:vegetarian"":""yes"",""indoor_seating"":""yes"",""internet_access"":""wlan"",""name"":""Tucano Coffee Guatemala"",""opening_hours"":""Su-Th 08:00-22:00; Fr-Sa 08:00-12:00, 20:00-00:00"",""outdoor_seating"":""yes"",""payment:credit_cards"":""yes"",""payment:debit_cards"":""yes"",""smoking"":""no"",""wheelchair"":""limited""}}",2026-05-30 08:46:18.442513+00:00
osm,osm:node/2615811304,ORYGYNS Specialty coffee,Romania,București,cafe,44.4439365,26.0993171,,,,,"{""addr:city"":""București"",""addr:housenumber"":""12"",""addr:postcode"":""010463"",""addr:postcode:source"":""Date de la Poșta Română, publicate sub Licența pentru Guvernare Deschisă v1.0 la http://date.gov.ro/organization/posta-romana"",""addr:street"":""Strada Jules Michelet"",""amenity"":""cafe"",""name"":""ORYGYNS Specialty coffee"",""name:en"":""ORYGYNS Specialty coffee"",""name:ro"":""ORYGYNS Specialty coffee"",""opening_hours"":""Mo-Fr 08:00-19:00; Sa,Su 09:00-19:00"",""wheelchair"":""no"",""formatted_address"":""Strada Jules Michelet 12, 010463, București"",""primary_type"":""amenity=cafe"",""osm_meta"":{""version"":6,""timestamp"":""2019-03-22T11:01:21Z"",""changeset"":68403491,""uid"":9458168,""user"":""Gorka115""}}","{""type"":""node"",""id"":2615811304,""lat"":44.4439365,""lon"":26.0993171,""timestamp"":""2019-03-22T11:01:21Z"",""version"":6,""changeset"":68403491,""user"":""Gorka115"",""uid"":9458168,""tags"":{""addr:city"":""București"",""addr:housenumber"":""12"",""addr:postcode"":""010463"",""addr:postcode:source"":""Date de la Poșta Română, publicate sub Licența pentru Guvernare Deschisă v1.0 la http://date.gov.ro/organization/posta-romana"",""addr:street"":""Strada Jules Michelet"",""amenity"":""cafe"",""name"":""ORYGYNS Specialty coffee"",""name:en"":""ORYGYNS Specialty coffee"",""name:ro"":""ORYGYNS Specialty coffee"",""opening_hours"":""Mo-Fr 08:00-19:00; Sa,Su 09:00-19:00"",""wheelchair"":""no""}}",2026-05-30 08:46:18.442513+00:00
osm,osm:node/2617481589,Hathor Cafe,Romania,Bucharest,cafe,44.4444259,26.1024522,,,,,"{""amenity"":""cafe"",""is_in:city"":""București"",""name"":""Hathor Cafe"",""opening_hours"":""Mo-Su 12:00-20:00"",""wheelchair"":""no"",""formatted_address"":"""",""primary_type"":""amenity=cafe"",""osm_meta"":{""version"":5,""timestamp"":""2019-03-21T12:28:17Z"",""changeset"":68370993,""uid"":9458168,""user"":""Gorka115""}}","{""type"":""node"",""id"":2617481589,""lat"":44.4444259,""lon"":26.1024522,""timestamp"":""2019-03-21T12:28:17Z"",""version"":5,""changeset"":68370993,""user"":""Gorka115"",""uid"":9458168,""tags"":{""amenity"":""cafe"",""is_in:city"":""București"",""name"":""Hathor Cafe"",""opening_hours"":""Mo-Su 12:00-20:00"",""wheelchair"":""no""}}",2026-05-30 08:46:18.442513+00:00
osm,osm:node/3798121589,Camera din Față,Romania,Bucharest,cafe,44.4442369,26.0966255,,,,,"{""addr:street"":""Strada Dimitri Ivanovici Mendeleev"",""amenity"":""cafe"",""check_date"":""2023-04-30"",""delivery"":""no"",""diet:vegetarian"":""yes"",""internet_access"":""yes"",""internet_access:fee"":""customers"",""internet_access:ssid"":""Camera din Fata"",""name"":""Camera din Față"",""opening_hours"":""Mo-Fr 08:00-22:00; Sa,Su 09:00-22:00"",""outdoor_seating"":""no"",""reservation"":""yes"",""takeaway"":""yes"",""website"":""https://cameradinfata.ro/"",""wheelchair"":""no"",""formatted_address"":""Strada Dimitri Ivanovici Mendeleev"",""primary_type"":""amenity=cafe"",""osm_meta"":{""version"":5,""timestamp"":""2023-11-02T16:33:35Z"",""changeset"":143540561,""uid"":9451067,""user"":""b-jazz-bot""}}","{""type"":""node"",""id"":3798121589,""lat"":44.4442369,""lon"":26.0966255,""timestamp"":""2023-11-02T16:33:35Z"",""version"":5,""changeset"":143540561,""user"":""b-jazz-bot"",""uid"":9451067,""tags"":{""addr:street"":""Strada Dimitri Ivanovici Mendeleev"",""amenity"":""cafe"",""check_date"":""2023-04-30"",""delivery"":""no"",""diet:vegetarian"":""yes"",""internet_access"":""yes"",""internet_access:fee"":""customers"",""internet_access:ssid"":""Camera din Fata"",""name"":""Camera din Față"",""opening_hours"":""Mo-Fr 08:00-22:00; Sa,Su 09:00-22:00"",""outdoor_seating"":""no"",""reservation"":""yes"",""takeaway"":""yes"",""website"":""https://cameradinfata.ro/"",""wheelchair"":""no""}}",2026-05-30 08:46:18.442513+00:00
osm,osm:node/3855991189,5 to go,Romania,București,cafe,44.4450789,26.1010363,,,,,"{""addr:city"":""București"",""addr:housenumber"":""23"",""addr:street"":""Strada General Eremia Grigorescu"",""amenity"":""cafe"",""brand"":""5 to go"",""brand:wikidata"":""Q115684369"",""cuisine"":""coffee_shop"",""loc_name"":""5 To Go Lahovari"",""name"":""5 to go"",""opening_hours"":""Mo-Fr 07:00-18:00; Sa 09:00-16:00; Su 09:00-14:00"",""takeaway"":""yes"",""website"":""https://fivetogo.ro/"",""wheelchair"":""limited"",""formatted_address"":""Strada General Eremia Grigorescu 23, București"",""primary_type"":""amenity=cafe"",""osm_meta"":{""version"":8,""timestamp"":""2025-11-05T20:30:46Z"",""changeset"":174258662,""uid"":69259,""user"":""DnaX""}}","{""type"":""node"",""id"":3855991189,""lat"":44.4450789,""lon"":26.1010363,""timestamp"":""2025-11-05T20:30:46Z"",""version"":8,""changeset"":174258662,""user"":""DnaX"",""uid"":69259,""tags"":{""addr:city"":""București"",""addr:housenumber"":""23"",""addr:street"":""Strada General Eremia Grigorescu"",""amenity"":""cafe"",""brand"":""5 to go"",""brand:wikidata"":""Q115684369"",""cuisine"":""coffee_shop"",""loc_name"":""5 To Go Lahovari"",""name"":""5 to go"",""opening_hours"":""Mo-Fr 07:00-18:00; Sa 09:00-16:00; Su 09:00-14:00"",""takeaway"":""yes"",""website"":""https://fivetogo.ro/"",""wheelchair"":""limited""}}",2026-05-30 08:46:18.442513+00:00
osm,osm:node/4048726663,Boba chaya,Romania,Bucharest,cafe,44.4442039,26.0974186,,,,,"{""amenity"":""cafe"",""cuisine"":""bubble_tea"",""name"":""Boba chaya"",""opening_hours"":""Mo-Fr 08:00-17:00"",""formatted_address"":"""",""primary_type"":""amenity=cafe"",""osm_meta"":{""version"":10,""timestamp"":""2026-03-22T21:55:43Z"",""changeset"":180274070,""uid"":20320807,""user"":""SGFRO""}}","{""type"":""node"",""id"":4048726663,""lat"":44.4442039,""lon"":26.0974186,""timestamp"":""2026-03-22T21:55:43Z"",""version"":10,""changeset"":180274070,""user"":""SGFRO"",""uid"":20320807,""tags"":{""amenity"":""cafe"",""cuisine"":""bubble_tea"",""name"":""Boba chaya"",""opening_hours"":""Mo-Fr 08:00-17:00""}}",2026-05-30 08:46:18.442513+00:00
osm,osm:node/6464450886,Salon de Ceai,Romania,Bucharest,cafe,44.4444962,26.1024025,,,,,"{""amenity"":""cafe"",""name"":""Salon de Ceai"",""opening_hours"":""Mo-Fr 11:00-22:00; Sa-Su 11:00-21:30"",""formatted_address"":"""",""primary_type"":""amenity=cafe"",""osm_meta"":{""version"":1,""timestamp"":""2019-05-10T12:29:42Z"",""changeset"":70107856,""uid"":71631,""user"":""andrewsh""}}","{""type"":""node"",""id"":6464450886,""lat"":44.4444962,""lon"":26.1024025,""timestamp"":""2019-05-10T12:29:42Z"",""version"":1,""changeset"":70107856,""user"":""andrewsh"",""uid"":71631,""tags"":{""amenity"":""cafe"",""name"":""Salon de Ceai"",""opening_hours"":""Mo-Fr 11:00-22:00; Sa-Su 11:00-21:30""}}",2026-05-30 08:46:18.442513+00:00
osm,osm:node/6464523585,5 to go,Romania,Bucharest,cafe,44.4460715,26.0974284,,,,,"{""amenity"":""cafe"",""brand"":""5 to go"",""brand:wikidata"":""Q115684369"",""check_date"":""2023-09-09"",""check_date:opening_hours"":""2024-05-28"",""cuisine"":""coffee_shop"",""indoor_seating"":""no"",""name"":""5 to go"",""opening_hours"":""Mo-Fr 07:00-19:00; Sa,Su 08:00-19:00"",""outdoor_seating"":""yes"",""takeaway"":""yes"",""wheelchair"":""limited"",""formatted_address"":"""",""primary_type"":""amenity=cafe"",""osm_meta"":{""version"":9,""timestamp"":""2024-05-28T15:47:44Z"",""changeset"":151951637,""uid"":8430074,""user"":""alexnder""}}","{""type"":""node"",""id"":6464523585,""lat"":44.4460715,""lon"":26.0974284,""timestamp"":""2024-05-28T15:47:44Z"",""version"":9,""changeset"":151951637,""user"":""alexnder"",""uid"":8430074,""tags"":{""amenity"":""cafe"",""brand"":""5 to go"",""brand:wikidata"":""Q115684369"",""check_date"":""2023-09-09"",""check_date:opening_hours"":""2024-05-28"",""cuisine"":""coffee_shop"",""indoor_seating"":""no"",""name"":""5 to go"",""opening_hours"":""Mo-Fr 07:00-19:00; Sa,Su 08:00-19:00"",""outdoor_seating"":""yes"",""takeaway"":""yes"",""wheelchair"":""limited""}}",2026-05-30 08:46:18.442513+00:00
osm,osm:node/6464570986,Gourmet Coffee Collection,Romania,București,cafe,44.4472994,26.097644,,,,,"{""addr:city"":""București"",""addr:housenumber"":""1"",""addr:street"":""Strada Stanislav Cihoschi"",""amenity"":""cafe"",""name"":""Gourmet Coffee Collection"",""formatted_address"":""Strada Stanislav Cihoschi 1, București"",""primary_type"":""amenity=cafe"",""osm_meta"":{""version"":2,""timestamp"":""2020-03-14T08:10:57Z"",""changeset"":82187977,""uid"":9484321,""user"":""Dan 9""}}","{""type"":""node"",""id"":6464570986,""lat"":44.4472994,""lon"":26.097644,""timestamp"":""2020-03-14T08:10:57Z"",""version"":2,""changeset"":82187977,""user"":""Dan 9"",""uid"":9484321,""tags"":{""addr:city"":""București"",""addr:housenumber"":""1"",""addr:street"":""Strada Stanislav Cihoschi"",""amenity"":""cafe"",""name"":""Gourmet Coffee Collection""}}",2026-05-30 08:46:18.442513+00:00
osm,osm:node/6497623054,Das Bob,Romania,București,cafe,44.448837,26.0998321,,,,,"{""addr:city"":""București"",""addr:housenumber"":""32"",""addr:street"":""Calea Dorobanților"",""amenity"":""cafe"",""name"":""Das Bob"",""formatted_address"":""Calea Dorobanților 32, București"",""primary_type"":""amenity=cafe"",""osm_meta"":{""version"":2,""timestamp"":""2021-03-13T15:39:02Z"",""changeset"":100958278,""uid"":9484321,""user"":""Dan 9""}}","{""type"":""node"",""id"":6497623054,""lat"":44.448837,""lon"":26.0998321,""timestamp"":""2021-03-13T15:39:02Z"",""version"":2,""changeset"":100958278,""user"":""Dan 9"",""uid"":9484321,""tags"":{""addr:city"":""București"",""addr:housenumber"":""32"",""addr:street"":""Calea Dorobanților"",""amenity"":""cafe"",""name"":""Das Bob""}}",2026-05-30 08:46:18.442513+00:00
osm,osm:node/6813698795,The Cofee Shop,Romania,București,cafe,44.4436553,26.0966882,,,,,"{""addr:city"":""București"",""addr:housenumber"":""10"",""addr:postcode"":""010364"",""addr:street"":""Strada Dimitri Ivanovici Mendeleev"",""amenity"":""cafe"",""name"":""The Cofee Shop"",""opening_hours"":""Mo-Fr 07:00-19:00; Sa,Su 08:00-16:00"",""wheelchair"":""limited"",""formatted_address"":""Strada Dimitri Ivanovici Mendeleev 10, 010364, București"",""primary_type"":""amenity=cafe"",""osm_meta"":{""version"":4,""timestamp"":""2020-12-14T12:34:35Z"",""changeset"":95806104,""uid"":9458168,""user"":""Gorka115""}}","{""type"":""node"",""id"":6813698795,""lat"":44.4436553,""lon"":26.0966882,""timestamp"":""2020-12-14T12:34:35Z"",""version"":4,""changeset"":95806104,""user"":""Gorka115"",""uid"":9458168,""tags"":{""addr:city"":""București"",""addr:housenumber"":""10"",""addr:postcode"":""010364"",""addr:street"":""Strada Dimitri Ivanovici Mendeleev"",""amenity"":""cafe"",""name"":""The Cofee Shop"",""opening_hours"":""Mo-Fr 07:00-19:00; Sa,Su 08:00-16:00"",""wheelchair"":""limited""}}",2026-05-30 08:46:18.442513+00:00
osm,osm:node/7312238327,Mon Cher,Romania,București,cafe,44.4481297,26.0995757,,,,,"{""addr:city"":""București"",""addr:housenumber"":""20-28"",""addr:postcode"":""010573"",""addr:postcode:source"":""Date de la Poșta Română, publicate sub Licența pentru Guvernare Deschisă v1.0 la http://date.gov.ro/organization/posta-romana"",""addr:street"":""Calea Dorobanților"",""amenity"":""cafe"",""indoor_seating"":""yes"",""name"":""Mon Cher"",""outdoor_seating"":""yes"",""source"":""survey"",""formatted_address"":""Calea Dorobanților 20-28, 010573, București"",""primary_type"":""amenity=cafe"",""osm_meta"":{""version"":2,""timestamp"":""2025-06-05T20:17:06Z"",""changeset"":167240487,""uid"":9660877,""user"":""Neonkaaaaa""}}","{""type"":""node"",""id"":7312238327,""lat"":44.4481297,""lon"":26.0995757,""timestamp"":""2025-06-05T20:17:06Z"",""version"":2,""changeset"":167240487,""user"":""Neonkaaaaa"",""uid"":9660877,""tags"":{""addr:city"":""București"",""addr:housenumber"":""20-28"",""addr:postcode"":""010573"",""addr:postcode:source"":""Date de la Poșta Română, publicate sub Licența pentru Guvernare Deschisă v1.0 la http://date.gov.ro/organization/posta-romana"",""addr:street"":""Calea Dorobanților"",""amenity"":""cafe"",""indoor_seating"":""yes"",""name"":""Mon Cher"",""outdoor_seating"":""yes"",""source"":""survey""}}",2026-05-30 08:46:18.442513+00:00
osm,osm:node/7312238328,Ted's Coffee Co.,Romania,București,cafe,44.4482203,26.0995725,,,,,"{""addr:city"":""București"",""addr:housenumber"":""20-28"",""addr:postcode"":""010573"",""addr:postcode:source"":""Date de la Poșta Română, publicate sub Licența pentru Guvernare Deschisă v1.0 la http://date.gov.ro/organization/posta-romana"",""addr:street"":""Calea Dorobanților"",""amenity"":""cafe"",""brand"":""Ted's Coffee Co."",""brand:wikidata"":""Q137035177"",""cuisine"":""coffee_shop"",""indoor_seating"":""yes"",""name"":""Ted's Coffee Co."",""outdoor_seating"":""yes"",""source"":""local knowledge"",""takeaway"":""yes"",""formatted_address"":""Calea Dorobanților 20-28, 010573, București"",""primary_type"":""amenity=cafe"",""osm_meta"":{""version"":4,""timestamp"":""2026-01-05T16:42:29Z"",""changeset"":176869985,""uid"":69259,""user"":""DnaX""}}","{""type"":""node"",""id"":7312238328,""lat"":44.4482203,""lon"":26.0995725,""timestamp"":""2026-01-05T16:42:29Z"",""version"":4,""changeset"":176869985,""user"":""DnaX"",""uid"":69259,""tags"":{""addr:city"":""București"",""addr:housenumber"":""20-28"",""addr:postcode"":""010573"",""addr:postcode:source"":""Date de la Poșta Română, publicate sub Licența pentru Guvernare Deschisă v1.0 la http://date.gov.ro/organization/posta-romana"",""addr:street"":""Calea Dorobanților"",""amenity"":""cafe"",""brand"":""Ted's Coffee Co."",""brand:wikidata"":""Q137035177"",""cuisine"":""coffee_shop"",""indoor_seating"":""yes"",""name"":""Ted's Coffee Co."",""outdoor_seating"":""yes"",""source"":""local knowledge"",""takeaway"":""yes""}}",2026-05-30 08:46:18.442513+00:00
osm,osm:node/10994344352,Yummy,Romania,Bucharest,cafe,44.4439954,26.0985443,,,,,"{""amenity"":""cafe"",""cuisine"":""bubble_tea"",""name"":""Yummy"",""formatted_address"":"""",""primary_type"":""amenity=cafe"",""osm_meta"":{""version"":2,""timestamp"":""2023-09-27T19:26:27Z"",""changeset"":141835330,""uid"":17533728,""user"":""Fchvvhvgc""}}","{""type"":""node"",""id"":10994344352,""lat"":44.4439954,""lon"":26.0985443,""timestamp"":""2023-09-27T19:26:27Z"",""version"":2,""changeset"":141835330,""user"":""Fchvvhvgc"",""uid"":17533728,""tags"":{""amenity"":""cafe"",""cuisine"":""bubble_tea"",""name"":""Yummy""}}",2026-05-30 08:46:18.442513+00:00
osm,osm:node/11230492417,OKfea,Romania,București,cafe,44.4442806,26.1008875,,,,,"{""addr:city"":""București"",""addr:housenumber"":""55"",""addr:street"":""Strada Dionisie Lupu"",""amenity"":""cafe"",""name"":""OKfea"",""website"":""https://okfea.ro"",""formatted_address"":""Strada Dionisie Lupu 55, București"",""primary_type"":""amenity=cafe"",""osm_meta"":{""version"":1,""timestamp"":""2023-10-01T07:08:57Z"",""changeset"":141975734,""uid"":602701,""user"":""AdrianCocioceanu""}}","{""type"":""node"",""id"":11230492417,""lat"":44.4442806,""lon"":26.1008875,""timestamp"":""2023-10-01T07:08:57Z"",""version"":1,""changeset"":141975734,""user"":""AdrianCocioceanu"",""uid"":602701,""tags"":{""addr:city"":""București"",""addr:housenumber"":""55"",""addr:street"":""Strada Dionisie Lupu"",""amenity"":""cafe"",""name"":""OKfea"",""website"":""https://okfea.ro""}}",2026-05-30 08:46:18.442513+00:00
osm,osm:node/11261883854,5 to go,Romania,Bucharest,cafe,44.4446397,26.0986966,,,,,"{""air_conditioning"":""yes"",""amenity"":""cafe"",""brand"":""5 to go"",""brand:wikidata"":""Q115684369"",""changing_table"":""no"",""check_date:opening_hours"":""2025-02-04"",""cuisine"":""coffee_shop"",""diet:halal"":""yes"",""diet:vegan"":""yes"",""diet:vegetarian"":""yes"",""indoor_seating"":""yes"",""name"":""5 to go"",""opening_hours"":""Mo-Fr 07:00-18:00; Sa,Su 09:00-15:00"",""outdoor_seating"":""yes"",""smoking"":""no"",""takeaway"":""yes"",""toilets"":""no"",""wheelchair"":""limited"",""formatted_address"":"""",""primary_type"":""amenity=cafe"",""osm_meta"":{""version"":13,""timestamp"":""2025-06-05T21:58:16Z"",""changeset"":167243005,""uid"":9660877,""user"":""Neonkaaaaa""}}","{""type"":""node"",""id"":11261883854,""lat"":44.4446397,""lon"":26.0986966,""timestamp"":""2025-06-05T21:58:16Z"",""version"":13,""changeset"":167243005,""user"":""Neonkaaaaa"",""uid"":9660877,""tags"":{""air_conditioning"":""yes"",""amenity"":""cafe"",""brand"":""5 to go"",""brand:wikidata"":""Q115684369"",""changing_table"":""no"",""check_date:opening_hours"":""2025-02-04"",""cuisine"":""coffee_shop"",""diet:halal"":""yes"",""diet:vegan"":""yes"",""diet:vegetarian"":""yes"",""indoor_seating"":""yes"",""name"":""5 to go"",""opening_hours"":""Mo-Fr 07:00-18:00; Sa,Su 09:00-15:00"",""outdoor_seating"":""yes"",""smoking"":""no"",""takeaway"":""yes"",""toilets"":""no"",""wheelchair"":""limited""}}",2026-05-30 08:46:18.442513+00:00
osm,osm:node/11916508289,Ted‘s Coffee,Romania,Bucharest,cafe,44.4443207,26.0977968,,,,,"{""amenity"":""cafe"",""name"":""Ted‘s Coffee"",""formatted_address"":"""",""primary_type"":""amenity=cafe"",""osm_meta"":{""version"":1,""timestamp"":""2024-05-18T19:53:48Z"",""changeset"":151509852,""uid"":4170283,""user"":""Ionut Paduretu""}}","{""type"":""node"",""id"":11916508289,""lat"":44.4443207,""lon"":26.0977968,""timestamp"":""2024-05-18T19:53:48Z"",""version"":1,""changeset"":151509852,""user"":""Ionut Paduretu"",""uid"":4170283,""tags"":{""amenity"":""cafe"",""name"":""Ted‘s Coffee""}}",2026-05-30 08:46:18.442513+00:00
osm,osm:node/12278142761,F190,Romania,Bucharest,cafe,44.447056,26.1005423,,,,,"{""amenity"":""cafe"",""cuisine"":""coffee_shop"",""indoor_seating"":""yes"",""name"":""F190"",""outdoor_seating"":""no"",""formatted_address"":"""",""primary_type"":""amenity=cafe"",""osm_meta"":{""version"":3,""timestamp"":""2026-03-29T15:56:12Z"",""changeset"":180591443,""uid"":20320807,""user"":""SGFRO""}}","{""type"":""node"",""id"":12278142761,""lat"":44.447056,""lon"":26.1005423,""timestamp"":""2026-03-29T15:56:12Z"",""version"":3,""changeset"":180591443,""user"":""SGFRO"",""uid"":20320807,""tags"":{""amenity"":""cafe"",""cuisine"":""coffee_shop"",""indoor_seating"":""yes"",""name"":""F190"",""outdoor_seating"":""no""}}",2026-05-30 08:46:18.442513+00:00
osm,osm:node/12903400878,Vibe Anime Cafe,Romania,București,cafe,44.4451535,26.1002004,,,,,"{""addr:city"":""București"",""addr:housenumber"":""5"",""addr:postcode"":""010464"",""addr:street"":""Piața Alexandru Lahovari"",""air_conditioning"":""yes"",""alt_name"":""Vibe Coffee"",""amenity"":""cafe"",""bar"":""yes"",""capacity"":""15"",""check_date:opening_hours"":""2025-06-10"",""check_date:opening_hours:url"":""2025-06-10"",""cuisine"":""coffee_shop;tea;dessert"",""delivery"":""no"",""diet:lactose_free"":""yes"",""diet:vegan"":""yes"",""diet:vegetarian"":""yes"",""email"":""vibe@animecafe.eu"",""highchair"":""yes"",""internet_access"":""no"",""name"":""Vibe Anime Cafe"",""opening_hours"":""Mo-Fr 09:00-18:00; Sa-Su 10:00-17:00; PH off"",""opening_hours:url"":""https://www.instagram.com/stories/highlights/18103184578526992/"",""outdoor_seating"":""yes"",""payment:cash"":""yes"",""payment:coins"":""yes"",""payment:credit_cards"":""yes"",""payment:debit_cards"":""yes"",""payment:mastercard"":""yes"",""payment:mastercard_contactless"":""yes"",""payment:notes"":""yes"",""payment:visa"":""yes"",""payment:visa_debit"":""yes"",""reservation"":""no"",""takeaway"":""yes"",""toilets"":""no"",""website"":""https://vibe.animecafe.eu"",""website:menu"":""https://www.instagram.com/stories/highlights/17953507049826457/"",""wheelchair"":""no"",""formatted_address"":""Piața Alexandru Lahovari 5, 010464, București"",""primary_type"":""amenity=cafe"",""osm_meta"":{""version"":3,""timestamp"":""2025-10-09T08:45:49Z"",""changeset"":173038315,""uid"":128281,""user"":""rarad74""}}","{""type"":""node"",""id"":12903400878,""lat"":44.4451535,""lon"":26.1002004,""timestamp"":""2025-10-09T08:45:49Z"",""version"":3,""changeset"":173038315,""user"":""rarad74"",""uid"":128281,""tags"":{""addr:city"":""București"",""addr:housenumber"":""5"",""addr:postcode"":""010464"",""addr:street"":""Piața Alexandru Lahovari"",""air_conditioning"":""yes"",""alt_name"":""Vibe Coffee"",""amenity"":""cafe"",""bar"":""yes"",""capacity"":""15"",""check_date:opening_hours"":""2025-06-10"",""check_date:opening_hours:url"":""2025-06-10"",""cuisine"":""coffee_shop;tea;dessert"",""delivery"":""no"",""diet:lactose_free"":""yes"",""diet:vegan"":""yes"",""diet:vegetarian"":""yes"",""email"":""vibe@animecafe.eu"",""highchair"":""yes"",""internet_access"":""no"",""name"":""Vibe Anime Cafe"",""opening_hours"":""Mo-Fr 09:00-18:00; Sa-Su 10:00-17:00; PH off"",""opening_hours:url"":""https://www.instagram.com/stories/highlights/18103184578526992/"",""outdoor_seating"":""yes"",""payment:cash"":""yes"",""payment:coins"":""yes"",""payment:credit_cards"":""yes"",""payment:debit_cards"":""yes"",""payment:mastercard"":""yes"",""payment:mastercard_contactless"":""yes"",""payment:notes"":""yes"",""payment:visa"":""yes"",""payment:visa_debit"":""yes"",""reservation"":""no"",""takeaway"":""yes"",""toilets"":""no"",""website"":""https://vibe.animecafe.eu"",""website:menu"":""https://www.instagram.com/stories/highlights/17953507049826457/"",""wheelchair"":""no""}}",2026-05-30 08:46:18.442513+00:00
osm,osm:node/13483547254,Knafeiada,Romania,Bucharest,cafe,44.4433535,26.0972791,,,,,"{""addr:street"":""Strada George Enescu"",""amenity"":""cafe"",""name"":""Knafeiada"",""formatted_address"":""Strada George Enescu"",""primary_type"":""amenity=cafe"",""osm_meta"":{""version"":1,""timestamp"":""2026-01-25T11:43:08Z"",""changeset"":177678095,""uid"":21152640,""user"":""AlexTopoRO""}}","{""type"":""node"",""id"":13483547254,""lat"":44.4433535,""lon"":26.0972791,""timestamp"":""2026-01-25T11:43:08Z"",""version"":1,""changeset"":177678095,""user"":""AlexTopoRO"",""uid"":21152640,""tags"":{""addr:street"":""Strada George Enescu"",""amenity"":""cafe"",""name"":""Knafeiada""}}",2026-05-30 08:46:18.442513+00:00
osm,osm:node/13483547259,5 to go,Romania,Bucharest,cafe,44.4433665,26.0975802,,,,,"{""amenity"":""cafe"",""brand"":""5 to go"",""brand:wikidata"":""Q115684369"",""cuisine"":""coffee_shop"",""name"":""5 to go"",""takeaway"":""yes"",""formatted_address"":"""",""primary_type"":""amenity=cafe"",""osm_meta"":{""version"":1,""timestamp"":""2026-01-25T11:43:08Z"",""changeset"":177678095,""uid"":21152640,""user"":""AlexTopoRO""}}","{""type"":""node"",""id"":13483547259,""lat"":44.4433665,""lon"":26.0975802,""timestamp"":""2026-01-25T11:43:08Z"",""version"":1,""changeset"":177678095,""user"":""AlexTopoRO"",""uid"":21152640,""tags"":{""amenity"":""cafe"",""brand"":""5 to go"",""brand:wikidata"":""Q115684369"",""cuisine"":""coffee_shop"",""name"":""5 to go"",""takeaway"":""yes""}}",2026-05-30 08:46:18.442513+00:00
osm,osm:node/13540783212,cosh artisanal coffee,Romania,Bucharest,cafe,44.444876,26.0994816,,,,,"{""amenity"":""cafe"",""cuisine"":""coffee_shop"",""name"":""cosh artisanal coffee"",""formatted_address"":"""",""primary_type"":""amenity=cafe"",""osm_meta"":{""version"":1,""timestamp"":""2026-02-10T13:26:01Z"",""changeset"":178360009,""uid"":8430074,""user"":""alexnder""}}","{""type"":""node"",""id"":13540783212,""lat"":44.444876,""lon"":26.0994816,""timestamp"":""2026-02-10T13:26:01Z"",""version"":1,""changeset"":178360009,""user"":""alexnder"",""uid"":8430074,""tags"":{""amenity"":""cafe"",""cuisine"":""coffee_shop"",""name"":""cosh artisanal coffee""}}",2026-05-30 08:46:18.442513+00:00
osm,osm:node/13547226675,Fast Shop,Romania,Bucharest,cafe,44.4473692,26.0995707,,,,,"{""amenity"":""cafe"",""cuisine"":""coffee_shop"",""name"":""Fast Shop"",""formatted_address"":"""",""primary_type"":""amenity=cafe"",""osm_meta"":{""version"":2,""timestamp"":""2026-03-07T19:18:00Z"",""changeset"":179506839,""uid"":20320807,""user"":""SGFRO""}}","{""type"":""node"",""id"":13547226675,""lat"":44.4473692,""lon"":26.0995707,""timestamp"":""2026-03-07T19:18:00Z"",""version"":2,""changeset"":179506839,""user"":""SGFRO"",""uid"":20320807,""tags"":{""amenity"":""cafe"",""cuisine"":""coffee_shop"",""name"":""Fast Shop""}}",2026-05-30 08:46:18.442513+00:00
osm,osm:node/13547226676,5 to go,Romania,Bucharest,cafe,44.4473059,26.0995875,,,,,"{""amenity"":""cafe"",""brand"":""5 to go"",""brand:wikidata"":""Q115684369"",""cuisine"":""coffee_shop"",""name"":""5 to go"",""takeaway"":""yes"",""formatted_address"":"""",""primary_type"":""amenity=cafe"",""osm_meta"":{""version"":3,""timestamp"":""2026-05-11T07:52:19Z"",""changeset"":182498284,""uid"":128281,""user"":""rarad74""}}","{""type"":""node"",""id"":13547226676,""lat"":44.4473059,""lon"":26.0995875,""timestamp"":""2026-05-11T07:52:19Z"",""version"":3,""changeset"":182498284,""user"":""rarad74"",""uid"":128281,""tags"":{""amenity"":""cafe"",""brand"":""5 to go"",""brand:wikidata"":""Q115684369"",""cuisine"":""coffee_shop"",""name"":""5 to go"",""takeaway"":""yes""}}",2026-05-30 08:46:18.442513+00:00
osm,osm:node/13574655833,Râșnit Specialty Coffee Shop,Romania,Bucharest,cafe,44.4470178,26.1003417,,,,,"{""amenity"":""cafe"",""cuisine"":""coffee_shop"",""name"":""Râșnit Specialty Coffee Shop"",""formatted_address"":"""",""primary_type"":""amenity=cafe"",""osm_meta"":{""version"":2,""timestamp"":""2026-03-29T15:56:12Z"",""changeset"":180591443,""uid"":20320807,""user"":""SGFRO""}}","{""type"":""node"",""id"":13574655833,""lat"":44.4470178,""lon"":26.1003417,""timestamp"":""2026-03-29T15:56:12Z"",""version"":2,""changeset"":180591443,""user"":""SGFRO"",""uid"":20320807,""tags"":{""amenity"":""cafe"",""cuisine"":""coffee_shop"",""name"":""Râșnit Specialty Coffee Shop""}}",2026-05-30 08:46:18.442513+00:00
osm,osm:node/13670245766,Hotspot,Romania,Bucharest,cafe,44.4442146,26.0974506,,,,,"{""amenity"":""cafe"",""cuisine"":""coffee_shop"",""name"":""Hotspot"",""formatted_address"":"""",""primary_type"":""amenity=cafe"",""osm_meta"":{""version"":1,""timestamp"":""2026-03-22T21:55:43Z"",""changeset"":180274070,""uid"":20320807,""user"":""SGFRO""}}","{""type"":""node"",""id"":13670245766,""lat"":44.4442146,""lon"":26.0974506,""timestamp"":""2026-03-22T21:55:43Z"",""version"":1,""changeset"":180274070,""user"":""SGFRO"",""uid"":20320807,""tags"":{""amenity"":""cafe"",""cuisine"":""coffee_shop"",""name"":""Hotspot""}}",2026-05-30 08:46:18.442513+00:00
osm,osm:node/13670245768,Zumi,Romania,Bucharest,cafe,44.444236599999996,26.0975169,,,,,"{""amenity"":""cafe"",""cuisine"":""bubble_tea"",""name"":""Zumi"",""formatted_address"":"""",""primary_type"":""amenity=cafe"",""osm_meta"":{""version"":1,""timestamp"":""2026-03-22T21:55:43Z"",""changeset"":180274070,""uid"":20320807,""user"":""SGFRO""}}","{""type"":""node"",""id"":13670245768,""lat"":44.444236599999996,""lon"":26.0975169,""timestamp"":""2026-03-22T21:55:43Z"",""version"":1,""changeset"":180274070,""user"":""SGFRO"",""uid"":20320807,""tags"":{""amenity"":""cafe"",""cuisine"":""bubble_tea"",""name"":""Zumi""}}",2026-05-30 08:46:18.442513+00:00
osm,osm:node/13705782101,OTOTO Store Amzei,Romania,Bucharest,cafe,44.4432951,26.0964792,,,,,"{""addr:housenumber"":""5"",""addr:postcode"":""030167"",""addr:street"":""Strada Dimitri Ivanovici Mendeleev"",""amenity"":""cafe"",""check_date"":""2026-04-04"",""check_date:opening_hours"":""2026-04-04"",""contact:facebook"":""ototobucharest"",""contact:instagram"":""ototo_store"",""cuisine"":""breakfast;cake;coffee_shop;sandwich;tea"",""name"":""OTOTO Store Amzei"",""opening_hours"":""Sa-Su 09:00-21:00; Mo-Fr 08:00-21:00"",""phone"":""+40 745 588 990"",""website"":""https://ototo.ro/"",""formatted_address"":""Strada Dimitri Ivanovici Mendeleev 5, 030167"",""primary_type"":""amenity=cafe"",""osm_meta"":{""version"":2,""timestamp"":""2026-04-22T18:12:03Z"",""changeset"":181685670,""uid"":9451067,""user"":""b-jazz-bot""}}","{""type"":""node"",""id"":13705782101,""lat"":44.4432951,""lon"":26.0964792,""timestamp"":""2026-04-22T18:12:03Z"",""version"":2,""changeset"":181685670,""user"":""b-jazz-bot"",""uid"":9451067,""tags"":{""addr:housenumber"":""5"",""addr:postcode"":""030167"",""addr:street"":""Strada Dimitri Ivanovici Mendeleev"",""amenity"":""cafe"",""check_date"":""2026-04-04"",""check_date:opening_hours"":""2026-04-04"",""contact:facebook"":""ototobucharest"",""contact:instagram"":""ototo_store"",""cuisine"":""breakfast;cake;coffee_shop;sandwich;tea"",""name"":""OTOTO Store Amzei"",""opening_hours"":""Sa-Su 09:00-21:00; Mo-Fr 08:00-21:00"",""phone"":""+40 745 588 990"",""website"":""https://ototo.ro/""}}",2026-05-30 08:46:18.442513+00:00
osm,osm:node/2496418883,5 to go,Romania,Bucharest,cafe,44.4480587,26.1069061,,,,,"{""amenity"":""cafe"",""brand"":""5 to go"",""brand:wikidata"":""Q115684369"",""cuisine"":""coffee_shop"",""name"":""5 to go"",""takeaway"":""yes"",""formatted_address"":"""",""primary_type"":""amenity=cafe"",""osm_meta"":{""version"":3,""timestamp"":""2026-03-11T04:19:59Z"",""changeset"":179670993,""uid"":20320807,""user"":""SGFRO""}}","{""type"":""node"",""id"":2496418883,""lat"":44.4480587,""lon"":26.1069061,""timestamp"":""2026-03-11T04:19:59Z"",""version"":3,""changeset"":179670993,""user"":""SGFRO"",""uid"":20320807,""tags"":{""amenity"":""cafe"",""brand"":""5 to go"",""brand:wikidata"":""Q115684369"",""cuisine"":""coffee_shop"",""name"":""5 to go"",""takeaway"":""yes""}}",2026-05-30 08:46:18.442513+00:00
osm,osm:node/3488582993,Shiva,Romania,București,cafe,44.4481055,26.1061594,,,,,"{""addr:city"":""București"",""amenity"":""cafe"",""name"":""Shiva"",""opening_hours"":""Mo-Fr 10:30-17:00"",""wheelchair"":""limited"",""formatted_address"":""București"",""primary_type"":""amenity=cafe"",""osm_meta"":{""version"":4,""timestamp"":""2021-05-13T09:19:59Z"",""changeset"":104621470,""uid"":9458168,""user"":""Gorka115""}}","{""type"":""node"",""id"":3488582993,""lat"":44.4481055,""lon"":26.1061594,""timestamp"":""2021-05-13T09:19:59Z"",""version"":4,""changeset"":104621470,""user"":""Gorka115"",""uid"":9458168,""tags"":{""addr:city"":""București"",""amenity"":""cafe"",""name"":""Shiva"",""opening_hours"":""Mo-Fr 10:30-17:00"",""wheelchair"":""limited""}}",2026-05-30 08:46:18.442513+00:00
osm,osm:node/5162599423,Degusteria Francesca,Romania,Bucharest,cafe,44.4479654,26.1061599,,,,,"{""amenity"":""cafe"",""check_date:opening_hours"":""2023-08-14"",""name"":""Degusteria Francesca"",""opening_hours"":""Mo-Fr 09:00-20:00; Sa 09:00-17:30; Su 09:00-16:00"",""wheelchair"":""limited"",""formatted_address"":"""",""primary_type"":""amenity=cafe"",""osm_meta"":{""version"":5,""timestamp"":""2023-08-14T08:11:53Z"",""changeset"":139857912,""uid"":9458168,""user"":""Gorka115""}}","{""type"":""node"",""id"":5162599423,""lat"":44.4479654,""lon"":26.1061599,""timestamp"":""2023-08-14T08:11:53Z"",""version"":5,""changeset"":139857912,""user"":""Gorka115"",""uid"":9458168,""tags"":{""amenity"":""cafe"",""check_date:opening_hours"":""2023-08-14"",""name"":""Degusteria Francesca"",""opening_hours"":""Mo-Fr 09:00-20:00; Sa 09:00-17:30; Su 09:00-16:00"",""wheelchair"":""limited""}}",2026-05-30 08:46:18.442513+00:00
osm,osm:node/10001389019,others,Romania,Bucharest,cafe,44.4441897,26.1083857,,,,,"{""amenity"":""cafe"",""name:en"":""Buimac"",""formatted_address"":"""",""primary_type"":""amenity=cafe"",""osm_meta"":{""version"":1,""timestamp"":""2022-09-05T09:11:14Z"",""changeset"":125804331,""uid"":5425333,""user"":""Min_m3""}}","{""type"":""node"",""id"":10001389019,""lat"":44.4441897,""lon"":26.1083857,""timestamp"":""2022-09-05T09:11:14Z"",""version"":1,""changeset"":125804331,""user"":""Min_m3"",""uid"":5425333,""tags"":{""amenity"":""cafe"",""name:en"":""Buimac""}}",2026-05-30 08:46:18.442513+00:00
osm,osm:node/10742987605,others,Romania,Bucharest,cafe,44.4445214,26.1045077,,,,,"{""amenity"":""cafe"",""name:en"":""Maison 13"",""formatted_address"":"""",""primary_type"":""amenity=cafe"",""osm_meta"":{""version"":1,""timestamp"":""2023-03-18T08:44:16Z"",""changeset"":133814323,""uid"":4041099,""user"":""Cale_xox""}}","{""type"":""node"",""id"":10742987605,""lat"":44.4445214,""lon"":26.1045077,""timestamp"":""2023-03-18T08:44:16Z"",""version"":1,""changeset"":133814323,""user"":""Cale_xox"",""uid"":4041099,""tags"":{""amenity"":""cafe"",""name:en"":""Maison 13""}}",2026-05-30 08:46:18.442513+00:00
osm,osm:node/13742938602,Mugshot,Romania,Bucharest,cafe,44.4449227,26.1071038,,,,,"{""addr:housenumber"":""20"",""addr:postcode"":""030167"",""addr:street"":""Strada Aurel Vlaicu"",""amenity"":""cafe"",""check_date"":""2026-04-19"",""check_date:opening_hours"":""2026-04-19"",""level"":""0"",""name"":""Mugshot"",""opening_hours"":""Tu-Fr 08:00-22:00; Mo 08:00-18:00; Sa-Su 09:00-22:00"",""phone"":""+40767 953 836"",""formatted_address"":""Strada Aurel Vlaicu 20, 030167"",""primary_type"":""amenity=cafe"",""osm_meta"":{""version"":1,""timestamp"":""2026-04-19T14:46:19Z"",""changeset"":181542072,""uid"":1711256,""user"":""Paul Irofti""}}","{""type"":""node"",""id"":13742938602,""lat"":44.4449227,""lon"":26.1071038,""timestamp"":""2026-04-19T14:46:19Z"",""version"":1,""changeset"":181542072,""user"":""Paul Irofti"",""uid"":1711256,""tags"":{""addr:housenumber"":""20"",""addr:postcode"":""030167"",""addr:street"":""Strada Aurel Vlaicu"",""amenity"":""cafe"",""check_date"":""2026-04-19"",""check_date:opening_hours"":""2026-04-19"",""level"":""0"",""name"":""Mugshot"",""opening_hours"":""Tu-Fr 08:00-22:00; Mo 08:00-18:00; Sa-Su 09:00-22:00"",""phone"":""+40767 953 836""}}",2026-05-30 08:46:18.442513+00:00
osm,osm:node/13132808503,Jap Speciality Coffee,Romania,București,cafe,44.4578466,26.0961832,,,,,"{""addr:city"":""București"",""amenity"":""cafe"",""cuisine"":""coffee_shop"",""name"":""Jap Speciality Coffee"",""formatted_address"":""București"",""primary_type"":""amenity=cafe"",""osm_meta"":{""version"":3,""timestamp"":""2026-01-03T04:48:22Z"",""changeset"":176769326,""uid"":20320807,""user"":""SGFRO""}}","{""type"":""node"",""id"":13132808503,""lat"":44.4578466,""lon"":26.0961832,""timestamp"":""2026-01-03T04:48:22Z"",""version"":3,""changeset"":176769326,""user"":""SGFRO"",""uid"":20320807,""tags"":{""addr:city"":""București"",""amenity"":""cafe"",""cuisine"":""coffee_shop"",""name"":""Jap Speciality Coffee""}}",2026-05-30 08:46:18.442513+00:00
osm,osm:node/1974098067,Reader's Cafe,Romania,București,cafe,44.4523671,26.0971397,,,,,"{""addr:city"":""București"",""addr:housenumber"":""56-60"",""addr:postcode"":""010624"",""addr:street"":""Bulevardul Iancu de Hunedoara"",""amenity"":""cafe"",""cuisine"":""international"",""internet_access"":""wlan"",""name"":""Reader's Cafe"",""opening_hours"":""Mo-Fr 09:00-22:00; Sa 12:00-22:00"",""phone"":""+40 73 732 3377"",""smoking"":""outside"",""website"":""https://www.readerscafe.ro/"",""formatted_address"":""Bulevardul Iancu de Hunedoara 56-60, 010624, București"",""primary_type"":""amenity=cafe"",""osm_meta"":{""version"":4,""timestamp"":""2026-05-06T18:10:19Z"",""changeset"":182307675,""uid"":9451067,""user"":""b-jazz-bot""}}","{""type"":""node"",""id"":1974098067,""lat"":44.4523671,""lon"":26.0971397,""timestamp"":""2026-05-06T18:10:19Z"",""version"":4,""changeset"":182307675,""user"":""b-jazz-bot"",""uid"":9451067,""tags"":{""addr:city"":""București"",""addr:housenumber"":""56-60"",""addr:postcode"":""010624"",""addr:street"":""Bulevardul Iancu de Hunedoara"",""amenity"":""cafe"",""cuisine"":""international"",""internet_access"":""wlan"",""name"":""Reader's Cafe"",""opening_hours"":""Mo-Fr 09:00-22:00; Sa 12:00-22:00"",""phone"":""+40 73 732 3377"",""smoking"":""outside"",""website"":""https://www.readerscafe.ro/""}}",2026-05-30 08:46:18.442513+00:00
osm,osm:node/7175227587,Dose Cafe,Romania,București,cafe,44.4502723,26.0993269,,,,,"{""addr:city"":""București"",""addr:housenumber"":""56"",""addr:postcode"":""010574"",""addr:street"":""Calea Dorobanților"",""amenity"":""cafe"",""name"":""Dose Cafe"",""name:en"":""Dose Cafe"",""formatted_address"":""Calea Dorobanților 56, 010574, București"",""primary_type"":""amenity=cafe"",""osm_meta"":{""version"":3,""timestamp"":""2020-03-20T18:27:06Z"",""changeset"":82443347,""uid"":9484321,""user"":""Dan 9""}}","{""type"":""node"",""id"":7175227587,""lat"":44.4502723,""lon"":26.0993269,""timestamp"":""2020-03-20T18:27:06Z"",""version"":3,""changeset"":82443347,""user"":""Dan 9"",""uid"":9484321,""tags"":{""addr:city"":""București"",""addr:housenumber"":""56"",""addr:postcode"":""010574"",""addr:street"":""Calea Dorobanților"",""amenity"":""cafe"",""name"":""Dose Cafe"",""name:en"":""Dose Cafe""}}",2026-05-30 08:46:18.442513+00:00
osm,osm:node/8836137954,Coffee Hub,Romania,Bucharest,cafe,44.4532321,26.1021327,,,,,"{""amenity"":""cafe"",""name"":""Coffee Hub"",""opening_hours"":""Mo-Fr 07:00-16:00; Sa,Su 08:30-17:00"",""formatted_address"":"""",""primary_type"":""amenity=cafe"",""osm_meta"":{""version"":5,""timestamp"":""2026-01-05T17:53:12Z"",""changeset"":176872668,""uid"":69259,""user"":""DnaX""}}","{""type"":""node"",""id"":8836137954,""lat"":44.4532321,""lon"":26.1021327,""timestamp"":""2026-01-05T17:53:12Z"",""version"":5,""changeset"":176872668,""user"":""DnaX"",""uid"":69259,""tags"":{""amenity"":""cafe"",""name"":""Coffee Hub"",""opening_hours"":""Mo-Fr 07:00-16:00; Sa,Su 08:30-17:00""}}",2026-05-30 08:46:18.442513+00:00
osm,osm:node/12284959951,Kim's Coffee,Romania,București,cafe,44.453218,26.1009356,,,,,"{""addr:city"":""București"",""amenity"":""cafe"",""cuisine"":""coffee_shop"",""name"":""Kim's Coffee"",""formatted_address"":""București"",""primary_type"":""amenity=cafe"",""osm_meta"":{""version"":2,""timestamp"":""2025-10-11T18:22:07Z"",""changeset"":173150088,""uid"":128281,""user"":""rarad74""}}","{""type"":""node"",""id"":12284959951,""lat"":44.453218,""lon"":26.1009356,""timestamp"":""2025-10-11T18:22:07Z"",""version"":2,""changeset"":173150088,""user"":""rarad74"",""uid"":128281,""tags"":{""addr:city"":""București"",""amenity"":""cafe"",""cuisine"":""coffee_shop"",""name"":""Kim's Coffee""}}",2026-05-30 08:46:18.442513+00:00
osm,osm:node/13427923366,Ted's Coffee Co.,Romania,Bucharest,cafe,44.4544862,26.0982091,,,,,"{""amenity"":""cafe"",""brand"":""Ted's Coffee Co."",""brand:wikidata"":""Q137035177"",""cuisine"":""coffee_shop"",""name"":""Ted's Coffee Co."",""outdoor_seating"":""yes"",""takeaway"":""yes"",""formatted_address"":"""",""primary_type"":""amenity=cafe"",""osm_meta"":{""version"":2,""timestamp"":""2026-01-05T16:42:29Z"",""changeset"":176869985,""uid"":69259,""user"":""DnaX""}}","{""type"":""node"",""id"":13427923366,""lat"":44.4544862,""lon"":26.0982091,""timestamp"":""2026-01-05T16:42:29Z"",""version"":2,""changeset"":176869985,""user"":""DnaX"",""uid"":69259,""tags"":{""amenity"":""cafe"",""brand"":""Ted's Coffee Co."",""brand:wikidata"":""Q137035177"",""cuisine"":""coffee_shop"",""name"":""Ted's Coffee Co."",""outdoor_seating"":""yes"",""takeaway"":""yes""}}",2026-05-30 08:46:18.442513+00:00
osm,osm:node/13429496909,Leonard Caffe,Romania,Bucharest,cafe,44.4542834,26.0977808,,,,,"{""amenity"":""cafe"",""cuisine"":""coffee_shop"",""name"":""Leonard Caffe"",""formatted_address"":"""",""primary_type"":""amenity=cafe"",""osm_meta"":{""version"":1,""timestamp"":""2026-01-04T00:04:44Z"",""changeset"":176802133,""uid"":20320807,""user"":""SGFRO""}}","{""type"":""node"",""id"":13429496909,""lat"":44.4542834,""lon"":26.0977808,""timestamp"":""2026-01-04T00:04:44Z"",""version"":1,""changeset"":176802133,""user"":""SGFRO"",""uid"":20320807,""tags"":{""amenity"":""cafe"",""cuisine"":""coffee_shop"",""name"":""Leonard Caffe""}}",2026-05-30 08:46:18.442513+00:00
osm,osm:node/13432919895,5 to go,Romania,Bucharest,cafe,44.452606,26.1012887,,,,,"{""amenity"":""cafe"",""brand"":""5 to go"",""brand:wikidata"":""Q115684369"",""cuisine"":""coffee_shop"",""name"":""5 to go"",""takeaway"":""yes"",""formatted_address"":"""",""primary_type"":""amenity=cafe"",""osm_meta"":{""version"":1,""timestamp"":""2026-01-05T17:45:04Z"",""changeset"":176872397,""uid"":69259,""user"":""DnaX""}}","{""type"":""node"",""id"":13432919895,""lat"":44.452606,""lon"":26.1012887,""timestamp"":""2026-01-05T17:45:04Z"",""version"":1,""changeset"":176872397,""user"":""DnaX"",""uid"":69259,""tags"":{""amenity"":""cafe"",""brand"":""5 to go"",""brand:wikidata"":""Q115684369"",""cuisine"":""coffee_shop"",""name"":""5 to go"",""takeaway"":""yes""}}",2026-05-30 08:46:18.442513+00:00
osm,osm:node/5115176543,Smokemania.ro,Romania,București,cafe,44.4539236,26.1046628,,,,,"{""addr:city"":""București"",""amenity"":""cafe"",""name"":""Smokemania.ro"",""formatted_address"":""București"",""primary_type"":""amenity=cafe"",""osm_meta"":{""version"":2,""timestamp"":""2017-09-19T20:34:52Z"",""changeset"":52192872,""uid"":128281,""user"":""rarad74""}}","{""type"":""node"",""id"":5115176543,""lat"":44.4539236,""lon"":26.1046628,""timestamp"":""2017-09-19T20:34:52Z"",""version"":2,""changeset"":52192872,""user"":""rarad74"",""uid"":128281,""tags"":{""addr:city"":""București"",""amenity"":""cafe"",""name"":""Smokemania.ro""}}",2026-05-30 08:46:18.442513+00:00
osm,osm:node/10759724418,5 to go,Romania,București,cafe,44.4525115,26.1057276,,,,,"{""addr:city"":""București"",""amenity"":""cafe"",""brand"":""5 to go"",""brand:wikidata"":""Q115684369"",""cuisine"":""coffee_shop"",""name"":""5 to go"",""opening_hours"":""Mo-Fr 07:00-19:00"",""takeaway"":""yes"",""formatted_address"":""București"",""primary_type"":""amenity=cafe"",""osm_meta"":{""version"":3,""timestamp"":""2026-03-07T18:34:29Z"",""changeset"":179505247,""uid"":20320807,""user"":""SGFRO""}}","{""type"":""node"",""id"":10759724418,""lat"":44.4525115,""lon"":26.1057276,""timestamp"":""2026-03-07T18:34:29Z"",""version"":3,""changeset"":179505247,""user"":""SGFRO"",""uid"":20320807,""tags"":{""addr:city"":""București"",""amenity"":""cafe"",""brand"":""5 to go"",""brand:wikidata"":""Q115684369"",""cuisine"":""coffee_shop"",""name"":""5 to go"",""opening_hours"":""Mo-Fr 07:00-19:00"",""takeaway"":""yes""}}",2026-05-30 08:46:18.442513+00:00
osm,osm:node/11255096138,STEAM Coffee Shop,Romania,București,cafe,44.4531332,26.1090372,,,,,"{""addr:city"":""București"",""addr:housenumber"":""15"",""addr:postcode"":""021104"",""addr:street"":""Șoseaua Ștefan cel Mare"",""amenity"":""cafe"",""name"":""STEAM Coffee Shop"",""opening_hours"":""Mo-Su 07:30-19:00"",""website"":""www.instagram.com/steam.coffee.shop"",""formatted_address"":""Șoseaua Ștefan cel Mare 15, 021104, București"",""primary_type"":""amenity=cafe"",""osm_meta"":{""version"":1,""timestamp"":""2023-10-11T12:57:37Z"",""changeset"":142435829,""uid"":17863959,""user"":""Radu Nicolau""}}","{""type"":""node"",""id"":11255096138,""lat"":44.4531332,""lon"":26.1090372,""timestamp"":""2023-10-11T12:57:37Z"",""version"":1,""changeset"":142435829,""user"":""Radu Nicolau"",""uid"":17863959,""tags"":{""addr:city"":""București"",""addr:housenumber"":""15"",""addr:postcode"":""021104"",""addr:street"":""Șoseaua Ștefan cel Mare"",""amenity"":""cafe"",""name"":""STEAM Coffee Shop"",""opening_hours"":""Mo-Su 07:30-19:00"",""website"":""www.instagram.com/steam.coffee.shop""}}",2026-05-30 08:46:18.442513+00:00
osm,osm:node/11432522823,5 to go,Romania,București,cafe,44.4531253,26.1088634,,,,,"{""addr:city"":""București"",""addr:floor"":""1"",""amenity"":""cafe"",""brand"":""5 to go"",""brand:wikidata"":""Q115684369"",""check_date"":""2023-12-19"",""cuisine"":""coffee_shop"",""level"":""1"",""name"":""5 to go"",""opening_hours"":""Mo-Fr 08:00-18:00; Sa 08:00-17:00; Su 08:00-16:00"",""takeaway"":""yes"",""formatted_address"":""București"",""primary_type"":""amenity=cafe"",""osm_meta"":{""version"":2,""timestamp"":""2025-10-11T18:22:07Z"",""changeset"":173150088,""uid"":128281,""user"":""rarad74""}}","{""type"":""node"",""id"":11432522823,""lat"":44.4531253,""lon"":26.1088634,""timestamp"":""2025-10-11T18:22:07Z"",""version"":2,""changeset"":173150088,""user"":""rarad74"",""uid"":128281,""tags"":{""addr:city"":""București"",""addr:floor"":""1"",""amenity"":""cafe"",""brand"":""5 to go"",""brand:wikidata"":""Q115684369"",""check_date"":""2023-12-19"",""cuisine"":""coffee_shop"",""level"":""1"",""name"":""5 to go"",""opening_hours"":""Mo-Fr 08:00-18:00; Sa 08:00-17:00; Su 08:00-16:00"",""takeaway"":""yes""}}",2026-05-30 08:46:18.442513+00:00
osm,osm:node/11607888074,Tecra's Coffee,Romania,Bucharest,cafe,44.4528109,26.1034666,,,,,"{""addr:floor"":""Будка"",""amenity"":""cafe"",""check_date"":""2024-02-09"",""contact:instagram"":""https://www.instagram.com/tecrascoffee"",""level"":""0"",""name"":""Tecra's Coffee"",""outdoor_seating"":""yes"",""formatted_address"":"""",""primary_type"":""amenity=cafe"",""osm_meta"":{""version"":1,""timestamp"":""2024-02-10T14:17:52Z"",""changeset"":147294405,""uid"":20468763,""user"":""forgotpasword""}}","{""type"":""node"",""id"":11607888074,""lat"":44.4528109,""lon"":26.1034666,""timestamp"":""2024-02-10T14:17:52Z"",""version"":1,""changeset"":147294405,""user"":""forgotpasword"",""uid"":20468763,""tags"":{""addr:floor"":""Будка"",""amenity"":""cafe"",""check_date"":""2024-02-09"",""contact:instagram"":""https://www.instagram.com/tecrascoffee"",""level"":""0"",""name"":""Tecra's Coffee"",""outdoor_seating"":""yes""}}",2026-05-30 08:46:18.442513+00:00
osm,osm:node/11627099108,Ambient Cafe,Romania,Bucharest,cafe,44.4508666,26.1058572,,,,,"{""amenity"":""cafe"",""check_date"":""2024-02-15"",""internet_access"":""wlan"",""internet_access:fee"":""no"",""level"":""0"",""name"":""Ambient Cafe"",""outdoor_seating"":""yes"",""formatted_address"":"""",""primary_type"":""amenity=cafe"",""osm_meta"":{""version"":2,""timestamp"":""2024-02-16T11:05:39Z"",""changeset"":147527362,""uid"":20468763,""user"":""forgotpasword""}}","{""type"":""node"",""id"":11627099108,""lat"":44.4508666,""lon"":26.1058572,""timestamp"":""2024-02-16T11:05:39Z"",""version"":2,""changeset"":147527362,""user"":""forgotpasword"",""uid"":20468763,""tags"":{""amenity"":""cafe"",""check_date"":""2024-02-15"",""internet_access"":""wlan"",""internet_access:fee"":""no"",""level"":""0"",""name"":""Ambient Cafe"",""outdoor_seating"":""yes""}}",2026-05-30 08:46:18.442513+00:00
osm,osm:node/2839098042,Two Minute,Romania,București,cafe,44.461506,26.099421,,,,,"{""addr:city"":""București"",""addr:housenumber"":""50a"",""addr:street"":""Strada Constantin Aricescu"",""amenity"":""cafe"",""name"":""Two Minute"",""name:en"":""Two Minutes"",""name:ro"":""Two Minutes"",""opening_hours"":""Mo-Sa 08:00-18:00; Su 09:00-17:00"",""source"":""http://urbanism.pmb.ro ; legea 544/2001 ; survey"",""formatted_address"":""Strada Constantin Aricescu 50a, București"",""primary_type"":""amenity=cafe"",""osm_meta"":{""version"":3,""timestamp"":""2018-08-16T09:54:34Z"",""changeset"":61710167,""uid"":8689045,""user"":""Andrei Manea""}}","{""type"":""node"",""id"":2839098042,""lat"":44.461506,""lon"":26.099421,""timestamp"":""2018-08-16T09:54:34Z"",""version"":3,""changeset"":61710167,""user"":""Andrei Manea"",""uid"":8689045,""tags"":{""addr:city"":""București"",""addr:housenumber"":""50a"",""addr:street"":""Strada Constantin Aricescu"",""amenity"":""cafe"",""name"":""Two Minute"",""name:en"":""Two Minutes"",""name:ro"":""Two Minutes"",""opening_hours"":""Mo-Sa 08:00-18:00; Su 09:00-17:00"",""source"":""http://urbanism.pmb.ro ; legea 544/2001 ; survey""}}",2026-05-30 08:46:18.442513+00:00
osm,osm:node/5053344722,Mondayz Coffee,Romania,Bucharest,cafe,44.462196,26.1011866,,,,,"{""amenity"":""cafe"",""name"":""Mondayz Coffee"",""opening_hours"":""Mo-Fr 08:00-16:00"",""formatted_address"":"""",""primary_type"":""amenity=cafe"",""osm_meta"":{""version"":7,""timestamp"":""2025-03-31T16:42:44Z"",""changeset"":164336591,""uid"":22694792,""user"":""Ekwueme""}}","{""type"":""node"",""id"":5053344722,""lat"":44.462196,""lon"":26.1011866,""timestamp"":""2025-03-31T16:42:44Z"",""version"":7,""changeset"":164336591,""user"":""Ekwueme"",""uid"":22694792,""tags"":{""amenity"":""cafe"",""name"":""Mondayz Coffee"",""opening_hours"":""Mo-Fr 08:00-16:00""}}",2026-05-30 08:46:18.442513+00:00
osm,osm:node/13881387795,Cozofino,Romania,Bucharest,cafe,44.4609726,26.100601,,,,,"{""amenity"":""cafe"",""indoor_seating"":""yes"",""internet_access"":""wlan"",""name"":""Cozofino"",""opening_hours"":""Mo-Sa 09:00-20:00; 09:00-18:00"",""outdoor_seating"":""yes"",""formatted_address"":"""",""primary_type"":""amenity=cafe"",""osm_meta"":{""version"":1,""timestamp"":""2026-05-26T08:15:19Z"",""changeset"":183193146,""uid"":340741,""user"":""CRCulver""}}","{""type"":""node"",""id"":13881387795,""lat"":44.4609726,""lon"":26.100601,""timestamp"":""2026-05-26T08:15:19Z"",""version"":1,""changeset"":183193146,""user"":""CRCulver"",""uid"":340741,""tags"":{""amenity"":""cafe"",""indoor_seating"":""yes"",""internet_access"":""wlan"",""name"":""Cozofino"",""opening_hours"":""Mo-Sa 09:00-20:00; 09:00-18:00"",""outdoor_seating"":""yes""}}",2026-05-30 08:46:18.442513+00:00
osm,osm:node/3766017224,Ganesha Caffe,Romania,București,cafe,44.456921,26.1055643,,,,,"{""addr:city"":""București"",""addr:housenumber"":""71"",""addr:street"":""Strada Barbu Văcărescu"",""alt_name"":""Ganesha Caffe Barbu Văcărescu"",""amenity"":""cafe"",""name"":""Ganesha Caffe"",""formatted_address"":""Strada Barbu Văcărescu 71, București"",""primary_type"":""amenity=cafe"",""osm_meta"":{""version"":4,""timestamp"":""2025-07-20T04:07:04Z"",""changeset"":169178100,""uid"":1722488,""user"":""Mateusz Konieczny""}}","{""type"":""node"",""id"":3766017224,""lat"":44.456921,""lon"":26.1055643,""timestamp"":""2025-07-20T04:07:04Z"",""version"":4,""changeset"":169178100,""user"":""Mateusz Konieczny"",""uid"":1722488,""tags"":{""addr:city"":""București"",""addr:housenumber"":""71"",""addr:street"":""Strada Barbu Văcărescu"",""alt_name"":""Ganesha Caffe Barbu Văcărescu"",""amenity"":""cafe"",""name"":""Ganesha Caffe""}}",2026-05-30 08:46:18.442513+00:00
osm,osm:node/3766017226,Ted's Coffee Co.,Romania,Bucharest,cafe,44.4568644,26.1062512,,,,,"{""amenity"":""cafe"",""brand"":""Ted's Coffee Co."",""brand:wikidata"":""Q137035177"",""cuisine"":""coffee_shop"",""name"":""Ted's Coffee Co."",""opening_hours"":""Mo-Fr 08:00-17:00"",""takeaway"":""yes"",""formatted_address"":"""",""primary_type"":""amenity=cafe"",""osm_meta"":{""version"":6,""timestamp"":""2026-01-05T15:00:22Z"",""changeset"":176865716,""uid"":69259,""user"":""DnaX""}}","{""type"":""node"",""id"":3766017226,""lat"":44.4568644,""lon"":26.1062512,""timestamp"":""2026-01-05T15:00:22Z"",""version"":6,""changeset"":176865716,""user"":""DnaX"",""uid"":69259,""tags"":{""amenity"":""cafe"",""brand"":""Ted's Coffee Co."",""brand:wikidata"":""Q137035177"",""cuisine"":""coffee_shop"",""name"":""Ted's Coffee Co."",""opening_hours"":""Mo-Fr 08:00-17:00"",""takeaway"":""yes""}}",2026-05-30 08:46:18.442513+00:00
osm,osm:node/12443853505,7 Stories,Romania,București,cafe,44.4635551,26.1041612,,,,,"{""addr:city"":""București"",""addr:housenumber"":""7"",""addr:street"":""Strada Mihail Ivanovici Glinka"",""amenity"":""cafe"",""name"":""7 Stories"",""opening_hours"":""Mo-Fr 08:00-22:00; Sa,Su 10:00-22:00"",""formatted_address"":""Strada Mihail Ivanovici Glinka 7, București"",""primary_type"":""amenity=cafe"",""osm_meta"":{""version"":3,""timestamp"":""2025-10-09T08:50:48Z"",""changeset"":173038507,""uid"":128281,""user"":""rarad74""}}","{""type"":""node"",""id"":12443853505,""lat"":44.4635551,""lon"":26.1041612,""timestamp"":""2025-10-09T08:50:48Z"",""version"":3,""changeset"":173038507,""user"":""rarad74"",""uid"":128281,""tags"":{""addr:city"":""București"",""addr:housenumber"":""7"",""addr:street"":""Strada Mihail Ivanovici Glinka"",""amenity"":""cafe"",""name"":""7 Stories"",""opening_hours"":""Mo-Fr 08:00-22:00; Sa,Su 10:00-22:00""}}",2026-05-30 08:46:18.442513+00:00
osm,osm:node/3111534268,Lente Arcului,Romania,București,cafe,44.4377981,26.1105972,,,,,"{""addr:city"":""București"",""addr:housenumber"":""8"",""addr:street"":""Strada Arcului"",""amenity"":""cafe"",""internet_access"":""wlan"",""name"":""Lente Arcului"",""formatted_address"":""Strada Arcului 8, București"",""primary_type"":""amenity=cafe"",""osm_meta"":{""version"":4,""timestamp"":""2024-05-28T09:09:43Z"",""changeset"":151933939,""uid"":8430074,""user"":""alexnder""}}","{""type"":""node"",""id"":3111534268,""lat"":44.4377981,""lon"":26.1105972,""timestamp"":""2024-05-28T09:09:43Z"",""version"":4,""changeset"":151933939,""user"":""alexnder"",""uid"":8430074,""tags"":{""addr:city"":""București"",""addr:housenumber"":""8"",""addr:street"":""Strada Arcului"",""amenity"":""cafe"",""internet_access"":""wlan"",""name"":""Lente Arcului""}}",2026-05-30 08:46:18.442513+00:00
osm,osm:node/3925085878,Specialty Coffee Spot,Romania,București,cafe,44.4376731,26.1135092,,,,,"{""addr:city"":""București"",""addr:housenumber"":""59"",""addr:postcode"":""020915"",""addr:postcode:source"":""Date de la Poșta Română, publicate sub Licența pentru Guvernare Deschisă v1.0 la http://date.gov.ro/organization/posta-romana"",""addr:street"":""Bulevardul Carol I"",""amenity"":""cafe"",""cuisine"":""coffee_shop"",""name"":""Specialty Coffee Spot"",""opening_hours"":""Mo-Fr 07:00-17:00; Sa 08:30-17:00; Su,PH off"",""formatted_address"":""Bulevardul Carol I 59, 020915, București"",""primary_type"":""amenity=cafe"",""osm_meta"":{""version"":7,""timestamp"":""2024-05-14T15:29:11Z"",""changeset"":151318365,""uid"":8430074,""user"":""alexnder""}}","{""type"":""node"",""id"":3925085878,""lat"":44.4376731,""lon"":26.1135092,""timestamp"":""2024-05-14T15:29:11Z"",""version"":7,""changeset"":151318365,""user"":""alexnder"",""uid"":8430074,""tags"":{""addr:city"":""București"",""addr:housenumber"":""59"",""addr:postcode"":""020915"",""addr:postcode:source"":""Date de la Poșta Română, publicate sub Licența pentru Guvernare Deschisă v1.0 la http://date.gov.ro/organization/posta-romana"",""addr:street"":""Bulevardul Carol I"",""amenity"":""cafe"",""cuisine"":""coffee_shop"",""name"":""Specialty Coffee Spot"",""opening_hours"":""Mo-Fr 07:00-17:00; Sa 08:30-17:00; Su,PH off""}}",2026-05-30 08:46:18.442513+00:00
osm,osm:node/11082944714,5 to go,Romania,Bucharest,cafe,44.4378339,26.113748,,,,,"{""amenity"":""cafe"",""brand"":""5 to go"",""brand:wikidata"":""Q115684369"",""cuisine"":""coffee_shop"",""name"":""5 to go"",""takeaway"":""yes"",""formatted_address"":"""",""primary_type"":""amenity=cafe"",""osm_meta"":{""version"":2,""timestamp"":""2023-09-26T14:41:32Z"",""changeset"":141777857,""uid"":8430074,""user"":""alexnder""}}","{""type"":""node"",""id"":11082944714,""lat"":44.4378339,""lon"":26.113748,""timestamp"":""2023-09-26T14:41:32Z"",""version"":2,""changeset"":141777857,""user"":""alexnder"",""uid"":8430074,""tags"":{""amenity"":""cafe"",""brand"":""5 to go"",""brand:wikidata"":""Q115684369"",""cuisine"":""coffee_shop"",""name"":""5 to go"",""takeaway"":""yes""}}",2026-05-30 08:46:18.442513+00:00
osm,osm:node/11331475896,Oma Speciality Coffee,Romania,Bucharest,cafe,44.4397967,26.113893,,,,,"{""amenity"":""cafe"",""indoor_seating"":""yes"",""name"":""Oma Speciality Coffee"",""opening_hours"":""Mo-Fr 08:00-17:00; Sa 09:00-14:00"",""outdoor_seating"":""yes"",""takeaway"":""yes"",""toilets"":""yes"",""toilets:access"":""customers"",""formatted_address"":"""",""primary_type"":""amenity=cafe"",""osm_meta"":{""version"":3,""timestamp"":""2024-07-17T07:29:27Z"",""changeset"":154044077,""uid"":121406,""user"":""afita""}}","{""type"":""node"",""id"":11331475896,""lat"":44.4397967,""lon"":26.113893,""timestamp"":""2024-07-17T07:29:27Z"",""version"":3,""changeset"":154044077,""user"":""afita"",""uid"":121406,""tags"":{""amenity"":""cafe"",""indoor_seating"":""yes"",""name"":""Oma Speciality Coffee"",""opening_hours"":""Mo-Fr 08:00-17:00; Sa 09:00-14:00"",""outdoor_seating"":""yes"",""takeaway"":""yes"",""toilets"":""yes"",""toilets:access"":""customers""}}",2026-05-30 08:46:18.442513+00:00
osm,osm:node/13607997899,Chic Hub Cafe,Romania,Bucharest,cafe,44.438816,26.1147843,,,,,"{""amenity"":""cafe"",""name"":""Chic Hub Cafe"",""formatted_address"":"""",""primary_type"":""amenity=cafe"",""osm_meta"":{""version"":1,""timestamp"":""2026-02-28T18:32:46Z"",""changeset"":179182424,""uid"":20320807,""user"":""SGFRO""}}","{""type"":""node"",""id"":13607997899,""lat"":44.438816,""lon"":26.1147843,""timestamp"":""2026-02-28T18:32:46Z"",""version"":1,""changeset"":179182424,""user"":""SGFRO"",""uid"":20320807,""tags"":{""amenity"":""cafe"",""name"":""Chic Hub Cafe""}}",2026-05-30 08:46:18.442513+00:00
osm,osm:node/1741318799,Cafe Lautrec,Romania,Bucharest,cafe,44.4396159,26.1213002,,,,,"{""amenity"":""cafe"",""name"":""Cafe Lautrec"",""formatted_address"":"""",""primary_type"":""amenity=cafe"",""osm_meta"":{""version"":1,""timestamp"":""2012-05-05T11:48:34Z"",""changeset"":11506937,""uid"":398300,""user"":""baditaflorin""}}","{""type"":""node"",""id"":1741318799,""lat"":44.4396159,""lon"":26.1213002,""timestamp"":""2012-05-05T11:48:34Z"",""version"":1,""changeset"":11506937,""user"":""baditaflorin"",""uid"":398300,""tags"":{""amenity"":""cafe"",""name"":""Cafe Lautrec""}}",2026-05-30 08:46:18.442513+00:00
osm,osm:node/9156063383,Nori Și Cafea,Romania,Bucharest,cafe,44.4391797,26.1206388,,,,,"{""amenity"":""cafe"",""cuisine"":""coffee_shop"",""name"":""Nori Și Cafea"",""formatted_address"":"""",""primary_type"":""amenity=cafe"",""osm_meta"":{""version"":3,""timestamp"":""2026-03-07T20:12:14Z"",""changeset"":179508687,""uid"":20320807,""user"":""SGFRO""}}","{""type"":""node"",""id"":9156063383,""lat"":44.4391797,""lon"":26.1206388,""timestamp"":""2026-03-07T20:12:14Z"",""version"":3,""changeset"":179508687,""user"":""SGFRO"",""uid"":20320807,""tags"":{""amenity"":""cafe"",""cuisine"":""coffee_shop"",""name"":""Nori Și Cafea""}}",2026-05-30 08:46:18.442513+00:00
osm,osm:node/12235385570,Awake,Romania,Bucharest,cafe,44.4388362,26.1210697,,,,,"{""amenity"":""cafe"",""cuisine"":""coffee_shop"",""name"":""Awake"",""formatted_address"":"""",""primary_type"":""amenity=cafe"",""osm_meta"":{""version"":1,""timestamp"":""2024-10-08T14:56:58Z"",""changeset"":157630328,""uid"":8430074,""user"":""alexnder""}}","{""type"":""node"",""id"":12235385570,""lat"":44.4388362,""lon"":26.1210697,""timestamp"":""2024-10-08T14:56:58Z"",""version"":1,""changeset"":157630328,""user"":""alexnder"",""uid"":8430074,""tags"":{""amenity"":""cafe"",""cuisine"":""coffee_shop"",""name"":""Awake""}}",2026-05-30 08:46:18.442513+00:00
osm,osm:node/13618974831,5 to go,Romania,Bucharest,cafe,44.4407278,26.1165039,,,,,"{""amenity"":""cafe"",""brand"":""5 to go"",""brand:wikidata"":""Q115684369"",""cuisine"":""coffee_shop"",""name"":""5 to go"",""takeaway"":""yes"",""formatted_address"":"""",""primary_type"":""amenity=cafe"",""osm_meta"":{""version"":1,""timestamp"":""2026-03-04T21:46:30Z"",""changeset"":179370438,""uid"":20320807,""user"":""SGFRO""}}","{""type"":""node"",""id"":13618974831,""lat"":44.4407278,""lon"":26.1165039,""timestamp"":""2026-03-04T21:46:30Z"",""version"":1,""changeset"":179370438,""user"":""SGFRO"",""uid"":20320807,""tags"":{""amenity"":""cafe"",""brand"":""5 to go"",""brand:wikidata"":""Q115684369"",""cuisine"":""coffee_shop"",""name"":""5 to go"",""takeaway"":""yes""}}",2026-05-30 08:46:18.442513+00:00
osm,osm:node/7175225885,Guido,Romania,Bucharest,cafe,44.4466181,26.1134376,,,,,"{""amenity"":""cafe"",""name"":""Guido"",""name:en"":""Guido"",""opening_hours"":""Mo-Fr 08:00-19:00; Sa 09:00-19:00"",""wheelchair"":""limited"",""formatted_address"":"""",""primary_type"":""amenity=cafe"",""osm_meta"":{""version"":5,""timestamp"":""2025-04-05T12:25:29Z"",""changeset"":164544223,""uid"":22694792,""user"":""Ekwueme""}}","{""type"":""node"",""id"":7175225885,""lat"":44.4466181,""lon"":26.1134376,""timestamp"":""2025-04-05T12:25:29Z"",""version"":5,""changeset"":164544223,""user"":""Ekwueme"",""uid"":22694792,""tags"":{""amenity"":""cafe"",""name"":""Guido"",""name:en"":""Guido"",""opening_hours"":""Mo-Fr 08:00-19:00; Sa 09:00-19:00"",""wheelchair"":""limited""}}",2026-05-30 08:46:18.442513+00:00
osm,osm:node/11892243883,goveggie,Romania,Bucharest,cafe,44.4450436,26.1144713,,,,,"{""amenity"":""cafe"",""check_date"":""2024-05-09"",""name"":""goveggie"",""opening_hours"":""Mo-Fr 08:30-18:00; Sa 09:00-14:00; Su off"",""formatted_address"":"""",""primary_type"":""amenity=cafe"",""osm_meta"":{""version"":1,""timestamp"":""2024-05-09T21:08:51Z"",""changeset"":151119701,""uid"":4489954,""user"":""673a_t""}}","{""type"":""node"",""id"":11892243883,""lat"":44.4450436,""lon"":26.1144713,""timestamp"":""2024-05-09T21:08:51Z"",""version"":1,""changeset"":151119701,""user"":""673a_t"",""uid"":4489954,""tags"":{""amenity"":""cafe"",""check_date"":""2024-05-09"",""name"":""goveggie"",""opening_hours"":""Mo-Fr 08:30-18:00; Sa 09:00-14:00; Su off""}}",2026-05-30 08:46:18.442513+00:00
osm,osm:node/13012968291,others,Romania,Bucharest,cafe,44.4456228,26.1099989,,,,,"{""amenity"":""cafe"",""indoor_seating"":""yes"",""outdoor_seating"":""no"",""formatted_address"":"""",""primary_type"":""amenity=cafe"",""osm_meta"":{""version"":2,""timestamp"":""2026-02-08T13:33:33Z"",""changeset"":178266051,""uid"":9660877,""user"":""Neonkaaaaa""}}","{""type"":""node"",""id"":13012968291,""lat"":44.4456228,""lon"":26.1099989,""timestamp"":""2026-02-08T13:33:33Z"",""version"":2,""changeset"":178266051,""user"":""Neonkaaaaa"",""uid"":9660877,""tags"":{""amenity"":""cafe"",""indoor_seating"":""yes"",""outdoor_seating"":""no""}}",2026-05-30 08:46:18.442513+00:00
osm,osm:node/13012989901,5 to go,Romania,Bucharest,cafe,44.4447046,26.1110102,,,,,"{""amenity"":""cafe"",""brand"":""5 to go"",""brand:wikidata"":""Q115684369"",""cuisine"":""coffee_shop"",""indoor_seating"":""yes"",""name"":""5 to go"",""outdoor_seating"":""no"",""takeaway"":""yes"",""wheelchair"":""no"",""formatted_address"":"""",""primary_type"":""amenity=cafe"",""osm_meta"":{""version"":4,""timestamp"":""2026-04-24T14:00:28Z"",""changeset"":181767351,""uid"":290680,""user"":""wheelmap_visitor""}}","{""type"":""node"",""id"":13012989901,""lat"":44.4447046,""lon"":26.1110102,""timestamp"":""2026-04-24T14:00:28Z"",""version"":4,""changeset"":181767351,""user"":""wheelmap_visitor"",""uid"":290680,""tags"":{""amenity"":""cafe"",""brand"":""5 to go"",""brand:wikidata"":""Q115684369"",""cuisine"":""coffee_shop"",""indoor_seating"":""yes"",""name"":""5 to go"",""outdoor_seating"":""no"",""takeaway"":""yes"",""wheelchair"":""no""}}",2026-05-30 08:46:18.442513+00:00
osm,osm:node/8628417640,Gorilla To Go,Romania,Bucharest,cafe,44.446258,26.122237,,,,,"{""amenity"":""cafe"",""cuisine"":""coffee_shop"",""name"":""Gorilla To Go"",""formatted_address"":"""",""primary_type"":""amenity=cafe"",""osm_meta"":{""version"":4,""timestamp"":""2024-04-02T15:34:53Z"",""changeset"":149485871,""uid"":8430074,""user"":""alexnder""}}","{""type"":""node"",""id"":8628417640,""lat"":44.446258,""lon"":26.122237,""timestamp"":""2024-04-02T15:34:53Z"",""version"":4,""changeset"":149485871,""user"":""alexnder"",""uid"":8430074,""tags"":{""amenity"":""cafe"",""cuisine"":""coffee_shop"",""name"":""Gorilla To Go""}}",2026-05-30 08:46:18.442513+00:00
osm,osm:node/11219520006,5 to go,Romania,Bucharest,cafe,44.4441308,26.1195339,,,,,"{""amenity"":""cafe"",""brand"":""5 to go"",""brand:wikidata"":""Q115684369"",""check_date"":""2023-09-26"",""cuisine"":""coffee_shop"",""level"":""0"",""name"":""5 to go"",""opening_hours"":""Mo-Fr 07:00-18:30; Sa 08:00-16:00; Su 09:00-16:00"",""takeaway"":""yes"",""formatted_address"":"""",""primary_type"":""amenity=cafe"",""osm_meta"":{""version"":4,""timestamp"":""2024-04-02T15:09:47Z"",""changeset"":149485978,""uid"":8430074,""user"":""alexnder""}}","{""type"":""node"",""id"":11219520006,""lat"":44.4441308,""lon"":26.1195339,""timestamp"":""2024-04-02T15:09:47Z"",""version"":4,""changeset"":149485978,""user"":""alexnder"",""uid"":8430074,""tags"":{""amenity"":""cafe"",""brand"":""5 to go"",""brand:wikidata"":""Q115684369"",""check_date"":""2023-09-26"",""cuisine"":""coffee_shop"",""level"":""0"",""name"":""5 to go"",""opening_hours"":""Mo-Fr 07:00-18:30; Sa 08:00-16:00; Su 09:00-16:00"",""takeaway"":""yes""}}",2026-05-30 08:46:18.442513+00:00
osm,osm:node/11469874526,Ted's Coffee Co.,Romania,Bucharest,cafe,44.4441737,26.1181102,,,,,"{""amenity"":""cafe"",""brand"":""Ted's Coffee Co."",""brand:wikidata"":""Q137035177"",""check_date"":""2023-12-30"",""cuisine"":""coffee_shop"",""name"":""Ted's Coffee Co."",""takeaway"":""yes"",""formatted_address"":"""",""primary_type"":""amenity=cafe"",""osm_meta"":{""version"":2,""timestamp"":""2026-04-07T22:41:40Z"",""changeset"":181022991,""uid"":69259,""user"":""DnaX""}}","{""type"":""node"",""id"":11469874526,""lat"":44.4441737,""lon"":26.1181102,""timestamp"":""2026-04-07T22:41:40Z"",""version"":2,""changeset"":181022991,""user"":""DnaX"",""uid"":69259,""tags"":{""amenity"":""cafe"",""brand"":""Ted's Coffee Co."",""brand:wikidata"":""Q137035177"",""check_date"":""2023-12-30"",""cuisine"":""coffee_shop"",""name"":""Ted's Coffee Co."",""takeaway"":""yes""}}",2026-05-30 08:46:18.442513+00:00
osm,osm:node/12733626121,5 to go,Romania,Bucharest,cafe,44.4440816,26.1171803,,,,,"{""amenity"":""cafe"",""brand"":""5 to go"",""brand:wikidata"":""Q115684369"",""cuisine"":""coffee_shop"",""name"":""5 to go"",""takeaway"":""yes"",""formatted_address"":"""",""primary_type"":""amenity=cafe"",""osm_meta"":{""version"":1,""timestamp"":""2025-04-06T12:06:55Z"",""changeset"":164587641,""uid"":69259,""user"":""DnaX""}}","{""type"":""node"",""id"":12733626121,""lat"":44.4440816,""lon"":26.1171803,""timestamp"":""2025-04-06T12:06:55Z"",""version"":1,""changeset"":164587641,""user"":""DnaX"",""uid"":69259,""tags"":{""amenity"":""cafe"",""brand"":""5 to go"",""brand:wikidata"":""Q115684369"",""cuisine"":""coffee_shop"",""name"":""5 to go"",""takeaway"":""yes""}}",2026-05-30 08:46:18.442513+00:00
osm,osm:node/4107678789,OstrawVegan,Romania,București,cafe,44.4413813,26.1244035,,,,,"{""addr:city"":""București"",""addr:housenumber"":""58"",""addr:postcode"":""021393"",""addr:postcode:source"":""Date de la Poșta Română, publicate sub Licența pentru Guvernare Deschisă v1.0 la http://date.gov.ro/organization/posta-romana"",""addr:street"":""Bulevardul Ferdinand I"",""amenity"":""cafe"",""cuisine"":""sweets"",""diet:raw"":""yes"",""diet:vegan"":""only"",""name"":""OstrawVegan"",""opening_hours"":""Mo-Fr 09:00-20:00; Sa 10:00-18:00"",""outdoor_seating"":""no"",""payment:cash"":""yes"",""wheelchair"":""yes"",""formatted_address"":""Bulevardul Ferdinand I 58, 021393, București"",""primary_type"":""amenity=cafe"",""osm_meta"":{""version"":6,""timestamp"":""2021-02-06T14:16:42Z"",""changeset"":98814186,""uid"":9458168,""user"":""Gorka115""}}","{""type"":""node"",""id"":4107678789,""lat"":44.4413813,""lon"":26.1244035,""timestamp"":""2021-02-06T14:16:42Z"",""version"":6,""changeset"":98814186,""user"":""Gorka115"",""uid"":9458168,""tags"":{""addr:city"":""București"",""addr:housenumber"":""58"",""addr:postcode"":""021393"",""addr:postcode:source"":""Date de la Poșta Română, publicate sub Licența pentru Guvernare Deschisă v1.0 la http://date.gov.ro/organization/posta-romana"",""addr:street"":""Bulevardul Ferdinand I"",""amenity"":""cafe"",""cuisine"":""sweets"",""diet:raw"":""yes"",""diet:vegan"":""only"",""name"":""OstrawVegan"",""opening_hours"":""Mo-Fr 09:00-20:00; Sa 10:00-18:00"",""outdoor_seating"":""no"",""payment:cash"":""yes"",""wheelchair"":""yes""}}",2026-05-30 08:46:18.442513+00:00
osm,osm:node/5035012722,Snakes & Wizzards,Romania,București,cafe,44.4396446,26.1308624,,,,,"{""addr:city"":""București"",""addr:housenumber"":""5"",""addr:postcode"":""021503"",""addr:street"":""Strada Ilarie Chendi"",""amenity"":""cafe"",""description"":""Unleash your hunger for mighty board games in the magical universe of Snakes&Wizards. Dare to be a fe!"",""internet_access"":""wlan"",""internet_access:fee"":""customers"",""name"":""Snakes & Wizzards"",""name:signed"":""no"",""opening_hours"":""Mo-Fr 17:00-00:00, Sa-Su 14:00-00:00"",""opening_hours:signed"":""no"",""phone"":""+40727 866 304"",""website"":""https://www.facebook.com/SnakesandWizards"",""formatted_address"":""Strada Ilarie Chendi 5, 021503, București"",""primary_type"":""amenity=cafe"",""osm_meta"":{""version"":6,""timestamp"":""2022-09-19T20:13:11Z"",""changeset"":126395745,""uid"":15497294,""user"":""zenbassi""}}","{""type"":""node"",""id"":5035012722,""lat"":44.4396446,""lon"":26.1308624,""timestamp"":""2022-09-19T20:13:11Z"",""version"":6,""changeset"":126395745,""user"":""zenbassi"",""uid"":15497294,""tags"":{""addr:city"":""București"",""addr:housenumber"":""5"",""addr:postcode"":""021503"",""addr:street"":""Strada Ilarie Chendi"",""amenity"":""cafe"",""description"":""Unleash your hunger for mighty board games in the magical universe of Snakes&Wizards. Dare to be a fe!"",""internet_access"":""wlan"",""internet_access:fee"":""customers"",""name"":""Snakes & Wizzards"",""name:signed"":""no"",""opening_hours"":""Mo-Fr 17:00-00:00, Sa-Su 14:00-00:00"",""opening_hours:signed"":""no"",""phone"":""+40727 866 304"",""website"":""https://www.facebook.com/SnakesandWizards""}}",2026-05-30 08:46:18.442513+00:00
osm,osm:node/10539908041,5 to go,Romania,Bucharest,cafe,44.4395738,26.1354254,,,,,"{""amenity"":""cafe"",""brand"":""5 to go"",""brand:wikidata"":""Q115684369"",""cuisine"":""coffee_shop"",""name"":""5 to go"",""opening_hours"":""Mo-Sa 10:00-21:00"",""takeaway"":""yes"",""formatted_address"":"""",""primary_type"":""amenity=cafe"",""osm_meta"":{""version"":3,""timestamp"":""2024-07-04T11:14:59Z"",""changeset"":153541473,""uid"":9458168,""user"":""Gorka115""}}","{""type"":""node"",""id"":10539908041,""lat"":44.4395738,""lon"":26.1354254,""timestamp"":""2024-07-04T11:14:59Z"",""version"":3,""changeset"":153541473,""user"":""Gorka115"",""uid"":9458168,""tags"":{""amenity"":""cafe"",""brand"":""5 to go"",""brand:wikidata"":""Q115684369"",""cuisine"":""coffee_shop"",""name"":""5 to go"",""opening_hours"":""Mo-Sa 10:00-21:00"",""takeaway"":""yes""}}",2026-05-30 08:46:18.442513+00:00
osm,osm:node/11795821413,Deja Brew Caffe,Romania,București,cafe,44.441279,26.1353151,,,,,"{""addr:city"":""București"",""addr:housenumber"":""4"",""addr:street"":""Șoseaua Iancului"",""amenity"":""cafe"",""name"":""Deja Brew Caffe"",""formatted_address"":""Șoseaua Iancului 4, București"",""primary_type"":""amenity=cafe"",""osm_meta"":{""version"":3,""timestamp"":""2025-12-28T22:37:26Z"",""changeset"":176551017,""uid"":20320807,""user"":""SGFRO""}}","{""type"":""node"",""id"":11795821413,""lat"":44.441279,""lon"":26.1353151,""timestamp"":""2025-12-28T22:37:26Z"",""version"":3,""changeset"":176551017,""user"":""SGFRO"",""uid"":20320807,""tags"":{""addr:city"":""București"",""addr:housenumber"":""4"",""addr:street"":""Șoseaua Iancului"",""amenity"":""cafe"",""name"":""Deja Brew Caffe""}}",2026-05-30 08:46:18.442513+00:00
osm,osm:node/11821977825,La Stradă,Romania,Bucharest,cafe,44.4412744,26.1324544,,,,,"{""amenity"":""cafe"",""cuisine"":""coffee_shop"",""name"":""La Stradă"",""formatted_address"":"""",""primary_type"":""amenity=cafe"",""osm_meta"":{""version"":1,""timestamp"":""2024-04-16T12:30:37Z"",""changeset"":150083018,""uid"":20320807,""user"":""SGFRO""}}","{""type"":""node"",""id"":11821977825,""lat"":44.4412744,""lon"":26.1324544,""timestamp"":""2024-04-16T12:30:37Z"",""version"":1,""changeset"":150083018,""user"":""SGFRO"",""uid"":20320807,""tags"":{""amenity"":""cafe"",""cuisine"":""coffee_shop"",""name"":""La Stradă""}}",2026-05-30 08:46:18.442513+00:00
osm,osm:node/13087575354,The Coffee Boy,Romania,Bucharest,cafe,44.4416335,26.1321226,,,,,"{""amenity"":""cafe"",""cuisine"":""coffee_shop"",""name"":""The Coffee Boy"",""formatted_address"":"""",""primary_type"":""amenity=cafe"",""osm_meta"":{""version"":1,""timestamp"":""2025-08-21T20:27:24Z"",""changeset"":170799187,""uid"":20320807,""user"":""SGFRO""}}","{""type"":""node"",""id"":13087575354,""lat"":44.4416335,""lon"":26.1321226,""timestamp"":""2025-08-21T20:27:24Z"",""version"":1,""changeset"":170799187,""user"":""SGFRO"",""uid"":20320807,""tags"":{""amenity"":""cafe"",""cuisine"":""coffee_shop"",""name"":""The Coffee Boy""}}",2026-05-30 08:46:18.442513+00:00
osm,osm:node/13414511143,5 to go,Romania,București,cafe,44.4416071,26.1344362,,,,,"{""addr:city"":""București"",""addr:housenumber"":""1"",""addr:street"":""Șoseaua Iancului"",""amenity"":""cafe"",""brand"":""5 to go"",""brand:wikidata"":""Q115684369"",""cuisine"":""coffee_shop"",""level"":""0"",""name"":""5 to go"",""takeaway"":""yes"",""formatted_address"":""Șoseaua Iancului 1, București"",""primary_type"":""amenity=cafe"",""osm_meta"":{""version"":1,""timestamp"":""2025-12-28T22:37:26Z"",""changeset"":176551017,""uid"":20320807,""user"":""SGFRO""}}","{""type"":""node"",""id"":13414511143,""lat"":44.4416071,""lon"":26.1344362,""timestamp"":""2025-12-28T22:37:26Z"",""version"":1,""changeset"":176551017,""user"":""SGFRO"",""uid"":20320807,""tags"":{""addr:city"":""București"",""addr:housenumber"":""1"",""addr:street"":""Șoseaua Iancului"",""amenity"":""cafe"",""brand"":""5 to go"",""brand:wikidata"":""Q115684369"",""cuisine"":""coffee_shop"",""level"":""0"",""name"":""5 to go"",""takeaway"":""yes""}}",2026-05-30 08:46:18.442513+00:00
osm,osm:node/13781123302,NOMONYM Coffee Roastery,Romania,Bucharest,cafe,44.4396086,26.1306553,,,,,"{""addr:housenumber"":""1"",""addr:street"":""Strada Ilarie Chendi"",""amenity"":""cafe"",""name"":""NOMONYM Coffee Roastery"",""formatted_address"":""Strada Ilarie Chendi 1"",""primary_type"":""amenity=cafe"",""osm_meta"":{""version"":1,""timestamp"":""2026-04-30T13:32:26Z"",""changeset"":182034320,""uid"":24087844,""user"":""dnlfrdsm""}}","{""type"":""node"",""id"":13781123302,""lat"":44.4396086,""lon"":26.1306553,""timestamp"":""2026-04-30T13:32:26Z"",""version"":1,""changeset"":182034320,""user"":""dnlfrdsm"",""uid"":24087844,""tags"":{""addr:housenumber"":""1"",""addr:street"":""Strada Ilarie Chendi"",""amenity"":""cafe"",""name"":""NOMONYM Coffee Roastery""}}",2026-05-30 08:46:18.442513+00:00
osm,osm:node/2456257862,Jebriny Café,Romania,București,cafe,44.4481522,26.1232858,,,,,"{""addr:city"":""București"",""amenity"":""cafe"",""cuisine"":""coffee_shop"",""is_in:city"":""București"",""name"":""Jebriny Café"",""source"":""survey"",""formatted_address"":""București"",""primary_type"":""amenity=cafe"",""osm_meta"":{""version"":5,""timestamp"":""2025-10-11T18:22:07Z"",""changeset"":173150088,""uid"":128281,""user"":""rarad74""}}","{""type"":""node"",""id"":2456257862,""lat"":44.4481522,""lon"":26.1232858,""timestamp"":""2025-10-11T18:22:07Z"",""version"":5,""changeset"":173150088,""user"":""rarad74"",""uid"":128281,""tags"":{""addr:city"":""București"",""amenity"":""cafe"",""cuisine"":""coffee_shop"",""is_in:city"":""București"",""name"":""Jebriny Café"",""source"":""survey""}}",2026-05-30 08:46:18.442513+00:00
osm,osm:node/10210334315,Cofee Ink,Romania,București,cafe,44.4443533,26.1288344,,,,,"{""addr:city"":""București"",""addr:street"":""Șoseaua Mihai Bravu"",""amenity"":""cafe"",""name"":""Cofee Ink"",""formatted_address"":""Șoseaua Mihai Bravu, București"",""primary_type"":""amenity=cafe"",""osm_meta"":{""version"":4,""timestamp"":""2026-02-17T22:57:52Z"",""changeset"":178701632,""uid"":20320807,""user"":""SGFRO""}}","{""type"":""node"",""id"":10210334315,""lat"":44.4443533,""lon"":26.1288344,""timestamp"":""2026-02-17T22:57:52Z"",""version"":4,""changeset"":178701632,""user"":""SGFRO"",""uid"":20320807,""tags"":{""addr:city"":""București"",""addr:street"":""Șoseaua Mihai Bravu"",""amenity"":""cafe"",""name"":""Cofee Ink""}}",2026-05-30 08:46:18.442513+00:00
osm,osm:node/13779381215,Chic Hub Cafe,Romania,București,cafe,44.4465511,26.1261589,,,,,"{""addr:city"":""București"",""addr:housenumber"":""12"",""addr:street"":""Șoseaua Mihai Bravu"",""air_conditioning"":""yes"",""amenity"":""cafe"",""brand"":""Chic Hub Cafe"",""capacity"":""12"",""cuisine"":""coffee_shop;pizza;sandwich;smoothie"",""delivery"":""yes"",""internet_access"":""wlan"",""internet_access:fee"":""customers"",""name"":""Chic Hub Cafe"",""outdoor_seating"":""no"",""payment:american_express"":""yes"",""payment:cash"":""yes"",""payment:contactless"":""yes"",""payment:credit_cards"":""yes"",""payment:debit_cards"":""yes"",""payment:mastercard"":""yes"",""payment:others"":""yes"",""payment:visa"":""yes"",""formatted_address"":""Șoseaua Mihai Bravu 12, București"",""primary_type"":""amenity=cafe"",""osm_meta"":{""version"":1,""timestamp"":""2026-04-30T07:00:11Z"",""changeset"":182019068,""uid"":24089084,""user"":""Chic Hub Cafe""}}","{""type"":""node"",""id"":13779381215,""lat"":44.4465511,""lon"":26.1261589,""timestamp"":""2026-04-30T07:00:11Z"",""version"":1,""changeset"":182019068,""user"":""Chic Hub Cafe"",""uid"":24089084,""tags"":{""addr:city"":""București"",""addr:housenumber"":""12"",""addr:street"":""Șoseaua Mihai Bravu"",""air_conditioning"":""yes"",""amenity"":""cafe"",""brand"":""Chic Hub Cafe"",""capacity"":""12"",""cuisine"":""coffee_shop;pizza;sandwich;smoothie"",""delivery"":""yes"",""internet_access"":""wlan"",""internet_access:fee"":""customers"",""name"":""Chic Hub Cafe"",""outdoor_seating"":""no"",""payment:american_express"":""yes"",""payment:cash"":""yes"",""payment:contactless"":""yes"",""payment:credit_cards"":""yes"",""payment:debit_cards"":""yes"",""payment:mastercard"":""yes"",""payment:others"":""yes"",""payment:visa"":""yes""}}",2026-05-30 08:46:18.442513+00:00
osm,osm:node/10759732093,hai la CAFEA,Romania,București,cafe,44.4459542,26.1353945,,,,,"{""addr:city"":""București"",""addr:housenumber"":""1"",""addr:postcode"":""021741"",""addr:street"":""Strada Căminului"",""air_conditioning"":""yes"",""amenity"":""cafe"",""check_date"":""2024-02-16"",""cuisine"":""coffee_shop"",""internet_access"":""wlan"",""internet_access:fee"":""customers"",""name"":""hai la CAFEA"",""opening_hours"":""Mo-Fr 07:00-17:00, Sa-Su 08:00-16:00, PH off"",""outdoor_seating"":""yes"",""phone"":""+40762616655"",""wheelchair"":""no"",""formatted_address"":""Strada Căminului 1, 021741, București"",""primary_type"":""amenity=cafe"",""osm_meta"":{""version"":3,""timestamp"":""2025-12-01T19:16:48Z"",""changeset"":175372820,""uid"":1784278,""user"":""Serban Paun""}}","{""type"":""node"",""id"":10759732093,""lat"":44.4459542,""lon"":26.1353945,""timestamp"":""2025-12-01T19:16:48Z"",""version"":3,""changeset"":175372820,""user"":""Serban Paun"",""uid"":1784278,""tags"":{""addr:city"":""București"",""addr:housenumber"":""1"",""addr:postcode"":""021741"",""addr:street"":""Strada Căminului"",""air_conditioning"":""yes"",""amenity"":""cafe"",""check_date"":""2024-02-16"",""cuisine"":""coffee_shop"",""internet_access"":""wlan"",""internet_access:fee"":""customers"",""name"":""hai la CAFEA"",""opening_hours"":""Mo-Fr 07:00-17:00, Sa-Su 08:00-16:00, PH off"",""outdoor_seating"":""yes"",""phone"":""+40762616655"",""wheelchair"":""no""}}",2026-05-30 08:46:18.442513+00:00
osm,osm:node/10863660397,5 to go,Romania,Bucharest,cafe,44.4450988,26.1318916,,,,,"{""amenity"":""cafe"",""branch"":""Ferdinand"",""brand"":""5 to go"",""brand:wikidata"":""Q115684369"",""cuisine"":""coffee_shop"",""name"":""5 to go"",""opening_hours"":""Mo-Fr 07:00-18:00; Sa 08:00-16:00"",""takeaway"":""yes"",""formatted_address"":"""",""primary_type"":""amenity=cafe"",""osm_meta"":{""version"":4,""timestamp"":""2026-03-07T19:18:00Z"",""changeset"":179506839,""uid"":20320807,""user"":""SGFRO""}}","{""type"":""node"",""id"":10863660397,""lat"":44.4450988,""lon"":26.1318916,""timestamp"":""2026-03-07T19:18:00Z"",""version"":4,""changeset"":179506839,""user"":""SGFRO"",""uid"":20320807,""tags"":{""amenity"":""cafe"",""branch"":""Ferdinand"",""brand"":""5 to go"",""brand:wikidata"":""Q115684369"",""cuisine"":""coffee_shop"",""name"":""5 to go"",""opening_hours"":""Mo-Fr 07:00-18:00; Sa 08:00-16:00"",""takeaway"":""yes""}}",2026-05-30 08:46:18.442513+00:00
osm,osm:node/11469015871,Coffee Break and more,Romania,Bucharest,cafe,44.4442301,26.1322114,,,,,"{""amenity"":""cafe"",""name"":""Coffee Break and more"",""formatted_address"":"""",""primary_type"":""amenity=cafe"",""osm_meta"":{""version"":2,""timestamp"":""2024-11-25T22:26:32Z"",""changeset"":159592134,""uid"":20320807,""user"":""SGFRO""}}","{""type"":""node"",""id"":11469015871,""lat"":44.4442301,""lon"":26.1322114,""timestamp"":""2024-11-25T22:26:32Z"",""version"":2,""changeset"":159592134,""user"":""SGFRO"",""uid"":20320807,""tags"":{""amenity"":""cafe"",""name"":""Coffee Break and more""}}",2026-05-30 08:46:18.442513+00:00
osm,osm:node/12002564962,Gluten Glory,Romania,Bucharest,cafe,44.44958,26.1295459,,,,,"{""amenity"":""cafe"",""name"":""Gluten Glory"",""formatted_address"":"""",""primary_type"":""amenity=cafe"",""osm_meta"":{""version"":1,""timestamp"":""2024-06-23T10:52:42Z"",""changeset"":153061547,""uid"":21323943,""user"":""DJack04""}}","{""type"":""node"",""id"":12002564962,""lat"":44.44958,""lon"":26.1295459,""timestamp"":""2024-06-23T10:52:42Z"",""version"":1,""changeset"":153061547,""user"":""DJack04"",""uid"":21323943,""tags"":{""amenity"":""cafe"",""name"":""Gluten Glory""}}",2026-05-30 08:46:18.442513+00:00
osm,osm:node/12002650769,Terasa Obor,Romania,Bucharest,cafe,44.4495356,26.1295828,,,,,"{""amenity"":""cafe"",""level"":""0"",""name"":""Terasa Obor"",""formatted_address"":"""",""primary_type"":""amenity=cafe"",""osm_meta"":{""version"":2,""timestamp"":""2026-02-05T09:11:41Z"",""changeset"":178129273,""uid"":22582172,""user"":""one_electro_dan""}}","{""type"":""node"",""id"":12002650769,""lat"":44.4495356,""lon"":26.1295828,""timestamp"":""2026-02-05T09:11:41Z"",""version"":2,""changeset"":178129273,""user"":""one_electro_dan"",""uid"":22582172,""tags"":{""amenity"":""cafe"",""level"":""0"",""name"":""Terasa Obor""}}",2026-05-30 08:46:18.442513+00:00
osm,osm:node/13268959841,5 to go,Romania,Bucharest,cafe,44.4467748,26.1337181,,,,,"{""amenity"":""cafe"",""brand"":""5 to go"",""brand:wikidata"":""Q115684369"",""cuisine"":""coffee_shop"",""name"":""5 to go"",""takeaway"":""yes"",""formatted_address"":"""",""primary_type"":""amenity=cafe"",""osm_meta"":{""version"":1,""timestamp"":""2025-10-29T22:21:55Z"",""changeset"":173950738,""uid"":20320807,""user"":""SGFRO""}}","{""type"":""node"",""id"":13268959841,""lat"":44.4467748,""lon"":26.1337181,""timestamp"":""2025-10-29T22:21:55Z"",""version"":1,""changeset"":173950738,""user"":""SGFRO"",""uid"":20320807,""tags"":{""amenity"":""cafe"",""brand"":""5 to go"",""brand:wikidata"":""Q115684369"",""cuisine"":""coffee_shop"",""name"":""5 to go"",""takeaway"":""yes""}}",2026-05-30 08:46:18.442513+00:00
osm,osm:node/11807708715,5 to go,Romania,Bucharest,cafe,44.4384205,26.1393075,,,,,"{""amenity"":""cafe"",""brand"":""5 to go"",""brand:wikidata"":""Q115684369"",""cuisine"":""coffee_shop"",""name"":""5 to go"",""takeaway"":""yes"",""formatted_address"":"""",""primary_type"":""amenity=cafe"",""osm_meta"":{""version"":1,""timestamp"":""2024-04-10T18:30:12Z"",""changeset"":149833896,""uid"":20320807,""user"":""SGFRO""}}","{""type"":""node"",""id"":11807708715,""lat"":44.4384205,""lon"":26.1393075,""timestamp"":""2024-04-10T18:30:12Z"",""version"":1,""changeset"":149833896,""user"":""SGFRO"",""uid"":20320807,""tags"":{""amenity"":""cafe"",""brand"":""5 to go"",""brand:wikidata"":""Q115684369"",""cuisine"":""coffee_shop"",""name"":""5 to go"",""takeaway"":""yes""}}",2026-05-30 08:46:18.442513+00:00
osm,osm:node/2351589907,Iuliandra Cafe,Romania,București,cafe,44.4450219,26.1383692,,,,,"{""addr:city"":""București"",""addr:housenumber"":""97"",""addr:postcode"":""021595"",""addr:street"":""Șoseaua Pantelimon"",""amenity"":""cafe"",""name"":""Iuliandra Cafe"",""opening_hours:signed"":""no"",""wheelchair"":""yes"",""formatted_address"":""Șoseaua Pantelimon 97, 021595, București"",""primary_type"":""amenity=cafe"",""osm_meta"":{""version"":6,""timestamp"":""2021-02-22T13:14:14Z"",""changeset"":99746790,""uid"":9458168,""user"":""Gorka115""}}","{""type"":""node"",""id"":2351589907,""lat"":44.4450219,""lon"":26.1383692,""timestamp"":""2021-02-22T13:14:14Z"",""version"":6,""changeset"":99746790,""user"":""Gorka115"",""uid"":9458168,""tags"":{""addr:city"":""București"",""addr:housenumber"":""97"",""addr:postcode"":""021595"",""addr:street"":""Șoseaua Pantelimon"",""amenity"":""cafe"",""name"":""Iuliandra Cafe"",""opening_hours:signed"":""no"",""wheelchair"":""yes""}}",2026-05-30 08:46:18.442513+00:00
osm,osm:node/6515483170,Cofetăria LUSH,Romania,București,cafe,44.4514921,26.120689,,,,,"{""addr:city"":""București"",""addr:housenumber"":""226"",""addr:street"":""Șoseaua Ștefan cel Mare"",""amenity"":""cafe"",""check_date:opening_hours"":""2022-05-17"",""name"":""Cofetăria LUSH"",""opening_hours"":""Mo-Su 09:00-21:00"",""phone"":""+40721605303"",""wheelchair"":""limited"",""formatted_address"":""Șoseaua Ștefan cel Mare 226, București"",""primary_type"":""amenity=cafe"",""osm_meta"":{""version"":6,""timestamp"":""2024-08-27T10:11:08Z"",""changeset"":155822947,""uid"":128281,""user"":""rarad74""}}","{""type"":""node"",""id"":6515483170,""lat"":44.4514921,""lon"":26.120689,""timestamp"":""2024-08-27T10:11:08Z"",""version"":6,""changeset"":155822947,""user"":""rarad74"",""uid"":128281,""tags"":{""addr:city"":""București"",""addr:housenumber"":""226"",""addr:street"":""Șoseaua Ștefan cel Mare"",""amenity"":""cafe"",""check_date:opening_hours"":""2022-05-17"",""name"":""Cofetăria LUSH"",""opening_hours"":""Mo-Su 09:00-21:00"",""phone"":""+40721605303"",""wheelchair"":""limited""}}",2026-05-30 08:46:18.442513+00:00
osm,osm:node/11219745321,5 to go,Romania,București,cafe,44.4509527,26.1189916,,,,,"{""addr:city"":""București"",""amenity"":""cafe"",""brand"":""5 to go"",""brand:wikidata"":""Q115684369"",""check_date"":""2025-04-05"",""check_date:opening_hours"":""2025-04-05"",""cuisine"":""coffee_shop"",""level"":""0"",""name"":""5 to go"",""opening_hours"":""Mo-Fr 07:00-18:00"",""takeaway"":""yes"",""formatted_address"":""București"",""primary_type"":""amenity=cafe"",""osm_meta"":{""version"":4,""timestamp"":""2025-10-11T18:22:07Z"",""changeset"":173150088,""uid"":128281,""user"":""rarad74""}}","{""type"":""node"",""id"":11219745321,""lat"":44.4509527,""lon"":26.1189916,""timestamp"":""2025-10-11T18:22:07Z"",""version"":4,""changeset"":173150088,""user"":""rarad74"",""uid"":128281,""tags"":{""addr:city"":""București"",""amenity"":""cafe"",""brand"":""5 to go"",""brand:wikidata"":""Q115684369"",""check_date"":""2025-04-05"",""check_date:opening_hours"":""2025-04-05"",""cuisine"":""coffee_shop"",""level"":""0"",""name"":""5 to go"",""opening_hours"":""Mo-Fr 07:00-18:00"",""takeaway"":""yes""}}",2026-05-30 08:46:18.442513+00:00
osm,osm:node/13874576424,Cafea La Stradă,Romania,Bucharest,cafe,44.4561798,26.1288166,,,,,"{""amenity"":""cafe"",""cuisine"":""coffee_shop"",""name"":""Cafea La Stradă"",""formatted_address"":"""",""primary_type"":""amenity=cafe"",""osm_meta"":{""version"":1,""timestamp"":""2026-05-24T22:33:15Z"",""changeset"":183129556,""uid"":20320807,""user"":""SGFRO""}}","{""type"":""node"",""id"":13874576424,""lat"":44.4561798,""lon"":26.1288166,""timestamp"":""2026-05-24T22:33:15Z"",""version"":1,""changeset"":183129556,""user"":""SGFRO"",""uid"":20320807,""tags"":{""amenity"":""cafe"",""cuisine"":""coffee_shop"",""name"":""Cafea La Stradă""}}",2026-05-30 08:46:18.442513+00:00
osm,osm:node/6155869962,Starbucks,Romania,București,cafe,44.4520657,26.1298019,,,,,"{""addr:city"":""București"",""addr:housenumber"":""23"",""addr:postcode"":""023498"",""addr:street"":""Strada Ziduri Moși"",""amenity"":""cafe"",""brand"":""Starbucks"",""brand:wikidata"":""Q37158"",""brand:wikipedia"":""en:Starbucks"",""cuisine"":""coffee_shop"",""internet_access"":""wlan"",""level"":""0"",""name"":""Starbucks"",""official_name"":""Starbucks Coffee"",""opening_hours"":""Mo-Su 08:00-22:00"",""outdoor_seating"":""yes"",""phone"":""+40 756 040 655"",""start_date"":""2016"",""takeaway"":""yes"",""formatted_address"":""Strada Ziduri Moși 23, 023498, București"",""primary_type"":""amenity=cafe"",""osm_meta"":{""version"":4,""timestamp"":""2023-03-20T20:22:18Z"",""changeset"":133914310,""uid"":9484321,""user"":""Dan 9""}}","{""type"":""node"",""id"":6155869962,""lat"":44.4520657,""lon"":26.1298019,""timestamp"":""2023-03-20T20:22:18Z"",""version"":4,""changeset"":133914310,""user"":""Dan 9"",""uid"":9484321,""tags"":{""addr:city"":""București"",""addr:housenumber"":""23"",""addr:postcode"":""023498"",""addr:street"":""Strada Ziduri Moși"",""amenity"":""cafe"",""brand"":""Starbucks"",""brand:wikidata"":""Q37158"",""brand:wikipedia"":""en:Starbucks"",""cuisine"":""coffee_shop"",""internet_access"":""wlan"",""level"":""0"",""name"":""Starbucks"",""official_name"":""Starbucks Coffee"",""opening_hours"":""Mo-Su 08:00-22:00"",""outdoor_seating"":""yes"",""phone"":""+40 756 040 655"",""start_date"":""2016"",""takeaway"":""yes""}}",2026-05-30 08:46:18.442513+00:00
osm,osm:node/10749309717,Ted's Coffee Co.,Romania,București,cafe,44.4523284,26.1301101,,,,,"{""addr:city"":""București"",""addr:housenumber"":""23"",""addr:postcode"":""023498"",""addr:street"":""Strada Ziduri Moși"",""amenity"":""cafe"",""brand"":""Ted's Coffee Co."",""brand:wikidata"":""Q137035177"",""cuisine"":""coffee_shop"",""name"":""Ted's Coffee Co."",""takeaway"":""yes"",""formatted_address"":""Strada Ziduri Moși 23, 023498, București"",""primary_type"":""amenity=cafe"",""osm_meta"":{""version"":2,""timestamp"":""2026-04-07T22:25:14Z"",""changeset"":181022685,""uid"":69259,""user"":""DnaX""}}","{""type"":""node"",""id"":10749309717,""lat"":44.4523284,""lon"":26.1301101,""timestamp"":""2026-04-07T22:25:14Z"",""version"":2,""changeset"":181022685,""user"":""DnaX"",""uid"":69259,""tags"":{""addr:city"":""București"",""addr:housenumber"":""23"",""addr:postcode"":""023498"",""addr:street"":""Strada Ziduri Moși"",""amenity"":""cafe"",""brand"":""Ted's Coffee Co."",""brand:wikidata"":""Q137035177"",""cuisine"":""coffee_shop"",""name"":""Ted's Coffee Co."",""takeaway"":""yes""}}",2026-05-30 08:46:18.442513+00:00
osm,osm:node/13024530503,moca coffè shop,Romania,București,cafe,44.4584574,26.1315582,,,,,"{""addr:city"":""București"",""addr:housenumber"":""16"",""addr:postcode"":""021154"",""addr:street"":""Șoseaua Colentina"",""amenity"":""cafe"",""contact:instagram"":""mocacaffe.shop"",""name"":""moca coffè shop"",""opening_hours"":""Mo-Sa 09:00-20:00; Su 09:00-18:00"",""formatted_address"":""Șoseaua Colentina 16, 021154, București"",""primary_type"":""amenity=cafe"",""osm_meta"":{""version"":2,""timestamp"":""2025-10-09T08:51:38Z"",""changeset"":173038538,""uid"":128281,""user"":""rarad74""}}","{""type"":""node"",""id"":13024530503,""lat"":44.4584574,""lon"":26.1315582,""timestamp"":""2025-10-09T08:51:38Z"",""version"":2,""changeset"":173038538,""user"":""rarad74"",""uid"":128281,""tags"":{""addr:city"":""București"",""addr:housenumber"":""16"",""addr:postcode"":""021154"",""addr:street"":""Șoseaua Colentina"",""amenity"":""cafe"",""contact:instagram"":""mocacaffe.shop"",""name"":""moca coffè shop"",""opening_hours"":""Mo-Sa 09:00-20:00; Su 09:00-18:00""}}",2026-05-30 08:46:18.442513+00:00
osm,osm:node/13294572398,5 to go,Romania,Bucharest,cafe,44.4629744,26.1310467,,,,,"{""amenity"":""cafe"",""brand"":""5 to go"",""brand:wikidata"":""Q115684369"",""cuisine"":""coffee_shop"",""name"":""5 to go"",""takeaway"":""yes"",""formatted_address"":"""",""primary_type"":""amenity=cafe"",""osm_meta"":{""version"":1,""timestamp"":""2025-11-10T14:29:14Z"",""changeset"":174466178,""uid"":69259,""user"":""DnaX""}}","{""type"":""node"",""id"":13294572398,""lat"":44.4629744,""lon"":26.1310467,""timestamp"":""2025-11-10T14:29:14Z"",""version"":1,""changeset"":174466178,""user"":""DnaX"",""uid"":69259,""tags"":{""amenity"":""cafe"",""brand"":""5 to go"",""brand:wikidata"":""Q115684369"",""cuisine"":""coffee_shop"",""name"":""5 to go"",""takeaway"":""yes""}}",2026-05-30 08:46:18.442513+00:00
osm,osm:way/1073613573,Tea Vlaicu,Romania,Bucharest,cafe,44.4467648,26.1057994,,,,,"{""amenity"":""cafe"",""building"":""yes"",""name"":""Tea Vlaicu"",""formatted_address"":"""",""primary_type"":""amenity=cafe"",""osm_meta"":{""version"":1,""timestamp"":""2022-06-26T17:10:19Z"",""changeset"":122875360,""uid"":2669619,""user"":""Tiberiu Popescu""}}","{""type"":""way"",""id"":1073613573,""timestamp"":""2022-06-26T17:10:19Z"",""version"":1,""changeset"":122875360,""user"":""Tiberiu Popescu"",""uid"":2669619,""center"":{""lat"":44.4467648,""lon"":26.1057994},""nodes"":[9848511788,9848511789,9848511790,9848511791,9848511792,9848511793,9848511788],""tags"":{""amenity"":""cafe"",""building"":""yes"",""name"":""Tea Vlaicu""}}",2026-05-30 08:46:18.442513+00:00
osm,osm:way/1463857475,Dolci Caffe,Romania,Bucharest,cafe,44.4577759,26.096193,,,,,"{""amenity"":""cafe"",""building"":""retail"",""cuisine"":""coffee_shop"",""name"":""Dolci Caffe"",""formatted_address"":"""",""primary_type"":""amenity=cafe"",""osm_meta"":{""version"":1,""timestamp"":""2026-01-03T04:48:22Z"",""changeset"":176769326,""uid"":20320807,""user"":""SGFRO""}}","{""type"":""way"",""id"":1463857475,""timestamp"":""2026-01-03T04:48:22Z"",""version"":1,""changeset"":176769326,""user"":""SGFRO"",""uid"":20320807,""center"":{""lat"":44.4577759,""lon"":26.096193},""nodes"":[13427957330,13427957331,13427957332,13427957333,13427957330],""tags"":{""amenity"":""cafe"",""building"":""retail"",""cuisine"":""coffee_shop"",""name"":""Dolci Caffe""}}",2026-05-30 08:46:18.442513+00:00
osm,osm:way/1477008649,5 to go,Romania,Bucharest,cafe,44.4442136,26.129035,,,,,"{""amenity"":""cafe"",""brand"":""5 to go"",""brand:wikidata"":""Q115684369"",""building"":""yes"",""cuisine"":""coffee_shop"",""name"":""5 to go"",""takeaway"":""yes"",""formatted_address"":"""",""primary_type"":""amenity=cafe"",""osm_meta"":{""version"":1,""timestamp"":""2026-02-12T21:45:05Z"",""changeset"":178476805,""uid"":20320807,""user"":""SGFRO""}}","{""type"":""way"",""id"":1477008649,""timestamp"":""2026-02-12T21:45:05Z"",""version"":1,""changeset"":178476805,""user"":""SGFRO"",""uid"":20320807,""center"":{""lat"":44.4442136,""lon"":26.129035},""nodes"":[406192027,13547226694,13547226695,13547226696,13547226697,406192027],""tags"":{""amenity"":""cafe"",""brand"":""5 to go"",""brand:wikidata"":""Q115684369"",""building"":""yes"",""cuisine"":""coffee_shop"",""name"":""5 to go"",""takeaway"":""yes""}}",2026-05-30 08:46:18.442513+00:00
osm,osm:relation/3086253,others,Romania,București,cafe,44.4435123,26.1053283,,,,,"{""addr:city"":""București"",""addr:housenumber"":""3-5"",""addr:postcode"":""020451"",""addr:street"":""Strada Icoanei"",""amenity"":""cafe"",""building"":""school"",""building:levels"":""2"",""ref:RO:lmi"":""B-II-m-A-18924"",""roof:shape"":""hipped"",""type"":""multipolygon"",""formatted_address"":""Strada Icoanei 3-5, 020451, București"",""primary_type"":""amenity=cafe"",""osm_meta"":{""version"":7,""timestamp"":""2026-03-23T08:45:15Z"",""changeset"":180291454,""uid"":23967457,""user"":""Alege Solar Ro""}}","{""type"":""relation"",""id"":3086253,""timestamp"":""2026-03-23T08:45:15Z"",""version"":7,""changeset"":180291454,""user"":""Alege Solar Ro"",""uid"":23967457,""center"":{""lat"":44.4435123,""lon"":26.1053283},""members"":[{""type"":""way"",""ref"":202428229,""role"":""outer""},{""type"":""way"",""ref"":202428231,""role"":""inner""},{""type"":""way"",""ref"":202428232,""role"":""inner""},{""type"":""way"",""ref"":202428230,""role"":""inner""}],""tags"":{""addr:city"":""București"",""addr:housenumber"":""3-5"",""addr:postcode"":""020451"",""addr:street"":""Strada Icoanei"",""amenity"":""cafe"",""building"":""school"",""building:levels"":""2"",""ref:RO:lmi"":""B-II-m-A-18924"",""roof:shape"":""hipped"",""type"":""multipolygon""}}",2026-05-30 08:46:18.442513+00:00
osm,osm:node/2772124863,Da'Mask Caffe,Romania,București,cafe,44.4390818,26.1407513,,,,,"{""addr:city"":""București"",""addr:housenumber"":""60"",""addr:street"":""Strada Maior Atanase Ionescu"",""amenity"":""cafe"",""name"":""Da'Mask Caffe"",""smoking"":""yes"",""formatted_address"":""Strada Maior Atanase Ionescu 60, București"",""primary_type"":""amenity=cafe"",""osm_meta"":{""version"":4,""timestamp"":""2024-05-10T07:08:58Z"",""changeset"":151129945,""uid"":128281,""user"":""rarad74""}}","{""type"":""node"",""id"":2772124863,""lat"":44.4390818,""lon"":26.1407513,""timestamp"":""2024-05-10T07:08:58Z"",""version"":4,""changeset"":151129945,""user"":""rarad74"",""uid"":128281,""tags"":{""addr:city"":""București"",""addr:housenumber"":""60"",""addr:street"":""Strada Maior Atanase Ionescu"",""amenity"":""cafe"",""name"":""Da'Mask Caffe"",""smoking"":""yes""}}",2026-05-30 08:46:18.442513+00:00
osm,osm:node/10880419535,God's Coffee,Romania,Bucharest,cafe,44.4427175,26.1482583,,,,,"{""amenity"":""cafe"",""name"":""God's Coffee"",""opening_hours"":""Mo-Fr 08:00-17:00; Sa 08:00-15:00"",""formatted_address"":"""",""primary_type"":""amenity=cafe"",""osm_meta"":{""version"":5,""timestamp"":""2024-04-06T17:00:03Z"",""changeset"":149663955,""uid"":20320807,""user"":""SGFRO""}}","{""type"":""node"",""id"":10880419535,""lat"":44.4427175,""lon"":26.1482583,""timestamp"":""2024-04-06T17:00:03Z"",""version"":5,""changeset"":149663955,""user"":""SGFRO"",""uid"":20320807,""tags"":{""amenity"":""cafe"",""name"":""God's Coffee"",""opening_hours"":""Mo-Fr 08:00-17:00; Sa 08:00-15:00""}}",2026-05-30 08:46:18.442513+00:00
osm,osm:node/12365618451,Jupiter Cafe,Romania,Bucharest,cafe,44.4424723,26.1427329,,,,,"{""amenity"":""cafe"",""check_date:opening_hours"":""2025-01-02"",""name"":""Jupiter Cafe"",""opening_hours:signed"":""no"",""formatted_address"":"""",""primary_type"":""amenity=cafe"",""osm_meta"":{""version"":2,""timestamp"":""2025-01-02T11:45:18Z"",""changeset"":160902782,""uid"":9458168,""user"":""Gorka115""}}","{""type"":""node"",""id"":12365618451,""lat"":44.4424723,""lon"":26.1427329,""timestamp"":""2025-01-02T11:45:18Z"",""version"":2,""changeset"":160902782,""user"":""Gorka115"",""uid"":9458168,""tags"":{""amenity"":""cafe"",""check_date:opening_hours"":""2025-01-02"",""name"":""Jupiter Cafe"",""opening_hours:signed"":""no""}}",2026-05-30 08:46:18.442513+00:00
osm,osm:node/3261513976,Manufaktura,Romania,București,cafe,44.4429171,26.1522088,,,,,"{""addr:city"":""București"",""addr:housenumber"":""3-5"",""addr:postcode"":""021313"",""addr:street"":""Bulevardul Pierre de Coubertin"",""amenity"":""cafe"",""name"":""Manufaktura"",""opening_hours"":""Mo-Su 10:00-22:00"",""outdoor_seating"":""yes"",""formatted_address"":""Bulevardul Pierre de Coubertin 3-5, 021313, București"",""primary_type"":""amenity=cafe"",""osm_meta"":{""version"":4,""timestamp"":""2019-06-29T18:48:04Z"",""changeset"":71741731,""uid"":9484321,""user"":""Dan 9""}}","{""type"":""node"",""id"":3261513976,""lat"":44.4429171,""lon"":26.1522088,""timestamp"":""2019-06-29T18:48:04Z"",""version"":4,""changeset"":71741731,""user"":""Dan 9"",""uid"":9484321,""tags"":{""addr:city"":""București"",""addr:housenumber"":""3-5"",""addr:postcode"":""021313"",""addr:street"":""Bulevardul Pierre de Coubertin"",""amenity"":""cafe"",""name"":""Manufaktura"",""opening_hours"":""Mo-Su 10:00-22:00"",""outdoor_seating"":""yes""}}",2026-05-30 08:46:18.442513+00:00
osm,osm:node/7083946245,Starbucks,Romania,Bucharest,cafe,44.4419153,26.1519615,,,,,"{""amenity"":""cafe"",""brand"":""Starbucks"",""brand:wikidata"":""Q37158"",""brand:wikipedia"":""en:Starbucks"",""cuisine"":""coffee_shop"",""name"":""Starbucks"",""official_name"":""Starbucks Coffee"",""takeaway"":""yes"",""formatted_address"":"""",""primary_type"":""amenity=cafe"",""osm_meta"":{""version"":2,""timestamp"":""2020-01-12T11:15:33Z"",""changeset"":79472724,""uid"":3829221,""user"":""lawrencebanks""}}","{""type"":""node"",""id"":7083946245,""lat"":44.4419153,""lon"":26.1519615,""timestamp"":""2020-01-12T11:15:33Z"",""version"":2,""changeset"":79472724,""user"":""lawrencebanks"",""uid"":3829221,""tags"":{""amenity"":""cafe"",""brand"":""Starbucks"",""brand:wikidata"":""Q37158"",""brand:wikipedia"":""en:Starbucks"",""cuisine"":""coffee_shop"",""name"":""Starbucks"",""official_name"":""Starbucks Coffee"",""takeaway"":""yes""}}",2026-05-30 08:46:18.442513+00:00
osm,osm:node/10593979299,5 to go,Romania,Bucharest,cafe,44.4422092,26.1570128,,,,,"{""amenity"":""cafe"",""brand"":""5 to go"",""brand:wikidata"":""Q115684369"",""cuisine"":""coffee_shop"",""name"":""5 to go"",""takeaway"":""yes"",""formatted_address"":"""",""primary_type"":""amenity=cafe"",""osm_meta"":{""version"":1,""timestamp"":""2023-01-30T12:04:06Z"",""changeset"":131877745,""uid"":10517467,""user"":""Teo Cata""}}","{""type"":""node"",""id"":10593979299,""lat"":44.4422092,""lon"":26.1570128,""timestamp"":""2023-01-30T12:04:06Z"",""version"":1,""changeset"":131877745,""user"":""Teo Cata"",""uid"":10517467,""tags"":{""amenity"":""cafe"",""brand"":""5 to go"",""brand:wikidata"":""Q115684369"",""cuisine"":""coffee_shop"",""name"":""5 to go"",""takeaway"":""yes""}}",2026-05-30 08:46:18.442513+00:00
osm,osm:node/10937161659,OKFEA,Romania,Bucharest,cafe,44.4423075,26.1570902,,,,,"{""amenity"":""cafe"",""cuisine"":""coffee_shop"",""name"":""OKFEA"",""formatted_address"":"""",""primary_type"":""amenity=cafe"",""osm_meta"":{""version"":2,""timestamp"":""2023-05-30T10:02:32Z"",""changeset"":136736983,""uid"":10517467,""user"":""Teo Cata""}}","{""type"":""node"",""id"":10937161659,""lat"":44.4423075,""lon"":26.1570902,""timestamp"":""2023-05-30T10:02:32Z"",""version"":2,""changeset"":136736983,""user"":""Teo Cata"",""uid"":10517467,""tags"":{""amenity"":""cafe"",""cuisine"":""coffee_shop"",""name"":""OKFEA""}}",2026-05-30 08:46:18.442513+00:00
osm,osm:node/13526435246,249Pantelimon Coffee Shop,Romania,Bucharest,cafe,44.4430112,26.1590479,,,,,"{""amenity"":""cafe"",""name"":""249Pantelimon Coffee Shop"",""formatted_address"":"""",""primary_type"":""amenity=cafe"",""osm_meta"":{""version"":1,""timestamp"":""2026-02-05T13:57:54Z"",""changeset"":178142049,""uid"":10517467,""user"":""Teo Cata""}}","{""type"":""node"",""id"":13526435246,""lat"":44.4430112,""lon"":26.1590479,""timestamp"":""2026-02-05T13:57:54Z"",""version"":1,""changeset"":178142049,""user"":""Teo Cata"",""uid"":10517467,""tags"":{""amenity"":""cafe"",""name"":""249Pantelimon Coffee Shop""}}",2026-05-30 08:46:18.442513+00:00
osm,osm:node/12330575300,Ary Coffee,Romania,Bucharest,cafe,44.4446867,26.1583793,,,,,"{""amenity"":""cafe"",""name"":""Ary Coffee"",""formatted_address"":"""",""primary_type"":""amenity=cafe"",""osm_meta"":{""version"":1,""timestamp"":""2024-11-11T10:24:28Z"",""changeset"":159001904,""uid"":10517467,""user"":""Teo Cata""}}","{""type"":""node"",""id"":12330575300,""lat"":44.4446867,""lon"":26.1583793,""timestamp"":""2024-11-11T10:24:28Z"",""version"":1,""changeset"":159001904,""user"":""Teo Cata"",""uid"":10517467,""tags"":{""amenity"":""cafe"",""name"":""Ary Coffee""}}",2026-05-30 08:46:18.442513+00:00
osm,osm:node/4847001031,5 to go,Romania,Bucharest,cafe,44.4670726,26.1559373,,,,,"{""amenity"":""cafe"",""brand"":""5 to go"",""brand:wikidata"":""Q115684369"",""cuisine"":""coffee_shop"",""name"":""5 to go"",""takeaway"":""yes"",""formatted_address"":"""",""primary_type"":""amenity=cafe"",""osm_meta"":{""version"":2,""timestamp"":""2025-05-12T12:35:10Z"",""changeset"":166150491,""uid"":69259,""user"":""DnaX""}}","{""type"":""node"",""id"":4847001031,""lat"":44.4670726,""lon"":26.1559373,""timestamp"":""2025-05-12T12:35:10Z"",""version"":2,""changeset"":166150491,""user"":""DnaX"",""uid"":69259,""tags"":{""amenity"":""cafe"",""brand"":""5 to go"",""brand:wikidata"":""Q115684369"",""cuisine"":""coffee_shop"",""name"":""5 to go"",""takeaway"":""yes""}}",2026-05-30 08:46:18.442513+00:00
osm,osm:node/12330502774,Social Neighbours,Romania,Bucharest,cafe,44.438686,26.163537,,,,,"{""amenity"":""cafe"",""name"":""Social Neighbours"",""formatted_address"":"""",""primary_type"":""amenity=cafe"",""osm_meta"":{""version"":2,""timestamp"":""2024-11-11T10:24:28Z"",""changeset"":159001904,""uid"":10517467,""user"":""Teo Cata""}}","{""type"":""node"",""id"":12330502774,""lat"":44.438686,""lon"":26.163537,""timestamp"":""2024-11-11T10:24:28Z"",""version"":2,""changeset"":159001904,""user"":""Teo Cata"",""uid"":10517467,""tags"":{""amenity"":""cafe"",""name"":""Social Neighbours""}}",2026-05-30 08:46:18.442513+00:00
osm,osm:node/10931156082,5 to go,Romania,București,cafe,44.4425722,26.1694018,,,,,"{""addr:city"":""București"",""addr:housenumber"":""287"",""addr:street"":""Șoseaua Pantelimon"",""amenity"":""cafe"",""brand"":""5 to go"",""brand:wikidata"":""Q115684369"",""cuisine"":""coffee_shop"",""name"":""5 to go"",""takeaway"":""yes"",""formatted_address"":""Șoseaua Pantelimon 287, București"",""primary_type"":""amenity=cafe"",""osm_meta"":{""version"":3,""timestamp"":""2024-04-07T17:48:28Z"",""changeset"":149703874,""uid"":20320807,""user"":""SGFRO""}}","{""type"":""node"",""id"":10931156082,""lat"":44.4425722,""lon"":26.1694018,""timestamp"":""2024-04-07T17:48:28Z"",""version"":3,""changeset"":149703874,""user"":""SGFRO"",""uid"":20320807,""tags"":{""addr:city"":""București"",""addr:housenumber"":""287"",""addr:street"":""Șoseaua Pantelimon"",""amenity"":""cafe"",""brand"":""5 to go"",""brand:wikidata"":""Q115684369"",""cuisine"":""coffee_shop"",""name"":""5 to go"",""takeaway"":""yes""}}",2026-05-30 08:46:18.442513+00:00
osm,osm:node/11800114723,HYGGE – Specialty Coffee & Snacks To Go,Romania,București,cafe,44.4426169,26.16883,,,,,"{""addr:city"":""București"",""addr:housenumber"":""287"",""addr:street"":""Șoseaua Pantelimon"",""amenity"":""cafe"",""cuisine"":""coffee_shop"",""name"":""HYGGE – Specialty Coffee & Snacks To Go"",""formatted_address"":""Șoseaua Pantelimon 287, București"",""primary_type"":""amenity=cafe"",""osm_meta"":{""version"":2,""timestamp"":""2025-08-26T19:44:26Z"",""changeset"":171048099,""uid"":20320807,""user"":""SGFRO""}}","{""type"":""node"",""id"":11800114723,""lat"":44.4426169,""lon"":26.16883,""timestamp"":""2025-08-26T19:44:26Z"",""version"":2,""changeset"":171048099,""user"":""SGFRO"",""uid"":20320807,""tags"":{""addr:city"":""București"",""addr:housenumber"":""287"",""addr:street"":""Șoseaua Pantelimon"",""amenity"":""cafe"",""cuisine"":""coffee_shop"",""name"":""HYGGE – Specialty Coffee & Snacks To Go""}}",2026-05-30 08:46:18.442513+00:00
osm,osm:way/1484107301,5 to go,Romania,Bucharest,cafe,44.4702348,26.1763685,,,,,"{""amenity"":""cafe"",""brand"":""5 to go"",""brand:wikidata"":""Q115684369"",""building"":""yes"",""cuisine"":""coffee_shop"",""name"":""5 to go"",""takeaway"":""yes"",""formatted_address"":"""",""primary_type"":""amenity=cafe"",""osm_meta"":{""version"":1,""timestamp"":""2026-02-28T18:32:46Z"",""changeset"":179182424,""uid"":20320807,""user"":""SGFRO""}}","{""type"":""way"",""id"":1484107301,""timestamp"":""2026-02-28T18:32:46Z"",""version"":1,""changeset"":179182424,""user"":""SGFRO"",""uid"":20320807,""center"":{""lat"":44.4702348,""lon"":26.1763685},""nodes"":[13607997885,13607997886,13607997887,13607997888,13607997885],""tags"":{""amenity"":""cafe"",""brand"":""5 to go"",""brand:wikidata"":""Q115684369"",""building"":""yes"",""cuisine"":""coffee_shop"",""name"":""5 to go"",""takeaway"":""yes""}}",2026-05-30 08:46:18.442513+00:00
osm,osm:node/10931156083,5 to go,Romania,București,cafe,44.4390594,26.183911,,,,,"{""addr:city"":""București"",""addr:housenumber"":""20"",""addr:street"":""Șoseaua Vergului"",""amenity"":""cafe"",""brand"":""5 to go"",""brand:wikidata"":""Q115684369"",""cuisine"":""coffee_shop"",""name"":""5 to go"",""takeaway"":""yes"",""toilets:access"":""customers"",""wheelchair"":""designated"",""formatted_address"":""Șoseaua Vergului 20, București"",""primary_type"":""amenity=cafe"",""osm_meta"":{""version"":2,""timestamp"":""2023-06-21T11:05:27Z"",""changeset"":137600272,""uid"":69259,""user"":""DnaX""}}","{""type"":""node"",""id"":10931156083,""lat"":44.4390594,""lon"":26.183911,""timestamp"":""2023-06-21T11:05:27Z"",""version"":2,""changeset"":137600272,""user"":""DnaX"",""uid"":69259,""tags"":{""addr:city"":""București"",""addr:housenumber"":""20"",""addr:street"":""Șoseaua Vergului"",""amenity"":""cafe"",""brand"":""5 to go"",""brand:wikidata"":""Q115684369"",""cuisine"":""coffee_shop"",""name"":""5 to go"",""takeaway"":""yes"",""toilets:access"":""customers"",""wheelchair"":""designated""}}",2026-05-30 08:46:18.442513+00:00
osm,osm:node/10093563997,others,Romania,Bucharest,cafe,44.4622203,26.2114682,,,,,"{""amenity"":""cafe"",""formatted_address"":"""",""primary_type"":""amenity=cafe"",""osm_meta"":{""version"":1,""timestamp"":""2022-10-11T22:03:23Z"",""changeset"":127383168,""uid"":69259,""user"":""DnaX""}}","{""type"":""node"",""id"":10093563997,""lat"":44.4622203,""lon"":26.2114682,""timestamp"":""2022-10-11T22:03:23Z"",""version"":1,""changeset"":127383168,""user"":""DnaX"",""uid"":69259,""tags"":{""amenity"":""cafe""}}",2026-05-30 08:46:18.442513+00:00
osm,osm:node/9943494822,5 to go,Romania,Chitila,cafe,44.5034706,25.9899235,,,,,"{""addr:city"":""Chitila"",""addr:county"":""RO"",""addr:housenumber"":""14"",""addr:postcode"":""077045"",""addr:street"":""Șoseaua Banatului"",""amenity"":""cafe"",""brand"":""5 to go"",""brand:wikidata"":""Q115684369"",""cuisine"":""coffee_shop"",""name"":""5 to go"",""opening_hours"":""Mo-Fr 07:00-20:00; Sa-Su 07:00-18:00"",""takeaway"":""yes"",""formatted_address"":""Șoseaua Banatului 14, 077045, Chitila"",""primary_type"":""amenity=cafe"",""osm_meta"":{""version"":2,""timestamp"":""2023-11-30T10:06:41Z"",""changeset"":144619064,""uid"":69259,""user"":""DnaX""}}","{""type"":""node"",""id"":9943494822,""lat"":44.5034706,""lon"":25.9899235,""timestamp"":""2023-11-30T10:06:41Z"",""version"":2,""changeset"":144619064,""user"":""DnaX"",""uid"":69259,""tags"":{""addr:city"":""Chitila"",""addr:county"":""RO"",""addr:housenumber"":""14"",""addr:postcode"":""077045"",""addr:street"":""Șoseaua Banatului"",""amenity"":""cafe"",""brand"":""5 to go"",""brand:wikidata"":""Q115684369"",""cuisine"":""coffee_shop"",""name"":""5 to go"",""opening_hours"":""Mo-Fr 07:00-20:00; Sa-Su 07:00-18:00"",""takeaway"":""yes""}}",2026-05-30 08:46:18.442513+00:00
osm,osm:node/10279803908,5 to go,Romania,Bucharest,cafe,44.4857099,26.0224874,,,,,"{""amenity"":""cafe"",""brand"":""5 to go"",""brand:wikidata"":""Q115684369"",""cuisine"":""coffee_shop"",""name"":""5 to go"",""takeaway"":""yes"",""formatted_address"":"""",""primary_type"":""amenity=cafe"",""osm_meta"":{""version"":1,""timestamp"":""2022-12-22T09:49:00Z"",""changeset"":130366445,""uid"":69259,""user"":""DnaX""}}","{""type"":""node"",""id"":10279803908,""lat"":44.4857099,""lon"":26.0224874,""timestamp"":""2022-12-22T09:49:00Z"",""version"":1,""changeset"":130366445,""user"":""DnaX"",""uid"":69259,""tags"":{""amenity"":""cafe"",""brand"":""5 to go"",""brand:wikidata"":""Q115684369"",""cuisine"":""coffee_shop"",""name"":""5 to go"",""takeaway"":""yes""}}",2026-05-30 08:46:18.442513+00:00
osm,osm:node/10610808707,Vibe Cafe,RO,București,cafe,44.4925598,26.0177889,,,,,"{""addr:city"":""București"",""addr:country"":""RO"",""addr:housenumber"":""284"",""addr:postcode"":""012407"",""addr:street"":""Șoseaua Chitilei"",""air_conditioning"":""yes"",""amenity"":""cafe"",""branch"":""Colosseum"",""changing_table"":""no"",""diet:halal"":""yes"",""diet:vegan"":""no"",""diet:vegetarian"":""yes"",""indoor_seating"":""yes"",""level"":""0"",""name"":""Vibe Cafe"",""opening_hours"":""Mo-Su 10:00-22:00"",""outdoor_seating"":""no"",""payment:credit_cards"":""yes"",""payment:debit_cards"":""yes"",""phone"":""+40 746 100 195"",""smoking"":""no"",""toilets"":""no"",""wheelchair"":""limited"",""formatted_address"":""Șoseaua Chitilei 284, 012407, București"",""primary_type"":""amenity=cafe"",""osm_meta"":{""version"":12,""timestamp"":""2025-06-05T13:47:52Z"",""changeset"":167224384,""uid"":9660877,""user"":""Neonkaaaaa""}}","{""type"":""node"",""id"":10610808707,""lat"":44.4925598,""lon"":26.0177889,""timestamp"":""2025-06-05T13:47:52Z"",""version"":12,""changeset"":167224384,""user"":""Neonkaaaaa"",""uid"":9660877,""tags"":{""addr:city"":""București"",""addr:country"":""RO"",""addr:housenumber"":""284"",""addr:postcode"":""012407"",""addr:street"":""Șoseaua Chitilei"",""air_conditioning"":""yes"",""amenity"":""cafe"",""branch"":""Colosseum"",""changing_table"":""no"",""diet:halal"":""yes"",""diet:vegan"":""no"",""diet:vegetarian"":""yes"",""indoor_seating"":""yes"",""level"":""0"",""name"":""Vibe Cafe"",""opening_hours"":""Mo-Su 10:00-22:00"",""outdoor_seating"":""no"",""payment:credit_cards"":""yes"",""payment:debit_cards"":""yes"",""phone"":""+40 746 100 195"",""smoking"":""no"",""toilets"":""no"",""wheelchair"":""limited""}}",2026-05-30 08:46:18.442513+00:00
osm,osm:node/10610808727,SO! Coffee,RO,București,cafe,44.4914309,26.0163815,,,,,"{""addr:city"":""București"",""addr:country"":""RO"",""addr:housenumber"":""284"",""addr:postcode"":""012407"",""addr:street"":""Șoseaua Chitilei"",""air_conditioning"":""yes"",""amenity"":""cafe"",""branch"":""Colosseum"",""changing_table"":""no"",""diet:halal"":""yes"",""diet:vegan"":""yes"",""diet:vegetarian"":""yes"",""indoor_seating"":""yes"",""level"":""0"",""name"":""SO! Coffee"",""opening_hours"":""Mo-Su 08:00-22:00"",""outdoor_seating"":""no"",""payment:credit_cards"":""yes"",""payment:debit_cards"":""yes"",""phone"":""+40 760 553 409"",""smoking"":""no"",""toilets"":""no"",""website"":""https://www.socoffee.com/"",""wheelchair"":""limited"",""formatted_address"":""Șoseaua Chitilei 284, 012407, București"",""primary_type"":""amenity=cafe"",""osm_meta"":{""version"":12,""timestamp"":""2025-06-05T13:47:35Z"",""changeset"":167224384,""uid"":9660877,""user"":""Neonkaaaaa""}}","{""type"":""node"",""id"":10610808727,""lat"":44.4914309,""lon"":26.0163815,""timestamp"":""2025-06-05T13:47:35Z"",""version"":12,""changeset"":167224384,""user"":""Neonkaaaaa"",""uid"":9660877,""tags"":{""addr:city"":""București"",""addr:country"":""RO"",""addr:housenumber"":""284"",""addr:postcode"":""012407"",""addr:street"":""Șoseaua Chitilei"",""air_conditioning"":""yes"",""amenity"":""cafe"",""branch"":""Colosseum"",""changing_table"":""no"",""diet:halal"":""yes"",""diet:vegan"":""yes"",""diet:vegetarian"":""yes"",""indoor_seating"":""yes"",""level"":""0"",""name"":""SO! Coffee"",""opening_hours"":""Mo-Su 08:00-22:00"",""outdoor_seating"":""no"",""payment:credit_cards"":""yes"",""payment:debit_cards"":""yes"",""phone"":""+40 760 553 409"",""smoking"":""no"",""toilets"":""no"",""website"":""https://www.socoffee.com/"",""wheelchair"":""limited""}}",2026-05-30 08:46:18.442513+00:00
osm,osm:node/10278714431,5 to go,Romania,Bucharest,cafe,44.4870727,26.037966,,,,,"{""amenity"":""cafe"",""brand"":""5 to go"",""brand:wikidata"":""Q115684369"",""cuisine"":""coffee_shop"",""name"":""5 to go"",""takeaway"":""yes"",""formatted_address"":"""",""primary_type"":""amenity=cafe"",""osm_meta"":{""version"":1,""timestamp"":""2022-12-21T19:18:53Z"",""changeset"":130345757,""uid"":69259,""user"":""DnaX""}}","{""type"":""node"",""id"":10278714431,""lat"":44.4870727,""lon"":26.037966,""timestamp"":""2022-12-21T19:18:53Z"",""version"":1,""changeset"":130345757,""user"":""DnaX"",""uid"":69259,""tags"":{""amenity"":""cafe"",""brand"":""5 to go"",""brand:wikidata"":""Q115684369"",""cuisine"":""coffee_shop"",""name"":""5 to go"",""takeaway"":""yes""}}",2026-05-30 08:46:18.442513+00:00
osm,osm:node/10653939905,Coffee Island,Romania,Bucharest,cafe,44.4833821,26.0437556,,,,,"{""addr:floor"":""0"",""addr:housenumber"":""8"",""addr:street"":""Strada Jiului"",""amenity"":""cafe"",""check_date"":""2025-02-07"",""internet_access"":""wlan"",""level"":""0"",""name"":""Coffee Island"",""opening_hours"":""Mo-Fr 07:30-15:00"",""payment:cash"":""yes"",""payment:credit_cards"":""yes"",""payment:debit_cards"":""yes"",""website"":""https://www.coffeeisland.ro/"",""formatted_address"":""Strada Jiului 8"",""primary_type"":""amenity=cafe"",""osm_meta"":{""version"":4,""timestamp"":""2025-02-07T07:19:47Z"",""changeset"":162233609,""uid"":13546437,""user"":""irene4b""}}","{""type"":""node"",""id"":10653939905,""lat"":44.4833821,""lon"":26.0437556,""timestamp"":""2025-02-07T07:19:47Z"",""version"":4,""changeset"":162233609,""user"":""irene4b"",""uid"":13546437,""tags"":{""addr:floor"":""0"",""addr:housenumber"":""8"",""addr:street"":""Strada Jiului"",""amenity"":""cafe"",""check_date"":""2025-02-07"",""internet_access"":""wlan"",""level"":""0"",""name"":""Coffee Island"",""opening_hours"":""Mo-Fr 07:30-15:00"",""payment:cash"":""yes"",""payment:credit_cards"":""yes"",""payment:debit_cards"":""yes"",""website"":""https://www.coffeeisland.ro/""}}",2026-05-30 08:46:18.442513+00:00
osm,osm:node/11156466907,5 to go,Romania,Bucharest,cafe,44.4834065,26.0413562,,,,,"{""addr:housenumber"":""3"",""addr:street"":""Strada Jiului"",""amenity"":""cafe"",""brand"":""5 to go"",""brand:wikidata"":""Q115684369"",""cuisine"":""coffee_shop"",""name"":""5 to go"",""shop"":""coffee"",""takeaway"":""yes"",""formatted_address"":""Strada Jiului 3"",""primary_type"":""amenity=cafe"",""osm_meta"":{""version"":2,""timestamp"":""2023-11-30T10:11:22Z"",""changeset"":144619225,""uid"":69259,""user"":""DnaX""}}","{""type"":""node"",""id"":11156466907,""lat"":44.4834065,""lon"":26.0413562,""timestamp"":""2023-11-30T10:11:22Z"",""version"":2,""changeset"":144619225,""user"":""DnaX"",""uid"":69259,""tags"":{""addr:housenumber"":""3"",""addr:street"":""Strada Jiului"",""amenity"":""cafe"",""brand"":""5 to go"",""brand:wikidata"":""Q115684369"",""cuisine"":""coffee_shop"",""name"":""5 to go"",""shop"":""coffee"",""takeaway"":""yes""}}",2026-05-30 08:46:18.442513+00:00
osm,osm:node/10743317496,Cafe 57,Romania,Bucharest,cafe,44.4841145,26.0458524,,,,,"{""addr:housenumber"":""57"",""addr:street"":""Strada Jiului"",""amenity"":""cafe"",""check_date"":""2023-03-18"",""name"":""Cafe 57"",""formatted_address"":""Strada Jiului 57"",""primary_type"":""amenity=cafe"",""osm_meta"":{""version"":1,""timestamp"":""2023-03-18T13:39:10Z"",""changeset"":133823283,""uid"":13546437,""user"":""irene4b""}}","{""type"":""node"",""id"":10743317496,""lat"":44.4841145,""lon"":26.0458524,""timestamp"":""2023-03-18T13:39:10Z"",""version"":1,""changeset"":133823283,""user"":""irene4b"",""uid"":13546437,""tags"":{""addr:housenumber"":""57"",""addr:street"":""Strada Jiului"",""amenity"":""cafe"",""check_date"":""2023-03-18"",""name"":""Cafe 57""}}",2026-05-30 08:46:18.442513+00:00
osm,osm:node/1213255543,Cafe Bar,Romania,București,cafe,44.4935312,26.0327971,,,,,"{""addr:city"":""București"",""amenity"":""cafe"",""name"":""Cafe Bar"",""formatted_address"":""București"",""primary_type"":""amenity=cafe"",""osm_meta"":{""version"":4,""timestamp"":""2018-04-21T13:28:57Z"",""changeset"":58290452,""uid"":3865673,""user"":""Alex Bfk""}}","{""type"":""node"",""id"":1213255543,""lat"":44.4935312,""lon"":26.0327971,""timestamp"":""2018-04-21T13:28:57Z"",""version"":4,""changeset"":58290452,""user"":""Alex Bfk"",""uid"":3865673,""tags"":{""addr:city"":""București"",""amenity"":""cafe"",""name"":""Cafe Bar""}}",2026-05-30 08:46:18.442513+00:00
osm,osm:node/11373041169,Mitzu,Romania,București,cafe,44.4735429,26.0551314,,,,,"{""addr:city"":""București"",""addr:housenumber"":""54A"",""addr:postcode"":""012095"",""addr:street"":""Strada Aviator Popișteanu"",""amenity"":""cafe"",""contact:facebook"":""stradalebyflavours"",""contact:instagram"":""stradalero"",""cuisine"":""coffee_shop"",""email"":""manager.stradaleexpopark@flavours.ro"",""name"":""Mitzu"",""name:en"":""Mitzu Expo Park"",""name:es"":""Mitzu Expo Park"",""name:ro"":""Mitzu Expo Park"",""opening_hours"":""Mo-Fr 08:00-16:00"",""operator"":""Stradale"",""phone"":""0040 765 275 896"",""website"":""https://stradale.ro/mitzu/"",""formatted_address"":""Strada Aviator Popișteanu 54A, 012095, București"",""primary_type"":""amenity=cafe"",""osm_meta"":{""version"":2,""timestamp"":""2024-05-10T07:19:00Z"",""changeset"":151130355,""uid"":128281,""user"":""rarad74""}}","{""type"":""node"",""id"":11373041169,""lat"":44.4735429,""lon"":26.0551314,""timestamp"":""2024-05-10T07:19:00Z"",""version"":2,""changeset"":151130355,""user"":""rarad74"",""uid"":128281,""tags"":{""addr:city"":""București"",""addr:housenumber"":""54A"",""addr:postcode"":""012095"",""addr:street"":""Strada Aviator Popișteanu"",""amenity"":""cafe"",""contact:facebook"":""stradalebyflavours"",""contact:instagram"":""stradalero"",""cuisine"":""coffee_shop"",""email"":""manager.stradaleexpopark@flavours.ro"",""name"":""Mitzu"",""name:en"":""Mitzu Expo Park"",""name:es"":""Mitzu Expo Park"",""name:ro"":""Mitzu Expo Park"",""opening_hours"":""Mo-Fr 08:00-16:00"",""operator"":""Stradale"",""phone"":""0040 765 275 896"",""website"":""https://stradale.ro/mitzu/""}}",2026-05-30 08:46:18.442513+00:00
osm,osm:node/11373043072,5 to go,Romania,București,cafe,44.4726447,26.0560514,,,,,"{""addr:city"":""București"",""addr:housenumber"":""9"",""addr:postcode"":""012244"",""addr:street"":""Bulevardul Expoziției"",""amenity"":""cafe"",""brand"":""5 to go"",""brand:wikidata"":""Q115684369"",""contact:facebook"":""fivetogo.ro"",""contact:instagram"":""5togo"",""cuisine"":""bagel;coffee_shop;sandwich;tea"",""email"":""hello@fivetogo.ro"",""name"":""5 to go"",""name:en"":""5 To Go SNSPA"",""name:es"":""5 To Go SNSPA"",""name:ro"":""5 To Go SNSPA"",""opening_hours"":""Mo-Fr 07:00-16:00"",""operator"":""5 To Go"",""phone"":""0040 761 887 380"",""takeaway"":""yes"",""website"":""https://fivetogo.ro/"",""formatted_address"":""Bulevardul Expoziției 9, 012244, București"",""primary_type"":""amenity=cafe"",""osm_meta"":{""version"":3,""timestamp"":""2024-05-10T07:19:00Z"",""changeset"":151130355,""uid"":128281,""user"":""rarad74""}}","{""type"":""node"",""id"":11373043072,""lat"":44.4726447,""lon"":26.0560514,""timestamp"":""2024-05-10T07:19:00Z"",""version"":3,""changeset"":151130355,""user"":""rarad74"",""uid"":128281,""tags"":{""addr:city"":""București"",""addr:housenumber"":""9"",""addr:postcode"":""012244"",""addr:street"":""Bulevardul Expoziției"",""amenity"":""cafe"",""brand"":""5 to go"",""brand:wikidata"":""Q115684369"",""contact:facebook"":""fivetogo.ro"",""contact:instagram"":""5togo"",""cuisine"":""bagel;coffee_shop;sandwich;tea"",""email"":""hello@fivetogo.ro"",""name"":""5 to go"",""name:en"":""5 To Go SNSPA"",""name:es"":""5 To Go SNSPA"",""name:ro"":""5 To Go SNSPA"",""opening_hours"":""Mo-Fr 07:00-16:00"",""operator"":""5 To Go"",""phone"":""0040 761 887 380"",""takeaway"":""yes"",""website"":""https://fivetogo.ro/""}}",2026-05-30 08:46:18.442513+00:00
osm,osm:node/6684818396,Cooperativa Frufru,Romania,București,cafe,44.4772773,26.0715994,,,,,"{""addr:city"":""București"",""addr:housenumber"":""3-5"",""addr:postcode"":""013702"",""addr:street"":""Piața Presei Libere"",""amenity"":""cafe"",""name"":""Cooperativa Frufru"",""formatted_address"":""Piața Presei Libere 3-5, 013702, București"",""primary_type"":""amenity=cafe"",""osm_meta"":{""version"":4,""timestamp"":""2023-05-16T18:57:44Z"",""changeset"":136182720,""uid"":9484321,""user"":""Dan 9""}}","{""type"":""node"",""id"":6684818396,""lat"":44.4772773,""lon"":26.0715994,""timestamp"":""2023-05-16T18:57:44Z"",""version"":4,""changeset"":136182720,""user"":""Dan 9"",""uid"":9484321,""tags"":{""addr:city"":""București"",""addr:housenumber"":""3-5"",""addr:postcode"":""013702"",""addr:street"":""Piața Presei Libere"",""amenity"":""cafe"",""name"":""Cooperativa Frufru""}}",2026-05-30 08:46:18.442513+00:00
osm,osm:node/10903122019,Ted's Coffee Co.,Romania,București,cafe,44.4781157,26.0713642,,,,,"{""addr:city"":""București"",""addr:housenumber"":""3-5"",""addr:postcode"":""013702"",""addr:street"":""Piața Presei Libere"",""amenity"":""cafe"",""brand"":""Ted's Coffee Co."",""brand:wikidata"":""Q137035177"",""cuisine"":""coffee_shop"",""name"":""Ted's Coffee Co."",""opening_hours"":""Mo-Fr 08:00-18:00"",""outdoor_seating"":""yes"",""phone"":""+40 745 333 666"",""takeaway"":""yes"",""website"":""https://www.tedscoffeecompany.com/"",""formatted_address"":""Piața Presei Libere 3-5, 013702, București"",""primary_type"":""amenity=cafe"",""osm_meta"":{""version"":3,""timestamp"":""2026-04-07T22:17:06Z"",""changeset"":181022503,""uid"":69259,""user"":""DnaX""}}","{""type"":""node"",""id"":10903122019,""lat"":44.4781157,""lon"":26.0713642,""timestamp"":""2026-04-07T22:17:06Z"",""version"":3,""changeset"":181022503,""user"":""DnaX"",""uid"":69259,""tags"":{""addr:city"":""București"",""addr:housenumber"":""3-5"",""addr:postcode"":""013702"",""addr:street"":""Piața Presei Libere"",""amenity"":""cafe"",""brand"":""Ted's Coffee Co."",""brand:wikidata"":""Q137035177"",""cuisine"":""coffee_shop"",""name"":""Ted's Coffee Co."",""opening_hours"":""Mo-Fr 08:00-18:00"",""outdoor_seating"":""yes"",""phone"":""+40 745 333 666"",""takeaway"":""yes"",""website"":""https://www.tedscoffeecompany.com/""}}",2026-05-30 08:46:18.442513+00:00
osm,osm:node/10940365677,Bari5ta,Romania,București,cafe,44.4802381,26.0706353,,,,,"{""addr:city"":""București"",""addr:housenumber"":""1 C1"",""addr:postcode"":""013701"",""addr:street"":""Piața Presei Libere"",""amenity"":""cafe"",""name"":""Bari5ta"",""opening_hours"":""Mo-Fr 07:00-17:00"",""outdoor_seating"":""yes"",""formatted_address"":""Piața Presei Libere 1 C1, 013701, București"",""primary_type"":""amenity=cafe"",""osm_meta"":{""version"":1,""timestamp"":""2023-05-30T17:56:47Z"",""changeset"":136757565,""uid"":9484321,""user"":""Dan 9""}}","{""type"":""node"",""id"":10940365677,""lat"":44.4802381,""lon"":26.0706353,""timestamp"":""2023-05-30T17:56:47Z"",""version"":1,""changeset"":136757565,""user"":""Dan 9"",""uid"":9484321,""tags"":{""addr:city"":""București"",""addr:housenumber"":""1 C1"",""addr:postcode"":""013701"",""addr:street"":""Piața Presei Libere"",""amenity"":""cafe"",""name"":""Bari5ta"",""opening_hours"":""Mo-Fr 07:00-17:00"",""outdoor_seating"":""yes""}}",2026-05-30 08:46:18.442513+00:00
osm,osm:node/10940365679,Coffee 2 Go,Romania,București,cafe,44.4806424,26.0721773,,,,,"{""addr:city"":""București"",""addr:housenumber"":""1 B1"",""addr:postcode"":""013701"",""addr:street"":""Piața Presei Libere"",""amenity"":""cafe"",""name"":""Coffee 2 Go"",""opening_hours"":""Mo-Fr 07:00-16:00"",""outdoor_seating"":""yes"",""formatted_address"":""Piața Presei Libere 1 B1, 013701, București"",""primary_type"":""amenity=cafe"",""osm_meta"":{""version"":1,""timestamp"":""2023-05-30T17:56:47Z"",""changeset"":136757565,""uid"":9484321,""user"":""Dan 9""}}","{""type"":""node"",""id"":10940365679,""lat"":44.4806424,""lon"":26.0721773,""timestamp"":""2023-05-30T17:56:47Z"",""version"":1,""changeset"":136757565,""user"":""Dan 9"",""uid"":9484321,""tags"":{""addr:city"":""București"",""addr:housenumber"":""1 B1"",""addr:postcode"":""013701"",""addr:street"":""Piața Presei Libere"",""amenity"":""cafe"",""name"":""Coffee 2 Go"",""opening_hours"":""Mo-Fr 07:00-16:00"",""outdoor_seating"":""yes""}}",2026-05-30 08:46:18.442513+00:00
osm,osm:node/10940365680,Au8ust Coffee,Romania,București,cafe,44.480954,26.0720184,,,,,"{""addr:city"":""București"",""addr:housenumber"":""1 B1"",""addr:postcode"":""013701"",""addr:street"":""Piața Presei Libere"",""amenity"":""cafe"",""name"":""Au8ust Coffee"",""opening_hours"":""Mo-Fr 07:00-17:00"",""outdoor_seating"":""yes"",""formatted_address"":""Piața Presei Libere 1 B1, 013701, București"",""primary_type"":""amenity=cafe"",""osm_meta"":{""version"":1,""timestamp"":""2023-05-30T17:56:47Z"",""changeset"":136757565,""uid"":9484321,""user"":""Dan 9""}}","{""type"":""node"",""id"":10940365680,""lat"":44.480954,""lon"":26.0720184,""timestamp"":""2023-05-30T17:56:47Z"",""version"":1,""changeset"":136757565,""user"":""Dan 9"",""uid"":9484321,""tags"":{""addr:city"":""București"",""addr:housenumber"":""1 B1"",""addr:postcode"":""013701"",""addr:street"":""Piața Presei Libere"",""amenity"":""cafe"",""name"":""Au8ust Coffee"",""opening_hours"":""Mo-Fr 07:00-17:00"",""outdoor_seating"":""yes""}}",2026-05-30 08:46:18.442513+00:00
osm,osm:node/10940666141,Fru Fru,Romania,București,cafe,44.4837277,26.0722044,,,,,"{""addr:city"":""București"",""addr:housenumber"":""11-15"",""addr:postcode"":""013714"",""addr:postcode:source"":""Date de la Poșta Română, publicate sub Licența pentru Guvernare Deschisă v1.0 la http://date.gov.ro/organization/posta-romana"",""addr:street"":""Strada Tipografilor"",""amenity"":""cafe"",""name"":""Fru Fru"",""opening_hours"":""Mo-Fr 08:30-15:00"",""phone"":""+40 754 042 306"",""website"":""https://www.frufru.ro/"",""formatted_address"":""Strada Tipografilor 11-15, 013714, București"",""primary_type"":""amenity=cafe"",""osm_meta"":{""version"":1,""timestamp"":""2023-05-30T21:08:18Z"",""changeset"":136763513,""uid"":9484321,""user"":""Dan 9""}}","{""type"":""node"",""id"":10940666141,""lat"":44.4837277,""lon"":26.0722044,""timestamp"":""2023-05-30T21:08:18Z"",""version"":1,""changeset"":136763513,""user"":""Dan 9"",""uid"":9484321,""tags"":{""addr:city"":""București"",""addr:housenumber"":""11-15"",""addr:postcode"":""013714"",""addr:postcode:source"":""Date de la Poșta Română, publicate sub Licența pentru Guvernare Deschisă v1.0 la http://date.gov.ro/organization/posta-romana"",""addr:street"":""Strada Tipografilor"",""amenity"":""cafe"",""name"":""Fru Fru"",""opening_hours"":""Mo-Fr 08:30-15:00"",""phone"":""+40 754 042 306"",""website"":""https://www.frufru.ro/""}}",2026-05-30 08:46:18.442513+00:00
osm,osm:node/13702135190,Ted’s Coffee,Romania,Bucharest,cafe,44.4839451,26.0723948,,,,,"{""addr:street"":""Strada Tipografilor"",""amenity"":""cafe"",""name"":""Ted’s Coffee"",""formatted_address"":""Strada Tipografilor"",""primary_type"":""amenity=cafe"",""osm_meta"":{""version"":1,""timestamp"":""2026-04-02T19:03:37Z"",""changeset"":180783522,""uid"":4170283,""user"":""Ionut Paduretu""}}","{""type"":""node"",""id"":13702135190,""lat"":44.4839451,""lon"":26.0723948,""timestamp"":""2026-04-02T19:03:37Z"",""version"":1,""changeset"":180783522,""user"":""Ionut Paduretu"",""uid"":4170283,""tags"":{""addr:street"":""Strada Tipografilor"",""amenity"":""cafe"",""name"":""Ted’s Coffee""}}",2026-05-30 08:46:18.442513+00:00
osm,osm:node/11064880489,Carhaus Bistro,Romania,București,cafe,44.4940779,26.0632847,,,,,"{""addr:city"":""București"",""addr:housenumber"":""73-77"",""addr:postcode"":""013337"",""addr:street"":""Șoseaua Străulești"",""air_conditioning"":""yes"",""amenity"":""cafe"",""changing_table"":""no"",""cuisine"":""coffee_shop"",""indoor_seating"":""yes"",""name"":""Carhaus Bistro"",""opening_hours"":""Mo-Sa 08:30-20:00; Su 11:00-20:00"",""outdoor_seating"":""yes"",""smoking"":""outside"",""toilets"":""yes"",""toilets:wheelchair"":""no"",""website"":""https://www.carhaus.ro"",""wheelchair"":""limited"",""formatted_address"":""Șoseaua Străulești 73-77, 013337, București"",""primary_type"":""amenity=cafe"",""osm_meta"":{""version"":12,""timestamp"":""2025-11-12T13:12:28Z"",""changeset"":174559187,""uid"":8430074,""user"":""alexnder""}}","{""type"":""node"",""id"":11064880489,""lat"":44.4940779,""lon"":26.0632847,""timestamp"":""2025-11-12T13:12:28Z"",""version"":12,""changeset"":174559187,""user"":""alexnder"",""uid"":8430074,""tags"":{""addr:city"":""București"",""addr:housenumber"":""73-77"",""addr:postcode"":""013337"",""addr:street"":""Șoseaua Străulești"",""air_conditioning"":""yes"",""amenity"":""cafe"",""changing_table"":""no"",""cuisine"":""coffee_shop"",""indoor_seating"":""yes"",""name"":""Carhaus Bistro"",""opening_hours"":""Mo-Sa 08:30-20:00; Su 11:00-20:00"",""outdoor_seating"":""yes"",""smoking"":""outside"",""toilets"":""yes"",""toilets:wheelchair"":""no"",""website"":""https://www.carhaus.ro"",""wheelchair"":""limited""}}",2026-05-30 08:46:18.442513+00:00
osm,osm:node/11096882666,Ted's Coffee Co.,Romania,București,cafe,44.501266,26.068447,,,,,"{""addr:city"":""București"",""addr:housenumber"":""8A"",""addr:street"":""Șoseaua Gheorghe Ionescu Sisești"",""amenity"":""cafe"",""brand"":""Ted's Coffee Co."",""brand:wikidata"":""Q137035177"",""cuisine"":""coffee_shop"",""internet_access"":""no"",""name"":""Ted's Coffee Co."",""opening_hours"":""Mo-Fr 08:00-17:00"",""outdoor_seating"":""no"",""phone"":""+40 730 178 167"",""takeaway"":""yes"",""website"":""https://tedscoffeecompany.com/locatie/teds-coffee-co-bucuresti-enayati-medical-center/"",""formatted_address"":""Șoseaua Gheorghe Ionescu Sisești 8A, București"",""primary_type"":""amenity=cafe"",""osm_meta"":{""version"":2,""timestamp"":""2026-04-07T22:18:13Z"",""changeset"":181022529,""uid"":69259,""user"":""DnaX""}}","{""type"":""node"",""id"":11096882666,""lat"":44.501266,""lon"":26.068447,""timestamp"":""2026-04-07T22:18:13Z"",""version"":2,""changeset"":181022529,""user"":""DnaX"",""uid"":69259,""tags"":{""addr:city"":""București"",""addr:housenumber"":""8A"",""addr:street"":""Șoseaua Gheorghe Ionescu Sisești"",""amenity"":""cafe"",""brand"":""Ted's Coffee Co."",""brand:wikidata"":""Q137035177"",""cuisine"":""coffee_shop"",""internet_access"":""no"",""name"":""Ted's Coffee Co."",""opening_hours"":""Mo-Fr 08:00-17:00"",""outdoor_seating"":""no"",""phone"":""+40 730 178 167"",""takeaway"":""yes"",""website"":""https://tedscoffeecompany.com/locatie/teds-coffee-co-bucuresti-enayati-medical-center/""}}",2026-05-30 08:46:18.442513+00:00
osm,osm:node/1811804777,Glamour Caffe,Romania,București,cafe,44.4934334,26.0796819,,,,,"{""addr:city"":""București"",""addr:postcode"":""013684"",""addr:street"":""Șoseaua București-Ploiești"",""amenity"":""cafe"",""name"":""Glamour Caffe"",""outdoor_seating"":""yes"",""formatted_address"":""Șoseaua București-Ploiești, 013684, București"",""primary_type"":""amenity=cafe"",""osm_meta"":{""version"":3,""timestamp"":""2019-04-14T14:16:59Z"",""changeset"":69203805,""uid"":9484321,""user"":""Dan 9""}}","{""type"":""node"",""id"":1811804777,""lat"":44.4934334,""lon"":26.0796819,""timestamp"":""2019-04-14T14:16:59Z"",""version"":3,""changeset"":69203805,""user"":""Dan 9"",""uid"":9484321,""tags"":{""addr:city"":""București"",""addr:postcode"":""013684"",""addr:street"":""Șoseaua București-Ploiești"",""amenity"":""cafe"",""name"":""Glamour Caffe"",""outdoor_seating"":""yes""}}",2026-05-30 08:46:18.442513+00:00
osm,osm:node/2456195081,5 to go,Romania,București,cafe,44.4950598,26.0779382,,,,,"{""addr:city"":""București"",""addr:housenumber"":""1A"",""addr:postcode"":""013793"",""addr:street"":""Bulevardul Ion Ionescu de la Brad"",""amenity"":""cafe"",""brand"":""5 to go"",""brand:wikidata"":""Q115684369"",""cuisine"":""coffee_shop"",""name"":""5 to go"",""outdoor_seating"":""yes"",""source"":""survey;local knowledge"",""takeaway"":""yes"",""website"":""https://fivetogo.ro/"",""website:menu"":""https://fivetogo.ro/meniu/"",""formatted_address"":""Bulevardul Ion Ionescu de la Brad 1A, 013793, București"",""primary_type"":""amenity=cafe"",""osm_meta"":{""version"":7,""timestamp"":""2025-02-10T10:27:06Z"",""changeset"":162344241,""uid"":3086786,""user"":""Stefan Scanteie""}}","{""type"":""node"",""id"":2456195081,""lat"":44.4950598,""lon"":26.0779382,""timestamp"":""2025-02-10T10:27:06Z"",""version"":7,""changeset"":162344241,""user"":""Stefan Scanteie"",""uid"":3086786,""tags"":{""addr:city"":""București"",""addr:housenumber"":""1A"",""addr:postcode"":""013793"",""addr:street"":""Bulevardul Ion Ionescu de la Brad"",""amenity"":""cafe"",""brand"":""5 to go"",""brand:wikidata"":""Q115684369"",""cuisine"":""coffee_shop"",""name"":""5 to go"",""outdoor_seating"":""yes"",""source"":""survey;local knowledge"",""takeaway"":""yes"",""website"":""https://fivetogo.ro/"",""website:menu"":""https://fivetogo.ro/meniu/""}}",2026-05-30 08:46:18.442513+00:00
osm,osm:node/10703815645,doppito,Romania,Bucharest,cafe,44.4941244,26.0807534,,,,,"{""amenity"":""cafe"",""indoor_seating"":""no"",""name"":""doppito"",""opening_hours"":""Mo-Fr 07:00-16:00"",""outdoor_seating"":""no"",""takeaway"":""only"",""wheelchair"":""no"",""formatted_address"":"""",""primary_type"":""amenity=cafe"",""osm_meta"":{""version"":9,""timestamp"":""2025-04-08T04:18:28Z"",""changeset"":164659550,""uid"":8430074,""user"":""alexnder""}}","{""type"":""node"",""id"":10703815645,""lat"":44.4941244,""lon"":26.0807534,""timestamp"":""2025-04-08T04:18:28Z"",""version"":9,""changeset"":164659550,""user"":""alexnder"",""uid"":8430074,""tags"":{""amenity"":""cafe"",""indoor_seating"":""no"",""name"":""doppito"",""opening_hours"":""Mo-Fr 07:00-16:00"",""outdoor_seating"":""no"",""takeaway"":""only"",""wheelchair"":""no""}}",2026-05-30 08:46:18.442513+00:00
osm,osm:node/11113983470,Isetta Bar,Romania,București,cafe,44.5014236,26.0794478,,,,,"{""addr:city"":""București"",""addr:housenumber"":""53A"",""addr:street"":""Șoseaua București-Ploiești"",""amenity"":""cafe"",""level"":""3"",""name"":""Isetta Bar"",""opening_hours"":""Mo-Fr 08:00-19:00; Sa 09:00-14:00"",""outdoor_seating"":""no"",""phone"":""+40 21 200 62 63"",""website"":""https://bmw-bavaria.ro/baneasa/"",""formatted_address"":""Șoseaua București-Ploiești 53A, București"",""primary_type"":""amenity=cafe"",""osm_meta"":{""version"":1,""timestamp"":""2023-08-14T11:19:33Z"",""changeset"":139866734,""uid"":3086786,""user"":""Stefan Scanteie""}}","{""type"":""node"",""id"":11113983470,""lat"":44.5014236,""lon"":26.0794478,""timestamp"":""2023-08-14T11:19:33Z"",""version"":1,""changeset"":139866734,""user"":""Stefan Scanteie"",""uid"":3086786,""tags"":{""addr:city"":""București"",""addr:housenumber"":""53A"",""addr:street"":""Șoseaua București-Ploiești"",""amenity"":""cafe"",""level"":""3"",""name"":""Isetta Bar"",""opening_hours"":""Mo-Fr 08:00-19:00; Sa 09:00-14:00"",""outdoor_seating"":""no"",""phone"":""+40 21 200 62 63"",""website"":""https://bmw-bavaria.ro/baneasa/""}}",2026-05-30 08:46:18.442513+00:00
osm,osm:node/919340405,Isoletta,Romania,Bucharest,cafe,44.4778722,26.0850025,,,,,"{""amenity"":""cafe"",""cuisine"":""coffee_shop;regional"",""name"":""Isoletta"",""formatted_address"":"""",""primary_type"":""amenity=cafe"",""osm_meta"":{""version"":3,""timestamp"":""2021-04-28T19:30:03Z"",""changeset"":103798302,""uid"":4648211,""user"":""Mihai Mandea""}}","{""type"":""node"",""id"":919340405,""lat"":44.4778722,""lon"":26.0850025,""timestamp"":""2021-04-28T19:30:03Z"",""version"":3,""changeset"":103798302,""user"":""Mihai Mandea"",""uid"":4648211,""tags"":{""amenity"":""cafe"",""cuisine"":""coffee_shop;regional"",""name"":""Isoletta""}}",2026-05-30 08:46:18.442513+00:00
osm,osm:node/2190036451,others,Romania,București,cafe,44.4778508,26.0896139,,,,,"{""addr:city"":""București"",""addr:housenumber"":""6"",""addr:street"":""Strada Ceasornicului"",""amenity"":""cafe"",""source:addr:housenumber"":""survey"",""formatted_address"":""Strada Ceasornicului 6, București"",""primary_type"":""amenity=cafe"",""osm_meta"":{""version"":6,""timestamp"":""2024-09-10T14:29:33Z"",""changeset"":156443732,""uid"":8430074,""user"":""alexnder""}}","{""type"":""node"",""id"":2190036451,""lat"":44.4778508,""lon"":26.0896139,""timestamp"":""2024-09-10T14:29:33Z"",""version"":6,""changeset"":156443732,""user"":""alexnder"",""uid"":8430074,""tags"":{""addr:city"":""București"",""addr:housenumber"":""6"",""addr:street"":""Strada Ceasornicului"",""amenity"":""cafe"",""source:addr:housenumber"":""survey""}}",2026-05-30 08:46:18.442513+00:00
osm,osm:node/5700272189,Wonders,Romania,București,cafe,44.4793589,26.0941833,,,,,"{""addr:city"":""București"",""addr:housenumber"":""1"",""addr:street"":""Strada Smaranda Brăescu"",""amenity"":""cafe"",""internet_access"":""wlan"",""internet_access:fee"":""yes"",""internet_access:ssid"":""Wonders"",""name"":""Wonders"",""opening_hours"":""Mo-Su 08:00-22:00"",""smoking"":""outside"",""source:addr:housenumber"":""survey"",""formatted_address"":""Strada Smaranda Brăescu 1, București"",""primary_type"":""amenity=cafe"",""osm_meta"":{""version"":5,""timestamp"":""2023-09-27T15:51:28Z"",""changeset"":141826633,""uid"":8430074,""user"":""alexnder""}}","{""type"":""node"",""id"":5700272189,""lat"":44.4793589,""lon"":26.0941833,""timestamp"":""2023-09-27T15:51:28Z"",""version"":5,""changeset"":141826633,""user"":""alexnder"",""uid"":8430074,""tags"":{""addr:city"":""București"",""addr:housenumber"":""1"",""addr:street"":""Strada Smaranda Brăescu"",""amenity"":""cafe"",""internet_access"":""wlan"",""internet_access:fee"":""yes"",""internet_access:ssid"":""Wonders"",""name"":""Wonders"",""opening_hours"":""Mo-Su 08:00-22:00"",""smoking"":""outside"",""source:addr:housenumber"":""survey""}}",2026-05-30 08:46:18.442513+00:00
osm,osm:node/7025903525,Beans&Dots,Romania,București,cafe,44.4788711,26.0936265,,,,,"{""addr:city"":""București"",""addr:housenumber"":""21"",""addr:street"":""Strada Zăgazului"",""amenity"":""cafe"",""name"":""Beans&Dots"",""source:addr:housenumber"":""survey"",""formatted_address"":""Strada Zăgazului 21, București"",""primary_type"":""amenity=cafe"",""osm_meta"":{""version"":5,""timestamp"":""2023-06-06T21:51:39Z"",""changeset"":137032837,""uid"":11303102,""user"":""watmildon""}}","{""type"":""node"",""id"":7025903525,""lat"":44.4788711,""lon"":26.0936265,""timestamp"":""2023-06-06T21:51:39Z"",""version"":5,""changeset"":137032837,""user"":""watmildon"",""uid"":11303102,""tags"":{""addr:city"":""București"",""addr:housenumber"":""21"",""addr:street"":""Strada Zăgazului"",""amenity"":""cafe"",""name"":""Beans&Dots"",""source:addr:housenumber"":""survey""}}",2026-05-30 08:46:18.442513+00:00
osm,osm:node/7179021187,Plantini,Romania,București,cafe,44.478635,26.09421,,,,,"{""addr:city"":""București"",""addr:housenumber"":""21-25"",""addr:street"":""Strada Zăgazului"",""alt_name"":""Plantini One"",""amenity"":""cafe"",""name"":""Plantini"",""source:addr:housenumber"":""survey"",""formatted_address"":""Strada Zăgazului 21-25, București"",""primary_type"":""amenity=cafe"",""osm_meta"":{""version"":5,""timestamp"":""2024-05-09T14:11:27Z"",""changeset"":151102532,""uid"":14888768,""user"":""Bolt036""}}","{""type"":""node"",""id"":7179021187,""lat"":44.478635,""lon"":26.09421,""timestamp"":""2024-05-09T14:11:27Z"",""version"":5,""changeset"":151102532,""user"":""Bolt036"",""uid"":14888768,""tags"":{""addr:city"":""București"",""addr:housenumber"":""21-25"",""addr:street"":""Strada Zăgazului"",""alt_name"":""Plantini One"",""amenity"":""cafe"",""name"":""Plantini"",""source:addr:housenumber"":""survey""}}",2026-05-30 08:46:18.442513+00:00
osm,osm:node/13829596725,5 to go,Romania,Bucharest,cafe,44.479545,26.0957321,,,,,"{""amenity"":""cafe"",""brand"":""5 to go"",""brand:wikidata"":""Q115684369"",""cuisine"":""coffee_shop"",""name"":""5 to go"",""takeaway"":""yes"",""formatted_address"":"""",""primary_type"":""amenity=cafe"",""osm_meta"":{""version"":1,""timestamp"":""2026-05-14T22:01:01Z"",""changeset"":182672211,""uid"":20320807,""user"":""SGFRO""}}","{""type"":""node"",""id"":13829596725,""lat"":44.479545,""lon"":26.0957321,""timestamp"":""2026-05-14T22:01:01Z"",""version"":1,""changeset"":182672211,""user"":""SGFRO"",""uid"":20320807,""tags"":{""amenity"":""cafe"",""brand"":""5 to go"",""brand:wikidata"":""Q115684369"",""cuisine"":""coffee_shop"",""name"":""5 to go"",""takeaway"":""yes""}}",2026-05-30 08:46:18.442513+00:00
osm,osm:node/6959347925,1 Minute,Romania,Bucharest,cafe,44.4833838,26.0919319,,,,,"{""amenity"":""cafe"",""name"":""1 Minute"",""opening_hours"":""Mo-Fr 07:00-19:00; Sa 08:00-14:00"",""formatted_address"":"""",""primary_type"":""amenity=cafe"",""osm_meta"":{""version"":2,""timestamp"":""2024-06-12T16:20:29Z"",""changeset"":152595321,""uid"":21323943,""user"":""DJack04""}}","{""type"":""node"",""id"":6959347925,""lat"":44.4833838,""lon"":26.0919319,""timestamp"":""2024-06-12T16:20:29Z"",""version"":2,""changeset"":152595321,""user"":""DJack04"",""uid"":21323943,""tags"":{""amenity"":""cafe"",""name"":""1 Minute"",""opening_hours"":""Mo-Fr 07:00-19:00; Sa 08:00-14:00""}}",2026-05-30 08:46:18.442513+00:00
osm,osm:node/11222935372,Ted's Coffee Co.,Romania,Bucharest,cafe,44.4855155,26.0914913,,,,,"{""amenity"":""cafe"",""brand"":""Ted's Coffee Co."",""brand:wikidata"":""Q137035177"",""cuisine"":""coffee_shop"",""name"":""Ted's Coffee Co."",""shop"":""coffee"",""takeaway"":""yes"",""formatted_address"":"""",""primary_type"":""amenity=cafe"",""osm_meta"":{""version"":2,""timestamp"":""2026-04-07T22:17:38Z"",""changeset"":181022517,""uid"":69259,""user"":""DnaX""}}","{""type"":""node"",""id"":11222935372,""lat"":44.4855155,""lon"":26.0914913,""timestamp"":""2026-04-07T22:17:38Z"",""version"":2,""changeset"":181022517,""user"":""DnaX"",""uid"":69259,""tags"":{""amenity"":""cafe"",""brand"":""Ted's Coffee Co."",""brand:wikidata"":""Q137035177"",""cuisine"":""coffee_shop"",""name"":""Ted's Coffee Co."",""shop"":""coffee"",""takeaway"":""yes""}}",2026-05-30 08:46:18.442513+00:00
osm,osm:node/11960885320,Stretto Plug In,Romania,Bucharest,cafe,44.4831301,26.0920884,,,,,"{""amenity"":""cafe"",""cuisine"":""coffee_shop"",""name"":""Stretto Plug In"",""opening_hours"":""Mo-Fr 07:00-19:00; Sa 09:00-14:00"",""formatted_address"":"""",""primary_type"":""amenity=cafe"",""osm_meta"":{""version"":2,""timestamp"":""2024-06-06T13:55:02Z"",""changeset"":152330948,""uid"":8430074,""user"":""alexnder""}}","{""type"":""node"",""id"":11960885320,""lat"":44.4831301,""lon"":26.0920884,""timestamp"":""2024-06-06T13:55:02Z"",""version"":2,""changeset"":152330948,""user"":""alexnder"",""uid"":8430074,""tags"":{""amenity"":""cafe"",""cuisine"":""coffee_shop"",""name"":""Stretto Plug In"",""opening_hours"":""Mo-Fr 07:00-19:00; Sa 09:00-14:00""}}",2026-05-30 08:46:18.442513+00:00
osm,osm:node/11226281614,5 to go,Romania,Bucharest,cafe,44.493435,26.0854532,,,,,"{""amenity"":""cafe"",""brand"":""5 to go"",""brand:wikidata"":""Q115684369"",""cuisine"":""coffee_shop"",""indoor_seating"":""no"",""name"":""5 to go"",""outdoor_seating"":""no"",""takeaway"":""yes"",""formatted_address"":"""",""primary_type"":""amenity=cafe"",""osm_meta"":{""version"":3,""timestamp"":""2026-04-07T22:55:47Z"",""changeset"":181023273,""uid"":69259,""user"":""DnaX""}}","{""type"":""node"",""id"":11226281614,""lat"":44.493435,""lon"":26.0854532,""timestamp"":""2026-04-07T22:55:47Z"",""version"":3,""changeset"":181023273,""user"":""DnaX"",""uid"":69259,""tags"":{""amenity"":""cafe"",""brand"":""5 to go"",""brand:wikidata"":""Q115684369"",""cuisine"":""coffee_shop"",""indoor_seating"":""no"",""name"":""5 to go"",""outdoor_seating"":""no"",""takeaway"":""yes""}}",2026-05-30 08:46:18.442513+00:00
osm,osm:node/503974339,Starbucks,RO,București,cafe,44.5061406,26.0890289,,,,,"{""addr:city"":""București"",""addr:country"":""RO"",""addr:housenumber"":""42D"",""addr:postcode"":""015011"",""addr:street"":""Șoseaua București-Ploiești"",""amenity"":""cafe"",""brand"":""Starbucks"",""brand:wikidata"":""Q37158"",""brand:wikipedia"":""en:Starbucks"",""cuisine"":""coffee_shop"",""facebook"":""StarbucksRomania"",""name"":""Starbucks"",""official_name"":""Starbucks Coffee"",""opening_hours"":""Mo-Su 10:00-22:00"",""operator"":""Amrest Coffee SRL"",""outdoor_seating"":""yes"",""takeaway"":""yes"",""website"":""https://www.starbucksromania.ro/"",""wheelchair"":""yes"",""formatted_address"":""Șoseaua București-Ploiești 42D, 015011, București"",""primary_type"":""amenity=cafe"",""osm_meta"":{""version"":18,""timestamp"":""2025-02-21T06:49:19Z"",""changeset"":162766658,""uid"":3086786,""user"":""Stefan Scanteie""}}","{""type"":""node"",""id"":503974339,""lat"":44.5061406,""lon"":26.0890289,""timestamp"":""2025-02-21T06:49:19Z"",""version"":18,""changeset"":162766658,""user"":""Stefan Scanteie"",""uid"":3086786,""tags"":{""addr:city"":""București"",""addr:country"":""RO"",""addr:housenumber"":""42D"",""addr:postcode"":""015011"",""addr:street"":""Șoseaua București-Ploiești"",""amenity"":""cafe"",""brand"":""Starbucks"",""brand:wikidata"":""Q37158"",""brand:wikipedia"":""en:Starbucks"",""cuisine"":""coffee_shop"",""facebook"":""StarbucksRomania"",""name"":""Starbucks"",""official_name"":""Starbucks Coffee"",""opening_hours"":""Mo-Su 10:00-22:00"",""operator"":""Amrest Coffee SRL"",""outdoor_seating"":""yes"",""takeaway"":""yes"",""website"":""https://www.starbucksromania.ro/"",""wheelchair"":""yes""}}",2026-05-30 08:46:18.442513+00:00
osm,osm:node/11096820481,Cafe Nescafe,Romania,București,cafe,44.5063529,26.0894695,,,,,"{""addr:city"":""București"",""addr:housenumber"":""42D"",""addr:postcode"":""015011"",""addr:street"":""Șoseaua București-Ploiești"",""amenity"":""cafe"",""branch"":""Baneasa"",""facebook"":""nescafe.baneasa"",""level"":""0"",""name"":""Cafe Nescafe"",""opening_hours"":""Mo-Su 10:00-22:00"",""operator"":""Dyonissos Group SRL"",""phone"":""+40 746 146 315"",""formatted_address"":""Șoseaua București-Ploiești 42D, 015011, București"",""primary_type"":""amenity=cafe"",""osm_meta"":{""version"":1,""timestamp"":""2023-08-07T11:05:52Z"",""changeset"":139558850,""uid"":9484321,""user"":""Dan 9""}}","{""type"":""node"",""id"":11096820481,""lat"":44.5063529,""lon"":26.0894695,""timestamp"":""2023-08-07T11:05:52Z"",""version"":1,""changeset"":139558850,""user"":""Dan 9"",""uid"":9484321,""tags"":{""addr:city"":""București"",""addr:housenumber"":""42D"",""addr:postcode"":""015011"",""addr:street"":""Șoseaua București-Ploiești"",""amenity"":""cafe"",""branch"":""Baneasa"",""facebook"":""nescafe.baneasa"",""level"":""0"",""name"":""Cafe Nescafe"",""opening_hours"":""Mo-Su 10:00-22:00"",""operator"":""Dyonissos Group SRL"",""phone"":""+40 746 146 315""}}",2026-05-30 08:46:18.442513+00:00
osm,osm:node/11096854771,Atlas Cafe,RO,București,cafe,44.5063976,26.089465,,,,,"{""addr:city"":""București"",""addr:country"":""RO"",""addr:housenumber"":""42D"",""addr:postcode"":""015011"",""addr:street"":""Șoseaua București-Ploiești"",""amenity"":""cafe"",""branch"":""Baneasa"",""facebook"":""atlascoffeebucharest"",""level"":""1"",""name"":""Atlas Cafe"",""opening_hours"":""Mo-Su 10:00-22:00"",""phone"":""+40 729 705 991"",""website"":""https://atlascoffee.ro/"",""formatted_address"":""Șoseaua București-Ploiești 42D, 015011, București"",""primary_type"":""amenity=cafe"",""osm_meta"":{""version"":1,""timestamp"":""2023-08-07T11:05:52Z"",""changeset"":139558850,""uid"":9484321,""user"":""Dan 9""}}","{""type"":""node"",""id"":11096854771,""lat"":44.5063976,""lon"":26.089465,""timestamp"":""2023-08-07T11:05:52Z"",""version"":1,""changeset"":139558850,""user"":""Dan 9"",""uid"":9484321,""tags"":{""addr:city"":""București"",""addr:country"":""RO"",""addr:housenumber"":""42D"",""addr:postcode"":""015011"",""addr:street"":""Șoseaua București-Ploiești"",""amenity"":""cafe"",""branch"":""Baneasa"",""facebook"":""atlascoffeebucharest"",""level"":""1"",""name"":""Atlas Cafe"",""opening_hours"":""Mo-Su 10:00-22:00"",""phone"":""+40 729 705 991"",""website"":""https://atlascoffee.ro/""}}",2026-05-30 08:46:18.442513+00:00
osm,osm:node/13120771151,Gloria Jean’s,Romania,Bucharest,cafe,44.5062351,26.0894554,,,,,"{""amenity"":""cafe"",""cuisine"":""coffee_shop"",""facebook"":""https://www.facebook.com/gloriajeanscoffeesromania"",""name"":""Gloria Jean’s"",""opening_hours"":""Mo-Su 10:00-22:00"",""phone"":""+40 735 511 984"",""website"":""https://gloriajeans.ro"",""formatted_address"":"""",""primary_type"":""amenity=cafe"",""osm_meta"":{""version"":1,""timestamp"":""2025-09-05T08:26:10Z"",""changeset"":171485013,""uid"":17513069,""user"":""Evgeniya_rocketdata""}}","{""type"":""node"",""id"":13120771151,""lat"":44.5062351,""lon"":26.0894554,""timestamp"":""2025-09-05T08:26:10Z"",""version"":1,""changeset"":171485013,""user"":""Evgeniya_rocketdata"",""uid"":17513069,""tags"":{""amenity"":""cafe"",""cuisine"":""coffee_shop"",""facebook"":""https://www.facebook.com/gloriajeanscoffeesromania"",""name"":""Gloria Jean’s"",""opening_hours"":""Mo-Su 10:00-22:00"",""phone"":""+40 735 511 984"",""website"":""https://gloriajeans.ro""}}",2026-05-30 08:46:18.442513+00:00
osm,osm:way/1183479147,Alka Factory Shop,Romania,București,cafe,44.4910598,26.0647566,,,,,"{""addr:city"":""București"",""addr:housenumber"":""76"",""addr:street"":""Șoseaua Străulești"",""amenity"":""cafe"",""building"":""yes"",""name"":""Alka Factory Shop"",""opening_hours"":""Mo-Fr 07:30-16:30"",""source"":""microsoft/BuildingFootprints"",""formatted_address"":""Șoseaua Străulești 76, București"",""primary_type"":""amenity=cafe"",""osm_meta"":{""version"":1,""timestamp"":""2023-06-19T19:02:42Z"",""changeset"":137531932,""uid"":8430074,""user"":""alexnder""}}","{""type"":""way"",""id"":1183479147,""timestamp"":""2023-06-19T19:02:42Z"",""version"":1,""changeset"":137531932,""user"":""alexnder"",""uid"":8430074,""center"":{""lat"":44.4910598,""lon"":26.0647566},""nodes"":[10990085447,10990085448,10990085449,10990085450,10990085447],""tags"":{""addr:city"":""București"",""addr:housenumber"":""76"",""addr:street"":""Șoseaua Străulești"",""amenity"":""cafe"",""building"":""yes"",""name"":""Alka Factory Shop"",""opening_hours"":""Mo-Fr 07:30-16:30"",""source"":""microsoft/BuildingFootprints""}}",2026-05-30 08:46:18.442513+00:00
osm,osm:way/1324124220,Caffee Republic,RO,București,cafe,44.5061072,26.0881798,,,,,"{""addr:city"":""București"",""addr:country"":""RO"",""addr:housenumber"":""42D"",""addr:postcode"":""015011"",""addr:street"":""Șoseaua București-Ploiești"",""amenity"":""cafe"",""building"":""retail"",""building:levels"":""1"",""height"":""3"",""name"":""Caffee Republic"",""opening_hours"":""Mo-Su 10:00-23:30"",""outdoor_seating"":""yes"",""phone"":""+40 735 616 473"",""takeaway"":""yes"",""formatted_address"":""Șoseaua București-Ploiești 42D, 015011, București"",""primary_type"":""amenity=cafe"",""osm_meta"":{""version"":1,""timestamp"":""2024-10-15T13:59:42Z"",""changeset"":157922573,""uid"":9484321,""user"":""Dan 9""}}","{""type"":""way"",""id"":1324124220,""timestamp"":""2024-10-15T13:59:42Z"",""version"":1,""changeset"":157922573,""user"":""Dan 9"",""uid"":9484321,""center"":{""lat"":44.5061072,""lon"":26.0881798},""nodes"":[12253010399,12253010400,12253010401,12253010402,12253010399],""tags"":{""addr:city"":""București"",""addr:country"":""RO"",""addr:housenumber"":""42D"",""addr:postcode"":""015011"",""addr:street"":""Șoseaua București-Ploiești"",""amenity"":""cafe"",""building"":""retail"",""building:levels"":""1"",""height"":""3"",""name"":""Caffee Republic"",""opening_hours"":""Mo-Su 10:00-23:30"",""outdoor_seating"":""yes"",""phone"":""+40 735 616 473"",""takeaway"":""yes""}}",2026-05-30 08:46:18.442513+00:00
osm,osm:way/1324124221,Café Nescafé,Romania,București,cafe,44.5063457,26.088716,,,,,"{""addr:city"":""București"",""addr:housenumber"":""42D"",""addr:postcode"":""015011"",""addr:street"":""Șoseaua București-Ploiești"",""amenity"":""cafe"",""building"":""retail"",""building:levels"":""1"",""height"":""3"",""name"":""Café Nescafé"",""opening_hours"":""Mo-Su 10:00-22:00"",""outdoor_seating"":""yes"",""formatted_address"":""Șoseaua București-Ploiești 42D, 015011, București"",""primary_type"":""amenity=cafe"",""osm_meta"":{""version"":1,""timestamp"":""2024-10-15T13:59:42Z"",""changeset"":157922573,""uid"":9484321,""user"":""Dan 9""}}","{""type"":""way"",""id"":1324124221,""timestamp"":""2024-10-15T13:59:42Z"",""version"":1,""changeset"":157922573,""user"":""Dan 9"",""uid"":9484321,""center"":{""lat"":44.5063457,""lon"":26.088716},""nodes"":[12253010403,12253010404,12253010405,12253010406,12253010403],""tags"":{""addr:city"":""București"",""addr:housenumber"":""42D"",""addr:postcode"":""015011"",""addr:street"":""Șoseaua București-Ploiești"",""amenity"":""cafe"",""building"":""retail"",""building:levels"":""1"",""height"":""3"",""name"":""Café Nescafé"",""opening_hours"":""Mo-Su 10:00-22:00"",""outdoor_seating"":""yes""}}",2026-05-30 08:46:18.442513+00:00
osm,osm:node/4833254421,Starbucks,Romania,București,cafe,44.4786384,26.1026031,,,,,"{""addr:city"":""București"",""addr:housenumber"":""246B"",""addr:postcode"":""014476"",""addr:street"":""Calea Floreasca"",""amenity"":""cafe"",""brand"":""Starbucks"",""brand:wikidata"":""Q37158"",""brand:wikipedia"":""en:Starbucks"",""check_date:opening_hours"":""2025-04-08"",""cuisine"":""coffee_shop"",""level"":""0"",""name"":""Starbucks"",""name:en"":""Starbucks"",""name:ro"":""Starbucks"",""official_name"":""Starbucks Coffee"",""opening_hours"":""Mo-Su 08:00-22:00"",""outdoor_seating"":""yes"",""source:addr:housenumber"":""survey"",""takeaway"":""yes"",""formatted_address"":""Calea Floreasca 246B, 014476, București"",""primary_type"":""amenity=cafe"",""osm_meta"":{""version"":13,""timestamp"":""2025-04-14T07:39:44Z"",""changeset"":164924989,""uid"":22694792,""user"":""Ekwueme""}}","{""type"":""node"",""id"":4833254421,""lat"":44.4786384,""lon"":26.1026031,""timestamp"":""2025-04-14T07:39:44Z"",""version"":13,""changeset"":164924989,""user"":""Ekwueme"",""uid"":22694792,""tags"":{""addr:city"":""București"",""addr:housenumber"":""246B"",""addr:postcode"":""014476"",""addr:street"":""Calea Floreasca"",""amenity"":""cafe"",""brand"":""Starbucks"",""brand:wikidata"":""Q37158"",""brand:wikipedia"":""en:Starbucks"",""check_date:opening_hours"":""2025-04-08"",""cuisine"":""coffee_shop"",""level"":""0"",""name"":""Starbucks"",""name:en"":""Starbucks"",""name:ro"":""Starbucks"",""official_name"":""Starbucks Coffee"",""opening_hours"":""Mo-Su 08:00-22:00"",""outdoor_seating"":""yes"",""source:addr:housenumber"":""survey"",""takeaway"":""yes""}}",2026-05-30 08:46:18.442513+00:00
osm,osm:node/7179021186,Orygyns Speciality Coffee,Romania,Bucharest,cafe,44.4800156,26.1004705,,,,,"{""amenity"":""cafe"",""name"":""Orygyns Speciality Coffee"",""name:en"":""Orygyns Speciality Coffee"",""opening_hours"":""Mo-Fr 07:30-18:00; Sa,Su 08:00-17:00"",""formatted_address"":"""",""primary_type"":""amenity=cafe"",""osm_meta"":{""version"":3,""timestamp"":""2025-04-14T07:40:00Z"",""changeset"":164924989,""uid"":22694792,""user"":""Ekwueme""}}","{""type"":""node"",""id"":7179021186,""lat"":44.4800156,""lon"":26.1004705,""timestamp"":""2025-04-14T07:40:00Z"",""version"":3,""changeset"":164924989,""user"":""Ekwueme"",""uid"":22694792,""tags"":{""amenity"":""cafe"",""name"":""Orygyns Speciality Coffee"",""name:en"":""Orygyns Speciality Coffee"",""opening_hours"":""Mo-Fr 07:30-18:00; Sa,Su 08:00-17:00""}}",2026-05-30 08:46:18.442513+00:00
osm,osm:node/2484094076,Tutti Cafe,Romania,București,cafe,44.4781025,26.1035182,,,,,"{""addr:city"":""București"",""addr:housenumber"":""246B"",""addr:postcode"":""014476"",""addr:street"":""Calea Floreasca"",""amenity"":""cafe"",""check_date:opening_hours"":""2025-04-08"",""is_in"":""București"",""level"":""2"",""name"":""Tutti Cafe"",""opening_hours"":""Mo-Su 10:00-22:00"",""outdoor_seating"":""yes"",""formatted_address"":""Calea Floreasca 246B, 014476, București"",""primary_type"":""amenity=cafe"",""osm_meta"":{""version"":14,""timestamp"":""2025-04-14T07:39:33Z"",""changeset"":164924989,""uid"":22694792,""user"":""Ekwueme""}}","{""type"":""node"",""id"":2484094076,""lat"":44.4781025,""lon"":26.1035182,""timestamp"":""2025-04-14T07:39:33Z"",""version"":14,""changeset"":164924989,""user"":""Ekwueme"",""uid"":22694792,""tags"":{""addr:city"":""București"",""addr:housenumber"":""246B"",""addr:postcode"":""014476"",""addr:street"":""Calea Floreasca"",""amenity"":""cafe"",""check_date:opening_hours"":""2025-04-08"",""is_in"":""București"",""level"":""2"",""name"":""Tutti Cafe"",""opening_hours"":""Mo-Su 10:00-22:00"",""outdoor_seating"":""yes""}}",2026-05-30 08:46:18.442513+00:00
osm,osm:node/4866286521,Manufaktura,Romania,București,cafe,44.4782798,26.1039867,,,,,"{""addr:city"":""București"",""addr:housenumber"":""246B"",""addr:postcode"":""014476"",""addr:street"":""Calea Floreasca"",""amenity"":""cafe"",""check_date:opening_hours"":""2025-04-08"",""level"":""0"",""name"":""Manufaktura"",""opening_hours"":""Mo-Su 10:00-22:00"",""outdoor_seating"":""yes"",""formatted_address"":""Calea Floreasca 246B, 014476, București"",""primary_type"":""amenity=cafe"",""osm_meta"":{""version"":8,""timestamp"":""2025-04-14T07:39:36Z"",""changeset"":164924989,""uid"":22694792,""user"":""Ekwueme""}}","{""type"":""node"",""id"":4866286521,""lat"":44.4782798,""lon"":26.1039867,""timestamp"":""2025-04-14T07:39:36Z"",""version"":8,""changeset"":164924989,""user"":""Ekwueme"",""uid"":22694792,""tags"":{""addr:city"":""București"",""addr:housenumber"":""246B"",""addr:postcode"":""014476"",""addr:street"":""Calea Floreasca"",""amenity"":""cafe"",""check_date:opening_hours"":""2025-04-08"",""level"":""0"",""name"":""Manufaktura"",""opening_hours"":""Mo-Su 10:00-22:00"",""outdoor_seating"":""yes""}}",2026-05-30 08:46:18.442513+00:00
osm,osm:node/5014222524,Costadoro Coffee Lab,Romania,București,cafe,44.478526,26.1032376,,,,,"{""addr:city"":""București"",""addr:postcode"":""014476"",""addr:street"":""Calea Floreasca"",""amenity"":""cafe"",""check_date:opening_hours"":""2025-04-08"",""level"":""2"",""name"":""Costadoro Coffee Lab"",""opening_hours"":""Mo-Su 10:00-22:00"",""outdoor_seating"":""yes"",""formatted_address"":""Calea Floreasca, 014476, București"",""primary_type"":""amenity=cafe"",""osm_meta"":{""version"":12,""timestamp"":""2025-04-14T07:39:44Z"",""changeset"":164924989,""uid"":22694792,""user"":""Ekwueme""}}","{""type"":""node"",""id"":5014222524,""lat"":44.478526,""lon"":26.1032376,""timestamp"":""2025-04-14T07:39:44Z"",""version"":12,""changeset"":164924989,""user"":""Ekwueme"",""uid"":22694792,""tags"":{""addr:city"":""București"",""addr:postcode"":""014476"",""addr:street"":""Calea Floreasca"",""amenity"":""cafe"",""check_date:opening_hours"":""2025-04-08"",""level"":""2"",""name"":""Costadoro Coffee Lab"",""opening_hours"":""Mo-Su 10:00-22:00"",""outdoor_seating"":""yes""}}",2026-05-30 08:46:18.442513+00:00
osm,osm:node/11958088014,Ted's Coffee Co.,RO,București,cafe,44.4802921,26.1035337,,,,,"{""addr:city"":""București"",""addr:country"":""RO"",""addr:housenumber"":""42"",""addr:postcode"":""020112"",""addr:street"":""Șoseaua Pipera"",""amenity"":""cafe"",""brand"":""Ted's Coffee Co."",""brand:wikidata"":""Q137035177"",""cuisine"":""coffee_shop"",""name"":""Ted's Coffee Co."",""opening_hours"":""Mo-Fr 07:30-15:30"",""outdoor_seating"":""yes"",""phone"":""+40 740 151 569"",""takeaway"":""yes"",""website"":""https://www.tedscoffeecompany.com/"",""formatted_address"":""Șoseaua Pipera 42, 020112, București"",""primary_type"":""amenity=cafe"",""osm_meta"":{""version"":2,""timestamp"":""2026-04-07T22:17:55Z"",""changeset"":181022523,""uid"":69259,""user"":""DnaX""}}","{""type"":""node"",""id"":11958088014,""lat"":44.4802921,""lon"":26.1035337,""timestamp"":""2026-04-07T22:17:55Z"",""version"":2,""changeset"":181022523,""user"":""DnaX"",""uid"":69259,""tags"":{""addr:city"":""București"",""addr:country"":""RO"",""addr:housenumber"":""42"",""addr:postcode"":""020112"",""addr:street"":""Șoseaua Pipera"",""amenity"":""cafe"",""brand"":""Ted's Coffee Co."",""brand:wikidata"":""Q137035177"",""cuisine"":""coffee_shop"",""name"":""Ted's Coffee Co."",""opening_hours"":""Mo-Fr 07:30-15:30"",""outdoor_seating"":""yes"",""phone"":""+40 740 151 569"",""takeaway"":""yes"",""website"":""https://www.tedscoffeecompany.com/""}}",2026-05-30 08:46:18.442513+00:00
osm,osm:node/13233924327,ibrik,Romania,Bucharest,cafe,44.4783715,26.1058848,,,,,"{""amenity"":""cafe"",""cuisine"":""coffee_shop"",""name"":""ibrik"",""formatted_address"":"""",""primary_type"":""amenity=cafe"",""osm_meta"":{""version"":1,""timestamp"":""2025-10-15T04:43:31Z"",""changeset"":173300971,""uid"":8430074,""user"":""alexnder""}}","{""type"":""node"",""id"":13233924327,""lat"":44.4783715,""lon"":26.1058848,""timestamp"":""2025-10-15T04:43:31Z"",""version"":1,""changeset"":173300971,""user"":""alexnder"",""uid"":8430074,""tags"":{""amenity"":""cafe"",""cuisine"":""coffee_shop"",""name"":""ibrik""}}",2026-05-30 08:46:18.442513+00:00
osm,osm:node/4107002593,Starbucks,Romania,București,cafe,44.4780955,26.1149283,,,,,"{""addr:city"":""București"",""addr:housenumber"":""9B"",""addr:postcode"":""020331"",""addr:street"":""Șoseaua Fabrica de Glucoză"",""amenity"":""cafe"",""brand"":""Starbucks"",""brand:wikidata"":""Q37158"",""brand:wikipedia"":""en:Starbucks"",""cuisine"":""coffee_shop"",""name"":""Starbucks"",""official_name"":""Starbucks Coffee"",""opening_hours"":""Mo-Fr 08:00-19:30"",""takeaway"":""yes"",""formatted_address"":""Șoseaua Fabrica de Glucoză 9B, 020331, București"",""primary_type"":""amenity=cafe"",""osm_meta"":{""version"":5,""timestamp"":""2019-08-13T10:26:07Z"",""changeset"":73300256,""uid"":9484321,""user"":""Dan 9""}}","{""type"":""node"",""id"":4107002593,""lat"":44.4780955,""lon"":26.1149283,""timestamp"":""2019-08-13T10:26:07Z"",""version"":5,""changeset"":73300256,""user"":""Dan 9"",""uid"":9484321,""tags"":{""addr:city"":""București"",""addr:housenumber"":""9B"",""addr:postcode"":""020331"",""addr:street"":""Șoseaua Fabrica de Glucoză"",""amenity"":""cafe"",""brand"":""Starbucks"",""brand:wikidata"":""Q37158"",""brand:wikipedia"":""en:Starbucks"",""cuisine"":""coffee_shop"",""name"":""Starbucks"",""official_name"":""Starbucks Coffee"",""opening_hours"":""Mo-Fr 08:00-19:30"",""takeaway"":""yes""}}",2026-05-30 08:46:18.442513+00:00
osm,osm:node/10111661680,FruFru,Romania,București,cafe,44.4781058,26.1152679,,,,,"{""addr:city"":""București"",""addr:housenumber"":""9B"",""addr:postcode"":""020339"",""addr:street"":""Șoseaua Fabrica de Glucoză"",""amenity"":""cafe"",""name"":""FruFru"",""opening_hours"":""Mo-Fr 08:00-16:00"",""phone"":""+40754042306"",""website"":""https://www.frufru.ro/"",""formatted_address"":""Șoseaua Fabrica de Glucoză 9B, 020339, București"",""primary_type"":""amenity=cafe"",""osm_meta"":{""version"":1,""timestamp"":""2022-10-18T15:46:12Z"",""changeset"":127734952,""uid"":9484321,""user"":""Dan 9""}}","{""type"":""node"",""id"":10111661680,""lat"":44.4781058,""lon"":26.1152679,""timestamp"":""2022-10-18T15:46:12Z"",""version"":1,""changeset"":127734952,""user"":""Dan 9"",""uid"":9484321,""tags"":{""addr:city"":""București"",""addr:housenumber"":""9B"",""addr:postcode"":""020339"",""addr:street"":""Șoseaua Fabrica de Glucoză"",""amenity"":""cafe"",""name"":""FruFru"",""opening_hours"":""Mo-Fr 08:00-16:00"",""phone"":""+40754042306"",""website"":""https://www.frufru.ro/""}}",2026-05-30 08:46:18.442513+00:00
osm,osm:node/12652303088,Ted's Coffee Co.,Romania,București,cafe,44.4783289,26.1153841,,,,,"{""addr:city"":""București"",""amenity"":""cafe"",""brand"":""Ted's Coffee Co."",""brand:wikidata"":""Q137035177"",""cuisine"":""coffee_shop"",""name"":""Ted's Coffee Co."",""takeaway"":""yes"",""formatted_address"":""București"",""primary_type"":""amenity=cafe"",""osm_meta"":{""version"":3,""timestamp"":""2026-04-07T22:19:11Z"",""changeset"":181022563,""uid"":69259,""user"":""DnaX""}}","{""type"":""node"",""id"":12652303088,""lat"":44.4783289,""lon"":26.1153841,""timestamp"":""2026-04-07T22:19:11Z"",""version"":3,""changeset"":181022563,""user"":""DnaX"",""uid"":69259,""tags"":{""addr:city"":""București"",""amenity"":""cafe"",""brand"":""Ted's Coffee Co."",""brand:wikidata"":""Q137035177"",""cuisine"":""coffee_shop"",""name"":""Ted's Coffee Co."",""takeaway"":""yes""}}",2026-05-30 08:46:18.442513+00:00
osm,osm:node/12759697006,Ted's Coffee Co.,Romania,București,cafe,44.4810086,26.1134563,,,,,"{""addr:city"":""București"",""addr:housenumber"":""5-7"",""addr:street"":""Bulevardul Dimitrie Pompeiu"",""amenity"":""cafe"",""brand"":""Ted's Coffee Co."",""brand:wikidata"":""Q137035177"",""cuisine"":""coffee_shop"",""name"":""Ted's Coffee Co."",""takeaway"":""yes"",""website"":""https://tedscoffeecompany.com/locatie/pipera-hermes/"",""formatted_address"":""Bulevardul Dimitrie Pompeiu 5-7, București"",""primary_type"":""amenity=cafe"",""osm_meta"":{""version"":2,""timestamp"":""2026-04-07T22:18:47Z"",""changeset"":181022557,""uid"":69259,""user"":""DnaX""}}","{""type"":""node"",""id"":12759697006,""lat"":44.4810086,""lon"":26.1134563,""timestamp"":""2026-04-07T22:18:47Z"",""version"":2,""changeset"":181022557,""user"":""DnaX"",""uid"":69259,""tags"":{""addr:city"":""București"",""addr:housenumber"":""5-7"",""addr:street"":""Bulevardul Dimitrie Pompeiu"",""amenity"":""cafe"",""brand"":""Ted's Coffee Co."",""brand:wikidata"":""Q137035177"",""cuisine"":""coffee_shop"",""name"":""Ted's Coffee Co."",""takeaway"":""yes"",""website"":""https://tedscoffeecompany.com/locatie/pipera-hermes/""}}",2026-05-30 08:46:18.442513+00:00
osm,osm:node/4080665314,5 to go,Romania,București,cafe,44.4810866,26.116355,,,,,"{""addr:city"":""București"",""addr:housenumber"":""7G"",""addr:postcode"":""020337"",""addr:street"":""Bulevardul Dimitrie Pompeiu"",""amenity"":""cafe"",""brand"":""5 to go"",""brand:wikidata"":""Q115684369"",""cuisine"":""coffee_shop"",""name"":""5 to go"",""opening_hours"":""Mo-Fr 07:00-17:00"",""takeaway"":""yes"",""website"":""https://fivetogo.ro/"",""formatted_address"":""Bulevardul Dimitrie Pompeiu 7G, 020337, București"",""primary_type"":""amenity=cafe"",""osm_meta"":{""version"":6,""timestamp"":""2022-12-21T12:24:55Z"",""changeset"":130330845,""uid"":69259,""user"":""DnaX""}}","{""type"":""node"",""id"":4080665314,""lat"":44.4810866,""lon"":26.116355,""timestamp"":""2022-12-21T12:24:55Z"",""version"":6,""changeset"":130330845,""user"":""DnaX"",""uid"":69259,""tags"":{""addr:city"":""București"",""addr:housenumber"":""7G"",""addr:postcode"":""020337"",""addr:street"":""Bulevardul Dimitrie Pompeiu"",""amenity"":""cafe"",""brand"":""5 to go"",""brand:wikidata"":""Q115684369"",""cuisine"":""coffee_shop"",""name"":""5 to go"",""opening_hours"":""Mo-Fr 07:00-17:00"",""takeaway"":""yes"",""website"":""https://fivetogo.ro/""}}",2026-05-30 08:46:18.442513+00:00
osm,osm:node/6155859303,Starbucks,Romania,București,cafe,44.4807343,26.1175112,,,,,"{""addr:city"":""București"",""addr:housenumber"":""4-6"",""addr:postcode"":""020337"",""addr:street"":""Bulevardul Dimitrie Pompeiu"",""amenity"":""cafe"",""brand"":""Starbucks"",""brand:wikidata"":""Q37158"",""brand:wikipedia"":""en:Starbucks"",""cuisine"":""coffee_shop"",""internet_access"":""yes"",""internet_access:fee"":""customers"",""name"":""Starbucks"",""official_name"":""Starbucks Coffee"",""opening_hours"":""Mo-Fr 08:00-18:00"",""outdoor_seating"":""yes"",""takeaway"":""yes"",""website"":""https://www.starbucksromania.ro/"",""formatted_address"":""Bulevardul Dimitrie Pompeiu 4-6, 020337, București"",""primary_type"":""amenity=cafe"",""osm_meta"":{""version"":5,""timestamp"":""2023-08-23T10:50:29Z"",""changeset"":140269556,""uid"":3086786,""user"":""Stefan Scanteie""}}","{""type"":""node"",""id"":6155859303,""lat"":44.4807343,""lon"":26.1175112,""timestamp"":""2023-08-23T10:50:29Z"",""version"":5,""changeset"":140269556,""user"":""Stefan Scanteie"",""uid"":3086786,""tags"":{""addr:city"":""București"",""addr:housenumber"":""4-6"",""addr:postcode"":""020337"",""addr:street"":""Bulevardul Dimitrie Pompeiu"",""amenity"":""cafe"",""brand"":""Starbucks"",""brand:wikidata"":""Q37158"",""brand:wikipedia"":""en:Starbucks"",""cuisine"":""coffee_shop"",""internet_access"":""yes"",""internet_access:fee"":""customers"",""name"":""Starbucks"",""official_name"":""Starbucks Coffee"",""opening_hours"":""Mo-Fr 08:00-18:00"",""outdoor_seating"":""yes"",""takeaway"":""yes"",""website"":""https://www.starbucksromania.ro/""}}",2026-05-30 08:46:18.442513+00:00
osm,osm:node/12652303089,Ted's Coffee Co.,Romania,București,cafe,44.4798721,26.1162379,,,,,"{""addr:city"":""București"",""amenity"":""cafe"",""brand"":""Ted's Coffee Co."",""brand:wikidata"":""Q137035177"",""cuisine"":""coffee_shop"",""name"":""Ted's Coffee Co."",""takeaway"":""yes"",""website"":""https://tedscoffeecompany.com/"",""formatted_address"":""București"",""primary_type"":""amenity=cafe"",""osm_meta"":{""version"":3,""timestamp"":""2026-04-07T22:19:02Z"",""changeset"":181022561,""uid"":69259,""user"":""DnaX""}}","{""type"":""node"",""id"":12652303089,""lat"":44.4798721,""lon"":26.1162379,""timestamp"":""2026-04-07T22:19:02Z"",""version"":3,""changeset"":181022561,""user"":""DnaX"",""uid"":69259,""tags"":{""addr:city"":""București"",""amenity"":""cafe"",""brand"":""Ted's Coffee Co."",""brand:wikidata"":""Q137035177"",""cuisine"":""coffee_shop"",""name"":""Ted's Coffee Co."",""takeaway"":""yes"",""website"":""https://tedscoffeecompany.com/""}}",2026-05-30 08:46:18.442513+00:00
osm,osm:node/8828063881,5 to go,Romania,București,cafe,44.4831084,26.1198108,,,,,"{""addr:city"":""București"",""amenity"":""cafe"",""brand"":""5 to go"",""brand:wikidata"":""Q115684369"",""cuisine"":""coffee_shop"",""name"":""5 to go"",""takeaway"":""yes"",""formatted_address"":""București"",""primary_type"":""amenity=cafe"",""osm_meta"":{""version"":3,""timestamp"":""2025-10-15T07:00:38Z"",""changeset"":173304685,""uid"":128281,""user"":""rarad74""}}","{""type"":""node"",""id"":8828063881,""lat"":44.4831084,""lon"":26.1198108,""timestamp"":""2025-10-15T07:00:38Z"",""version"":3,""changeset"":173304685,""user"":""rarad74"",""uid"":128281,""tags"":{""addr:city"":""București"",""amenity"":""cafe"",""brand"":""5 to go"",""brand:wikidata"":""Q115684369"",""cuisine"":""coffee_shop"",""name"":""5 to go"",""takeaway"":""yes""}}",2026-05-30 08:46:18.442513+00:00
osm,osm:node/6155839926,Starbucks,RO,Voluntari,cafe,44.4903615,26.1270061,,,,,"{""addr:city"":""Voluntari"",""addr:country"":""RO"",""addr:housenumber"":""14"",""addr:postcode"":""077190"",""addr:street"":""Șoseaua București Nord"",""amenity"":""cafe"",""brand"":""Starbucks"",""brand:wikidata"":""Q37158"",""brand:wikipedia"":""en:Starbucks"",""cuisine"":""coffee_shop"",""name"":""Starbucks"",""official_name"":""Starbucks Coffee"",""opening_hours"":""Mo-Fr 07:30-20:00; Sa-Su 08:00-20:00"",""outdoor_seating"":""yes"",""phone"":""+40 754 202 345"",""takeaway"":""yes"",""website"":""http://www.starbucksromania.ro/"",""formatted_address"":""Șoseaua București Nord 14, 077190, Voluntari"",""primary_type"":""amenity=cafe"",""osm_meta"":{""version"":4,""timestamp"":""2024-07-28T02:01:40Z"",""changeset"":154503999,""uid"":9484321,""user"":""Dan 9""}}","{""type"":""node"",""id"":6155839926,""lat"":44.4903615,""lon"":26.1270061,""timestamp"":""2024-07-28T02:01:40Z"",""version"":4,""changeset"":154503999,""user"":""Dan 9"",""uid"":9484321,""tags"":{""addr:city"":""Voluntari"",""addr:country"":""RO"",""addr:housenumber"":""14"",""addr:postcode"":""077190"",""addr:street"":""Șoseaua București Nord"",""amenity"":""cafe"",""brand"":""Starbucks"",""brand:wikidata"":""Q37158"",""brand:wikipedia"":""en:Starbucks"",""cuisine"":""coffee_shop"",""name"":""Starbucks"",""official_name"":""Starbucks Coffee"",""opening_hours"":""Mo-Fr 07:30-20:00; Sa-Su 08:00-20:00"",""outdoor_seating"":""yes"",""phone"":""+40 754 202 345"",""takeaway"":""yes"",""website"":""http://www.starbucksromania.ro/""}}",2026-05-30 08:46:18.442513+00:00
osm,osm:node/8004376949,Ginger Horse,Romania,Pipera,cafe,44.5061047,26.1372157,,,,,"{""addr:city"":""Pipera"",""addr:housenumber"":""40"",""addr:street"":""Bulevardul Pipera"",""amenity"":""cafe"",""name"":""Ginger Horse"",""formatted_address"":""Bulevardul Pipera 40, Pipera"",""primary_type"":""amenity=cafe"",""osm_meta"":{""version"":1,""timestamp"":""2020-10-13T18:28:43Z"",""changeset"":92433493,""uid"":11953405,""user"":""Iulian Cretulescu""}}","{""type"":""node"",""id"":8004376949,""lat"":44.5061047,""lon"":26.1372157,""timestamp"":""2020-10-13T18:28:43Z"",""version"":1,""changeset"":92433493,""user"":""Iulian Cretulescu"",""uid"":11953405,""tags"":{""addr:city"":""Pipera"",""addr:housenumber"":""40"",""addr:street"":""Bulevardul Pipera"",""amenity"":""cafe"",""name"":""Ginger Horse""}}",2026-05-30 08:46:18.442513+00:00
osm,osm:way/941119954,Orygyns,RO,Pipera,cafe,44.4908617,26.1276751,,,,,"{""addr:city"":""Pipera"",""addr:country"":""RO"",""addr:housenumber"":""14"",""addr:postcode"":""077191"",""addr:street"":""Șoseaua București Nord"",""amenity"":""cafe"",""building"":""retail"",""height"":""5"",""name"":""Orygyns"",""formatted_address"":""Șoseaua București Nord 14, 077191, Pipera"",""primary_type"":""amenity=cafe"",""osm_meta"":{""version"":2,""timestamp"":""2021-05-09T21:50:50Z"",""changeset"":104412465,""uid"":9484321,""user"":""Dan 9""}}","{""type"":""way"",""id"":941119954,""timestamp"":""2021-05-09T21:50:50Z"",""version"":2,""changeset"":104412465,""user"":""Dan 9"",""uid"":9484321,""center"":{""lat"":44.4908617,""lon"":26.1276751},""nodes"":[8715782052,8715782053,8715782051,5610182603,8715782052],""tags"":{""addr:city"":""Pipera"",""addr:country"":""RO"",""addr:housenumber"":""14"",""addr:postcode"":""077191"",""addr:street"":""Șoseaua București Nord"",""amenity"":""cafe"",""building"":""retail"",""height"":""5"",""name"":""Orygyns""}}",2026-05-30 08:46:18.442513+00:00
osm,osm:way/1098273273,Kave,Romania,Bucharest,cafe,44.4936137,26.1510347,,,,,"{""amenity"":""cafe"",""building"":""retail"",""name"":""Kave"",""formatted_address"":"""",""primary_type"":""amenity=cafe"",""osm_meta"":{""version"":2,""timestamp"":""2023-12-06T17:29:50Z"",""changeset"":144837548,""uid"":3829221,""user"":""lawrencebanks""}}","{""type"":""way"",""id"":1098273273,""timestamp"":""2023-12-06T17:29:50Z"",""version"":2,""changeset"":144837548,""user"":""lawrencebanks"",""uid"":3829221,""center"":{""lat"":44.4936137,""lon"":26.1510347},""nodes"":[10056045288,10056045289,10056045290,10056045291,10056045288],""tags"":{""amenity"":""cafe"",""building"":""retail"",""name"":""Kave""}}",2026-05-30 08:46:18.442513+00:00
osm,osm:way/1227673753,Tucano Coffee,Romania,Bucharest,cafe,44.4932851,26.1508592,,,,,"{""amenity"":""cafe"",""building"":""retail"",""name"":""Tucano Coffee"",""formatted_address"":"""",""primary_type"":""amenity=cafe"",""osm_meta"":{""version"":3,""timestamp"":""2024-11-16T20:04:31Z"",""changeset"":159221345,""uid"":20638766,""user"":""Stian Cristian""}}","{""type"":""way"",""id"":1227673753,""timestamp"":""2024-11-16T20:04:31Z"",""version"":3,""changeset"":159221345,""user"":""Stian Cristian"",""uid"":20638766,""center"":{""lat"":44.4932851,""lon"":26.1508592},""nodes"":[11384497753,11384497751,11384497752,11384497754,11384497753],""tags"":{""amenity"":""cafe"",""building"":""retail"",""name"":""Tucano Coffee""}}",2026-05-30 08:46:18.442513+00:00
osm,osm:way/751555978,5 to go,Romania,Bucharest,cafe,44.5221366,26.0067999,,,,,"{""amenity"":""cafe"",""brand"":""5 to go"",""brand:wikidata"":""Q115684369"",""building"":""yes"",""cuisine"":""coffee_shop"",""name"":""5 to go"",""takeaway"":""yes"",""formatted_address"":"""",""primary_type"":""amenity=cafe"",""osm_meta"":{""version"":2,""timestamp"":""2023-11-30T10:08:42Z"",""changeset"":144619131,""uid"":69259,""user"":""DnaX""}}","{""type"":""way"",""id"":751555978,""timestamp"":""2023-11-30T10:08:42Z"",""version"":2,""changeset"":144619131,""user"":""DnaX"",""uid"":69259,""center"":{""lat"":44.5221366,""lon"":26.0067999},""nodes"":[7025935757,7025935758,7025935759,7025935760,7025935757],""tags"":{""amenity"":""cafe"",""brand"":""5 to go"",""brand:wikidata"":""Q115684369"",""building"":""yes"",""cuisine"":""coffee_shop"",""name"":""5 to go"",""takeaway"":""yes""}}",2026-05-30 08:46:18.442513+00:00
osm,osm:node/9712629363,Manufaktura,RO,București,cafe,44.5083145,26.0894145,,,,,"{""addr:city"":""București"",""addr:country"":""RO"",""addr:housenumber"":""42D"",""addr:postcode"":""015011"",""addr:street"":""Șoseaua București-Ploiești"",""amenity"":""cafe"",""branch"":""Baneasa"",""check_date:opening_hours"":""2024-08-21"",""level"":""0"",""name"":""Manufaktura"",""opening_hours"":""Mo-Su 10:00-22:00"",""phone"":""+40 728 180 004"",""website"":""https://manufakturacafe.ro/"",""formatted_address"":""Șoseaua București-Ploiești 42D, 015011, București"",""primary_type"":""amenity=cafe"",""osm_meta"":{""version"":6,""timestamp"":""2024-08-21T15:04:15Z"",""changeset"":155563236,""uid"":8430074,""user"":""alexnder""}}","{""type"":""node"",""id"":9712629363,""lat"":44.5083145,""lon"":26.0894145,""timestamp"":""2024-08-21T15:04:15Z"",""version"":6,""changeset"":155563236,""user"":""alexnder"",""uid"":8430074,""tags"":{""addr:city"":""București"",""addr:country"":""RO"",""addr:housenumber"":""42D"",""addr:postcode"":""015011"",""addr:street"":""Șoseaua București-Ploiești"",""amenity"":""cafe"",""branch"":""Baneasa"",""check_date:opening_hours"":""2024-08-21"",""level"":""0"",""name"":""Manufaktura"",""opening_hours"":""Mo-Su 10:00-22:00"",""phone"":""+40 728 180 004"",""website"":""https://manufakturacafe.ro/""}}",2026-05-30 08:46:18.442513+00:00
osm,osm:node/11096820462,BOB Coffee Lab,RO,București,cafe,44.5080227,26.0898561,,,,,"{""addr:city"":""București"",""addr:country"":""RO"",""addr:housenumber"":""42D"",""addr:postcode"":""015011"",""addr:street"":""Șoseaua București-Ploiești"",""amenity"":""cafe"",""branch"":""Baneasa"",""facebook"":""bobcoffeelab"",""level"":""1"",""name"":""BOB Coffee Lab"",""opening_hours"":""Mo-Th 08:00-19:00; Fr-Su 08:00-20:00"",""outdoor_seating"":""no"",""phone"":""+40 748 880 038"",""website"":""https://bob.coffee/"",""formatted_address"":""Șoseaua București-Ploiești 42D, 015011, București"",""primary_type"":""amenity=cafe"",""osm_meta"":{""version"":1,""timestamp"":""2023-08-07T11:05:52Z"",""changeset"":139558850,""uid"":9484321,""user"":""Dan 9""}}","{""type"":""node"",""id"":11096820462,""lat"":44.5080227,""lon"":26.0898561,""timestamp"":""2023-08-07T11:05:52Z"",""version"":1,""changeset"":139558850,""user"":""Dan 9"",""uid"":9484321,""tags"":{""addr:city"":""București"",""addr:country"":""RO"",""addr:housenumber"":""42D"",""addr:postcode"":""015011"",""addr:street"":""Șoseaua București-Ploiești"",""amenity"":""cafe"",""branch"":""Baneasa"",""facebook"":""bobcoffeelab"",""level"":""1"",""name"":""BOB Coffee Lab"",""opening_hours"":""Mo-Th 08:00-19:00; Fr-Su 08:00-20:00"",""outdoor_seating"":""no"",""phone"":""+40 748 880 038"",""website"":""https://bob.coffee/""}}",2026-05-30 08:46:18.442513+00:00
osm,osm:node/503667801,D&D Design District Café,RO,București,cafe,44.5102159,26.0856521,,,,,"{""addr:city"":""București"",""addr:country"":""RO"",""addr:housenumber"":""44C"",""addr:postcode"":""013696"",""addr:street"":""Șoseaua București-Ploiești"",""amenity"":""cafe"",""facebook"":""ddcafebaneasa"",""level"":""0"",""name"":""D&D Design District Café"",""opening_hours"":""Mo-Sa 10:00-21:00; Su 10:00-20:00"",""outdoor_seating"":""yes"",""phone"":""+40 726 242 223"",""formatted_address"":""Șoseaua București-Ploiești 44C, 013696, București"",""primary_type"":""amenity=cafe"",""osm_meta"":{""version"":8,""timestamp"":""2024-10-15T13:59:42Z"",""changeset"":157922573,""uid"":9484321,""user"":""Dan 9""}}","{""type"":""node"",""id"":503667801,""lat"":44.5102159,""lon"":26.0856521,""timestamp"":""2024-10-15T13:59:42Z"",""version"":8,""changeset"":157922573,""user"":""Dan 9"",""uid"":9484321,""tags"":{""addr:city"":""București"",""addr:country"":""RO"",""addr:housenumber"":""44C"",""addr:postcode"":""013696"",""addr:street"":""Șoseaua București-Ploiești"",""amenity"":""cafe"",""facebook"":""ddcafebaneasa"",""level"":""0"",""name"":""D&D Design District Café"",""opening_hours"":""Mo-Sa 10:00-21:00; Su 10:00-20:00"",""outdoor_seating"":""yes"",""phone"":""+40 726 242 223""}}",2026-05-30 08:46:18.442513+00:00
osm,osm:node/7263354837,Starbucks,RO,București,cafe,44.5101102,26.0869446,,,,,"{""addr:city"":""București"",""addr:country"":""RO"",""addr:housenumber"":""44A"",""addr:postcode"":""013696"",""addr:street"":""Șoseaua București-Ploiești"",""amenity"":""cafe"",""branch"":""Feeria"",""brand"":""Starbucks"",""brand:wikidata"":""Q37158"",""brand:wikipedia"":""en:Starbucks"",""cuisine"":""coffee_shop"",""name"":""Starbucks"",""official_name"":""Starbucks Coffee"",""opening_hours"":""Mo-Su 08:00-22:00"",""operator"":""Amrest Coffee SRL"",""outdoor_seating"":""yes"",""phone"":""+40 756 061 832"",""takeaway"":""yes"",""website"":""https://www.starbucksromania.ro/"",""formatted_address"":""Șoseaua București-Ploiești 44A, 013696, București"",""primary_type"":""amenity=cafe"",""osm_meta"":{""version"":5,""timestamp"":""2025-02-21T06:49:19Z"",""changeset"":162766658,""uid"":3086786,""user"":""Stefan Scanteie""}}","{""type"":""node"",""id"":7263354837,""lat"":44.5101102,""lon"":26.0869446,""timestamp"":""2025-02-21T06:49:19Z"",""version"":5,""changeset"":162766658,""user"":""Stefan Scanteie"",""uid"":3086786,""tags"":{""addr:city"":""București"",""addr:country"":""RO"",""addr:housenumber"":""44A"",""addr:postcode"":""013696"",""addr:street"":""Șoseaua București-Ploiești"",""amenity"":""cafe"",""branch"":""Feeria"",""brand"":""Starbucks"",""brand:wikidata"":""Q37158"",""brand:wikipedia"":""en:Starbucks"",""cuisine"":""coffee_shop"",""name"":""Starbucks"",""official_name"":""Starbucks Coffee"",""opening_hours"":""Mo-Su 08:00-22:00"",""operator"":""Amrest Coffee SRL"",""outdoor_seating"":""yes"",""phone"":""+40 756 061 832"",""takeaway"":""yes"",""website"":""https://www.starbucksromania.ro/""}}",2026-05-30 08:46:18.442513+00:00
osm,osm:node/12382090710,5 to go,Romania,Bucharest,cafe,44.5365326,26.060649,,,,,"{""amenity"":""cafe"",""brand"":""5 to go"",""brand:wikidata"":""Q115684369"",""cuisine"":""coffee_shop"",""name"":""5 to go"",""takeaway"":""yes"",""formatted_address"":"""",""primary_type"":""amenity=cafe"",""osm_meta"":{""version"":1,""timestamp"":""2024-11-28T10:36:44Z"",""changeset"":159695492,""uid"":69259,""user"":""DnaX""}}","{""type"":""node"",""id"":12382090710,""lat"":44.5365326,""lon"":26.060649,""timestamp"":""2024-11-28T10:36:44Z"",""version"":1,""changeset"":159695492,""user"":""DnaX"",""uid"":69259,""tags"":{""amenity"":""cafe"",""brand"":""5 to go"",""brand:wikidata"":""Q115684369"",""cuisine"":""coffee_shop"",""name"":""5 to go"",""takeaway"":""yes""}}",2026-05-30 08:46:18.442513+00:00
osm,osm:node/10292689398,Baumr,Romania,Bucharest,cafe,44.5375457,26.0961046,,,,,"{""amenity"":""cafe"",""cuisine"":""coffee_shop"",""name"":""Baumr"",""formatted_address"":"""",""primary_type"":""amenity=cafe"",""osm_meta"":{""version"":3,""timestamp"":""2026-04-01T20:32:02Z"",""changeset"":180739872,""uid"":364738,""user"":""Laurentiu Popa""}}","{""type"":""node"",""id"":10292689398,""lat"":44.5375457,""lon"":26.0961046,""timestamp"":""2026-04-01T20:32:02Z"",""version"":3,""changeset"":180739872,""user"":""Laurentiu Popa"",""uid"":364738,""tags"":{""amenity"":""cafe"",""cuisine"":""coffee_shop"",""name"":""Baumr""}}",2026-05-30 08:46:18.442513+00:00
osm,osm:node/6155836786,Starbucks,Romania,Bucharest,cafe,44.5139552,26.1268866,,,,,"{""amenity"":""cafe"",""brand"":""Starbucks"",""brand:wikidata"":""Q37158"",""brand:wikipedia"":""en:Starbucks"",""cuisine"":""coffee_shop"",""name"":""Starbucks"",""website"":""https://www.starbucks.co.uk/store-locator/24926-239349/bucharest,-strip-mall"",""formatted_address"":"""",""primary_type"":""amenity=cafe"",""osm_meta"":{""version"":2,""timestamp"":""2025-08-27T18:20:21Z"",""changeset"":171097452,""uid"":22544915,""user"":""Mateusz Konieczny - bot account - ATP import""}}","{""type"":""node"",""id"":6155836786,""lat"":44.5139552,""lon"":26.1268866,""timestamp"":""2025-08-27T18:20:21Z"",""version"":2,""changeset"":171097452,""user"":""Mateusz Konieczny - bot account - ATP import"",""uid"":22544915,""tags"":{""amenity"":""cafe"",""brand"":""Starbucks"",""brand:wikidata"":""Q37158"",""brand:wikipedia"":""en:Starbucks"",""cuisine"":""coffee_shop"",""name"":""Starbucks"",""website"":""https://www.starbucks.co.uk/store-locator/24926-239349/bucharest,-strip-mall""}}",2026-05-30 08:46:18.442513+00:00
osm,osm:node/3009653433,Doncafé Brasserie,Romania,Voluntari,cafe,44.5136961,26.1320514,,,,,"{""addr:city"":""Voluntari"",""amenity"":""cafe"",""name"":""Doncafé Brasserie"",""source"":""survey"",""formatted_address"":""Voluntari"",""primary_type"":""amenity=cafe"",""osm_meta"":{""version"":2,""timestamp"":""2015-06-07T07:47:14Z"",""changeset"":31784085,""uid"":128281,""user"":""rarad74""}}","{""type"":""node"",""id"":3009653433,""lat"":44.5136961,""lon"":26.1320514,""timestamp"":""2015-06-07T07:47:14Z"",""version"":2,""changeset"":31784085,""user"":""rarad74"",""uid"":128281,""tags"":{""addr:city"":""Voluntari"",""amenity"":""cafe"",""name"":""Doncafé Brasserie"",""source"":""survey""}}",2026-05-30 08:46:18.442513+00:00
osm,osm:way/1062944261,WayCup,Romania,București,cafe,44.5328301,26.096354,,,,,"{""addr:city"":""București"",""addr:housenumber"":""4E"",""addr:postcode"":""014044"",""addr:street"":""Drumul Pădurea Neagră"",""amenity"":""cafe"",""building"":""yes"",""cuisine"":""coffee_shop"",""name"":""WayCup"",""outdoor_seating"":""yes"",""phone"":""+40 726 377 431"",""website"":""https://www.facebook.com/GreenfieldCoffeeShop/"",""formatted_address"":""Drumul Pădurea Neagră 4E, 014044, București"",""primary_type"":""amenity=cafe"",""osm_meta"":{""version"":3,""timestamp"":""2023-06-12T18:57:17Z"",""changeset"":137256586,""uid"":364738,""user"":""Laurentiu Popa""}}","{""type"":""way"",""id"":1062944261,""timestamp"":""2023-06-12T18:57:17Z"",""version"":3,""changeset"":137256586,""user"":""Laurentiu Popa"",""uid"":364738,""center"":{""lat"":44.5328301,""lon"":26.096354},""nodes"":[9764529418,9764529419,9764529420,9764529421,9764529418],""tags"":{""addr:city"":""București"",""addr:housenumber"":""4E"",""addr:postcode"":""014044"",""addr:street"":""Drumul Pădurea Neagră"",""amenity"":""cafe"",""building"":""yes"",""cuisine"":""coffee_shop"",""name"":""WayCup"",""outdoor_seating"":""yes"",""phone"":""+40 726 377 431"",""website"":""https://www.facebook.com/GreenfieldCoffeeShop/""}}",2026-05-30 08:46:18.442513+00:00
