source,source_id,name,country,city,category,latitude,longitude,rating,price_level,reviews_count,embedding_text,attributes,raw,fetched_at
tripadvisor,d5529357,Pane e Vino,Germany,Berlin,restaurant,52.552578,13.352883,4,,17,Restaurant name: Pane e Vino. City: Berlin. TripAdvisor rating: 4.0 out of 5. Number of reviews: 17. Review snippets: Cheapest and yummiest Italian food; Great.,"{""source_row_index"":""3853"",""ranking"":""3855.0"",""tripadvisor_url"":""/Restaurant_Review-g187323-d5529357-Reviews-Pane_e_Vino-Berlin.html"",""raw_reviews"":""[['Cheapest and yummiest Italian food', 'Great'], ['10/31/2016', '10/29/2015']]""}","{""source_row_index"":""3853"",""tripadvisor_id"":""d5529357"",""tripadvisor_url"":""/Restaurant_Review-g187323-d5529357-Reviews-Pane_e_Vino-Berlin.html"",""name"":""Pane e Vino"",""city"":""Berlin"",""ranking"":""3855.0"",""rating"":""4.0"",""number_of_reviews"":""17"",""raw_reviews"":""[['Cheapest and yummiest Italian food', 'Great'], ['10/31/2016', '10/29/2015']]"",""embedding_text"":""Restaurant name: Pane e Vino. City: Berlin. TripAdvisor rating: 4.0 out of 5. Number of reviews: 17. Review snippets: Cheapest and yummiest Italian food; Great."",""latitude"":""52.552578"",""longitude"":""13.352883""}",
tripadvisor,d2546579,Berliner Kartoffelhaus,Germany,Berlin,restaurant,52.521532,13.394286,3.5,2,277,"Restaurant name: Berliner Kartoffelhaus. City: Berlin. Cuisine and dietary tags: German, European, Central European, Vegetarian Friendly. Price range: $$ - $$$. TripAdvisor rating: 3.5 out of 5. Number of reviews: 277. Review snippets: Fab apple strudel; Very nice place.","{""source_row_index"":""552"",""raw_cuisine_style"":""['German', 'European', 'Central European', 'Vegetarian Friendly']"",""ranking"":""553.0"",""tripadvisor_url"":""/Restaurant_Review-g187323-d2546579-Reviews-Berliner_Kartoffelhaus-Berlin.html"",""raw_reviews"":""[['Fab apple strudel', 'Very nice place'], ['01/03/2018', '12/10/2017']]""}","{""source_row_index"":""552"",""tripadvisor_id"":""d2546579"",""tripadvisor_url"":""/Restaurant_Review-g187323-d2546579-Reviews-Berliner_Kartoffelhaus-Berlin.html"",""name"":""Berliner Kartoffelhaus"",""city"":""Berlin"",""raw_cuisine_style"":""['German', 'European', 'Central European', 'Vegetarian Friendly']"",""ranking"":""553.0"",""rating"":""3.5"",""price_range"":""$$ - $$$"",""number_of_reviews"":""277"",""raw_reviews"":""[['Fab apple strudel', 'Very nice place'], ['01/03/2018', '12/10/2017']]"",""embedding_text"":""Restaurant name: Berliner Kartoffelhaus. City: Berlin. Cuisine and dietary tags: German, European, Central European, Vegetarian Friendly. Price range: $$ - $$$. TripAdvisor rating: 3.5 out of 5. Number of reviews: 277. Review snippets: Fab apple strudel; Very nice place."",""latitude"":""52.521532"",""longitude"":""13.394286""}",
tripadvisor,d2286551,Masaniello,Germany,Berlin,restaurant,52.53139,13.433574,4,2,315,"Restaurant name: Masaniello. City: Berlin. Cuisine and dietary tags: Italian, Pizza, Mediterranean, European, Vegetarian Friendly. Price range: $$ - $$$. TripAdvisor rating: 4.0 out of 5. Number of reviews: 315. Review snippets: Italian gem in Kreuzberg; The best thing is that Zola is not far fro....","{""source_row_index"":""759"",""raw_cuisine_style"":""['Italian', 'Pizza', 'Mediterranean', 'European', 'Vegetarian Friendly']"",""ranking"":""760.0"",""tripadvisor_url"":""/Restaurant_Review-g187323-d2286551-Reviews-Masaniello-Berlin.html"",""raw_reviews"":""[['Italian gem in Kreuzberg', 'The best thing is that Zola is not far fro...'], ['12/30/2017', '06/19/2017']]""}","{""source_row_index"":""759"",""tripadvisor_id"":""d2286551"",""tripadvisor_url"":""/Restaurant_Review-g187323-d2286551-Reviews-Masaniello-Berlin.html"",""name"":""Masaniello"",""city"":""Berlin"",""raw_cuisine_style"":""['Italian', 'Pizza', 'Mediterranean', 'European', 'Vegetarian Friendly']"",""ranking"":""760.0"",""rating"":""4.0"",""price_range"":""$$ - $$$"",""number_of_reviews"":""315"",""raw_reviews"":""[['Italian gem in Kreuzberg', 'The best thing is that Zola is not far fro...'], ['12/30/2017', '06/19/2017']]"",""embedding_text"":""Restaurant name: Masaniello. City: Berlin. Cuisine and dietary tags: Italian, Pizza, Mediterranean, European, Vegetarian Friendly. Price range: $$ - $$$. TripAdvisor rating: 4.0 out of 5. Number of reviews: 315. Review snippets: Italian gem in Kreuzberg; The best thing is that Zola is not far fro...."",""latitude"":""52.531390"",""longitude"":""13.433574""}",
tripadvisor,d5551817,Sapori del Sud,Germany,Berlin,restaurant,52.494927,13.428268,5,,12,Restaurant name: Sapori del Sud. City: Berlin. TripAdvisor rating: 5.0 out of 5. Number of reviews: 12. Review snippets: home-style Italian food - tasty! One of th...; GREAT ITALIAN FOOD!.,"{""source_row_index"":""2958"",""ranking"":""2960.0"",""tripadvisor_url"":""/Restaurant_Review-g187323-d5551817-Reviews-Sapori_del_Sud-Berlin.html"",""raw_reviews"":""[['home-style Italian food - tasty! One of th...', 'GREAT ITALIAN FOOD!'], ['07/29/2016', '04/20/2016']]""}","{""source_row_index"":""2958"",""tripadvisor_id"":""d5551817"",""tripadvisor_url"":""/Restaurant_Review-g187323-d5551817-Reviews-Sapori_del_Sud-Berlin.html"",""name"":""Sapori del Sud"",""city"":""Berlin"",""ranking"":""2960.0"",""rating"":""5.0"",""number_of_reviews"":""12"",""raw_reviews"":""[['home-style Italian food - tasty! One of th...', 'GREAT ITALIAN FOOD!'], ['07/29/2016', '04/20/2016']]"",""embedding_text"":""Restaurant name: Sapori del Sud. City: Berlin. TripAdvisor rating: 5.0 out of 5. Number of reviews: 12. Review snippets: home-style Italian food - tasty! One of th...; GREAT ITALIAN FOOD!."",""latitude"":""52.494927"",""longitude"":""13.428268""}",
tripadvisor,d2034969,Strassenbahndepot Heiligensee,Germany,Berlin,restaurant,52.510019,13.404083,4.5,,46,Restaurant name: Strassenbahndepot Heiligensee. City: Berlin. TripAdvisor rating: 4.5 out of 5. Number of reviews: 46. Review snippets: Old tram station; Absolutely fantastic food and five star se....,"{""source_row_index"":""1383"",""ranking"":""1385.0"",""tripadvisor_url"":""/Restaurant_Review-g187323-d2034969-Reviews-Strassenbahndepot_Heiligensee-Berlin.html"",""raw_reviews"":""[['Old tram station', 'Absolutely fantastic food and five star se...'], ['08/16/2015', '03/01/2012']]""}","{""source_row_index"":""1383"",""tripadvisor_id"":""d2034969"",""tripadvisor_url"":""/Restaurant_Review-g187323-d2034969-Reviews-Strassenbahndepot_Heiligensee-Berlin.html"",""name"":""Strassenbahndepot Heiligensee"",""city"":""Berlin"",""ranking"":""1385.0"",""rating"":""4.5"",""number_of_reviews"":""46"",""raw_reviews"":""[['Old tram station', 'Absolutely fantastic food and five star se...'], ['08/16/2015', '03/01/2012']]"",""embedding_text"":""Restaurant name: Strassenbahndepot Heiligensee. City: Berlin. TripAdvisor rating: 4.5 out of 5. Number of reviews: 46. Review snippets: Old tram station; Absolutely fantastic food and five star se...."",""latitude"":""52.510019"",""longitude"":""13.404083""}",
tripadvisor,d7000956,L'Arte Bianca,Germany,Berlin,restaurant,52.524906,13.332388,2.5,,3,Restaurant name: L'Arte Bianca. City: Berlin. TripAdvisor rating: 2.5 out of 5. Number of reviews: 3.,"{""source_row_index"":""6317"",""ranking"":""6319.0"",""tripadvisor_url"":""/Restaurant_Review-g187323-d7000956-Reviews-L_Arte_Bianca-Berlin.html"",""raw_reviews"":""[[], []]""}","{""source_row_index"":""6317"",""tripadvisor_id"":""d7000956"",""tripadvisor_url"":""/Restaurant_Review-g187323-d7000956-Reviews-L_Arte_Bianca-Berlin.html"",""name"":""L'Arte Bianca"",""city"":""Berlin"",""ranking"":""6319.0"",""rating"":""2.5"",""number_of_reviews"":""3"",""raw_reviews"":""[[], []]"",""embedding_text"":""Restaurant name: L'Arte Bianca. City: Berlin. TripAdvisor rating: 2.5 out of 5. Number of reviews: 3."",""latitude"":""52.524906"",""longitude"":""13.332388""}",
tripadvisor,d1358778,Dudenschanke,Germany,Berlin,restaurant,52.517863,13.391141,,,,Restaurant name: Dudenschanke. City: Berlin.,"{""source_row_index"":""6480"",""tripadvisor_url"":""/Restaurant_Review-g187323-d1358778-Reviews-Dudenschanke-Berlin.html""}","{""source_row_index"":""6480"",""tripadvisor_id"":""d1358778"",""tripadvisor_url"":""/Restaurant_Review-g187323-d1358778-Reviews-Dudenschanke-Berlin.html"",""name"":""Dudenschanke"",""city"":""Berlin"",""embedding_text"":""Restaurant name: Dudenschanke. City: Berlin."",""latitude"":""52.517863"",""longitude"":""13.391141""}",
tripadvisor,d7284022,Arisu Sushi,Germany,Berlin,restaurant,52.521149,13.439732,4.5,1,8,"Restaurant name: Arisu Sushi. City: Berlin. Cuisine and dietary tags: Japanese, Sushi, Asian, Vietnamese. Price range: $. TripAdvisor rating: 4.5 out of 5. Number of reviews: 8. Review snippets: Great delivery sushi; Awesome Vegetarian Sushi & Asian Food.","{""source_row_index"":""3790"",""raw_cuisine_style"":""['Japanese', 'Sushi', 'Asian', 'Vietnamese']"",""ranking"":""3792.0"",""tripadvisor_url"":""/Restaurant_Review-g187323-d7284022-Reviews-Arisu_Sushi-Berlin.html"",""raw_reviews"":""[['Great delivery sushi', 'Awesome Vegetarian Sushi & Asian Food'], ['05/11/2016', '05/11/2015']]""}","{""source_row_index"":""3790"",""tripadvisor_id"":""d7284022"",""tripadvisor_url"":""/Restaurant_Review-g187323-d7284022-Reviews-Arisu_Sushi-Berlin.html"",""name"":""Arisu Sushi"",""city"":""Berlin"",""raw_cuisine_style"":""['Japanese', 'Sushi', 'Asian', 'Vietnamese']"",""ranking"":""3792.0"",""rating"":""4.5"",""price_range"":""$"",""number_of_reviews"":""8"",""raw_reviews"":""[['Great delivery sushi', 'Awesome Vegetarian Sushi & Asian Food'], ['05/11/2016', '05/11/2015']]"",""embedding_text"":""Restaurant name: Arisu Sushi. City: Berlin. Cuisine and dietary tags: Japanese, Sushi, Asian, Vietnamese. Price range: $. TripAdvisor rating: 4.5 out of 5. Number of reviews: 8. Review snippets: Great delivery sushi; Awesome Vegetarian Sushi & Asian Food."",""latitude"":""52.521149"",""longitude"":""13.439732""}",
tripadvisor,d7214030,Doner Kebap Linden Grill,Germany,Berlin,restaurant,52.484065,13.462321,4.5,1,42,"Restaurant name: Doner Kebap Linden Grill. City: Berlin. Cuisine and dietary tags: Fast Food, Turkish, Middle Eastern, Vegetarian Friendly, Halal. Price range: $. TripAdvisor rating: 4.5 out of 5. Number of reviews: 42. Review snippets: Delicious - worth a visit!; Massive.","{""source_row_index"":""1655"",""raw_cuisine_style"":""['Fast Food', 'Turkish', 'Middle Eastern', 'Vegetarian Friendly', 'Halal']"",""ranking"":""1657.0"",""tripadvisor_url"":""/Restaurant_Review-g187323-d7214030-Reviews-Doner_Kebap_Linden_Grill-Berlin.html"",""raw_reviews"":""[['Delicious - worth a visit!', 'Massive'], ['09/08/2017', '08/11/2017']]""}","{""source_row_index"":""1655"",""tripadvisor_id"":""d7214030"",""tripadvisor_url"":""/Restaurant_Review-g187323-d7214030-Reviews-Doner_Kebap_Linden_Grill-Berlin.html"",""name"":""Doner Kebap Linden Grill"",""city"":""Berlin"",""raw_cuisine_style"":""['Fast Food', 'Turkish', 'Middle Eastern', 'Vegetarian Friendly', 'Halal']"",""ranking"":""1657.0"",""rating"":""4.5"",""price_range"":""$"",""number_of_reviews"":""42"",""raw_reviews"":""[['Delicious - worth a visit!', 'Massive'], ['09/08/2017', '08/11/2017']]"",""embedding_text"":""Restaurant name: Doner Kebap Linden Grill. City: Berlin. Cuisine and dietary tags: Fast Food, Turkish, Middle Eastern, Vegetarian Friendly, Halal. Price range: $. TripAdvisor rating: 4.5 out of 5. Number of reviews: 42. Review snippets: Delicious - worth a visit!; Massive."",""latitude"":""52.484065"",""longitude"":""13.462321""}",
tripadvisor,d5826427,Mario's Patapizza,Germany,Berlin,restaurant,52.480047,13.44746,,,,Restaurant name: Mario's Patapizza. City: Berlin.,"{""source_row_index"":""6758"",""tripadvisor_url"":""/Restaurant_Review-g187323-d5826427-Reviews-Mario_s_Patapizza-Berlin.html""}","{""source_row_index"":""6758"",""tripadvisor_id"":""d5826427"",""tripadvisor_url"":""/Restaurant_Review-g187323-d5826427-Reviews-Mario_s_Patapizza-Berlin.html"",""name"":""Mario's Patapizza"",""city"":""Berlin"",""embedding_text"":""Restaurant name: Mario's Patapizza. City: Berlin."",""latitude"":""52.480047"",""longitude"":""13.447460""}",
tripadvisor,d7189024,Ristorante Rosario,Germany,Berlin,restaurant,52.492844,13.389762,4.5,,5,"Restaurant name: Ristorante Rosario. City: Berlin. Cuisine and dietary tags: Italian, Pizza. TripAdvisor rating: 4.5 out of 5. Number of reviews: 5. Review snippets: A Happy Surprise; Inventive menu.","{""source_row_index"":""4455"",""raw_cuisine_style"":""['Italian', 'Pizza']"",""ranking"":""4457.0"",""tripadvisor_url"":""/Restaurant_Review-g187323-d7189024-Reviews-Ristorante_Rosario-Berlin.html"",""raw_reviews"":""[['A Happy Surprise', 'Inventive menu'], ['04/24/2016', '05/12/2015']]""}","{""source_row_index"":""4455"",""tripadvisor_id"":""d7189024"",""tripadvisor_url"":""/Restaurant_Review-g187323-d7189024-Reviews-Ristorante_Rosario-Berlin.html"",""name"":""Ristorante Rosario"",""city"":""Berlin"",""raw_cuisine_style"":""['Italian', 'Pizza']"",""ranking"":""4457.0"",""rating"":""4.5"",""number_of_reviews"":""5"",""raw_reviews"":""[['A Happy Surprise', 'Inventive menu'], ['04/24/2016', '05/12/2015']]"",""embedding_text"":""Restaurant name: Ristorante Rosario. City: Berlin. Cuisine and dietary tags: Italian, Pizza. TripAdvisor rating: 4.5 out of 5. Number of reviews: 5. Review snippets: A Happy Surprise; Inventive menu."",""latitude"":""52.492844"",""longitude"":""13.389762""}",
tripadvisor,d5826174,il Buco di Heidi - Caffe e Ristoro,Germany,Berlin,restaurant,52.481159,13.42469,4.5,1,21,"Restaurant name: il Buco di Heidi - Caffe e Ristoro. City: Berlin. Cuisine and dietary tags: Italian, International, Mediterranean, European, Delicatessen. Price range: $. TripAdvisor rating: 4.5 out of 5. Number of reviews: 21. Review snippets: Beautiful; Delish breakky sandwiches.","{""source_row_index"":""1652"",""raw_cuisine_style"":""['Italian', 'International', 'Mediterranean', 'European', 'Delicatessen']"",""ranking"":""1654.0"",""tripadvisor_url"":""/Restaurant_Review-g187323-d5826174-Reviews-Il_Buco_di_Heidi_Caffe_e_Ristoro-Berlin.html"",""raw_reviews"":""[['Beautiful', 'Delish breakky sandwiches'], ['02/11/2017', '06/28/2016']]""}","{""source_row_index"":""1652"",""tripadvisor_id"":""d5826174"",""tripadvisor_url"":""/Restaurant_Review-g187323-d5826174-Reviews-Il_Buco_di_Heidi_Caffe_e_Ristoro-Berlin.html"",""name"":""il Buco di Heidi - Caffe e Ristoro"",""city"":""Berlin"",""raw_cuisine_style"":""['Italian', 'International', 'Mediterranean', 'European', 'Delicatessen']"",""ranking"":""1654.0"",""rating"":""4.5"",""price_range"":""$"",""number_of_reviews"":""21"",""raw_reviews"":""[['Beautiful', 'Delish breakky sandwiches'], ['02/11/2017', '06/28/2016']]"",""embedding_text"":""Restaurant name: il Buco di Heidi - Caffe e Ristoro. City: Berlin. Cuisine and dietary tags: Italian, International, Mediterranean, European, Delicatessen. Price range: $. TripAdvisor rating: 4.5 out of 5. Number of reviews: 21. Review snippets: Beautiful; Delish breakky sandwiches."",""latitude"":""52.481159"",""longitude"":""13.424690""}",
tripadvisor,d5529460,Nea Olympia Mediterrane Kuche,Germany,Berlin,restaurant,52.495484,13.341017,4.5,,14,Restaurant name: Nea Olympia Mediterrane Kuche. City: Berlin. TripAdvisor rating: 4.5 out of 5. Number of reviews: 14. Review snippets: Delicious food in a welcoming atmosphere.,"{""source_row_index"":""2206"",""ranking"":""2208.0"",""tripadvisor_url"":""/Restaurant_Review-g187323-d5529460-Reviews-Nea_Olympia_Mediterrane_Kuche-Berlin.html"",""raw_reviews"":""[['Delicious food in a welcoming atmosphere'], ['03/18/2015']]""}","{""source_row_index"":""2206"",""tripadvisor_id"":""d5529460"",""tripadvisor_url"":""/Restaurant_Review-g187323-d5529460-Reviews-Nea_Olympia_Mediterrane_Kuche-Berlin.html"",""name"":""Nea Olympia Mediterrane Kuche"",""city"":""Berlin"",""ranking"":""2208.0"",""rating"":""4.5"",""number_of_reviews"":""14"",""raw_reviews"":""[['Delicious food in a welcoming atmosphere'], ['03/18/2015']]"",""embedding_text"":""Restaurant name: Nea Olympia Mediterrane Kuche. City: Berlin. TripAdvisor rating: 4.5 out of 5. Number of reviews: 14. Review snippets: Delicious food in a welcoming atmosphere."",""latitude"":""52.495484"",""longitude"":""13.341017""}",
tripadvisor,d2401778,Asteria,Germany,Berlin,restaurant,52.528921,13.395944,4.5,2,448,"Restaurant name: Asteria. City: Berlin. Cuisine and dietary tags: Mediterranean, European, Greek, Vegetarian Friendly, Vegan Options, Gluten Free Options. Price range: $$ - $$$. TripAdvisor rating: 4.5 out of 5. Number of reviews: 448. Review snippets: Moody waiters, cash only, avearage food.; Very good.","{""source_row_index"":""19"",""raw_cuisine_style"":""['Mediterranean', 'European', 'Greek', 'Vegetarian Friendly', 'Vegan Options', 'Gluten Free Options']"",""ranking"":""20.0"",""tripadvisor_url"":""/Restaurant_Review-g187323-d2401778-Reviews-Asteria-Berlin.html"",""raw_reviews"":""[['Moody waiters, cash only, avearage food.', 'Very good'], ['01/08/2018', '01/05/2018']]""}","{""source_row_index"":""19"",""tripadvisor_id"":""d2401778"",""tripadvisor_url"":""/Restaurant_Review-g187323-d2401778-Reviews-Asteria-Berlin.html"",""name"":""Asteria"",""city"":""Berlin"",""raw_cuisine_style"":""['Mediterranean', 'European', 'Greek', 'Vegetarian Friendly', 'Vegan Options', 'Gluten Free Options']"",""ranking"":""20.0"",""rating"":""4.5"",""price_range"":""$$ - $$$"",""number_of_reviews"":""448"",""raw_reviews"":""[['Moody waiters, cash only, avearage food.', 'Very good'], ['01/08/2018', '01/05/2018']]"",""embedding_text"":""Restaurant name: Asteria. City: Berlin. Cuisine and dietary tags: Mediterranean, European, Greek, Vegetarian Friendly, Vegan Options, Gluten Free Options. Price range: $$ - $$$. TripAdvisor rating: 4.5 out of 5. Number of reviews: 448. Review snippets: Moody waiters, cash only, avearage food.; Very good."",""latitude"":""52.528921"",""longitude"":""13.395944""}",
tripadvisor,d12500584,Royals Vuong,Germany,Berlin,restaurant,52.547108,13.34702,3.5,,4,"Restaurant name: Royals Vuong. City: Berlin. Cuisine and dietary tags: Japanese, Cafe, Thai, Vietnamese, Diner. TripAdvisor rating: 3.5 out of 5. Number of reviews: 4. Review snippets: not cool.","{""source_row_index"":""5725"",""raw_cuisine_style"":""['Japanese', 'Cafe', 'Thai', 'Vietnamese', 'Diner']"",""ranking"":""5727.0"",""tripadvisor_url"":""/Restaurant_Review-g187323-d12500584-Reviews-Royals_Vuong-Berlin.html"",""raw_reviews"":""[['not cool'], ['07/26/2017']]""}","{""source_row_index"":""5725"",""tripadvisor_id"":""d12500584"",""tripadvisor_url"":""/Restaurant_Review-g187323-d12500584-Reviews-Royals_Vuong-Berlin.html"",""name"":""Royals Vuong"",""city"":""Berlin"",""raw_cuisine_style"":""['Japanese', 'Cafe', 'Thai', 'Vietnamese', 'Diner']"",""ranking"":""5727.0"",""rating"":""3.5"",""number_of_reviews"":""4"",""raw_reviews"":""[['not cool'], ['07/26/2017']]"",""embedding_text"":""Restaurant name: Royals Vuong. City: Berlin. Cuisine and dietary tags: Japanese, Cafe, Thai, Vietnamese, Diner. TripAdvisor rating: 3.5 out of 5. Number of reviews: 4. Review snippets: not cool."",""latitude"":""52.547108"",""longitude"":""13.347020""}",
tripadvisor,d5523436,Papa-Imbiss,Germany,Berlin,restaurant,52.482915,13.354763,4,,,Restaurant name: Papa-Imbiss. City: Berlin. TripAdvisor rating: 4.0 out of 5. Review snippets: Simple and good.,"{""source_row_index"":""5085"",""ranking"":""5087.0"",""tripadvisor_url"":""/Restaurant_Review-g187323-d5523436-Reviews-Papa_Imbiss-Berlin.html"",""raw_reviews"":""[['Simple and good'], ['02/19/2015']]""}","{""source_row_index"":""5085"",""tripadvisor_id"":""d5523436"",""tripadvisor_url"":""/Restaurant_Review-g187323-d5523436-Reviews-Papa_Imbiss-Berlin.html"",""name"":""Papa-Imbiss"",""city"":""Berlin"",""ranking"":""5087.0"",""rating"":""4.0"",""raw_reviews"":""[['Simple and good'], ['02/19/2015']]"",""embedding_text"":""Restaurant name: Papa-Imbiss. City: Berlin. TripAdvisor rating: 4.0 out of 5. Review snippets: Simple and good."",""latitude"":""52.482915"",""longitude"":""13.354763""}",
tripadvisor,d5506144,Pizza Dach,Germany,Berlin,restaurant,52.558742,13.455596,3.5,,18,Restaurant name: Pizza Dach. City: Berlin. TripAdvisor rating: 3.5 out of 5. Number of reviews: 18. Review snippets: Always nice; Ruddest people ever.,"{""source_row_index"":""4824"",""ranking"":""4826.0"",""tripadvisor_url"":""/Restaurant_Review-g187323-d5506144-Reviews-Pizza_Dach-Berlin.html"",""raw_reviews"":""[['Always nice', 'Ruddest people ever'], ['08/23/2016', '06/06/2016']]""}","{""source_row_index"":""4824"",""tripadvisor_id"":""d5506144"",""tripadvisor_url"":""/Restaurant_Review-g187323-d5506144-Reviews-Pizza_Dach-Berlin.html"",""name"":""Pizza Dach"",""city"":""Berlin"",""ranking"":""4826.0"",""rating"":""3.5"",""number_of_reviews"":""18"",""raw_reviews"":""[['Always nice', 'Ruddest people ever'], ['08/23/2016', '06/06/2016']]"",""embedding_text"":""Restaurant name: Pizza Dach. City: Berlin. TripAdvisor rating: 3.5 out of 5. Number of reviews: 18. Review snippets: Always nice; Ruddest people ever."",""latitude"":""52.558742"",""longitude"":""13.455596""}",
tripadvisor,d8732377,Nu Eat Kitchen,Germany,Berlin,restaurant,52.516095,13.363803,4.5,2,46,"Restaurant name: Nu Eat Kitchen. City: Berlin. Cuisine and dietary tags: Asian, Thai, Chinese, Fusion, Vietnamese, Vegetarian Friendly, Vegan Options, Gluten Free Options. Price range: $$ - $$$. TripAdvisor rating: 4.5 out of 5. Number of reviews: 46. Review snippets: Hi quality cuisine; Wow.","{""source_row_index"":""1614"",""raw_cuisine_style"":""['Asian', 'Thai', 'Chinese', 'Fusion', 'Vietnamese', 'Vegetarian Friendly', 'Vegan Options', 'Gluten Free Options']"",""ranking"":""1616.0"",""tripadvisor_url"":""/Restaurant_Review-g187323-d8732377-Reviews-Nu_Eat_Kitchen-Berlin.html"",""raw_reviews"":""[['Hi quality cuisine', 'Wow'], ['07/20/2016', '07/09/2016']]""}","{""source_row_index"":""1614"",""tripadvisor_id"":""d8732377"",""tripadvisor_url"":""/Restaurant_Review-g187323-d8732377-Reviews-Nu_Eat_Kitchen-Berlin.html"",""name"":""Nu Eat Kitchen"",""city"":""Berlin"",""raw_cuisine_style"":""['Asian', 'Thai', 'Chinese', 'Fusion', 'Vietnamese', 'Vegetarian Friendly', 'Vegan Options', 'Gluten Free Options']"",""ranking"":""1616.0"",""rating"":""4.5"",""price_range"":""$$ - $$$"",""number_of_reviews"":""46"",""raw_reviews"":""[['Hi quality cuisine', 'Wow'], ['07/20/2016', '07/09/2016']]"",""embedding_text"":""Restaurant name: Nu Eat Kitchen. City: Berlin. Cuisine and dietary tags: Asian, Thai, Chinese, Fusion, Vietnamese, Vegetarian Friendly, Vegan Options, Gluten Free Options. Price range: $$ - $$$. TripAdvisor rating: 4.5 out of 5. Number of reviews: 46. Review snippets: Hi quality cuisine; Wow."",""latitude"":""52.516095"",""longitude"":""13.363803""}",
tripadvisor,d5819967,atti's cafe,Germany,Berlin,restaurant,52.520361,13.411394,5,,8,Restaurant name: atti's cafe. City: Berlin. TripAdvisor rating: 5.0 out of 5. Number of reviews: 8. Review snippets: Stopped in on a rainy day!; Amazing little coffee shop stop.,"{""source_row_index"":""2909"",""ranking"":""2911.0"",""tripadvisor_url"":""/Restaurant_Review-g187323-d5819967-Reviews-Atti_s_cafe-Berlin.html"",""raw_reviews"":""[['Stopped in on a rainy day!', 'Amazing little coffee shop stop'], ['04/16/2017', '11/01/2016']]""}","{""source_row_index"":""2909"",""tripadvisor_id"":""d5819967"",""tripadvisor_url"":""/Restaurant_Review-g187323-d5819967-Reviews-Atti_s_cafe-Berlin.html"",""name"":""atti's cafe"",""city"":""Berlin"",""ranking"":""2911.0"",""rating"":""5.0"",""number_of_reviews"":""8"",""raw_reviews"":""[['Stopped in on a rainy day!', 'Amazing little coffee shop stop'], ['04/16/2017', '11/01/2016']]"",""embedding_text"":""Restaurant name: atti's cafe. City: Berlin. TripAdvisor rating: 5.0 out of 5. Number of reviews: 8. Review snippets: Stopped in on a rainy day!; Amazing little coffee shop stop."",""latitude"":""52.520361"",""longitude"":""13.411394""}",
tripadvisor,d10790513,Berliner Freiheit,Germany,Berlin,restaurant,52.546451,13.369462,4,,5,Restaurant name: Berliner Freiheit. City: Berlin. TripAdvisor rating: 4.0 out of 5. Number of reviews: 5.,"{""source_row_index"":""4919"",""ranking"":""4921.0"",""tripadvisor_url"":""/Restaurant_Review-g187323-d10790513-Reviews-Berliner_Freiheit-Berlin.html"",""raw_reviews"":""[[], []]""}","{""source_row_index"":""4919"",""tripadvisor_id"":""d10790513"",""tripadvisor_url"":""/Restaurant_Review-g187323-d10790513-Reviews-Berliner_Freiheit-Berlin.html"",""name"":""Berliner Freiheit"",""city"":""Berlin"",""ranking"":""4921.0"",""rating"":""4.0"",""number_of_reviews"":""5"",""raw_reviews"":""[[], []]"",""embedding_text"":""Restaurant name: Berliner Freiheit. City: Berlin. TripAdvisor rating: 4.0 out of 5. Number of reviews: 5."",""latitude"":""52.546451"",""longitude"":""13.369462""}",
tripadvisor,d4107139,5 – Cinco by Paco Perez,Germany,Berlin,restaurant,52.501605,13.372432,4,4,128,"Restaurant name: 5 – Cinco by Paco Perez. City: Berlin. Cuisine and dietary tags: Mediterranean, European, Spanish, International, Vegetarian Friendly, Gluten Free Options. Price range: $$$$. TripAdvisor rating: 4.0 out of 5. Number of reviews: 128. Review snippets: Diner; Refined inventive cuisine.","{""source_row_index"":""686"",""raw_cuisine_style"":""['Mediterranean', 'European', 'Spanish', 'International', 'Vegetarian Friendly', 'Gluten Free Options']"",""ranking"":""687.0"",""tripadvisor_url"":""/Restaurant_Review-g187323-d4107139-Reviews-5_Cinco_by_Paco_Perez-Berlin.html"",""raw_reviews"":""[['Diner', 'Refined inventive cuisine'], ['12/01/2017', '03/05/2017']]""}","{""source_row_index"":""686"",""tripadvisor_id"":""d4107139"",""tripadvisor_url"":""/Restaurant_Review-g187323-d4107139-Reviews-5_Cinco_by_Paco_Perez-Berlin.html"",""name"":""5 – Cinco by Paco Perez"",""city"":""Berlin"",""raw_cuisine_style"":""['Mediterranean', 'European', 'Spanish', 'International', 'Vegetarian Friendly', 'Gluten Free Options']"",""ranking"":""687.0"",""rating"":""4.0"",""price_range"":""$$$$"",""number_of_reviews"":""128"",""raw_reviews"":""[['Diner', 'Refined inventive cuisine'], ['12/01/2017', '03/05/2017']]"",""embedding_text"":""Restaurant name: 5 – Cinco by Paco Perez. City: Berlin. Cuisine and dietary tags: Mediterranean, European, Spanish, International, Vegetarian Friendly, Gluten Free Options. Price range: $$$$. TripAdvisor rating: 4.0 out of 5. Number of reviews: 128. Review snippets: Diner; Refined inventive cuisine."",""latitude"":""52.501605"",""longitude"":""13.372432""}",
tripadvisor,d6783701,Cafe Wimpernboutique,Germany,Berlin,restaurant,52.48427,13.430262,4,,14,Restaurant name: Cafe Wimpernboutique. City: Berlin. TripAdvisor rating: 4.0 out of 5. Number of reviews: 14. Review snippets: Amazing Coffee and service; delightfully inviting and cozy - great for....,"{""source_row_index"":""4573"",""ranking"":""4575.0"",""tripadvisor_url"":""/Restaurant_Review-g187323-d6783701-Reviews-Cafe_Wimpernboutique-Berlin.html"",""raw_reviews"":""[['Amazing Coffee and service', 'delightfully inviting and cozy - great for...'], ['04/11/2017', '03/20/2016']]""}","{""source_row_index"":""4573"",""tripadvisor_id"":""d6783701"",""tripadvisor_url"":""/Restaurant_Review-g187323-d6783701-Reviews-Cafe_Wimpernboutique-Berlin.html"",""name"":""Cafe Wimpernboutique"",""city"":""Berlin"",""ranking"":""4575.0"",""rating"":""4.0"",""number_of_reviews"":""14"",""raw_reviews"":""[['Amazing Coffee and service', 'delightfully inviting and cozy - great for...'], ['04/11/2017', '03/20/2016']]"",""embedding_text"":""Restaurant name: Cafe Wimpernboutique. City: Berlin. TripAdvisor rating: 4.0 out of 5. Number of reviews: 14. Review snippets: Amazing Coffee and service; delightfully inviting and cozy - great for...."",""latitude"":""52.484270"",""longitude"":""13.430262""}",
tripadvisor,d5513913,Restaurant Pinelli,Germany,Berlin,restaurant,52.517169,13.384866,4.5,1,7,Restaurant name: Restaurant Pinelli. City: Berlin. Cuisine and dietary tags: International. Price range: $. TripAdvisor rating: 4.5 out of 5. Number of reviews: 7. Review snippets: Surprisingly good small restaurant at loca...; A local Schöneberg restaurant with very go....,"{""source_row_index"":""4105"",""raw_cuisine_style"":""['International']"",""ranking"":""4107.0"",""tripadvisor_url"":""/Restaurant_Review-g187323-d5513913-Reviews-Restaurant_Pinelli-Berlin.html"",""raw_reviews"":""[['Surprisingly good small restaurant at loca...', 'A local Schöneberg restaurant with very go...'], ['06/22/2016', '06/15/2014']]""}","{""source_row_index"":""4105"",""tripadvisor_id"":""d5513913"",""tripadvisor_url"":""/Restaurant_Review-g187323-d5513913-Reviews-Restaurant_Pinelli-Berlin.html"",""name"":""Restaurant Pinelli"",""city"":""Berlin"",""raw_cuisine_style"":""['International']"",""ranking"":""4107.0"",""rating"":""4.5"",""price_range"":""$"",""number_of_reviews"":""7"",""raw_reviews"":""[['Surprisingly good small restaurant at loca...', 'A local Schöneberg restaurant with very go...'], ['06/22/2016', '06/15/2014']]"",""embedding_text"":""Restaurant name: Restaurant Pinelli. City: Berlin. Cuisine and dietary tags: International. Price range: $. TripAdvisor rating: 4.5 out of 5. Number of reviews: 7. Review snippets: Surprisingly good small restaurant at loca...; A local Schöneberg restaurant with very go...."",""latitude"":""52.517169"",""longitude"":""13.384866""}",
tripadvisor,d12686066,Delicious,Germany,Berlin,restaurant,52.498145,13.415359,5,,,Restaurant name: Delicious. City: Berlin. TripAdvisor rating: 5.0 out of 5.,"{""source_row_index"":""3378"",""ranking"":""3380.0"",""tripadvisor_url"":""/Restaurant_Review-g187323-d12686066-Reviews-Delicious-Berlin.html"",""raw_reviews"":""[[], []]""}","{""source_row_index"":""3378"",""tripadvisor_id"":""d12686066"",""tripadvisor_url"":""/Restaurant_Review-g187323-d12686066-Reviews-Delicious-Berlin.html"",""name"":""Delicious"",""city"":""Berlin"",""ranking"":""3380.0"",""rating"":""5.0"",""raw_reviews"":""[[], []]"",""embedding_text"":""Restaurant name: Delicious. City: Berlin. TripAdvisor rating: 5.0 out of 5."",""latitude"":""52.498145"",""longitude"":""13.415359""}",
tripadvisor,d9750223,Auf die Hand,Germany,Berlin,restaurant,52.529028,13.462723,2,,3,Restaurant name: Auf die Hand. City: Berlin. TripAdvisor rating: 2.0 out of 5. Number of reviews: 3.,"{""source_row_index"":""6290"",""ranking"":""6292.0"",""tripadvisor_url"":""/Restaurant_Review-g187323-d9750223-Reviews-Auf_die_Hand-Berlin.html"",""raw_reviews"":""[[], []]""}","{""source_row_index"":""6290"",""tripadvisor_id"":""d9750223"",""tripadvisor_url"":""/Restaurant_Review-g187323-d9750223-Reviews-Auf_die_Hand-Berlin.html"",""name"":""Auf die Hand"",""city"":""Berlin"",""ranking"":""6292.0"",""rating"":""2.0"",""number_of_reviews"":""3"",""raw_reviews"":""[[], []]"",""embedding_text"":""Restaurant name: Auf die Hand. City: Berlin. TripAdvisor rating: 2.0 out of 5. Number of reviews: 3."",""latitude"":""52.529028"",""longitude"":""13.462723""}",
tripadvisor,d10193248,Asiagourmet,Germany,Berlin,restaurant,52.559313,13.428879,3.5,,4,"Restaurant name: Asiagourmet. City: Berlin. Cuisine and dietary tags: Chinese, Asian, Thai. TripAdvisor rating: 3.5 out of 5. Number of reviews: 4. Review snippets: Average Asian-style fast food.","{""source_row_index"":""4907"",""raw_cuisine_style"":""['Chinese', 'Asian', 'Thai']"",""ranking"":""4909.0"",""tripadvisor_url"":""/Restaurant_Review-g187323-d10193248-Reviews-Asiagourmet-Berlin.html"",""raw_reviews"":""[['Average Asian-style fast food'], ['04/16/2016']]""}","{""source_row_index"":""4907"",""tripadvisor_id"":""d10193248"",""tripadvisor_url"":""/Restaurant_Review-g187323-d10193248-Reviews-Asiagourmet-Berlin.html"",""name"":""Asiagourmet"",""city"":""Berlin"",""raw_cuisine_style"":""['Chinese', 'Asian', 'Thai']"",""ranking"":""4909.0"",""rating"":""3.5"",""number_of_reviews"":""4"",""raw_reviews"":""[['Average Asian-style fast food'], ['04/16/2016']]"",""embedding_text"":""Restaurant name: Asiagourmet. City: Berlin. Cuisine and dietary tags: Chinese, Asian, Thai. TripAdvisor rating: 3.5 out of 5. Number of reviews: 4. Review snippets: Average Asian-style fast food."",""latitude"":""52.559313"",""longitude"":""13.428879""}",
tripadvisor,d5817961,Cafe Extrablatt Wilmersdorfer Strasse,Germany,Berlin,restaurant,52.527222,13.468098,3.5,2,48,"Restaurant name: Cafe Extrablatt Wilmersdorfer Strasse. City: Berlin. Cuisine and dietary tags: Cafe, German, Bar, European, Pub, Central European, Vegetarian Friendly. Price range: $$ - $$$. TripAdvisor rating: 3.5 out of 5. Number of reviews: 48. Review snippets: good wifi, beer and salads; Mixed emotions.","{""source_row_index"":""2300"",""raw_cuisine_style"":""['Cafe', 'German', 'Bar', 'European', 'Pub', 'Central European', 'Vegetarian Friendly']"",""ranking"":""2302.0"",""tripadvisor_url"":""/Restaurant_Review-g187323-d5817961-Reviews-Cafe_Extrablatt_Wilmersdorfer_Strasse-Berlin.html"",""raw_reviews"":""[['good wifi, beer and salads', 'Mixed emotions'], ['04/21/2017', '04/14/2017']]""}","{""source_row_index"":""2300"",""tripadvisor_id"":""d5817961"",""tripadvisor_url"":""/Restaurant_Review-g187323-d5817961-Reviews-Cafe_Extrablatt_Wilmersdorfer_Strasse-Berlin.html"",""name"":""Cafe Extrablatt Wilmersdorfer Strasse"",""city"":""Berlin"",""raw_cuisine_style"":""['Cafe', 'German', 'Bar', 'European', 'Pub', 'Central European', 'Vegetarian Friendly']"",""ranking"":""2302.0"",""rating"":""3.5"",""price_range"":""$$ - $$$"",""number_of_reviews"":""48"",""raw_reviews"":""[['good wifi, beer and salads', 'Mixed emotions'], ['04/21/2017', '04/14/2017']]"",""embedding_text"":""Restaurant name: Cafe Extrablatt Wilmersdorfer Strasse. City: Berlin. Cuisine and dietary tags: Cafe, German, Bar, European, Pub, Central European, Vegetarian Friendly. Price range: $$ - $$$. TripAdvisor rating: 3.5 out of 5. Number of reviews: 48. Review snippets: good wifi, beer and salads; Mixed emotions."",""latitude"":""52.527222"",""longitude"":""13.468098""}",
tripadvisor,d11621253,Mitho Cha!,Germany,Berlin,restaurant,52.542778,13.354005,4.5,2,32,"Restaurant name: Mitho Cha!. City: Berlin. Cuisine and dietary tags: Asian, Tibetan, Nepali, Vegetarian Friendly, Vegan Options. Price range: $$ - $$$. TripAdvisor rating: 4.5 out of 5. Number of reviews: 32. Review snippets: Typical nepal; Authentic and nice.","{""source_row_index"":""679"",""raw_cuisine_style"":""['Asian', 'Tibetan', 'Nepali', 'Vegetarian Friendly', 'Vegan Options']"",""ranking"":""680.0"",""tripadvisor_url"":""/Restaurant_Review-g187323-d11621253-Reviews-Mitho_Cha-Berlin.html"",""raw_reviews"":""[['Typical nepal', 'Authentic and nice'], ['10/25/2017', '10/16/2017']]""}","{""source_row_index"":""679"",""tripadvisor_id"":""d11621253"",""tripadvisor_url"":""/Restaurant_Review-g187323-d11621253-Reviews-Mitho_Cha-Berlin.html"",""name"":""Mitho Cha!"",""city"":""Berlin"",""raw_cuisine_style"":""['Asian', 'Tibetan', 'Nepali', 'Vegetarian Friendly', 'Vegan Options']"",""ranking"":""680.0"",""rating"":""4.5"",""price_range"":""$$ - $$$"",""number_of_reviews"":""32"",""raw_reviews"":""[['Typical nepal', 'Authentic and nice'], ['10/25/2017', '10/16/2017']]"",""embedding_text"":""Restaurant name: Mitho Cha!. City: Berlin. Cuisine and dietary tags: Asian, Tibetan, Nepali, Vegetarian Friendly, Vegan Options. Price range: $$ - $$$. TripAdvisor rating: 4.5 out of 5. Number of reviews: 32. Review snippets: Typical nepal; Authentic and nice."",""latitude"":""52.542778"",""longitude"":""13.354005""}",
tripadvisor,d6780640,Restaurant Masel Topf,Germany,Berlin,restaurant,52.510078,13.398236,4.5,2,178,"Restaurant name: Restaurant Masel Topf. City: Berlin. Cuisine and dietary tags: Central European, Israeli, Vegetarian Friendly, Vegan Options, Gluten Free Options. Price range: $$ - $$$. TripAdvisor rating: 4.5 out of 5. Number of reviews: 178. Review snippets: Nice experience; Everything was Perfect!.","{""source_row_index"":""288"",""raw_cuisine_style"":""['Central European', 'Israeli', 'Vegetarian Friendly', 'Vegan Options', 'Gluten Free Options']"",""ranking"":""289.0"",""tripadvisor_url"":""/Restaurant_Review-g187323-d6780640-Reviews-Restaurant_Masel_Topf-Berlin.html"",""raw_reviews"":""[['Nice experience', 'Everything was Perfect!'], ['12/05/2017', '11/22/2017']]""}","{""source_row_index"":""288"",""tripadvisor_id"":""d6780640"",""tripadvisor_url"":""/Restaurant_Review-g187323-d6780640-Reviews-Restaurant_Masel_Topf-Berlin.html"",""name"":""Restaurant Masel Topf"",""city"":""Berlin"",""raw_cuisine_style"":""['Central European', 'Israeli', 'Vegetarian Friendly', 'Vegan Options', 'Gluten Free Options']"",""ranking"":""289.0"",""rating"":""4.5"",""price_range"":""$$ - $$$"",""number_of_reviews"":""178"",""raw_reviews"":""[['Nice experience', 'Everything was Perfect!'], ['12/05/2017', '11/22/2017']]"",""embedding_text"":""Restaurant name: Restaurant Masel Topf. City: Berlin. Cuisine and dietary tags: Central European, Israeli, Vegetarian Friendly, Vegan Options, Gluten Free Options. Price range: $$ - $$$. TripAdvisor rating: 4.5 out of 5. Number of reviews: 178. Review snippets: Nice experience; Everything was Perfect!."",""latitude"":""52.510078"",""longitude"":""13.398236""}",
tripadvisor,d10508680,Cafe SPITZER,Germany,Berlin,restaurant,52.495729,13.355956,,2,,"Restaurant name: Cafe SPITZER. City: Berlin. Cuisine and dietary tags: International, Vegan Options, Gluten Free Options. Price range: $$ - $$$.","{""source_row_index"":""6876"",""raw_cuisine_style"":""['International', 'Vegan Options', 'Gluten Free Options']"",""tripadvisor_url"":""/Restaurant_Review-g187323-d10508680-Reviews-Cafe_SPITZER-Berlin.html""}","{""source_row_index"":""6876"",""tripadvisor_id"":""d10508680"",""tripadvisor_url"":""/Restaurant_Review-g187323-d10508680-Reviews-Cafe_SPITZER-Berlin.html"",""name"":""Cafe SPITZER"",""city"":""Berlin"",""raw_cuisine_style"":""['International', 'Vegan Options', 'Gluten Free Options']"",""price_range"":""$$ - $$$"",""embedding_text"":""Restaurant name: Cafe SPITZER. City: Berlin. Cuisine and dietary tags: International, Vegan Options, Gluten Free Options. Price range: $$ - $$$."",""latitude"":""52.495729"",""longitude"":""13.355956""}",
tripadvisor,d3139563,Galander,Germany,Berlin,restaurant,52.493797,13.450725,4.5,,16,Restaurant name: Galander. City: Berlin. TripAdvisor rating: 4.5 out of 5. Number of reviews: 16. Review snippets: Great drinks and service!; Busy and Very Smoky.,"{""source_row_index"":""1730"",""ranking"":""1732.0"",""tripadvisor_url"":""/Restaurant_Review-g187323-d3139563-Reviews-Galander-Berlin.html"",""raw_reviews"":""[['Great drinks and service!', 'Busy and Very Smoky'], ['08/05/2017', '04/14/2017']]""}","{""source_row_index"":""1730"",""tripadvisor_id"":""d3139563"",""tripadvisor_url"":""/Restaurant_Review-g187323-d3139563-Reviews-Galander-Berlin.html"",""name"":""Galander"",""city"":""Berlin"",""ranking"":""1732.0"",""rating"":""4.5"",""number_of_reviews"":""16"",""raw_reviews"":""[['Great drinks and service!', 'Busy and Very Smoky'], ['08/05/2017', '04/14/2017']]"",""embedding_text"":""Restaurant name: Galander. City: Berlin. TripAdvisor rating: 4.5 out of 5. Number of reviews: 16. Review snippets: Great drinks and service!; Busy and Very Smoky."",""latitude"":""52.493797"",""longitude"":""13.450725""}",
tripadvisor,d13076704,Zitronencafe im Kornerpark,Germany,Berlin,restaurant,52.509422,13.41118,4,,,Restaurant name: Zitronencafe im Kornerpark. City: Berlin. TripAdvisor rating: 4.0 out of 5.,"{""source_row_index"":""5056"",""ranking"":""5058.0"",""tripadvisor_url"":""/Restaurant_Review-g187323-d13076704-Reviews-Zitronencafe_im_Kornerpark-Berlin.html"",""raw_reviews"":""[[], []]""}","{""source_row_index"":""5056"",""tripadvisor_id"":""d13076704"",""tripadvisor_url"":""/Restaurant_Review-g187323-d13076704-Reviews-Zitronencafe_im_Kornerpark-Berlin.html"",""name"":""Zitronencafe im Kornerpark"",""city"":""Berlin"",""ranking"":""5058.0"",""rating"":""4.0"",""raw_reviews"":""[[], []]"",""embedding_text"":""Restaurant name: Zitronencafe im Kornerpark. City: Berlin. TripAdvisor rating: 4.0 out of 5."",""latitude"":""52.509422"",""longitude"":""13.411180""}",
tripadvisor,d715406,Kalkscheune,Germany,Berlin,restaurant,52.495964,13.462944,3.5,,27,Restaurant name: Kalkscheune. City: Berlin. TripAdvisor rating: 3.5 out of 5. Number of reviews: 27. Review snippets: Party all night long; great atmosphere !.,"{""source_row_index"":""4384"",""ranking"":""4386.0"",""tripadvisor_url"":""/Restaurant_Review-g187323-d715406-Reviews-Kalkscheune-Berlin.html"",""raw_reviews"":""[['Party all night long', 'great atmosphere !'], ['09/13/2016', '08/31/2016']]""}","{""source_row_index"":""4384"",""tripadvisor_id"":""d715406"",""tripadvisor_url"":""/Restaurant_Review-g187323-d715406-Reviews-Kalkscheune-Berlin.html"",""name"":""Kalkscheune"",""city"":""Berlin"",""ranking"":""4386.0"",""rating"":""3.5"",""number_of_reviews"":""27"",""raw_reviews"":""[['Party all night long', 'great atmosphere !'], ['09/13/2016', '08/31/2016']]"",""embedding_text"":""Restaurant name: Kalkscheune. City: Berlin. TripAdvisor rating: 3.5 out of 5. Number of reviews: 27. Review snippets: Party all night long; great atmosphere !."",""latitude"":""52.495964"",""longitude"":""13.462944""}",
tripadvisor,d8089663,KING KING,Germany,Berlin,restaurant,52.523269,13.335043,4.5,2,160,"Restaurant name: KING KING. City: Berlin. Cuisine and dietary tags: Japanese, Asian, Cambodian, Sushi, Vietnamese, Vegetarian Friendly, Vegan Options, Gluten Free Options. Price range: $$ - $$$. TripAdvisor rating: 4.5 out of 5. Number of reviews: 160. Review snippets: Excellent; Really nice sushi - not very expensive.","{""source_row_index"":""311"",""raw_cuisine_style"":""['Japanese', 'Asian', 'Cambodian', 'Sushi', 'Vietnamese', 'Vegetarian Friendly', 'Vegan Options', 'Gluten Free Options']"",""ranking"":""312.0"",""tripadvisor_url"":""/Restaurant_Review-g187323-d8089663-Reviews-KING_KING-Berlin.html"",""raw_reviews"":""[['Excellent', 'Really nice sushi - not very expensive'], ['09/14/2017', '09/06/2017']]""}","{""source_row_index"":""311"",""tripadvisor_id"":""d8089663"",""tripadvisor_url"":""/Restaurant_Review-g187323-d8089663-Reviews-KING_KING-Berlin.html"",""name"":""KING KING"",""city"":""Berlin"",""raw_cuisine_style"":""['Japanese', 'Asian', 'Cambodian', 'Sushi', 'Vietnamese', 'Vegetarian Friendly', 'Vegan Options', 'Gluten Free Options']"",""ranking"":""312.0"",""rating"":""4.5"",""price_range"":""$$ - $$$"",""number_of_reviews"":""160"",""raw_reviews"":""[['Excellent', 'Really nice sushi - not very expensive'], ['09/14/2017', '09/06/2017']]"",""embedding_text"":""Restaurant name: KING KING. City: Berlin. Cuisine and dietary tags: Japanese, Asian, Cambodian, Sushi, Vietnamese, Vegetarian Friendly, Vegan Options, Gluten Free Options. Price range: $$ - $$$. TripAdvisor rating: 4.5 out of 5. Number of reviews: 160. Review snippets: Excellent; Really nice sushi - not very expensive."",""latitude"":""52.523269"",""longitude"":""13.335043""}",
tripadvisor,d10304720,La Bolognina,Germany,Berlin,restaurant,52.552618,13.367942,3.5,,3,Restaurant name: La Bolognina. City: Berlin. TripAdvisor rating: 3.5 out of 5. Number of reviews: 3.,"{""source_row_index"":""5850"",""ranking"":""5852.0"",""tripadvisor_url"":""/Restaurant_Review-g187323-d10304720-Reviews-La_Bolognina-Berlin.html"",""raw_reviews"":""[[], []]""}","{""source_row_index"":""5850"",""tripadvisor_id"":""d10304720"",""tripadvisor_url"":""/Restaurant_Review-g187323-d10304720-Reviews-La_Bolognina-Berlin.html"",""name"":""La Bolognina"",""city"":""Berlin"",""ranking"":""5852.0"",""rating"":""3.5"",""number_of_reviews"":""3"",""raw_reviews"":""[[], []]"",""embedding_text"":""Restaurant name: La Bolognina. City: Berlin. TripAdvisor rating: 3.5 out of 5. Number of reviews: 3."",""latitude"":""52.552618"",""longitude"":""13.367942""}",
tripadvisor,d4016388,Mandelmond,Germany,Berlin,restaurant,52.487371,13.400073,,,,"Restaurant name: Mandelmond. City: Berlin. Cuisine and dietary tags: Bar, Pub.","{""source_row_index"":""6523"",""raw_cuisine_style"":""['Bar', 'Pub']"",""tripadvisor_url"":""/Restaurant_Review-g187323-d4016388-Reviews-Mandelmond-Berlin.html""}","{""source_row_index"":""6523"",""tripadvisor_id"":""d4016388"",""tripadvisor_url"":""/Restaurant_Review-g187323-d4016388-Reviews-Mandelmond-Berlin.html"",""name"":""Mandelmond"",""city"":""Berlin"",""raw_cuisine_style"":""['Bar', 'Pub']"",""embedding_text"":""Restaurant name: Mandelmond. City: Berlin. Cuisine and dietary tags: Bar, Pub."",""latitude"":""52.487371"",""longitude"":""13.400073""}",
tripadvisor,d10454627,Neue Nachbarschaft // Moabit,Germany,Berlin,restaurant,52.528642,13.412607,,1,,"Restaurant name: Neue Nachbarschaft // Moabit. City: Berlin. Cuisine and dietary tags: German, Bar, International, Pub. Price range: $.","{""source_row_index"":""6869"",""raw_cuisine_style"":""['German', 'Bar', 'International', 'Pub']"",""tripadvisor_url"":""/Restaurant_Review-g187323-d10454627-Reviews-Neue_Nachbarschaft_Moabit-Berlin.html""}","{""source_row_index"":""6869"",""tripadvisor_id"":""d10454627"",""tripadvisor_url"":""/Restaurant_Review-g187323-d10454627-Reviews-Neue_Nachbarschaft_Moabit-Berlin.html"",""name"":""Neue Nachbarschaft // Moabit"",""city"":""Berlin"",""raw_cuisine_style"":""['German', 'Bar', 'International', 'Pub']"",""price_range"":""$"",""embedding_text"":""Restaurant name: Neue Nachbarschaft // Moabit. City: Berlin. Cuisine and dietary tags: German, Bar, International, Pub. Price range: $."",""latitude"":""52.528642"",""longitude"":""13.412607""}",
tripadvisor,d12896074,Cumulus Kneipe,Germany,Berlin,restaurant,52.487074,13.34189,5,,,Restaurant name: Cumulus Kneipe. City: Berlin. TripAdvisor rating: 5.0 out of 5.,"{""source_row_index"":""3350"",""ranking"":""3352.0"",""tripadvisor_url"":""/Restaurant_Review-g187323-d12896074-Reviews-Cumulus_Kneipe-Berlin.html"",""raw_reviews"":""[[], []]""}","{""source_row_index"":""3350"",""tripadvisor_id"":""d12896074"",""tripadvisor_url"":""/Restaurant_Review-g187323-d12896074-Reviews-Cumulus_Kneipe-Berlin.html"",""name"":""Cumulus Kneipe"",""city"":""Berlin"",""ranking"":""3352.0"",""rating"":""5.0"",""raw_reviews"":""[[], []]"",""embedding_text"":""Restaurant name: Cumulus Kneipe. City: Berlin. TripAdvisor rating: 5.0 out of 5."",""latitude"":""52.487074"",""longitude"":""13.341890""}",
tripadvisor,d1340598,Asra,Germany,Berlin,restaurant,52.507631,13.388766,4,,23,Restaurant name: Asra. City: Berlin. TripAdvisor rating: 4.0 out of 5. Number of reviews: 23. Review snippets: Try for lunch!; Dashed optimism in Germany.,"{""source_row_index"":""4371"",""ranking"":""4373.0"",""tripadvisor_url"":""/Restaurant_Review-g187323-d1340598-Reviews-Asra-Berlin.html"",""raw_reviews"":""[['Try for lunch!', 'Dashed optimism in Germany'], ['09/05/2015', '08/24/2015']]""}","{""source_row_index"":""4371"",""tripadvisor_id"":""d1340598"",""tripadvisor_url"":""/Restaurant_Review-g187323-d1340598-Reviews-Asra-Berlin.html"",""name"":""Asra"",""city"":""Berlin"",""ranking"":""4373.0"",""rating"":""4.0"",""number_of_reviews"":""23"",""raw_reviews"":""[['Try for lunch!', 'Dashed optimism in Germany'], ['09/05/2015', '08/24/2015']]"",""embedding_text"":""Restaurant name: Asra. City: Berlin. TripAdvisor rating: 4.0 out of 5. Number of reviews: 23. Review snippets: Try for lunch!; Dashed optimism in Germany."",""latitude"":""52.507631"",""longitude"":""13.388766""}",
tripadvisor,d9718128,Baltas Coffee Shop,Germany,Berlin,restaurant,52.489758,13.354623,4.5,1,5,Restaurant name: Baltas Coffee Shop. City: Berlin. Cuisine and dietary tags: International. Price range: $. TripAdvisor rating: 4.5 out of 5. Number of reviews: 5. Review snippets: Very tasty Bakery; Friendly coffee shop.,"{""source_row_index"":""3022"",""raw_cuisine_style"":""['International']"",""ranking"":""3024.0"",""tripadvisor_url"":""/Restaurant_Review-g187323-d9718128-Reviews-Baltas_Coffee_Shop-Berlin.html"",""raw_reviews"":""[['Very tasty Bakery', 'Friendly coffee shop'], ['08/06/2016', '01/25/2016']]""}","{""source_row_index"":""3022"",""tripadvisor_id"":""d9718128"",""tripadvisor_url"":""/Restaurant_Review-g187323-d9718128-Reviews-Baltas_Coffee_Shop-Berlin.html"",""name"":""Baltas Coffee Shop"",""city"":""Berlin"",""raw_cuisine_style"":""['International']"",""ranking"":""3024.0"",""rating"":""4.5"",""price_range"":""$"",""number_of_reviews"":""5"",""raw_reviews"":""[['Very tasty Bakery', 'Friendly coffee shop'], ['08/06/2016', '01/25/2016']]"",""embedding_text"":""Restaurant name: Baltas Coffee Shop. City: Berlin. Cuisine and dietary tags: International. Price range: $. TripAdvisor rating: 4.5 out of 5. Number of reviews: 5. Review snippets: Very tasty Bakery; Friendly coffee shop."",""latitude"":""52.489758"",""longitude"":""13.354623""}",
tripadvisor,d5523886,Maharaja,Germany,Berlin,restaurant,52.511499,13.347214,4.5,2,34,Restaurant name: Maharaja. City: Berlin. Cuisine and dietary tags: Indian. Price range: $$ - $$$. TripAdvisor rating: 4.5 out of 5. Number of reviews: 34. Review snippets: Good value and decent; Magical tastes and service.,"{""source_row_index"":""1411"",""raw_cuisine_style"":""['Indian']"",""ranking"":""1413.0"",""tripadvisor_url"":""/Restaurant_Review-g187323-d5523886-Reviews-Maharaja-Berlin.html"",""raw_reviews"":""[['Good value and decent', 'Magical tastes and service'], ['08/20/2017', '08/13/2017']]""}","{""source_row_index"":""1411"",""tripadvisor_id"":""d5523886"",""tripadvisor_url"":""/Restaurant_Review-g187323-d5523886-Reviews-Maharaja-Berlin.html"",""name"":""Maharaja"",""city"":""Berlin"",""raw_cuisine_style"":""['Indian']"",""ranking"":""1413.0"",""rating"":""4.5"",""price_range"":""$$ - $$$"",""number_of_reviews"":""34"",""raw_reviews"":""[['Good value and decent', 'Magical tastes and service'], ['08/20/2017', '08/13/2017']]"",""embedding_text"":""Restaurant name: Maharaja. City: Berlin. Cuisine and dietary tags: Indian. Price range: $$ - $$$. TripAdvisor rating: 4.5 out of 5. Number of reviews: 34. Review snippets: Good value and decent; Magical tastes and service."",""latitude"":""52.511499"",""longitude"":""13.347214""}",
tripadvisor,d10045105,Thai Cuisine,Germany,Berlin,restaurant,52.545475,13.434507,4.5,,17,Restaurant name: Thai Cuisine. City: Berlin. TripAdvisor rating: 4.5 out of 5. Number of reviews: 17. Review snippets: Tasty Thai cuisine; Good thai restaurant!.,"{""source_row_index"":""1816"",""ranking"":""1818.0"",""tripadvisor_url"":""/Restaurant_Review-g187323-d10045105-Reviews-Thai_Cuisine-Berlin.html"",""raw_reviews"":""[['Tasty Thai cuisine', 'Good thai restaurant!'], ['06/12/2017', '01/13/2017']]""}","{""source_row_index"":""1816"",""tripadvisor_id"":""d10045105"",""tripadvisor_url"":""/Restaurant_Review-g187323-d10045105-Reviews-Thai_Cuisine-Berlin.html"",""name"":""Thai Cuisine"",""city"":""Berlin"",""ranking"":""1818.0"",""rating"":""4.5"",""number_of_reviews"":""17"",""raw_reviews"":""[['Tasty Thai cuisine', 'Good thai restaurant!'], ['06/12/2017', '01/13/2017']]"",""embedding_text"":""Restaurant name: Thai Cuisine. City: Berlin. TripAdvisor rating: 4.5 out of 5. Number of reviews: 17. Review snippets: Tasty Thai cuisine; Good thai restaurant!."",""latitude"":""52.545475"",""longitude"":""13.434507""}",
tripadvisor,d1341422,Bogazici,Germany,Berlin,restaurant,52.54252,13.366399,4.5,,19,Restaurant name: Bogazici. City: Berlin. TripAdvisor rating: 4.5 out of 5. Number of reviews: 19. Review snippets: Small place n tasty food; Classic Donner.,"{""source_row_index"":""2802"",""ranking"":""2804.0"",""tripadvisor_url"":""/Restaurant_Review-g187323-d1341422-Reviews-Bogazici-Berlin.html"",""raw_reviews"":""[['Small place n tasty food', 'Classic Donner'], ['01/27/2016', '09/03/2015']]""}","{""source_row_index"":""2802"",""tripadvisor_id"":""d1341422"",""tripadvisor_url"":""/Restaurant_Review-g187323-d1341422-Reviews-Bogazici-Berlin.html"",""name"":""Bogazici"",""city"":""Berlin"",""ranking"":""2804.0"",""rating"":""4.5"",""number_of_reviews"":""19"",""raw_reviews"":""[['Small place n tasty food', 'Classic Donner'], ['01/27/2016', '09/03/2015']]"",""embedding_text"":""Restaurant name: Bogazici. City: Berlin. TripAdvisor rating: 4.5 out of 5. Number of reviews: 19. Review snippets: Small place n tasty food; Classic Donner."",""latitude"":""52.542520"",""longitude"":""13.366399""}",
tripadvisor,d3323241,Essentis Vegetarisches Bio - Restaurant An Der Spree,Germany,Berlin,restaurant,52.484788,13.35289,4.5,2,15,"Restaurant name: Essentis Vegetarisches Bio - Restaurant An Der Spree. City: Berlin. Cuisine and dietary tags: Vegetarian Friendly, Vegan Options. Price range: $$ - $$$. TripAdvisor rating: 4.5 out of 5. Number of reviews: 15. Review snippets: Mr; Amazing place..","{""source_row_index"":""2974"",""raw_cuisine_style"":""['Vegetarian Friendly', 'Vegan Options']"",""ranking"":""2976.0"",""tripadvisor_url"":""/Restaurant_Review-g187323-d3323241-Reviews-Essentis_Vegetarisches_Bio_Restaurant_An_Der_Spree-Berlin.html"",""raw_reviews"":""[['Mr', 'Amazing place.'], ['09/07/2017', '02/09/2016']]""}","{""source_row_index"":""2974"",""tripadvisor_id"":""d3323241"",""tripadvisor_url"":""/Restaurant_Review-g187323-d3323241-Reviews-Essentis_Vegetarisches_Bio_Restaurant_An_Der_Spree-Berlin.html"",""name"":""Essentis Vegetarisches Bio - Restaurant An Der Spree"",""city"":""Berlin"",""raw_cuisine_style"":""['Vegetarian Friendly', 'Vegan Options']"",""ranking"":""2976.0"",""rating"":""4.5"",""price_range"":""$$ - $$$"",""number_of_reviews"":""15"",""raw_reviews"":""[['Mr', 'Amazing place.'], ['09/07/2017', '02/09/2016']]"",""embedding_text"":""Restaurant name: Essentis Vegetarisches Bio - Restaurant An Der Spree. City: Berlin. Cuisine and dietary tags: Vegetarian Friendly, Vegan Options. Price range: $$ - $$$. TripAdvisor rating: 4.5 out of 5. Number of reviews: 15. Review snippets: Mr; Amazing place.."",""latitude"":""52.484788"",""longitude"":""13.352890""}",
tripadvisor,d1359957,Speisekombinat,Germany,Berlin,restaurant,52.504321,13.335448,3.5,2,130,"Restaurant name: Speisekombinat. City: Berlin. Cuisine and dietary tags: Mediterranean, Grill, Italian, German, European, Vegetarian Friendly. Price range: $$ - $$$. TripAdvisor rating: 3.5 out of 5. Number of reviews: 130. Review snippets: Pot Luck; Food and service verage.","{""source_row_index"":""2171"",""raw_cuisine_style"":""['Mediterranean', 'Grill', 'Italian', 'German', 'European', 'Vegetarian Friendly']"",""ranking"":""2173.0"",""tripadvisor_url"":""/Restaurant_Review-g187323-d1359957-Reviews-Speisekombinat-Berlin.html"",""raw_reviews"":""[['Pot Luck', 'Food and service verage'], ['11/15/2017', '09/24/2017']]""}","{""source_row_index"":""2171"",""tripadvisor_id"":""d1359957"",""tripadvisor_url"":""/Restaurant_Review-g187323-d1359957-Reviews-Speisekombinat-Berlin.html"",""name"":""Speisekombinat"",""city"":""Berlin"",""raw_cuisine_style"":""['Mediterranean', 'Grill', 'Italian', 'German', 'European', 'Vegetarian Friendly']"",""ranking"":""2173.0"",""rating"":""3.5"",""price_range"":""$$ - $$$"",""number_of_reviews"":""130"",""raw_reviews"":""[['Pot Luck', 'Food and service verage'], ['11/15/2017', '09/24/2017']]"",""embedding_text"":""Restaurant name: Speisekombinat. City: Berlin. Cuisine and dietary tags: Mediterranean, Grill, Italian, German, European, Vegetarian Friendly. Price range: $$ - $$$. TripAdvisor rating: 3.5 out of 5. Number of reviews: 130. Review snippets: Pot Luck; Food and service verage."",""latitude"":""52.504321"",""longitude"":""13.335448""}",
tripadvisor,d10341101,Laden,Germany,Berlin,restaurant,52.511997,13.450107,3,,2,Restaurant name: Laden. City: Berlin. TripAdvisor rating: 3.0 out of 5. Number of reviews: 2. Review snippets: Don't go here!.,"{""source_row_index"":""5676"",""ranking"":""5678.0"",""tripadvisor_url"":""/Restaurant_Review-g187323-d10341101-Reviews-Laden-Berlin.html"",""raw_reviews"":""[[\""Don't go here!\""], ['05/21/2016']]""}","{""source_row_index"":""5676"",""tripadvisor_id"":""d10341101"",""tripadvisor_url"":""/Restaurant_Review-g187323-d10341101-Reviews-Laden-Berlin.html"",""name"":""Laden"",""city"":""Berlin"",""ranking"":""5678.0"",""rating"":""3.0"",""number_of_reviews"":""2"",""raw_reviews"":""[[\""Don't go here!\""], ['05/21/2016']]"",""embedding_text"":""Restaurant name: Laden. City: Berlin. TripAdvisor rating: 3.0 out of 5. Number of reviews: 2. Review snippets: Don't go here!."",""latitude"":""52.511997"",""longitude"":""13.450107""}",
tripadvisor,d4509925,Babis' Ouzeri,Germany,Berlin,restaurant,52.509813,13.337865,4.5,,6,Restaurant name: Babis' Ouzeri. City: Berlin. Cuisine and dietary tags: Greek. TripAdvisor rating: 4.5 out of 5. Number of reviews: 6. Review snippets: Yes - Excellent Lamb Shank; The best and softest Lamb shank I ever had....,"{""source_row_index"":""3917"",""raw_cuisine_style"":""['Greek']"",""ranking"":""3919.0"",""tripadvisor_url"":""/Restaurant_Review-g187323-d4509925-Reviews-Babis_Ouzeri-Berlin.html"",""raw_reviews"":""[['Yes - Excellent Lamb Shank', 'The best and softest Lamb shank I ever had...'], ['10/26/2013', '10/23/2013']]""}","{""source_row_index"":""3917"",""tripadvisor_id"":""d4509925"",""tripadvisor_url"":""/Restaurant_Review-g187323-d4509925-Reviews-Babis_Ouzeri-Berlin.html"",""name"":""Babis' Ouzeri"",""city"":""Berlin"",""raw_cuisine_style"":""['Greek']"",""ranking"":""3919.0"",""rating"":""4.5"",""number_of_reviews"":""6"",""raw_reviews"":""[['Yes - Excellent Lamb Shank', 'The best and softest Lamb shank I ever had...'], ['10/26/2013', '10/23/2013']]"",""embedding_text"":""Restaurant name: Babis' Ouzeri. City: Berlin. Cuisine and dietary tags: Greek. TripAdvisor rating: 4.5 out of 5. Number of reviews: 6. Review snippets: Yes - Excellent Lamb Shank; The best and softest Lamb shank I ever had...."",""latitude"":""52.509813"",""longitude"":""13.337865""}",
tripadvisor,d10791492,Umami,Germany,Berlin,restaurant,52.51794,13.374268,4.5,1,159,"Restaurant name: Umami. City: Berlin. Cuisine and dietary tags: Asian, Vietnamese, Vegetarian Friendly, Vegan Options, Gluten Free Options. Price range: $. TripAdvisor rating: 4.5 out of 5. Number of reviews: 159. Review snippets: Delicious food and cozy atmosphere; Delicious food, good value.","{""source_row_index"":""85"",""raw_cuisine_style"":""['Asian', 'Vietnamese', 'Vegetarian Friendly', 'Vegan Options', 'Gluten Free Options']"",""ranking"":""86.0"",""tripadvisor_url"":""/Restaurant_Review-g187323-d10791492-Reviews-Umami-Berlin.html"",""raw_reviews"":""[['Delicious food and cozy atmosphere', 'Delicious food, good value'], ['12/29/2017', '12/18/2017']]""}","{""source_row_index"":""85"",""tripadvisor_id"":""d10791492"",""tripadvisor_url"":""/Restaurant_Review-g187323-d10791492-Reviews-Umami-Berlin.html"",""name"":""Umami"",""city"":""Berlin"",""raw_cuisine_style"":""['Asian', 'Vietnamese', 'Vegetarian Friendly', 'Vegan Options', 'Gluten Free Options']"",""ranking"":""86.0"",""rating"":""4.5"",""price_range"":""$"",""number_of_reviews"":""159"",""raw_reviews"":""[['Delicious food and cozy atmosphere', 'Delicious food, good value'], ['12/29/2017', '12/18/2017']]"",""embedding_text"":""Restaurant name: Umami. City: Berlin. Cuisine and dietary tags: Asian, Vietnamese, Vegetarian Friendly, Vegan Options, Gluten Free Options. Price range: $. TripAdvisor rating: 4.5 out of 5. Number of reviews: 159. Review snippets: Delicious food and cozy atmosphere; Delicious food, good value."",""latitude"":""52.517940"",""longitude"":""13.374268""}",
tripadvisor,d12392958,Gelbgold,Germany,Berlin,restaurant,52.556251,13.341158,5,1,3,Restaurant name: Gelbgold. City: Berlin. Cuisine and dietary tags: Italian. Price range: $. TripAdvisor rating: 5.0 out of 5. Number of reviews: 3.,"{""source_row_index"":""2376"",""raw_cuisine_style"":""['Italian']"",""ranking"":""2378.0"",""tripadvisor_url"":""/Restaurant_Review-g187323-d12392958-Reviews-Gelbgold-Berlin.html"",""raw_reviews"":""[[], []]""}","{""source_row_index"":""2376"",""tripadvisor_id"":""d12392958"",""tripadvisor_url"":""/Restaurant_Review-g187323-d12392958-Reviews-Gelbgold-Berlin.html"",""name"":""Gelbgold"",""city"":""Berlin"",""raw_cuisine_style"":""['Italian']"",""ranking"":""2378.0"",""rating"":""5.0"",""price_range"":""$"",""number_of_reviews"":""3"",""raw_reviews"":""[[], []]"",""embedding_text"":""Restaurant name: Gelbgold. City: Berlin. Cuisine and dietary tags: Italian. Price range: $. TripAdvisor rating: 5.0 out of 5. Number of reviews: 3."",""latitude"":""52.556251"",""longitude"":""13.341158""}",
tripadvisor,d983511,Call a Pizza,Germany,Berlin,restaurant,52.486968,13.39146,3.5,,4,"Restaurant name: Call a Pizza. City: Berlin. Cuisine and dietary tags: Italian, Pizza. TripAdvisor rating: 3.5 out of 5. Number of reviews: 4. Review snippets: Awesome pizza!!.","{""source_row_index"":""5852"",""raw_cuisine_style"":""['Italian', 'Pizza']"",""ranking"":""5854.0"",""tripadvisor_url"":""/Restaurant_Review-g187323-d983511-Reviews-Call_a_Pizza-Berlin.html"",""raw_reviews"":""[['Awesome pizza!!'], ['05/28/2014']]""}","{""source_row_index"":""5852"",""tripadvisor_id"":""d983511"",""tripadvisor_url"":""/Restaurant_Review-g187323-d983511-Reviews-Call_a_Pizza-Berlin.html"",""name"":""Call a Pizza"",""city"":""Berlin"",""raw_cuisine_style"":""['Italian', 'Pizza']"",""ranking"":""5854.0"",""rating"":""3.5"",""number_of_reviews"":""4"",""raw_reviews"":""[['Awesome pizza!!'], ['05/28/2014']]"",""embedding_text"":""Restaurant name: Call a Pizza. City: Berlin. Cuisine and dietary tags: Italian, Pizza. TripAdvisor rating: 3.5 out of 5. Number of reviews: 4. Review snippets: Awesome pizza!!."",""latitude"":""52.486968"",""longitude"":""13.391460""}",
tripadvisor,d1752279,Scent,Germany,Berlin,restaurant,52.52413,13.456611,4,2,34,"Restaurant name: Scent. City: Berlin. Cuisine and dietary tags: German, European, Grill. Price range: $$ - $$$. TripAdvisor rating: 4.0 out of 5. Number of reviews: 34. Review snippets: Good dinner with interesting options.; Expect an average service if you are a non....","{""source_row_index"":""2532"",""raw_cuisine_style"":""['German', 'European', 'Grill']"",""ranking"":""2534.0"",""tripadvisor_url"":""/Restaurant_Review-g187323-d1752279-Reviews-Scent-Berlin.html"",""raw_reviews"":""[['Good dinner with interesting options.', 'Expect an average service if you are a non...'], ['10/05/2017', '10/11/2016']]""}","{""source_row_index"":""2532"",""tripadvisor_id"":""d1752279"",""tripadvisor_url"":""/Restaurant_Review-g187323-d1752279-Reviews-Scent-Berlin.html"",""name"":""Scent"",""city"":""Berlin"",""raw_cuisine_style"":""['German', 'European', 'Grill']"",""ranking"":""2534.0"",""rating"":""4.0"",""price_range"":""$$ - $$$"",""number_of_reviews"":""34"",""raw_reviews"":""[['Good dinner with interesting options.', 'Expect an average service if you are a non...'], ['10/05/2017', '10/11/2016']]"",""embedding_text"":""Restaurant name: Scent. City: Berlin. Cuisine and dietary tags: German, European, Grill. Price range: $$ - $$$. TripAdvisor rating: 4.0 out of 5. Number of reviews: 34. Review snippets: Good dinner with interesting options.; Expect an average service if you are a non...."",""latitude"":""52.524130"",""longitude"":""13.456611""}",
tripadvisor,d8673833,Aastha,Germany,Berlin,restaurant,52.524057,13.376831,3,1,11,Restaurant name: Aastha. City: Berlin. Cuisine and dietary tags: Indian. Price range: $. TripAdvisor rating: 3.0 out of 5. Number of reviews: 11. Review snippets: Avoid if you can; Great curry!.,"{""source_row_index"":""6135"",""raw_cuisine_style"":""['Indian']"",""ranking"":""6137.0"",""tripadvisor_url"":""/Restaurant_Review-g187323-d8673833-Reviews-Aastha-Berlin.html"",""raw_reviews"":""[['Avoid if you can', 'Great curry!'], ['02/02/2017', '09/24/2016']]""}","{""source_row_index"":""6135"",""tripadvisor_id"":""d8673833"",""tripadvisor_url"":""/Restaurant_Review-g187323-d8673833-Reviews-Aastha-Berlin.html"",""name"":""Aastha"",""city"":""Berlin"",""raw_cuisine_style"":""['Indian']"",""ranking"":""6137.0"",""rating"":""3.0"",""price_range"":""$"",""number_of_reviews"":""11"",""raw_reviews"":""[['Avoid if you can', 'Great curry!'], ['02/02/2017', '09/24/2016']]"",""embedding_text"":""Restaurant name: Aastha. City: Berlin. Cuisine and dietary tags: Indian. Price range: $. TripAdvisor rating: 3.0 out of 5. Number of reviews: 11. Review snippets: Avoid if you can; Great curry!."",""latitude"":""52.524057"",""longitude"":""13.376831""}",
tripadvisor,d4104821,pho tinh - Ha noi,Germany,Berlin,restaurant,52.529381,13.402317,4,,,Restaurant name: pho tinh - Ha noi. City: Berlin. Cuisine and dietary tags: Vietnamese. TripAdvisor rating: 4.0 out of 5.,"{""source_row_index"":""4987"",""raw_cuisine_style"":""['Vietnamese']"",""ranking"":""4989.0"",""tripadvisor_url"":""/Restaurant_Review-g187323-d4104821-Reviews-Pho_tinh_Ha_noi-Berlin.html"",""raw_reviews"":""[[], []]""}","{""source_row_index"":""4987"",""tripadvisor_id"":""d4104821"",""tripadvisor_url"":""/Restaurant_Review-g187323-d4104821-Reviews-Pho_tinh_Ha_noi-Berlin.html"",""name"":""pho tinh - Ha noi"",""city"":""Berlin"",""raw_cuisine_style"":""['Vietnamese']"",""ranking"":""4989.0"",""rating"":""4.0"",""raw_reviews"":""[[], []]"",""embedding_text"":""Restaurant name: pho tinh - Ha noi. City: Berlin. Cuisine and dietary tags: Vietnamese. TripAdvisor rating: 4.0 out of 5."",""latitude"":""52.529381"",""longitude"":""13.402317""}",
tripadvisor,d2048656,Good Morning Vietnam Vegan - Kreuzberg,Germany,Berlin,restaurant,52.513395,13.366218,4,2,81,"Restaurant name: Good Morning Vietnam Vegan - Kreuzberg. City: Berlin. Cuisine and dietary tags: Asian, Vietnamese, Vegetarian Friendly, Vegan Options. Price range: $$ - $$$. TripAdvisor rating: 4.0 out of 5. Number of reviews: 81. Review snippets: Always a pleasure!; Really cosy and amazing food !.","{""source_row_index"":""1789"",""raw_cuisine_style"":""['Asian', 'Vietnamese', 'Vegetarian Friendly', 'Vegan Options']"",""ranking"":""1791.0"",""tripadvisor_url"":""/Restaurant_Review-g187323-d2048656-Reviews-Good_Morning_Vietnam_Vegan_Kreuzberg-Berlin.html"",""raw_reviews"":""[['Always a pleasure!', 'Really cosy and amazing food !'], ['11/27/2017', '10/14/2017']]""}","{""source_row_index"":""1789"",""tripadvisor_id"":""d2048656"",""tripadvisor_url"":""/Restaurant_Review-g187323-d2048656-Reviews-Good_Morning_Vietnam_Vegan_Kreuzberg-Berlin.html"",""name"":""Good Morning Vietnam Vegan - Kreuzberg"",""city"":""Berlin"",""raw_cuisine_style"":""['Asian', 'Vietnamese', 'Vegetarian Friendly', 'Vegan Options']"",""ranking"":""1791.0"",""rating"":""4.0"",""price_range"":""$$ - $$$"",""number_of_reviews"":""81"",""raw_reviews"":""[['Always a pleasure!', 'Really cosy and amazing food !'], ['11/27/2017', '10/14/2017']]"",""embedding_text"":""Restaurant name: Good Morning Vietnam Vegan - Kreuzberg. City: Berlin. Cuisine and dietary tags: Asian, Vietnamese, Vegetarian Friendly, Vegan Options. Price range: $$ - $$$. TripAdvisor rating: 4.0 out of 5. Number of reviews: 81. Review snippets: Always a pleasure!; Really cosy and amazing food !."",""latitude"":""52.513395"",""longitude"":""13.366218""}",
tripadvisor,d5507229,Pizzeria Elisa Inh. Sait Emini,Germany,Berlin,restaurant,52.495042,13.333843,4,,,Restaurant name: Pizzeria Elisa Inh. Sait Emini. City: Berlin. Cuisine and dietary tags: Pizza. TripAdvisor rating: 4.0 out of 5.,"{""source_row_index"":""5179"",""raw_cuisine_style"":""['Pizza']"",""ranking"":""5181.0"",""tripadvisor_url"":""/Restaurant_Review-g187323-d5507229-Reviews-Pizzeria_Elisa_Inh_Sait_Emini-Berlin.html"",""raw_reviews"":""[[], []]""}","{""source_row_index"":""5179"",""tripadvisor_id"":""d5507229"",""tripadvisor_url"":""/Restaurant_Review-g187323-d5507229-Reviews-Pizzeria_Elisa_Inh_Sait_Emini-Berlin.html"",""name"":""Pizzeria Elisa Inh. Sait Emini"",""city"":""Berlin"",""raw_cuisine_style"":""['Pizza']"",""ranking"":""5181.0"",""rating"":""4.0"",""raw_reviews"":""[[], []]"",""embedding_text"":""Restaurant name: Pizzeria Elisa Inh. Sait Emini. City: Berlin. Cuisine and dietary tags: Pizza. TripAdvisor rating: 4.0 out of 5."",""latitude"":""52.495042"",""longitude"":""13.333843""}",
tripadvisor,d2468349,Bellman Bar,Germany,Berlin,restaurant,52.501624,13.429434,4.5,,12,"Restaurant name: Bellman Bar. City: Berlin. Cuisine and dietary tags: German. TripAdvisor rating: 4.5 out of 5. Number of reviews: 12. Review snippets: Great drinks great food; atmospheric bar, great drinks, super frien....","{""source_row_index"":""2733"",""raw_cuisine_style"":""['German']"",""ranking"":""2735.0"",""tripadvisor_url"":""/Restaurant_Review-g187323-d2468349-Reviews-Bellman_Bar-Berlin.html"",""raw_reviews"":""[['Great drinks great food', 'atmospheric bar, great drinks, super frien...'], ['07/09/2017', '04/26/2017']]""}","{""source_row_index"":""2733"",""tripadvisor_id"":""d2468349"",""tripadvisor_url"":""/Restaurant_Review-g187323-d2468349-Reviews-Bellman_Bar-Berlin.html"",""name"":""Bellman Bar"",""city"":""Berlin"",""raw_cuisine_style"":""['German']"",""ranking"":""2735.0"",""rating"":""4.5"",""number_of_reviews"":""12"",""raw_reviews"":""[['Great drinks great food', 'atmospheric bar, great drinks, super frien...'], ['07/09/2017', '04/26/2017']]"",""embedding_text"":""Restaurant name: Bellman Bar. City: Berlin. Cuisine and dietary tags: German. TripAdvisor rating: 4.5 out of 5. Number of reviews: 12. Review snippets: Great drinks great food; atmospheric bar, great drinks, super frien...."",""latitude"":""52.501624"",""longitude"":""13.429434""}",
tripadvisor,d1353570,Restaurant La Sepia,Germany,Berlin,restaurant,52.544002,13.460501,4,2,209,"Restaurant name: Restaurant La Sepia. City: Berlin. Cuisine and dietary tags: Seafood, Mediterranean, European, Spanish, Portuguese, Vegetarian Friendly. Price range: $$ - $$$. TripAdvisor rating: 4.0 out of 5. Number of reviews: 209. Review snippets: Espana cuisine done right; Good.","{""source_row_index"":""1319"",""raw_cuisine_style"":""['Seafood', 'Mediterranean', 'European', 'Spanish', 'Portuguese', 'Vegetarian Friendly']"",""ranking"":""1321.0"",""tripadvisor_url"":""/Restaurant_Review-g187323-d1353570-Reviews-Restaurant_La_Sepia-Berlin.html"",""raw_reviews"":""[['Espana cuisine done right', 'Good'], ['09/28/2017', '09/09/2017']]""}","{""source_row_index"":""1319"",""tripadvisor_id"":""d1353570"",""tripadvisor_url"":""/Restaurant_Review-g187323-d1353570-Reviews-Restaurant_La_Sepia-Berlin.html"",""name"":""Restaurant La Sepia"",""city"":""Berlin"",""raw_cuisine_style"":""['Seafood', 'Mediterranean', 'European', 'Spanish', 'Portuguese', 'Vegetarian Friendly']"",""ranking"":""1321.0"",""rating"":""4.0"",""price_range"":""$$ - $$$"",""number_of_reviews"":""209"",""raw_reviews"":""[['Espana cuisine done right', 'Good'], ['09/28/2017', '09/09/2017']]"",""embedding_text"":""Restaurant name: Restaurant La Sepia. City: Berlin. Cuisine and dietary tags: Seafood, Mediterranean, European, Spanish, Portuguese, Vegetarian Friendly. Price range: $$ - $$$. TripAdvisor rating: 4.0 out of 5. Number of reviews: 209. Review snippets: Espana cuisine done right; Good."",""latitude"":""52.544002"",""longitude"":""13.460501""}",
tripadvisor,d5822810,Multikulti-Treff,Germany,Berlin,restaurant,52.549505,13.41383,,,,Restaurant name: Multikulti-Treff. City: Berlin.,"{""source_row_index"":""6737"",""tripadvisor_url"":""/Restaurant_Review-g187323-d5822810-Reviews-Multikulti_Treff-Berlin.html""}","{""source_row_index"":""6737"",""tripadvisor_id"":""d5822810"",""tripadvisor_url"":""/Restaurant_Review-g187323-d5822810-Reviews-Multikulti_Treff-Berlin.html"",""name"":""Multikulti-Treff"",""city"":""Berlin"",""embedding_text"":""Restaurant name: Multikulti-Treff. City: Berlin."",""latitude"":""52.549505"",""longitude"":""13.413830""}",
tripadvisor,d8856910,Tak Tak - Polish Deli,Germany,Berlin,restaurant,52.503841,13.330648,4,1,47,"Restaurant name: Tak Tak - Polish Deli. City: Berlin. Cuisine and dietary tags: Polish, European, Eastern European, Central European, Street Food, Vegetarian Friendly, Vegan Options. Price range: $. TripAdvisor rating: 4.0 out of 5. Number of reviews: 47. Review snippets: Fast, filling and freaking delicious; Delicious food, decent value.","{""source_row_index"":""982"",""raw_cuisine_style"":""['Polish', 'European', 'Eastern European', 'Central European', 'Street Food', 'Vegetarian Friendly', 'Vegan Options']"",""ranking"":""984.0"",""tripadvisor_url"":""/Restaurant_Review-g187323-d8856910-Reviews-Tak_Tak_Polish_Deli-Berlin.html"",""raw_reviews"":""[['Fast, filling and freaking delicious', 'Delicious food, decent value'], ['11/04/2017', '04/30/2017']]""}","{""source_row_index"":""982"",""tripadvisor_id"":""d8856910"",""tripadvisor_url"":""/Restaurant_Review-g187323-d8856910-Reviews-Tak_Tak_Polish_Deli-Berlin.html"",""name"":""Tak Tak - Polish Deli"",""city"":""Berlin"",""raw_cuisine_style"":""['Polish', 'European', 'Eastern European', 'Central European', 'Street Food', 'Vegetarian Friendly', 'Vegan Options']"",""ranking"":""984.0"",""rating"":""4.0"",""price_range"":""$"",""number_of_reviews"":""47"",""raw_reviews"":""[['Fast, filling and freaking delicious', 'Delicious food, decent value'], ['11/04/2017', '04/30/2017']]"",""embedding_text"":""Restaurant name: Tak Tak - Polish Deli. City: Berlin. Cuisine and dietary tags: Polish, European, Eastern European, Central European, Street Food, Vegetarian Friendly, Vegan Options. Price range: $. TripAdvisor rating: 4.0 out of 5. Number of reviews: 47. Review snippets: Fast, filling and freaking delicious; Delicious food, decent value."",""latitude"":""52.503841"",""longitude"":""13.330648""}",
tripadvisor,d12372433,Da Capo,Germany,Berlin,restaurant,52.514368,13.375814,4,,6,Restaurant name: Da Capo. City: Berlin. TripAdvisor rating: 4.0 out of 5. Number of reviews: 6. Review snippets: Great Italian meal. Good service; Excellent.,"{""source_row_index"":""4604"",""ranking"":""4606.0"",""tripadvisor_url"":""/Restaurant_Review-g187323-d12372433-Reviews-Da_Capo-Berlin.html"",""raw_reviews"":""[['Great Italian meal. Good service', 'Excellent'], ['09/19/2017', '06/11/2017']]""}","{""source_row_index"":""4604"",""tripadvisor_id"":""d12372433"",""tripadvisor_url"":""/Restaurant_Review-g187323-d12372433-Reviews-Da_Capo-Berlin.html"",""name"":""Da Capo"",""city"":""Berlin"",""ranking"":""4606.0"",""rating"":""4.0"",""number_of_reviews"":""6"",""raw_reviews"":""[['Great Italian meal. Good service', 'Excellent'], ['09/19/2017', '06/11/2017']]"",""embedding_text"":""Restaurant name: Da Capo. City: Berlin. TripAdvisor rating: 4.0 out of 5. Number of reviews: 6. Review snippets: Great Italian meal. Good service; Excellent."",""latitude"":""52.514368"",""longitude"":""13.375814""}",
tripadvisor,d13358302,Kandaka Food,Germany,Berlin,restaurant,52.520351,13.385442,,,,Restaurant name: Kandaka Food. City: Berlin.,"{""source_row_index"":""7076"",""tripadvisor_url"":""/Restaurant_Review-g187323-d13358302-Reviews-Kandaka_Food-Berlin.html""}","{""source_row_index"":""7076"",""tripadvisor_id"":""d13358302"",""tripadvisor_url"":""/Restaurant_Review-g187323-d13358302-Reviews-Kandaka_Food-Berlin.html"",""name"":""Kandaka Food"",""city"":""Berlin"",""embedding_text"":""Restaurant name: Kandaka Food. City: Berlin."",""latitude"":""52.520351"",""longitude"":""13.385442""}",
tripadvisor,d12149959,Exodos Cafe Bar Restaurant,Germany,Berlin,restaurant,52.481113,13.356218,,2,,Restaurant name: Exodos Cafe Bar Restaurant. City: Berlin. Cuisine and dietary tags: Greek. Price range: $$ - $$$.,"{""source_row_index"":""6928"",""raw_cuisine_style"":""['Greek']"",""tripadvisor_url"":""/Restaurant_Review-g187323-d12149959-Reviews-Exodos_Cafe_Bar_Restaurant-Berlin.html""}","{""source_row_index"":""6928"",""tripadvisor_id"":""d12149959"",""tripadvisor_url"":""/Restaurant_Review-g187323-d12149959-Reviews-Exodos_Cafe_Bar_Restaurant-Berlin.html"",""name"":""Exodos Cafe Bar Restaurant"",""city"":""Berlin"",""raw_cuisine_style"":""['Greek']"",""price_range"":""$$ - $$$"",""embedding_text"":""Restaurant name: Exodos Cafe Bar Restaurant. City: Berlin. Cuisine and dietary tags: Greek. Price range: $$ - $$$."",""latitude"":""52.481113"",""longitude"":""13.356218""}",
tripadvisor,d5804043,Zur S-Bahn,Germany,Berlin,restaurant,52.522625,13.444263,4.5,,20,Restaurant name: Zur S-Bahn. City: Berlin. TripAdvisor rating: 4.5 out of 5. Number of reviews: 20. Review snippets: Best public transport in Europe; Amazing public transport.,"{""source_row_index"":""1818"",""ranking"":""1820.0"",""tripadvisor_url"":""/Restaurant_Review-g187323-d5804043-Reviews-Zur_S_Bahn-Berlin.html"",""raw_reviews"":""[['Best public transport in Europe', 'Amazing public transport'], ['09/25/2017', '12/12/2015']]""}","{""source_row_index"":""1818"",""tripadvisor_id"":""d5804043"",""tripadvisor_url"":""/Restaurant_Review-g187323-d5804043-Reviews-Zur_S_Bahn-Berlin.html"",""name"":""Zur S-Bahn"",""city"":""Berlin"",""ranking"":""1820.0"",""rating"":""4.5"",""number_of_reviews"":""20"",""raw_reviews"":""[['Best public transport in Europe', 'Amazing public transport'], ['09/25/2017', '12/12/2015']]"",""embedding_text"":""Restaurant name: Zur S-Bahn. City: Berlin. TripAdvisor rating: 4.5 out of 5. Number of reviews: 20. Review snippets: Best public transport in Europe; Amazing public transport."",""latitude"":""52.522625"",""longitude"":""13.444263""}",
tripadvisor,d6764455,Gasthaus Leonhardt,Germany,Berlin,restaurant,52.551588,13.431964,4,,28,Restaurant name: Gasthaus Leonhardt. City: Berlin. TripAdvisor rating: 4.0 out of 5. Number of reviews: 28. Review snippets: Totally recommend it!!; Breakfast brunch.,"{""source_row_index"":""2989"",""ranking"":""2991.0"",""tripadvisor_url"":""/Restaurant_Review-g187323-d6764455-Reviews-Gasthaus_Leonhardt-Berlin.html"",""raw_reviews"":""[['Totally recommend it!!', 'Breakfast brunch'], ['03/21/2017', '11/18/2017']]""}","{""source_row_index"":""2989"",""tripadvisor_id"":""d6764455"",""tripadvisor_url"":""/Restaurant_Review-g187323-d6764455-Reviews-Gasthaus_Leonhardt-Berlin.html"",""name"":""Gasthaus Leonhardt"",""city"":""Berlin"",""ranking"":""2991.0"",""rating"":""4.0"",""number_of_reviews"":""28"",""raw_reviews"":""[['Totally recommend it!!', 'Breakfast brunch'], ['03/21/2017', '11/18/2017']]"",""embedding_text"":""Restaurant name: Gasthaus Leonhardt. City: Berlin. TripAdvisor rating: 4.0 out of 5. Number of reviews: 28. Review snippets: Totally recommend it!!; Breakfast brunch."",""latitude"":""52.551588"",""longitude"":""13.431964""}",
tripadvisor,d11925522,Restaurant Tagine,Germany,Berlin,restaurant,52.549163,13.457581,4.5,2,16,"Restaurant name: Restaurant Tagine. City: Berlin. Cuisine and dietary tags: Lebanese, Moroccan, Mediterranean, Middle Eastern, Arabic. Price range: $$ - $$$. TripAdvisor rating: 4.5 out of 5. Number of reviews: 16. Review snippets: Food with great flavor from a multi-talent...; Jimbo.","{""source_row_index"":""1580"",""raw_cuisine_style"":""['Lebanese', 'Moroccan', 'Mediterranean', 'Middle Eastern', 'Arabic']"",""ranking"":""1582.0"",""tripadvisor_url"":""/Restaurant_Review-g187323-d11925522-Reviews-Restaurant_Tagine-Berlin.html"",""raw_reviews"":""[['Food with great flavor from a multi-talent...', 'Jimbo'], ['05/20/2017', '03/03/2017']]""}","{""source_row_index"":""1580"",""tripadvisor_id"":""d11925522"",""tripadvisor_url"":""/Restaurant_Review-g187323-d11925522-Reviews-Restaurant_Tagine-Berlin.html"",""name"":""Restaurant Tagine"",""city"":""Berlin"",""raw_cuisine_style"":""['Lebanese', 'Moroccan', 'Mediterranean', 'Middle Eastern', 'Arabic']"",""ranking"":""1582.0"",""rating"":""4.5"",""price_range"":""$$ - $$$"",""number_of_reviews"":""16"",""raw_reviews"":""[['Food with great flavor from a multi-talent...', 'Jimbo'], ['05/20/2017', '03/03/2017']]"",""embedding_text"":""Restaurant name: Restaurant Tagine. City: Berlin. Cuisine and dietary tags: Lebanese, Moroccan, Mediterranean, Middle Eastern, Arabic. Price range: $$ - $$$. TripAdvisor rating: 4.5 out of 5. Number of reviews: 16. Review snippets: Food with great flavor from a multi-talent...; Jimbo."",""latitude"":""52.549163"",""longitude"":""13.457581""}",
tripadvisor,d1164257,Eiffel,Germany,Berlin,restaurant,52.524661,13.37895,4,2,187,"Restaurant name: Eiffel. City: Berlin. Cuisine and dietary tags: European, Central European, International, Vegetarian Friendly, Gluten Free Options. Price range: $$ - $$$. TripAdvisor rating: 4.0 out of 5. Number of reviews: 187. Review snippets: Excellent goat cheese salad!; Great breakfast.","{""source_row_index"":""926"",""raw_cuisine_style"":""['European', 'Central European', 'International', 'Vegetarian Friendly', 'Gluten Free Options']"",""ranking"":""927.0"",""tripadvisor_url"":""/Restaurant_Review-g187323-d1164257-Reviews-Eiffel-Berlin.html"",""raw_reviews"":""[['Excellent goat cheese salad!', 'Great breakfast'], ['07/08/2017', '04/16/2017']]""}","{""source_row_index"":""926"",""tripadvisor_id"":""d1164257"",""tripadvisor_url"":""/Restaurant_Review-g187323-d1164257-Reviews-Eiffel-Berlin.html"",""name"":""Eiffel"",""city"":""Berlin"",""raw_cuisine_style"":""['European', 'Central European', 'International', 'Vegetarian Friendly', 'Gluten Free Options']"",""ranking"":""927.0"",""rating"":""4.0"",""price_range"":""$$ - $$$"",""number_of_reviews"":""187"",""raw_reviews"":""[['Excellent goat cheese salad!', 'Great breakfast'], ['07/08/2017', '04/16/2017']]"",""embedding_text"":""Restaurant name: Eiffel. City: Berlin. Cuisine and dietary tags: European, Central European, International, Vegetarian Friendly, Gluten Free Options. Price range: $$ - $$$. TripAdvisor rating: 4.0 out of 5. Number of reviews: 187. Review snippets: Excellent goat cheese salad!; Great breakfast."",""latitude"":""52.524661"",""longitude"":""13.378950""}",
tripadvisor,d7391025,Restaurant Dalmacija,Germany,Berlin,restaurant,52.526342,13.368114,4,2,52,"Restaurant name: Restaurant Dalmacija. City: Berlin. Cuisine and dietary tags: European, Croatian, Central European, Mediterranean, Vegetarian Friendly. Price range: $$ - $$$. TripAdvisor rating: 4.0 out of 5. Number of reviews: 52. Review snippets: Great atmosphere,great food; Excellent Balkan Food.","{""source_row_index"":""741"",""raw_cuisine_style"":""['European', 'Croatian', 'Central European', 'Mediterranean', 'Vegetarian Friendly']"",""ranking"":""742.0"",""tripadvisor_url"":""/Restaurant_Review-g187323-d7391025-Reviews-Restaurant_Dalmacija-Berlin.html"",""raw_reviews"":""[['Great atmosphere,great food', 'Excellent Balkan Food'], ['11/04/2017', '09/28/2017']]""}","{""source_row_index"":""741"",""tripadvisor_id"":""d7391025"",""tripadvisor_url"":""/Restaurant_Review-g187323-d7391025-Reviews-Restaurant_Dalmacija-Berlin.html"",""name"":""Restaurant Dalmacija"",""city"":""Berlin"",""raw_cuisine_style"":""['European', 'Croatian', 'Central European', 'Mediterranean', 'Vegetarian Friendly']"",""ranking"":""742.0"",""rating"":""4.0"",""price_range"":""$$ - $$$"",""number_of_reviews"":""52"",""raw_reviews"":""[['Great atmosphere,great food', 'Excellent Balkan Food'], ['11/04/2017', '09/28/2017']]"",""embedding_text"":""Restaurant name: Restaurant Dalmacija. City: Berlin. Cuisine and dietary tags: European, Croatian, Central European, Mediterranean, Vegetarian Friendly. Price range: $$ - $$$. TripAdvisor rating: 4.0 out of 5. Number of reviews: 52. Review snippets: Great atmosphere,great food; Excellent Balkan Food."",""latitude"":""52.526342"",""longitude"":""13.368114""}",
tripadvisor,d10383778,Floating Lounge,Germany,Berlin,restaurant,52.528689,13.434519,3.5,,5,Restaurant name: Floating Lounge. City: Berlin. TripAdvisor rating: 3.5 out of 5. Number of reviews: 5. Review snippets: Quite place for a drink before the Basketb....,"{""source_row_index"":""5584"",""ranking"":""5586.0"",""tripadvisor_url"":""/Restaurant_Review-g187323-d10383778-Reviews-Floating_Lounge-Berlin.html"",""raw_reviews"":""[['Quite place for a drink before the Basketb...'], ['12/28/2017']]""}","{""source_row_index"":""5584"",""tripadvisor_id"":""d10383778"",""tripadvisor_url"":""/Restaurant_Review-g187323-d10383778-Reviews-Floating_Lounge-Berlin.html"",""name"":""Floating Lounge"",""city"":""Berlin"",""ranking"":""5586.0"",""rating"":""3.5"",""number_of_reviews"":""5"",""raw_reviews"":""[['Quite place for a drink before the Basketb...'], ['12/28/2017']]"",""embedding_text"":""Restaurant name: Floating Lounge. City: Berlin. TripAdvisor rating: 3.5 out of 5. Number of reviews: 5. Review snippets: Quite place for a drink before the Basketb...."",""latitude"":""52.528689"",""longitude"":""13.434519""}",
tripadvisor,d8420399,Le Croco Bleu,Germany,Berlin,restaurant,52.511632,13.399443,3,,29,Restaurant name: Le Croco Bleu. City: Berlin. TripAdvisor rating: 3.0 out of 5. Number of reviews: 29. Review snippets: Environment and product 5*; Good coctails but bad service.,"{""source_row_index"":""5606"",""ranking"":""5608.0"",""tripadvisor_url"":""/Restaurant_Review-g187323-d8420399-Reviews-Le_Croco_Bleu-Berlin.html"",""raw_reviews"":""[['Environment and product 5*', 'Good coctails but bad service'], ['08/04/2016', '05/18/2016']]""}","{""source_row_index"":""5606"",""tripadvisor_id"":""d8420399"",""tripadvisor_url"":""/Restaurant_Review-g187323-d8420399-Reviews-Le_Croco_Bleu-Berlin.html"",""name"":""Le Croco Bleu"",""city"":""Berlin"",""ranking"":""5608.0"",""rating"":""3.0"",""number_of_reviews"":""29"",""raw_reviews"":""[['Environment and product 5*', 'Good coctails but bad service'], ['08/04/2016', '05/18/2016']]"",""embedding_text"":""Restaurant name: Le Croco Bleu. City: Berlin. TripAdvisor rating: 3.0 out of 5. Number of reviews: 29. Review snippets: Environment and product 5*; Good coctails but bad service."",""latitude"":""52.511632"",""longitude"":""13.399443""}",
tripadvisor,d9812369,Dams Thaimassagen,Germany,Berlin,restaurant,52.547224,13.41244,,,,Restaurant name: Dams Thaimassagen. City: Berlin.,"{""source_row_index"":""6845"",""tripadvisor_url"":""/Restaurant_Review-g187323-d9812369-Reviews-Dams_Thaimassagen-Berlin.html""}","{""source_row_index"":""6845"",""tripadvisor_id"":""d9812369"",""tripadvisor_url"":""/Restaurant_Review-g187323-d9812369-Reviews-Dams_Thaimassagen-Berlin.html"",""name"":""Dams Thaimassagen"",""city"":""Berlin"",""embedding_text"":""Restaurant name: Dams Thaimassagen. City: Berlin."",""latitude"":""52.547224"",""longitude"":""13.412440""}",
tripadvisor,d7121931,P145,Germany,Berlin,restaurant,52.514209,13.430091,3.5,,10,"Restaurant name: P145. City: Berlin. Cuisine and dietary tags: Indian, German. TripAdvisor rating: 3.5 out of 5. Number of reviews: 10. Review snippets: New years eve Dinner; Veg.","{""source_row_index"":""5673"",""raw_cuisine_style"":""['Indian', 'German']"",""ranking"":""5675.0"",""tripadvisor_url"":""/Restaurant_Review-g187323-d7121931-Reviews-P145-Berlin.html"",""raw_reviews"":""[['New years eve Dinner', 'Veg'], ['01/05/2017', '11/12/2014']]""}","{""source_row_index"":""5673"",""tripadvisor_id"":""d7121931"",""tripadvisor_url"":""/Restaurant_Review-g187323-d7121931-Reviews-P145-Berlin.html"",""name"":""P145"",""city"":""Berlin"",""raw_cuisine_style"":""['Indian', 'German']"",""ranking"":""5675.0"",""rating"":""3.5"",""number_of_reviews"":""10"",""raw_reviews"":""[['New years eve Dinner', 'Veg'], ['01/05/2017', '11/12/2014']]"",""embedding_text"":""Restaurant name: P145. City: Berlin. Cuisine and dietary tags: Indian, German. TripAdvisor rating: 3.5 out of 5. Number of reviews: 10. Review snippets: New years eve Dinner; Veg."",""latitude"":""52.514209"",""longitude"":""13.430091""}",
tripadvisor,d1037121,Paglia e Fieno,Germany,Berlin,restaurant,52.558992,13.411696,4.5,2,10,Restaurant name: Paglia e Fieno. City: Berlin. Cuisine and dietary tags: Seafood. Price range: $$ - $$$. TripAdvisor rating: 4.5 out of 5. Number of reviews: 10.,"{""source_row_index"":""2794"",""raw_cuisine_style"":""['Seafood']"",""ranking"":""2796.0"",""tripadvisor_url"":""/Restaurant_Review-g187323-d1037121-Reviews-Paglia_e_Fieno-Berlin.html"",""raw_reviews"":""[[], []]""}","{""source_row_index"":""2794"",""tripadvisor_id"":""d1037121"",""tripadvisor_url"":""/Restaurant_Review-g187323-d1037121-Reviews-Paglia_e_Fieno-Berlin.html"",""name"":""Paglia e Fieno"",""city"":""Berlin"",""raw_cuisine_style"":""['Seafood']"",""ranking"":""2796.0"",""rating"":""4.5"",""price_range"":""$$ - $$$"",""number_of_reviews"":""10"",""raw_reviews"":""[[], []]"",""embedding_text"":""Restaurant name: Paglia e Fieno. City: Berlin. Cuisine and dietary tags: Seafood. Price range: $$ - $$$. TripAdvisor rating: 4.5 out of 5. Number of reviews: 10."",""latitude"":""52.558992"",""longitude"":""13.411696""}",
tripadvisor,d10042565,Tomasa,Germany,Berlin,restaurant,52.544805,13.461329,3.5,,22,Restaurant name: Tomasa. City: Berlin. TripAdvisor rating: 3.5 out of 5. Number of reviews: 22.,"{""source_row_index"":""5643"",""ranking"":""5645.0"",""tripadvisor_url"":""/Restaurant_Review-g187323-d10042565-Reviews-Tomasa-Berlin.html"",""raw_reviews"":""[[], []]""}","{""source_row_index"":""5643"",""tripadvisor_id"":""d10042565"",""tripadvisor_url"":""/Restaurant_Review-g187323-d10042565-Reviews-Tomasa-Berlin.html"",""name"":""Tomasa"",""city"":""Berlin"",""ranking"":""5645.0"",""rating"":""3.5"",""number_of_reviews"":""22"",""raw_reviews"":""[[], []]"",""embedding_text"":""Restaurant name: Tomasa. City: Berlin. TripAdvisor rating: 3.5 out of 5. Number of reviews: 22."",""latitude"":""52.544805"",""longitude"":""13.461329""}",
tripadvisor,d8801369,Hol! Cow Indian Street Food,Germany,Berlin,restaurant,52.511385,13.41876,4,1,4,"Restaurant name: Hol! Cow Indian Street Food. City: Berlin. Cuisine and dietary tags: Indian, Cafe, Asian, Street Food, Middle Eastern, Pakistani. Price range: $. TripAdvisor rating: 4.0 out of 5. Number of reviews: 4. Review snippets: The greatest street food; Slow but good food.","{""source_row_index"":""5287"",""raw_cuisine_style"":""['Indian', 'Cafe', 'Asian', 'Street Food', 'Middle Eastern', 'Pakistani']"",""ranking"":""5289.0"",""tripadvisor_url"":""/Restaurant_Review-g187323-d8801369-Reviews-Hol_Cow_Indian_Street_Food-Berlin.html"",""raw_reviews"":""[['The greatest street food', 'Slow but good food'], ['06/07/2017', '05/17/2017']]""}","{""source_row_index"":""5287"",""tripadvisor_id"":""d8801369"",""tripadvisor_url"":""/Restaurant_Review-g187323-d8801369-Reviews-Hol_Cow_Indian_Street_Food-Berlin.html"",""name"":""Hol! Cow Indian Street Food"",""city"":""Berlin"",""raw_cuisine_style"":""['Indian', 'Cafe', 'Asian', 'Street Food', 'Middle Eastern', 'Pakistani']"",""ranking"":""5289.0"",""rating"":""4.0"",""price_range"":""$"",""number_of_reviews"":""4"",""raw_reviews"":""[['The greatest street food', 'Slow but good food'], ['06/07/2017', '05/17/2017']]"",""embedding_text"":""Restaurant name: Hol! Cow Indian Street Food. City: Berlin. Cuisine and dietary tags: Indian, Cafe, Asian, Street Food, Middle Eastern, Pakistani. Price range: $. TripAdvisor rating: 4.0 out of 5. Number of reviews: 4. Review snippets: The greatest street food; Slow but good food."",""latitude"":""52.511385"",""longitude"":""13.418760""}",
tripadvisor,d8637830,Al Andalus,Germany,Berlin,restaurant,52.517229,13.34797,4,2,16,"Restaurant name: Al Andalus. City: Berlin. Cuisine and dietary tags: Mediterranean, Spanish, Lebanese. Price range: $$ - $$$. TripAdvisor rating: 4.0 out of 5. Number of reviews: 16. Review snippets: Very nice atmosphere and excellent food; Worst Spanish experience in Berlin.","{""source_row_index"":""3767"",""raw_cuisine_style"":""['Mediterranean', 'Spanish', 'Lebanese']"",""ranking"":""3769.0"",""tripadvisor_url"":""/Restaurant_Review-g187323-d8637830-Reviews-Al_Andalus-Berlin.html"",""raw_reviews"":""[['Very nice atmosphere and excellent food', 'Worst Spanish experience in Berlin'], ['11/21/2016', '11/17/2016']]""}","{""source_row_index"":""3767"",""tripadvisor_id"":""d8637830"",""tripadvisor_url"":""/Restaurant_Review-g187323-d8637830-Reviews-Al_Andalus-Berlin.html"",""name"":""Al Andalus"",""city"":""Berlin"",""raw_cuisine_style"":""['Mediterranean', 'Spanish', 'Lebanese']"",""ranking"":""3769.0"",""rating"":""4.0"",""price_range"":""$$ - $$$"",""number_of_reviews"":""16"",""raw_reviews"":""[['Very nice atmosphere and excellent food', 'Worst Spanish experience in Berlin'], ['11/21/2016', '11/17/2016']]"",""embedding_text"":""Restaurant name: Al Andalus. City: Berlin. Cuisine and dietary tags: Mediterranean, Spanish, Lebanese. Price range: $$ - $$$. TripAdvisor rating: 4.0 out of 5. Number of reviews: 16. Review snippets: Very nice atmosphere and excellent food; Worst Spanish experience in Berlin."",""latitude"":""52.517229"",""longitude"":""13.347970""}",
tripadvisor,d3537341,La Fattoria,Germany,Berlin,restaurant,52.493658,13.347204,4,2,29,"Restaurant name: La Fattoria. City: Berlin. Cuisine and dietary tags: Italian, European, Mediterranean. Price range: $$ - $$$. TripAdvisor rating: 4.0 out of 5. Number of reviews: 29. Review snippets: Deeply unpleasant and aggressive staff; Surprisingly superb.","{""source_row_index"":""2730"",""raw_cuisine_style"":""['Italian', 'European', 'Mediterranean']"",""ranking"":""2732.0"",""tripadvisor_url"":""/Restaurant_Review-g187323-d3537341-Reviews-La_Fattoria-Berlin.html"",""raw_reviews"":""[['Deeply unpleasant and aggressive staff', 'Surprisingly superb'], ['05/15/2017', '02/27/2017']]""}","{""source_row_index"":""2730"",""tripadvisor_id"":""d3537341"",""tripadvisor_url"":""/Restaurant_Review-g187323-d3537341-Reviews-La_Fattoria-Berlin.html"",""name"":""La Fattoria"",""city"":""Berlin"",""raw_cuisine_style"":""['Italian', 'European', 'Mediterranean']"",""ranking"":""2732.0"",""rating"":""4.0"",""price_range"":""$$ - $$$"",""number_of_reviews"":""29"",""raw_reviews"":""[['Deeply unpleasant and aggressive staff', 'Surprisingly superb'], ['05/15/2017', '02/27/2017']]"",""embedding_text"":""Restaurant name: La Fattoria. City: Berlin. Cuisine and dietary tags: Italian, European, Mediterranean. Price range: $$ - $$$. TripAdvisor rating: 4.0 out of 5. Number of reviews: 29. Review snippets: Deeply unpleasant and aggressive staff; Surprisingly superb."",""latitude"":""52.493658"",""longitude"":""13.347204""}",
tripadvisor,d7646942,Sabor con Tradicon,Germany,Berlin,restaurant,52.517001,13.363664,4.5,2,70,"Restaurant name: Sabor con Tradicon. City: Berlin. Cuisine and dietary tags: Latin, Argentinean, South American, Mexican, Central American, Vegetarian Friendly. Price range: $$ - $$$. TripAdvisor rating: 4.5 out of 5. Number of reviews: 70. Review snippets: Very good!; Lovely place.","{""source_row_index"":""618"",""raw_cuisine_style"":""['Latin', 'Argentinean', 'South American', 'Mexican', 'Central American', 'Vegetarian Friendly']"",""ranking"":""619.0"",""tripadvisor_url"":""/Restaurant_Review-g187323-d7646942-Reviews-Sabor_con_Tradicon-Berlin.html"",""raw_reviews"":""[['Very good!', 'Lovely place'], ['12/31/2016', '12/20/2016']]""}","{""source_row_index"":""618"",""tripadvisor_id"":""d7646942"",""tripadvisor_url"":""/Restaurant_Review-g187323-d7646942-Reviews-Sabor_con_Tradicon-Berlin.html"",""name"":""Sabor con Tradicon"",""city"":""Berlin"",""raw_cuisine_style"":""['Latin', 'Argentinean', 'South American', 'Mexican', 'Central American', 'Vegetarian Friendly']"",""ranking"":""619.0"",""rating"":""4.5"",""price_range"":""$$ - $$$"",""number_of_reviews"":""70"",""raw_reviews"":""[['Very good!', 'Lovely place'], ['12/31/2016', '12/20/2016']]"",""embedding_text"":""Restaurant name: Sabor con Tradicon. City: Berlin. Cuisine and dietary tags: Latin, Argentinean, South American, Mexican, Central American, Vegetarian Friendly. Price range: $$ - $$$. TripAdvisor rating: 4.5 out of 5. Number of reviews: 70. Review snippets: Very good!; Lovely place."",""latitude"":""52.517001"",""longitude"":""13.363664""}",
tripadvisor,d8609768,cafe kuchen,Germany,Berlin,restaurant,52.490062,13.410118,4,1,2,"Restaurant name: cafe kuchen. City: Berlin. Cuisine and dietary tags: Soups, Cafe, Vegetarian Friendly, Vegan Options. Price range: $. TripAdvisor rating: 4.0 out of 5. Number of reviews: 2.","{""source_row_index"":""4877"",""raw_cuisine_style"":""['Soups', 'Cafe', 'Vegetarian Friendly', 'Vegan Options']"",""ranking"":""4879.0"",""tripadvisor_url"":""/Restaurant_Review-g187323-d8609768-Reviews-Cafe_kuchen-Berlin.html"",""raw_reviews"":""[[], []]""}","{""source_row_index"":""4877"",""tripadvisor_id"":""d8609768"",""tripadvisor_url"":""/Restaurant_Review-g187323-d8609768-Reviews-Cafe_kuchen-Berlin.html"",""name"":""cafe kuchen"",""city"":""Berlin"",""raw_cuisine_style"":""['Soups', 'Cafe', 'Vegetarian Friendly', 'Vegan Options']"",""ranking"":""4879.0"",""rating"":""4.0"",""price_range"":""$"",""number_of_reviews"":""2"",""raw_reviews"":""[[], []]"",""embedding_text"":""Restaurant name: cafe kuchen. City: Berlin. Cuisine and dietary tags: Soups, Cafe, Vegetarian Friendly, Vegan Options. Price range: $. TripAdvisor rating: 4.0 out of 5. Number of reviews: 2."",""latitude"":""52.490062"",""longitude"":""13.410118""}",
tripadvisor,d11793327,El-Mansy Mossaad,Germany,Berlin,restaurant,52.501455,13.42375,4,,9,Restaurant name: El-Mansy Mossaad. City: Berlin. TripAdvisor rating: 4.0 out of 5. Number of reviews: 9. Review snippets: Unexpected good dinner.,"{""source_row_index"":""2927"",""ranking"":""2929.0"",""tripadvisor_url"":""/Restaurant_Review-g187323-d11793327-Reviews-El_Mansy_Mossaad-Berlin.html"",""raw_reviews"":""[['Unexpected good dinner'], ['04/02/2017']]""}","{""source_row_index"":""2927"",""tripadvisor_id"":""d11793327"",""tripadvisor_url"":""/Restaurant_Review-g187323-d11793327-Reviews-El_Mansy_Mossaad-Berlin.html"",""name"":""El-Mansy Mossaad"",""city"":""Berlin"",""ranking"":""2929.0"",""rating"":""4.0"",""number_of_reviews"":""9"",""raw_reviews"":""[['Unexpected good dinner'], ['04/02/2017']]"",""embedding_text"":""Restaurant name: El-Mansy Mossaad. City: Berlin. TripAdvisor rating: 4.0 out of 5. Number of reviews: 9. Review snippets: Unexpected good dinner."",""latitude"":""52.501455"",""longitude"":""13.423750""}",
tripadvisor,d1205787,Ciao Italia,Germany,Berlin,restaurant,52.512199,13.391176,4,1,63,"Restaurant name: Ciao Italia. City: Berlin. Cuisine and dietary tags: Italian, Mediterranean, European, Pizza, Vegetarian Friendly. Price range: $. TripAdvisor rating: 4.0 out of 5. Number of reviews: 63. Review snippets: Enjoyable meal; ""Tasty pizzas"".","{""source_row_index"":""2607"",""raw_cuisine_style"":""['Italian', 'Mediterranean', 'European', 'Pizza', 'Vegetarian Friendly']"",""ranking"":""2609.0"",""tripadvisor_url"":""/Restaurant_Review-g187323-d1205787-Reviews-Ciao_Italia-Berlin.html"",""raw_reviews"":""[['Enjoyable meal', '\""Tasty pizzas\""'], ['10/22/2017', '02/26/2017']]""}","{""source_row_index"":""2607"",""tripadvisor_id"":""d1205787"",""tripadvisor_url"":""/Restaurant_Review-g187323-d1205787-Reviews-Ciao_Italia-Berlin.html"",""name"":""Ciao Italia"",""city"":""Berlin"",""raw_cuisine_style"":""['Italian', 'Mediterranean', 'European', 'Pizza', 'Vegetarian Friendly']"",""ranking"":""2609.0"",""rating"":""4.0"",""price_range"":""$"",""number_of_reviews"":""63"",""raw_reviews"":""[['Enjoyable meal', '\""Tasty pizzas\""'], ['10/22/2017', '02/26/2017']]"",""embedding_text"":""Restaurant name: Ciao Italia. City: Berlin. Cuisine and dietary tags: Italian, Mediterranean, European, Pizza, Vegetarian Friendly. Price range: $. TripAdvisor rating: 4.0 out of 5. Number of reviews: 63. Review snippets: Enjoyable meal; \""Tasty pizzas\""."",""latitude"":""52.512199"",""longitude"":""13.391176""}",
tripadvisor,d1037240,Restaurant Conzuela,Germany,Berlin,restaurant,52.503749,13.460962,3,2,70,"Restaurant name: Restaurant Conzuela. City: Berlin. Cuisine and dietary tags: Spanish, Vegetarian Friendly. Price range: $$ - $$$. TripAdvisor rating: 3.0 out of 5. Number of reviews: 70. Review snippets: Great tapas, great place.; Excellent.","{""source_row_index"":""5865"",""raw_cuisine_style"":""['Spanish', 'Vegetarian Friendly']"",""ranking"":""5867.0"",""tripadvisor_url"":""/Restaurant_Review-g187323-d1037240-Reviews-Restaurant_Conzuela-Berlin.html"",""raw_reviews"":""[['Great tapas, great place.', 'Excellent'], ['08/26/2016', '08/13/2016']]""}","{""source_row_index"":""5865"",""tripadvisor_id"":""d1037240"",""tripadvisor_url"":""/Restaurant_Review-g187323-d1037240-Reviews-Restaurant_Conzuela-Berlin.html"",""name"":""Restaurant Conzuela"",""city"":""Berlin"",""raw_cuisine_style"":""['Spanish', 'Vegetarian Friendly']"",""ranking"":""5867.0"",""rating"":""3.0"",""price_range"":""$$ - $$$"",""number_of_reviews"":""70"",""raw_reviews"":""[['Great tapas, great place.', 'Excellent'], ['08/26/2016', '08/13/2016']]"",""embedding_text"":""Restaurant name: Restaurant Conzuela. City: Berlin. Cuisine and dietary tags: Spanish, Vegetarian Friendly. Price range: $$ - $$$. TripAdvisor rating: 3.0 out of 5. Number of reviews: 70. Review snippets: Great tapas, great place.; Excellent."",""latitude"":""52.503749"",""longitude"":""13.460962""}",
tripadvisor,d1340182,Karun Bistro 1,Germany,Berlin,restaurant,52.525053,13.45257,4.5,1,73,"Restaurant name: Karun Bistro 1. City: Berlin. Cuisine and dietary tags: Middle Eastern, Persian, Vegetarian Friendly, Vegan Options, Halal. Price range: $. TripAdvisor rating: 4.5 out of 5. Number of reviews: 73. Review snippets: Great Iranian food; Delicious lunch.","{""source_row_index"":""1044"",""raw_cuisine_style"":""['Middle Eastern', 'Persian', 'Vegetarian Friendly', 'Vegan Options', 'Halal']"",""ranking"":""1046.0"",""tripadvisor_url"":""/Restaurant_Review-g187323-d1340182-Reviews-Karun_Bistro_1-Berlin.html"",""raw_reviews"":""[['Great Iranian food', 'Delicious lunch'], ['12/23/2017', '10/23/2017']]""}","{""source_row_index"":""1044"",""tripadvisor_id"":""d1340182"",""tripadvisor_url"":""/Restaurant_Review-g187323-d1340182-Reviews-Karun_Bistro_1-Berlin.html"",""name"":""Karun Bistro 1"",""city"":""Berlin"",""raw_cuisine_style"":""['Middle Eastern', 'Persian', 'Vegetarian Friendly', 'Vegan Options', 'Halal']"",""ranking"":""1046.0"",""rating"":""4.5"",""price_range"":""$"",""number_of_reviews"":""73"",""raw_reviews"":""[['Great Iranian food', 'Delicious lunch'], ['12/23/2017', '10/23/2017']]"",""embedding_text"":""Restaurant name: Karun Bistro 1. City: Berlin. Cuisine and dietary tags: Middle Eastern, Persian, Vegetarian Friendly, Vegan Options, Halal. Price range: $. TripAdvisor rating: 4.5 out of 5. Number of reviews: 73. Review snippets: Great Iranian food; Delicious lunch."",""latitude"":""52.525053"",""longitude"":""13.452570""}",
tripadvisor,d10003044,Cafe Einstern,Germany,Berlin,restaurant,52.502699,13.431921,5,,7,Restaurant name: Cafe Einstern. City: Berlin. TripAdvisor rating: 5.0 out of 5. Number of reviews: 7. Review snippets: glad that we stumbled upon this neighbourh...; Great food.,"{""source_row_index"":""2549"",""ranking"":""2551.0"",""tripadvisor_url"":""/Restaurant_Review-g187323-d10003044-Reviews-Cafe_Einstern-Berlin.html"",""raw_reviews"":""[['glad that we stumbled upon this neighbourh...', 'Great food'], ['02/12/2017', '05/14/2016']]""}","{""source_row_index"":""2549"",""tripadvisor_id"":""d10003044"",""tripadvisor_url"":""/Restaurant_Review-g187323-d10003044-Reviews-Cafe_Einstern-Berlin.html"",""name"":""Cafe Einstern"",""city"":""Berlin"",""ranking"":""2551.0"",""rating"":""5.0"",""number_of_reviews"":""7"",""raw_reviews"":""[['glad that we stumbled upon this neighbourh...', 'Great food'], ['02/12/2017', '05/14/2016']]"",""embedding_text"":""Restaurant name: Cafe Einstern. City: Berlin. TripAdvisor rating: 5.0 out of 5. Number of reviews: 7. Review snippets: glad that we stumbled upon this neighbourh...; Great food."",""latitude"":""52.502699"",""longitude"":""13.431921""}",
tripadvisor,d10289769,Eisbox,Germany,Berlin,restaurant,52.55633,13.457884,4.5,1,7,"Restaurant name: Eisbox. City: Berlin. Cuisine and dietary tags: Cafe, Contemporary. Price range: $. TripAdvisor rating: 4.5 out of 5. Number of reviews: 7. Review snippets: Very good ice creams, clean and white inte...; Ice cream in Berlin, Knesebeckstrasse - i....","{""source_row_index"":""3824"",""raw_cuisine_style"":""['Cafe', 'Contemporary']"",""ranking"":""3826.0"",""tripadvisor_url"":""/Restaurant_Review-g187323-d10289769-Reviews-Eisbox-Berlin.html"",""raw_reviews"":""[['Very good ice creams, clean and white inte...', 'Ice cream in Berlin, Knesebeckstrasse - i...'], ['06/04/2017', '03/27/2017']]""}","{""source_row_index"":""3824"",""tripadvisor_id"":""d10289769"",""tripadvisor_url"":""/Restaurant_Review-g187323-d10289769-Reviews-Eisbox-Berlin.html"",""name"":""Eisbox"",""city"":""Berlin"",""raw_cuisine_style"":""['Cafe', 'Contemporary']"",""ranking"":""3826.0"",""rating"":""4.5"",""price_range"":""$"",""number_of_reviews"":""7"",""raw_reviews"":""[['Very good ice creams, clean and white inte...', 'Ice cream in Berlin, Knesebeckstrasse - i...'], ['06/04/2017', '03/27/2017']]"",""embedding_text"":""Restaurant name: Eisbox. City: Berlin. Cuisine and dietary tags: Cafe, Contemporary. Price range: $. TripAdvisor rating: 4.5 out of 5. Number of reviews: 7. Review snippets: Very good ice creams, clean and white inte...; Ice cream in Berlin, Knesebeckstrasse - i...."",""latitude"":""52.556330"",""longitude"":""13.457884""}",
tripadvisor,d3190988,Rocco,Germany,Berlin,restaurant,52.519055,13.428747,3.5,2,53,"Restaurant name: Rocco. City: Berlin. Cuisine and dietary tags: Italian, European, Pizza, Mediterranean, Vegetarian Friendly. Price range: $$ - $$$. TripAdvisor rating: 3.5 out of 5. Number of reviews: 53. Review snippets: Good atmosphere, good food; Bad.","{""source_row_index"":""2589"",""raw_cuisine_style"":""['Italian', 'European', 'Pizza', 'Mediterranean', 'Vegetarian Friendly']"",""ranking"":""2591.0"",""tripadvisor_url"":""/Restaurant_Review-g187323-d3190988-Reviews-Rocco-Berlin.html"",""raw_reviews"":""[['Good atmosphere, good food', 'Bad'], ['03/29/2017', '09/30/2016']]""}","{""source_row_index"":""2589"",""tripadvisor_id"":""d3190988"",""tripadvisor_url"":""/Restaurant_Review-g187323-d3190988-Reviews-Rocco-Berlin.html"",""name"":""Rocco"",""city"":""Berlin"",""raw_cuisine_style"":""['Italian', 'European', 'Pizza', 'Mediterranean', 'Vegetarian Friendly']"",""ranking"":""2591.0"",""rating"":""3.5"",""price_range"":""$$ - $$$"",""number_of_reviews"":""53"",""raw_reviews"":""[['Good atmosphere, good food', 'Bad'], ['03/29/2017', '09/30/2016']]"",""embedding_text"":""Restaurant name: Rocco. City: Berlin. Cuisine and dietary tags: Italian, European, Pizza, Mediterranean, Vegetarian Friendly. Price range: $$ - $$$. TripAdvisor rating: 3.5 out of 5. Number of reviews: 53. Review snippets: Good atmosphere, good food; Bad."",""latitude"":""52.519055"",""longitude"":""13.428747""}",
tripadvisor,d1341596,McDonalds Ham-Restaurant Steglitz Harald Meyer,Germany,Berlin,restaurant,52.495636,13.363416,2,,9,Restaurant name: McDonalds Ham-Restaurant Steglitz Harald Meyer. City: Berlin. TripAdvisor rating: 2.0 out of 5. Number of reviews: 9. Review snippets: Functional; Stay Away.,"{""source_row_index"":""6256"",""ranking"":""6258.0"",""tripadvisor_url"":""/Restaurant_Review-g187323-d1341596-Reviews-McDonalds_Ham_Restaurant_Steglitz_Harald_Meyer-Berlin.html"",""raw_reviews"":""[['Functional', 'Stay Away'], ['03/03/2017', '10/01/2009']]""}","{""source_row_index"":""6256"",""tripadvisor_id"":""d1341596"",""tripadvisor_url"":""/Restaurant_Review-g187323-d1341596-Reviews-McDonalds_Ham_Restaurant_Steglitz_Harald_Meyer-Berlin.html"",""name"":""McDonalds Ham-Restaurant Steglitz Harald Meyer"",""city"":""Berlin"",""ranking"":""6258.0"",""rating"":""2.0"",""number_of_reviews"":""9"",""raw_reviews"":""[['Functional', 'Stay Away'], ['03/03/2017', '10/01/2009']]"",""embedding_text"":""Restaurant name: McDonalds Ham-Restaurant Steglitz Harald Meyer. City: Berlin. TripAdvisor rating: 2.0 out of 5. Number of reviews: 9. Review snippets: Functional; Stay Away."",""latitude"":""52.495636"",""longitude"":""13.363416""}",
tripadvisor,d8596684,Buffalo,Germany,Berlin,restaurant,52.533645,13.41746,3.5,1,104,"Restaurant name: Buffalo. City: Berlin. Cuisine and dietary tags: Steakhouse, Bar, European, Central European, American. Price range: $. TripAdvisor rating: 3.5 out of 5. Number of reviews: 104. Review snippets: Lovely restaurant; Decent..","{""source_row_index"":""2616"",""raw_cuisine_style"":""['Steakhouse', 'Bar', 'European', 'Central European', 'American']"",""ranking"":""2618.0"",""tripadvisor_url"":""/Restaurant_Review-g187323-d8596684-Reviews-Buffalo-Berlin.html"",""raw_reviews"":""[['Lovely restaurant', 'Decent.'], ['08/22/2017', '01/13/2017']]""}","{""source_row_index"":""2616"",""tripadvisor_id"":""d8596684"",""tripadvisor_url"":""/Restaurant_Review-g187323-d8596684-Reviews-Buffalo-Berlin.html"",""name"":""Buffalo"",""city"":""Berlin"",""raw_cuisine_style"":""['Steakhouse', 'Bar', 'European', 'Central European', 'American']"",""ranking"":""2618.0"",""rating"":""3.5"",""price_range"":""$"",""number_of_reviews"":""104"",""raw_reviews"":""[['Lovely restaurant', 'Decent.'], ['08/22/2017', '01/13/2017']]"",""embedding_text"":""Restaurant name: Buffalo. City: Berlin. Cuisine and dietary tags: Steakhouse, Bar, European, Central European, American. Price range: $. TripAdvisor rating: 3.5 out of 5. Number of reviews: 104. Review snippets: Lovely restaurant; Decent.."",""latitude"":""52.533645"",""longitude"":""13.417460""}",
tripadvisor,d8752934,Restaurant Meishiwu Deli House,Germany,Berlin,restaurant,52.487987,13.409614,4,2,16,"Restaurant name: Restaurant Meishiwu Deli House. City: Berlin. Cuisine and dietary tags: Chinese, Asian. Price range: $$ - $$$. TripAdvisor rating: 4.0 out of 5. Number of reviews: 16. Review snippets: A quiet place; The best Chinese restaurant in Berlin.","{""source_row_index"":""2588"",""raw_cuisine_style"":""['Chinese', 'Asian']"",""ranking"":""2590.0"",""tripadvisor_url"":""/Restaurant_Review-g187323-d8752934-Reviews-Restaurant_Meishiwu_Deli_House-Berlin.html"",""raw_reviews"":""[['A quiet place', 'The best Chinese restaurant in Berlin'], ['08/03/2017', '04/29/2017']]""}","{""source_row_index"":""2588"",""tripadvisor_id"":""d8752934"",""tripadvisor_url"":""/Restaurant_Review-g187323-d8752934-Reviews-Restaurant_Meishiwu_Deli_House-Berlin.html"",""name"":""Restaurant Meishiwu Deli House"",""city"":""Berlin"",""raw_cuisine_style"":""['Chinese', 'Asian']"",""ranking"":""2590.0"",""rating"":""4.0"",""price_range"":""$$ - $$$"",""number_of_reviews"":""16"",""raw_reviews"":""[['A quiet place', 'The best Chinese restaurant in Berlin'], ['08/03/2017', '04/29/2017']]"",""embedding_text"":""Restaurant name: Restaurant Meishiwu Deli House. City: Berlin. Cuisine and dietary tags: Chinese, Asian. Price range: $$ - $$$. TripAdvisor rating: 4.0 out of 5. Number of reviews: 16. Review snippets: A quiet place; The best Chinese restaurant in Berlin."",""latitude"":""52.487987"",""longitude"":""13.409614""}",
tripadvisor,d7132785,Mythos,Germany,Berlin,restaurant,52.521887,13.408818,4,2,21,"Restaurant name: Mythos. City: Berlin. Cuisine and dietary tags: Greek. Price range: $$ - $$$. TripAdvisor rating: 4.0 out of 5. Number of reviews: 21. Review snippets: Greek??; Good food, but with the wrong bill.","{""source_row_index"":""3762"",""raw_cuisine_style"":""['Greek']"",""ranking"":""3764.0"",""tripadvisor_url"":""/Restaurant_Review-g187323-d7132785-Reviews-Mythos-Berlin.html"",""raw_reviews"":""[['Greek??', 'Good food, but with the wrong bill'], ['09/07/2017', '08/16/2017']]""}","{""source_row_index"":""3762"",""tripadvisor_id"":""d7132785"",""tripadvisor_url"":""/Restaurant_Review-g187323-d7132785-Reviews-Mythos-Berlin.html"",""name"":""Mythos"",""city"":""Berlin"",""raw_cuisine_style"":""['Greek']"",""ranking"":""3764.0"",""rating"":""4.0"",""price_range"":""$$ - $$$"",""number_of_reviews"":""21"",""raw_reviews"":""[['Greek??', 'Good food, but with the wrong bill'], ['09/07/2017', '08/16/2017']]"",""embedding_text"":""Restaurant name: Mythos. City: Berlin. Cuisine and dietary tags: Greek. Price range: $$ - $$$. TripAdvisor rating: 4.0 out of 5. Number of reviews: 21. Review snippets: Greek??; Good food, but with the wrong bill."",""latitude"":""52.521887"",""longitude"":""13.408818""}",
tripadvisor,d718236,Non-Tox,Germany,Berlin,restaurant,52.492467,13.334762,,,,Restaurant name: Non-Tox. City: Berlin.,"{""source_row_index"":""6393"",""tripadvisor_url"":""/Restaurant_Review-g187323-d718236-Reviews-Non_Tox-Berlin.html""}","{""source_row_index"":""6393"",""tripadvisor_id"":""d718236"",""tripadvisor_url"":""/Restaurant_Review-g187323-d718236-Reviews-Non_Tox-Berlin.html"",""name"":""Non-Tox"",""city"":""Berlin"",""embedding_text"":""Restaurant name: Non-Tox. City: Berlin."",""latitude"":""52.492467"",""longitude"":""13.334762""}",
tripadvisor,d12523554,L2 Restaurant,Germany,Berlin,restaurant,52.504152,13.418765,5,2,7,"Restaurant name: L2 Restaurant. City: Berlin. Cuisine and dietary tags: Japanese, Asian, Grill, Fusion, Street Food. Price range: $$ - $$$. TripAdvisor rating: 5.0 out of 5. Number of reviews: 7. Review snippets: A very nice surprise; Great place to eat.","{""source_row_index"":""1806"",""raw_cuisine_style"":""['Japanese', 'Asian', 'Grill', 'Fusion', 'Street Food']"",""ranking"":""1808.0"",""tripadvisor_url"":""/Restaurant_Review-g187323-d12523554-Reviews-L2_Restaurant-Berlin.html"",""raw_reviews"":""[['A very nice surprise', 'Great place to eat'], ['08/21/2017', '08/14/2017']]""}","{""source_row_index"":""1806"",""tripadvisor_id"":""d12523554"",""tripadvisor_url"":""/Restaurant_Review-g187323-d12523554-Reviews-L2_Restaurant-Berlin.html"",""name"":""L2 Restaurant"",""city"":""Berlin"",""raw_cuisine_style"":""['Japanese', 'Asian', 'Grill', 'Fusion', 'Street Food']"",""ranking"":""1808.0"",""rating"":""5.0"",""price_range"":""$$ - $$$"",""number_of_reviews"":""7"",""raw_reviews"":""[['A very nice surprise', 'Great place to eat'], ['08/21/2017', '08/14/2017']]"",""embedding_text"":""Restaurant name: L2 Restaurant. City: Berlin. Cuisine and dietary tags: Japanese, Asian, Grill, Fusion, Street Food. Price range: $$ - $$$. TripAdvisor rating: 5.0 out of 5. Number of reviews: 7. Review snippets: A very nice surprise; Great place to eat."",""latitude"":""52.504152"",""longitude"":""13.418765""}",
tripadvisor,d5823255,Restaurant Panorama,Germany,Berlin,restaurant,52.538658,13.360035,3,,5,"Restaurant name: Restaurant Panorama. City: Berlin. TripAdvisor rating: 3.0 out of 5. Number of reviews: 5. Review snippets: Fun and good service, but plain food.","{""source_row_index"":""5728"",""ranking"":""5730.0"",""tripadvisor_url"":""/Restaurant_Review-g187323-d5823255-Reviews-Restaurant_Panorama-Berlin.html"",""raw_reviews"":""[['Fun and good service, but plain food'], ['04/04/2015']]""}","{""source_row_index"":""5728"",""tripadvisor_id"":""d5823255"",""tripadvisor_url"":""/Restaurant_Review-g187323-d5823255-Reviews-Restaurant_Panorama-Berlin.html"",""name"":""Restaurant Panorama"",""city"":""Berlin"",""ranking"":""5730.0"",""rating"":""3.0"",""number_of_reviews"":""5"",""raw_reviews"":""[['Fun and good service, but plain food'], ['04/04/2015']]"",""embedding_text"":""Restaurant name: Restaurant Panorama. City: Berlin. TripAdvisor rating: 3.0 out of 5. Number of reviews: 5. Review snippets: Fun and good service, but plain food."",""latitude"":""52.538658"",""longitude"":""13.360035""}",
tripadvisor,d795717,Amrit Restaurant,Germany,Berlin,restaurant,52.484491,13.407228,4,2,389,"Restaurant name: Amrit Restaurant. City: Berlin. Cuisine and dietary tags: Asian, Indian, Vegetarian Friendly, Vegan Options, Gluten Free Options. Price range: $$ - $$$. TripAdvisor rating: 4.0 out of 5. Number of reviews: 389. Review snippets: Paul; Great food in beautiful surroundings.","{""source_row_index"":""442"",""raw_cuisine_style"":""['Asian', 'Indian', 'Vegetarian Friendly', 'Vegan Options', 'Gluten Free Options']"",""ranking"":""443.0"",""tripadvisor_url"":""/Restaurant_Review-g187323-d795717-Reviews-Amrit_Restaurant-Berlin.html"",""raw_reviews"":""[['Paul', 'Great food in beautiful surroundings'], ['12/27/2017', '11/26/2017']]""}","{""source_row_index"":""442"",""tripadvisor_id"":""d795717"",""tripadvisor_url"":""/Restaurant_Review-g187323-d795717-Reviews-Amrit_Restaurant-Berlin.html"",""name"":""Amrit Restaurant"",""city"":""Berlin"",""raw_cuisine_style"":""['Asian', 'Indian', 'Vegetarian Friendly', 'Vegan Options', 'Gluten Free Options']"",""ranking"":""443.0"",""rating"":""4.0"",""price_range"":""$$ - $$$"",""number_of_reviews"":""389"",""raw_reviews"":""[['Paul', 'Great food in beautiful surroundings'], ['12/27/2017', '11/26/2017']]"",""embedding_text"":""Restaurant name: Amrit Restaurant. City: Berlin. Cuisine and dietary tags: Asian, Indian, Vegetarian Friendly, Vegan Options, Gluten Free Options. Price range: $$ - $$$. TripAdvisor rating: 4.0 out of 5. Number of reviews: 389. Review snippets: Paul; Great food in beautiful surroundings."",""latitude"":""52.484491"",""longitude"":""13.407228""}",
tripadvisor,d6784064,Chipperfield Kantine,Germany,Berlin,restaurant,52.515261,13.444152,3,1,11,Restaurant name: Chipperfield Kantine. City: Berlin. Cuisine and dietary tags: International. Price range: $. TripAdvisor rating: 3.0 out of 5. Number of reviews: 11. Review snippets: This place is a joke; Perfect Bruch/Lunch place in Mitte.,"{""source_row_index"":""5714"",""raw_cuisine_style"":""['International']"",""ranking"":""5716.0"",""tripadvisor_url"":""/Restaurant_Review-g187323-d6784064-Reviews-Chipperfield_Kantine-Berlin.html"",""raw_reviews"":""[['This place is a joke', 'Perfect Bruch/Lunch place in Mitte'], ['03/10/2017', '11/19/2016']]""}","{""source_row_index"":""5714"",""tripadvisor_id"":""d6784064"",""tripadvisor_url"":""/Restaurant_Review-g187323-d6784064-Reviews-Chipperfield_Kantine-Berlin.html"",""name"":""Chipperfield Kantine"",""city"":""Berlin"",""raw_cuisine_style"":""['International']"",""ranking"":""5716.0"",""rating"":""3.0"",""price_range"":""$"",""number_of_reviews"":""11"",""raw_reviews"":""[['This place is a joke', 'Perfect Bruch/Lunch place in Mitte'], ['03/10/2017', '11/19/2016']]"",""embedding_text"":""Restaurant name: Chipperfield Kantine. City: Berlin. Cuisine and dietary tags: International. Price range: $. TripAdvisor rating: 3.0 out of 5. Number of reviews: 11. Review snippets: This place is a joke; Perfect Bruch/Lunch place in Mitte."",""latitude"":""52.515261"",""longitude"":""13.444152""}",
tripadvisor,d5824601,El Sol Restaurant Cafe Cocktailbar,Germany,Berlin,restaurant,52.525599,13.405156,,,,Restaurant name: El Sol Restaurant Cafe Cocktailbar. City: Berlin.,"{""source_row_index"":""6749"",""tripadvisor_url"":""/Restaurant_Review-g187323-d5824601-Reviews-El_Sol_Restaurant_Cafe_Cocktailbar-Berlin.html""}","{""source_row_index"":""6749"",""tripadvisor_id"":""d5824601"",""tripadvisor_url"":""/Restaurant_Review-g187323-d5824601-Reviews-El_Sol_Restaurant_Cafe_Cocktailbar-Berlin.html"",""name"":""El Sol Restaurant Cafe Cocktailbar"",""city"":""Berlin"",""embedding_text"":""Restaurant name: El Sol Restaurant Cafe Cocktailbar. City: Berlin."",""latitude"":""52.525599"",""longitude"":""13.405156""}",
tripadvisor,d1347742,rdo Restaurant Deutsche Oper Berlin,Germany,Berlin,restaurant,52.495471,13.331422,4,2,41,"Restaurant name: rdo Restaurant Deutsche Oper Berlin. City: Berlin. Cuisine and dietary tags: German, Central European, European, Vegetarian Friendly. Price range: $$ - $$$. TripAdvisor rating: 4.0 out of 5. Number of reviews: 41. Review snippets: Really good; Very good, but a little expensive.","{""source_row_index"":""4294"",""raw_cuisine_style"":""['German', 'Central European', 'European', 'Vegetarian Friendly']"",""ranking"":""4296.0"",""tripadvisor_url"":""/Restaurant_Review-g187323-d1347742-Reviews-Rdo_Restaurant_Deutsche_Oper_Berlin-Berlin.html"",""raw_reviews"":""[['Really good', 'Very good, but a little expensive'], ['12/28/2016', '12/19/2016']]""}","{""source_row_index"":""4294"",""tripadvisor_id"":""d1347742"",""tripadvisor_url"":""/Restaurant_Review-g187323-d1347742-Reviews-Rdo_Restaurant_Deutsche_Oper_Berlin-Berlin.html"",""name"":""rdo Restaurant Deutsche Oper Berlin"",""city"":""Berlin"",""raw_cuisine_style"":""['German', 'Central European', 'European', 'Vegetarian Friendly']"",""ranking"":""4296.0"",""rating"":""4.0"",""price_range"":""$$ - $$$"",""number_of_reviews"":""41"",""raw_reviews"":""[['Really good', 'Very good, but a little expensive'], ['12/28/2016', '12/19/2016']]"",""embedding_text"":""Restaurant name: rdo Restaurant Deutsche Oper Berlin. City: Berlin. Cuisine and dietary tags: German, Central European, European, Vegetarian Friendly. Price range: $$ - $$$. TripAdvisor rating: 4.0 out of 5. Number of reviews: 41. Review snippets: Really good; Very good, but a little expensive."",""latitude"":""52.495471"",""longitude"":""13.331422""}",
tripadvisor,d5520649,Call A Pizza,Germany,Berlin,restaurant,52.512559,13.391767,,,,Restaurant name: Call A Pizza. City: Berlin.,"{""source_row_index"":""6603"",""tripadvisor_url"":""/Restaurant_Review-g187323-d5520649-Reviews-Call_A_Pizza-Berlin.html""}","{""source_row_index"":""6603"",""tripadvisor_id"":""d5520649"",""tripadvisor_url"":""/Restaurant_Review-g187323-d5520649-Reviews-Call_A_Pizza-Berlin.html"",""name"":""Call A Pizza"",""city"":""Berlin"",""embedding_text"":""Restaurant name: Call A Pizza. City: Berlin."",""latitude"":""52.512559"",""longitude"":""13.391767""}",
tripadvisor,d8833708,Milchkaffee,Germany,Berlin,restaurant,52.518467,13.416385,4.5,,15,Restaurant name: Milchkaffee. City: Berlin. TripAdvisor rating: 4.5 out of 5. Number of reviews: 15. Review snippets: Warm and Cosy Coffee Shop..,"{""source_row_index"":""1828"",""ranking"":""1830.0"",""tripadvisor_url"":""/Restaurant_Review-g187323-d8833708-Reviews-Milchkaffee-Berlin.html"",""raw_reviews"":""[['Warm and Cosy Coffee Shop.'], ['12/19/2015']]""}","{""source_row_index"":""1828"",""tripadvisor_id"":""d8833708"",""tripadvisor_url"":""/Restaurant_Review-g187323-d8833708-Reviews-Milchkaffee-Berlin.html"",""name"":""Milchkaffee"",""city"":""Berlin"",""ranking"":""1830.0"",""rating"":""4.5"",""number_of_reviews"":""15"",""raw_reviews"":""[['Warm and Cosy Coffee Shop.'], ['12/19/2015']]"",""embedding_text"":""Restaurant name: Milchkaffee. City: Berlin. TripAdvisor rating: 4.5 out of 5. Number of reviews: 15. Review snippets: Warm and Cosy Coffee Shop.."",""latitude"":""52.518467"",""longitude"":""13.416385""}",
tripadvisor,d12285210,Hoa sen Restauranr,Germany,Berlin,restaurant,52.499714,13.432437,,,,Restaurant name: Hoa sen Restauranr. City: Berlin. Cuisine and dietary tags: Vietnamese.,"{""source_row_index"":""6941"",""raw_cuisine_style"":""['Vietnamese']"",""tripadvisor_url"":""/Restaurant_Review-g187323-d12285210-Reviews-Hoa_sen_Restauranr-Berlin.html""}","{""source_row_index"":""6941"",""tripadvisor_id"":""d12285210"",""tripadvisor_url"":""/Restaurant_Review-g187323-d12285210-Reviews-Hoa_sen_Restauranr-Berlin.html"",""name"":""Hoa sen Restauranr"",""city"":""Berlin"",""raw_cuisine_style"":""['Vietnamese']"",""embedding_text"":""Restaurant name: Hoa sen Restauranr. City: Berlin. Cuisine and dietary tags: Vietnamese."",""latitude"":""52.499714"",""longitude"":""13.432437""}",
tripadvisor,d3863579,El Faredo Steak House,Germany,Berlin,restaurant,52.495391,13.394257,,,,Restaurant name: El Faredo Steak House. City: Berlin. Cuisine and dietary tags: Steakhouse.,"{""source_row_index"":""6521"",""raw_cuisine_style"":""['Steakhouse']"",""tripadvisor_url"":""/Restaurant_Review-g187323-d3863579-Reviews-El_Faredo_Steak_House-Berlin.html""}","{""source_row_index"":""6521"",""tripadvisor_id"":""d3863579"",""tripadvisor_url"":""/Restaurant_Review-g187323-d3863579-Reviews-El_Faredo_Steak_House-Berlin.html"",""name"":""El Faredo Steak House"",""city"":""Berlin"",""raw_cuisine_style"":""['Steakhouse']"",""embedding_text"":""Restaurant name: El Faredo Steak House. City: Berlin. Cuisine and dietary tags: Steakhouse."",""latitude"":""52.495391"",""longitude"":""13.394257""}",
