source_row_index,place_id,custom_id,embedding_row,has_embedding,embedding_text_hash,error,usage_total_tokens
0,10003583651993080880,location_0_10003583651993080880,0,True,,,
1,10004608666468214907,location_1_10004608666468214907,1,True,,,
2,10005805960616076113,location_2_10005805960616076113,2,True,,,
3,10006821318308583917,location_3_10006821318308583917,3,True,,,
4,10008423346367752387,location_4_10008423346367752387,4,True,,,
5,10009000718945218123,location_5_10009000718945218123,5,True,,,
6,10009768886222224142,location_6_10009768886222224142,6,True,,,
7,10011495148047197508,location_7_10011495148047197508,7,True,,,
8,10013996276798556964,location_8_10013996276798556964,8,True,,,
9,10014018019096173120,location_9_10014018019096173120,9,True,,,
10,10015572513968130224,location_10_10015572513968130224,10,True,,,
11,10018079025276783748,location_11_10018079025276783748,11,True,,,
12,10018918009980888043,location_12_10018918009980888043,12,True,,,
13,10020937264133767732,location_13_10020937264133767732,13,True,,,
14,10025016533893159046,location_14_10025016533893159046,14,True,,,
15,10027384592122843799,location_15_10027384592122843799,15,True,,,
16,10028424995569525530,location_16_10028424995569525530,16,True,,,
17,10031287182173446612,location_17_10031287182173446612,17,True,,,
18,10031451402263435216,location_18_10031451402263435216,18,True,,,
19,10035064399893645692,location_19_10035064399893645692,19,True,,,
20,10036363923581247228,location_20_10036363923581247228,20,True,,,
21,10039176725101377705,location_21_10039176725101377705,21,True,,,
22,10039533104628781535,location_22_10039533104628781535,22,True,,,
23,10040561722196699172,location_23_10040561722196699172,23,True,,,
24,10040834878732250133,location_24_10040834878732250133,24,True,,,
25,10041173435943460379,location_25_10041173435943460379,25,True,,,
26,10041275879185901332,location_26_10041275879185901332,26,True,,,
27,1004248153072138668,location_27_1004248153072138668,27,True,,,
28,10043236507144404966,location_28_10043236507144404966,28,True,,,
29,10045409968137258125,location_29_10045409968137258125,29,True,,,
30,10049218716415462777,location_30_10049218716415462777,30,True,,,
31,1005051950881967952,location_31_1005051950881967952,31,True,,,
32,1005150174791382407,location_32_1005150174791382407,32,True,,,
33,10053177346689123939,location_33_10053177346689123939,33,True,,,
34,1005494573649806880,location_34_1005494573649806880,34,True,,,
35,10055954475851320158,location_35_10055954475851320158,35,True,,,
36,10058157805088549016,location_36_10058157805088549016,36,True,,,
37,10059248205818202197,location_37_10059248205818202197,37,True,,,
38,1005927808551191321,location_38_1005927808551191321,38,True,,,
39,10059369492204174400,location_39_10059369492204174400,39,True,,,
40,10060749704664936759,location_40_10060749704664936759,40,True,,,
41,10066187768921798512,location_41_10066187768921798512,41,True,,,
42,10066264356952619995,location_42_10066264356952619995,42,True,,,
43,10066954878783854656,location_43_10066954878783854656,43,True,,,
44,1006717962124273583,location_44_1006717962124273583,44,True,,,
45,10067511909970376555,location_45_10067511909970376555,45,True,,,
46,10067752897146885132,location_46_10067752897146885132,46,True,,,
47,1006859454917429233,location_47_1006859454917429233,47,True,,,
48,10068763633665861854,location_48_10068763633665861854,48,True,,,
49,1007017587704863274,location_49_1007017587704863274,49,True,,,
50,10070300131625472767,location_50_10070300131625472767,50,True,,,
51,10070438880564619218,location_51_10070438880564619218,51,True,,,
52,10072949609991092630,location_52_10072949609991092630,52,True,,,
53,10074320188440322550,location_53_10074320188440322550,53,True,,,
54,10074527456636244392,location_54_10074527456636244392,54,True,,,
55,1008387308620863524,location_55_1008387308620863524,55,True,,,
56,10087067044542218628,location_56_10087067044542218628,56,True,,,
57,10088182885821367608,location_57_10088182885821367608,57,True,,,
58,10090304532582808024,location_58_10090304532582808024,58,True,,,
59,1009865102917206669,location_59_1009865102917206669,59,True,,,
60,10099470969952365585,location_60_10099470969952365585,60,True,,,
61,10099759495053964094,location_61_10099759495053964094,61,True,,,
62,10100464005104076346,location_62_10100464005104076346,62,True,,,
63,10102784124041993733,location_63_10102784124041993733,63,True,,,
64,10103481082209843882,location_64_10103481082209843882,64,True,,,
65,10104975135964199651,location_65_10104975135964199651,65,True,,,
66,1010637559968091947,location_66_1010637559968091947,66,True,,,
67,10106677697736184767,location_67_10106677697736184767,67,True,,,
68,10108290999616029561,location_68_10108290999616029561,68,True,,,
69,10110146075112255785,location_69_10110146075112255785,69,True,,,
70,10111474923228021505,location_70_10111474923228021505,70,True,,,
71,1011178731177770693,location_71_1011178731177770693,71,True,,,
72,10114793632205043792,location_72_10114793632205043792,72,True,,,
73,10114854913390430404,location_73_10114854913390430404,73,True,,,
74,10115054298888072009,location_74_10115054298888072009,74,True,,,
75,10117846807611083291,location_75_10117846807611083291,75,True,,,
76,10120022267352101755,location_76_10120022267352101755,76,True,,,
77,10120840805938324149,location_77_10120840805938324149,77,True,,,
78,10120985333392191704,location_78_10120985333392191704,78,True,,,
79,1012261819531840246,location_79_1012261819531840246,79,True,,,
80,10128475563573460143,location_80_10128475563573460143,80,True,,,
81,10131291608176657319,location_81_10131291608176657319,81,True,,,
82,10133301474278829002,location_82_10133301474278829002,82,True,,,
83,10134988156630716951,location_83_10134988156630716951,83,True,,,
84,10136845162612644398,location_84_10136845162612644398,84,True,,,
85,10137693034819546580,location_85_10137693034819546580,85,True,,,
86,10138363863663162150,location_86_10138363863663162150,86,True,,,
87,10138642521192878336,location_87_10138642521192878336,87,True,,,
88,10138785551962982254,location_88_10138785551962982254,88,True,,,
89,10138954398742053224,location_89_10138954398742053224,89,True,,,
90,10139581537626868576,location_90_10139581537626868576,90,True,,,
91,10139784627054372404,location_91_10139784627054372404,91,True,,,
92,10140448134795718214,location_92_10140448134795718214,92,True,,,
93,10140729140834696318,location_93_10140729140834696318,93,True,,,
94,10144564057240538611,location_94_10144564057240538611,94,True,,,
95,10146924802837284320,location_95_10146924802837284320,95,True,,,
96,1014797344167142200,location_96_1014797344167142200,96,True,,,
97,10148079271615152325,location_97_10148079271615152325,97,True,,,
98,10154282613703222031,location_98_10154282613703222031,98,True,,,
99,10154383570943877784,location_99_10154383570943877784,99,True,,,
100,10156886248729670396,location_100_10156886248729670396,100,True,,,
101,10160405289740430274,location_101_10160405289740430274,101,True,,,
102,10161361082509645308,location_102_10161361082509645308,102,True,,,
103,10161991376116800545,location_103_10161991376116800545,103,True,,,
104,1016215325911622625,location_104_1016215325911622625,104,True,,,
105,10165489032225788020,location_105_10165489032225788020,105,True,,,
106,10167896717264857915,location_106_10167896717264857915,106,True,,,
107,10167935774043778259,location_107_10167935774043778259,107,True,,,
108,10168800723030959634,location_108_10168800723030959634,108,True,,,
109,10170113339658766588,location_109_10170113339658766588,109,True,,,
110,10170928710224824502,location_110_10170928710224824502,110,True,,,
111,10171046311314239765,location_111_10171046311314239765,111,True,,,
112,10171321788156985131,location_112_10171321788156985131,112,True,,,
113,10171779508740336280,location_113_10171779508740336280,113,True,,,
114,10176136933924108117,location_114_10176136933924108117,114,True,,,
115,1017810316722528167,location_115_1017810316722528167,115,True,,,
116,1017914487883781456,location_116_1017914487883781456,116,True,,,
117,10179429973346696928,location_117_10179429973346696928,117,True,,,
118,10179555984332505966,location_118_10179555984332505966,118,True,,,
119,10179644022428373952,location_119_10179644022428373952,119,True,,,
120,10182344683920270212,location_120_10182344683920270212,120,True,,,
121,10183213512778261535,location_121_10183213512778261535,121,True,,,
122,1018323039795759661,location_122_1018323039795759661,122,True,,,
123,10183458881659669852,location_123_10183458881659669852,123,True,,,
124,10184971697870142464,location_124_10184971697870142464,124,True,,,
125,10189420991804763127,location_125_10189420991804763127,125,True,,,
126,10191609979113332152,location_126_10191609979113332152,126,True,,,
127,10192118233811573317,location_127_10192118233811573317,127,True,,,
128,10193153518049734491,location_128_10193153518049734491,128,True,,,
129,10193394744361605265,location_129_10193394744361605265,129,True,,,
130,10194359129609550101,location_130_10194359129609550101,130,True,,,
131,10195086094041713736,location_131_10195086094041713736,131,True,,,
132,10196444947807010066,location_132_10196444947807010066,132,True,,,
133,10197863049933132260,location_133_10197863049933132260,133,True,,,
134,10198206660446640285,location_134_10198206660446640285,134,True,,,
135,10202499316234520577,location_135_10202499316234520577,135,True,,,
136,10204734784181239814,location_136_10204734784181239814,136,True,,,
137,1020565172820649800,location_137_1020565172820649800,137,True,,,
138,10206441513039382770,location_138_10206441513039382770,138,True,,,
139,10209270728920918479,location_139_10209270728920918479,139,True,,,
140,10209934172068903805,location_140_10209934172068903805,140,True,,,
141,10210607429007501225,location_141_10210607429007501225,141,True,,,
142,10212773346713774759,location_142_10212773346713774759,142,True,,,
143,10215865400156896610,location_143_10215865400156896610,143,True,,,
144,10217114320287175394,location_144_10217114320287175394,144,True,,,
145,10223998217876438018,location_145_10223998217876438018,145,True,,,
146,10226745860802594862,location_146_10226745860802594862,146,True,,,
147,10227440425790190850,location_147_10227440425790190850,147,True,,,
148,10228097275678917676,location_148_10228097275678917676,148,True,,,
149,10229208802128526465,location_149_10229208802128526465,149,True,,,
150,10229319583624005139,location_150_10229319583624005139,150,True,,,
151,10229446238379298165,location_151_10229446238379298165,151,True,,,
152,10229873707097909019,location_152_10229873707097909019,152,True,,,
153,1023449622866892215,location_153_1023449622866892215,153,True,,,
154,10234767803398996406,location_154_10234767803398996406,154,True,,,
155,10235815545010670816,location_155_10235815545010670816,155,True,,,
156,1023742882471852354,location_156_1023742882471852354,156,True,,,
157,10242202744797415610,location_157_10242202744797415610,157,True,,,
158,10242354688769405520,location_158_10242354688769405520,158,True,,,
159,10250304443492819128,location_159_10250304443492819128,159,True,,,
160,10253227355796702467,location_160_10253227355796702467,160,True,,,
161,10255303991794190804,location_161_10255303991794190804,161,True,,,
162,10255947159997476808,location_162_10255947159997476808,162,True,,,
163,10256317385910372764,location_163_10256317385910372764,163,True,,,
164,10256658940686247420,location_164_10256658940686247420,164,True,,,
165,10260546328910529266,location_165_10260546328910529266,165,True,,,
166,10267351398430717017,location_166_10267351398430717017,166,True,,,
167,10269345238481149710,location_167_10269345238481149710,167,True,,,
168,10271395514143872773,location_168_10271395514143872773,168,True,,,
169,10271396427131226500,location_169_10271396427131226500,169,True,,,
170,10271880075063687439,location_170_10271880075063687439,170,True,,,
171,10275709006634036108,location_171_10275709006634036108,171,True,,,
172,10275741634119105932,location_172_10275741634119105932,172,True,,,
173,10276618719141975694,location_173_10276618719141975694,173,True,,,
174,10280180651373432062,location_174_10280180651373432062,174,True,,,
175,10281401116906468284,location_175_10281401116906468284,175,True,,,
176,10282217311809174655,location_176_10282217311809174655,176,True,,,
177,10282638841243813371,location_177_10282638841243813371,177,True,,,
178,10283006135398345317,location_178_10283006135398345317,178,True,,,
179,10284357096932043172,location_179_10284357096932043172,179,True,,,
180,10285547615735296251,location_180_10285547615735296251,180,True,,,
181,10286118392798541940,location_181_10286118392798541940,181,True,,,
182,10286169521518261014,location_182_10286169521518261014,182,True,,,
183,10286644270155756399,location_183_10286644270155756399,183,True,,,
184,10286845084124848192,location_184_10286845084124848192,184,True,,,
185,10286909972913015314,location_185_10286909972913015314,185,True,,,
186,10288049065014479999,location_186_10288049065014479999,186,True,,,
187,10288744803551195978,location_187_10288744803551195978,187,True,,,
188,10289469108301885112,location_188_10289469108301885112,188,True,,,
189,10294238062070740438,location_189_10294238062070740438,189,True,,,
190,10296990288505572542,location_190_10296990288505572542,190,True,,,
191,10297685380896331060,location_191_10297685380896331060,191,True,,,
192,10298413073174369908,location_192_10298413073174369908,192,True,,,
193,10300341832919648099,location_193_10300341832919648099,193,True,,,
194,10301835428763874801,location_194_10301835428763874801,194,True,,,
195,10302275982815247679,location_195_10302275982815247679,195,True,,,
196,10302870950293644796,location_196_10302870950293644796,196,True,,,
197,10303316749016962209,location_197_10303316749016962209,197,True,,,
198,10303703971595794148,location_198_10303703971595794148,198,True,,,
199,10304400730420711727,location_199_10304400730420711727,199,True,,,
200,10304688932321911571,location_200_10304688932321911571,200,True,,,
201,10305328173550575583,location_201_10305328173550575583,201,True,,,
202,10305529310823816746,location_202_10305529310823816746,202,True,,,
203,10305773766862040729,location_203_10305773766862040729,203,True,,,
204,10306142542032312368,location_204_10306142542032312368,204,True,,,
205,10306432646693382192,location_205_10306432646693382192,205,True,,,
206,10307236667605385237,location_206_10307236667605385237,206,True,,,
207,10309701035750270331,location_207_10309701035750270331,207,True,,,
208,10310741108020122940,location_208_10310741108020122940,208,True,,,
209,10311649935253180704,location_209_10311649935253180704,209,True,,,
210,10311655511866326733,location_210_10311655511866326733,210,True,,,
211,10314642195170273043,location_211_10314642195170273043,211,True,,,
212,10315238147327737936,location_212_10315238147327737936,212,True,,,
213,1031712343688196009,location_213_1031712343688196009,213,True,,,
214,10317981242957956894,location_214_10317981242957956894,214,True,,,
215,10320243174427500182,location_215_10320243174427500182,215,True,,,
216,10320264691692117230,location_216_10320264691692117230,216,True,,,
217,10320958578084313718,location_217_10320958578084313718,217,True,,,
218,10321779764526864817,location_218_10321779764526864817,218,True,,,
219,10322673800804195245,location_219_10322673800804195245,219,True,,,
220,10323268059243325962,location_220_10323268059243325962,220,True,,,
221,10323274074912602871,location_221_10323274074912602871,221,True,,,
222,10324752630668398036,location_222_10324752630668398036,222,True,,,
223,10327192390536110806,location_223_10327192390536110806,223,True,,,
224,1032732158927714575,location_224_1032732158927714575,224,True,,,
225,10327379478926816555,location_225_10327379478926816555,225,True,,,
226,10329937270178798076,location_226_10329937270178798076,226,True,,,
227,10330776774202205581,location_227_10330776774202205581,227,True,,,
228,10331870497934193986,location_228_10331870497934193986,228,True,,,
229,10331894632844265468,location_229_10331894632844265468,229,True,,,
230,10332538231110116096,location_230_10332538231110116096,230,True,,,
231,10337862541452122875,location_231_10337862541452122875,231,True,,,
232,10338027582428753495,location_232_10338027582428753495,232,True,,,
233,10338212142550548116,location_233_10338212142550548116,233,True,,,
234,10338290073944932578,location_234_10338290073944932578,234,True,,,
235,10338602737413232570,location_235_10338602737413232570,235,True,,,
236,10339568027600231641,location_236_10339568027600231641,236,True,,,
237,10341844959571445785,location_237_10341844959571445785,237,True,,,
238,10342869546514574089,location_238_10342869546514574089,238,True,,,
239,1034332988084449275,location_239_1034332988084449275,239,True,,,
240,10344462262596376253,location_240_10344462262596376253,240,True,,,
241,10345822575376131417,location_241_10345822575376131417,241,True,,,
242,10348411272130721190,location_242_10348411272130721190,242,True,,,
243,10348519021442136588,location_243_10348519021442136588,243,True,,,
244,10350474025204079862,location_244_10350474025204079862,244,True,,,
245,10350535913826497143,location_245_10350535913826497143,245,True,,,
246,10350636480011065757,location_246_10350636480011065757,246,True,,,
247,10353101525915099597,location_247_10353101525915099597,247,True,,,
248,10354330098494096109,location_248_10354330098494096109,248,True,,,
249,10355030167404299442,location_249_10355030167404299442,249,True,,,
250,10356676362427792229,location_250_10356676362427792229,250,True,,,
251,10356948110380420267,location_251_10356948110380420267,251,True,,,
252,10357400734778630892,location_252_10357400734778630892,252,True,,,
253,10358608935596070167,location_253_10358608935596070167,253,True,,,
254,10359064743718813021,location_254_10359064743718813021,254,True,,,
255,10360913906509225137,location_255_10360913906509225137,255,True,,,
256,10361325185914052086,location_256_10361325185914052086,256,True,,,
257,10363462523398887485,location_257_10363462523398887485,257,True,,,
258,10363655317229825803,location_258_10363655317229825803,258,True,,,
259,10364163754314970285,location_259_10364163754314970285,259,True,,,
260,10366085341954844986,location_260_10366085341954844986,260,True,,,
261,10366694667934066575,location_261_10366694667934066575,261,True,,,
262,10367053444513652773,location_262_10367053444513652773,262,True,,,
263,10367264120541011137,location_263_10367264120541011137,263,True,,,
264,10367751286090618799,location_264_10367751286090618799,264,True,,,
265,10370209792781481058,location_265_10370209792781481058,265,True,,,
266,10373351390626457394,location_266_10373351390626457394,266,True,,,
267,10373860440484884249,location_267_10373860440484884249,267,True,,,
268,10375176175531523139,location_268_10375176175531523139,268,True,,,
269,10375976365442258213,location_269_10375976365442258213,269,True,,,
270,103779950835981864,location_270_103779950835981864,270,True,,,
271,10378134636329997525,location_271_10378134636329997525,271,True,,,
272,1037929514011298972,location_272_1037929514011298972,272,True,,,
273,10379863645010145296,location_273_10379863645010145296,273,True,,,
274,10380147734571719302,location_274_10380147734571719302,274,True,,,
275,10380272378948589910,location_275_10380272378948589910,275,True,,,
276,10382060263770603717,location_276_10382060263770603717,276,True,,,
277,103831257466922662,location_277_103831257466922662,277,True,,,
278,10383525012651191925,location_278_10383525012651191925,278,True,,,
279,10384402845494962068,location_279_10384402845494962068,279,True,,,
280,10390128436616859347,location_280_10390128436616859347,280,True,,,
281,10390547041387653459,location_281_10390547041387653459,281,True,,,
282,10391318938081892583,location_282_10391318938081892583,282,True,,,
283,10391586750145009812,location_283_10391586750145009812,283,True,,,
284,10397335748838509591,location_284_10397335748838509591,284,True,,,
285,10398275223281927585,location_285_10398275223281927585,285,True,,,
286,10398293682046258677,location_286_10398293682046258677,286,True,,,
287,10399425066504531890,location_287_10399425066504531890,287,True,,,
288,1040146052229988894,location_288_1040146052229988894,288,True,,,
289,1040182954896204800,location_289_1040182954896204800,289,True,,,
290,10402249630303406901,location_290_10402249630303406901,290,True,,,
291,1040357166306732142,location_291_1040357166306732142,291,True,,,
292,10404699322453817081,location_292_10404699322453817081,292,True,,,
293,10405989744917902460,location_293_10405989744917902460,293,True,,,
294,10407935950083038939,location_294_10407935950083038939,294,True,,,
295,10411226478262006025,location_295_10411226478262006025,295,True,,,
296,10412331841673762920,location_296_10412331841673762920,296,True,,,
297,10414727759602314469,location_297_10414727759602314469,297,True,,,
298,10414886056704913930,location_298_10414886056704913930,298,True,,,
299,10417648548974276707,location_299_10417648548974276707,299,True,,,
300,10417674651100757376,location_300_10417674651100757376,300,True,,,
301,10418980924571070876,location_301_10418980924571070876,301,True,,,
302,10421983545613835511,location_302_10421983545613835511,302,True,,,
303,10422673936955880561,location_303_10422673936955880561,303,True,,,
304,10423394179537877468,location_304_10423394179537877468,304,True,,,
305,10424522431314874802,location_305_10424522431314874802,305,True,,,
306,10424974492195753951,location_306_10424974492195753951,306,True,,,
307,10426569842130662704,location_307_10426569842130662704,307,True,,,
308,10427926928550117096,location_308_10427926928550117096,308,True,,,
309,10429401805986872575,location_309_10429401805986872575,309,True,,,
310,10430192261531869394,location_310_10430192261531869394,310,True,,,
311,10430806470990400574,location_311_10430806470990400574,311,True,,,
312,10433194816312481647,location_312_10433194816312481647,312,True,,,
313,10433291271662818079,location_313_10433291271662818079,313,True,,,
314,10433534054772815212,location_314_10433534054772815212,314,True,,,
315,10435569294922879318,location_315_10435569294922879318,315,True,,,
316,10436619272732996854,location_316_10436619272732996854,316,True,,,
317,10439698903971334426,location_317_10439698903971334426,317,True,,,
318,10441928162908030852,location_318_10441928162908030852,318,True,,,
319,10442457480671075348,location_319_10442457480671075348,319,True,,,
320,1044324371858988623,location_320_1044324371858988623,320,True,,,
321,1044417735065062573,location_321_1044417735065062573,321,True,,,
322,10444728846988839179,location_322_10444728846988839179,322,True,,,
323,10446163237196328187,location_323_10446163237196328187,323,True,,,
324,10449122774599438889,location_324_10449122774599438889,324,True,,,
325,10449926028831989804,location_325_10449926028831989804,325,True,,,
326,10451539559759592104,location_326_10451539559759592104,326,True,,,
327,10451899875016928930,location_327_10451899875016928930,327,True,,,
328,104526001739669038,location_328_104526001739669038,328,True,,,
329,10453877378065495143,location_329_10453877378065495143,329,True,,,
330,10454579798882938648,location_330_10454579798882938648,330,True,,,
331,1045508751159332655,location_331_1045508751159332655,331,True,,,
332,10455832112213182654,location_332_10455832112213182654,332,True,,,
333,10456430522740019110,location_333_10456430522740019110,333,True,,,
334,10456914705458486262,location_334_10456914705458486262,334,True,,,
335,10456915589396520969,location_335_10456915589396520969,335,True,,,
336,10457755993839431353,location_336_10457755993839431353,336,True,,,
337,10460267640756300410,location_337_10460267640756300410,337,True,,,
338,10461063843999733585,location_338_10461063843999733585,338,True,,,
339,10461609545844862584,location_339_10461609545844862584,339,True,,,
340,10462332936022148954,location_340_10462332936022148954,340,True,,,
341,10463685370279355626,location_341_10463685370279355626,341,True,,,
342,10464120713370115251,location_342_10464120713370115251,342,True,,,
343,10464252851913962326,location_343_10464252851913962326,343,True,,,
344,10464255484494006547,location_344_10464255484494006547,344,True,,,
345,10465099791390070728,location_345_10465099791390070728,345,True,,,
346,10466066478203712916,location_346_10466066478203712916,346,True,,,
347,10467765453387147509,location_347_10467765453387147509,347,True,,,
348,10469587130694770909,location_348_10469587130694770909,348,True,,,
349,10470425692746017150,location_349_10470425692746017150,349,True,,,
350,10470623404747703821,location_350_10470623404747703821,350,True,,,
351,10471082418243211331,location_351_10471082418243211331,351,True,,,
352,10472512386756381607,location_352_10472512386756381607,352,True,,,
353,10473140839859800165,location_353_10473140839859800165,353,True,,,
354,10475887542494303399,location_354_10475887542494303399,354,True,,,
355,10476798439997480191,location_355_10476798439997480191,355,True,,,
356,10484848920479242636,location_356_10484848920479242636,356,True,,,
357,10484874542788828136,location_357_10484874542788828136,357,True,,,
358,10485860509437713423,location_358_10485860509437713423,358,True,,,
359,10488769438971152701,location_359_10488769438971152701,359,True,,,
360,10488847974903403259,location_360_10488847974903403259,360,True,,,
361,10491956946250174368,location_361_10491956946250174368,361,True,,,
362,10492341326861490529,location_362_10492341326861490529,362,True,,,
363,10493438115816882506,location_363_10493438115816882506,363,True,,,
364,10495192034816902549,location_364_10495192034816902549,364,True,,,
365,10497715953372204504,location_365_10497715953372204504,365,True,,,
366,10499537719668545765,location_366_10499537719668545765,366,True,,,
367,10499797639815993162,location_367_10499797639815993162,367,True,,,
368,10499942945496395686,location_368_10499942945496395686,368,True,,,
369,10502775645314626394,location_369_10502775645314626394,369,True,,,
370,10504615937996374680,location_370_10504615937996374680,370,True,,,
371,10505385520603775213,location_371_10505385520603775213,371,True,,,
372,10506501709144305577,location_372_10506501709144305577,372,True,,,
373,10509164059134154889,location_373_10509164059134154889,373,True,,,
374,10509776182079495110,location_374_10509776182079495110,374,True,,,
375,10511929160260628768,location_375_10511929160260628768,375,True,,,
376,10512037548104753541,location_376_10512037548104753541,376,True,,,
377,10513107339311585892,location_377_10513107339311585892,377,True,,,
378,10514976573745422578,location_378_10514976573745422578,378,True,,,
379,10518769852209282864,location_379_10518769852209282864,379,True,,,
380,10524872645203351694,location_380_10524872645203351694,380,True,,,
381,1052567182207116868,location_381_1052567182207116868,381,True,,,
382,10525702840286023651,location_382_10525702840286023651,382,True,,,
383,10527639481143292621,location_383_10527639481143292621,383,True,,,
384,10529081109712659278,location_384_10529081109712659278,384,True,,,
385,10529234806565848593,location_385_10529234806565848593,385,True,,,
386,10529437275391408937,location_386_10529437275391408937,386,True,,,
387,10530537207030755156,location_387_10530537207030755156,387,True,,,
388,10530839730094111000,location_388_10530839730094111000,388,True,,,
389,10531281083945979816,location_389_10531281083945979816,389,True,,,
390,10533856361619860641,location_390_10533856361619860641,390,True,,,
391,10535237003550573304,location_391_10535237003550573304,391,True,,,
392,10538810020511254290,location_392_10538810020511254290,392,True,,,
393,10540483895057393339,location_393_10540483895057393339,393,True,,,
394,10541548521698562302,location_394_10541548521698562302,394,True,,,
395,10541592474893846663,location_395_10541592474893846663,395,True,,,
396,105416453512613462,location_396_105416453512613462,396,True,,,
397,10544780013390906576,location_397_10544780013390906576,397,True,,,
398,10545218171466877520,location_398_10545218171466877520,398,True,,,
399,10547414558467424860,location_399_10547414558467424860,399,True,,,
400,10547644029542551396,location_400_10547644029542551396,400,True,,,
401,10549286991724040633,location_401_10549286991724040633,401,True,,,
402,10553262909501998803,location_402_10553262909501998803,402,True,,,
403,1055502203068990448,location_403_1055502203068990448,403,True,,,
404,10555035219999281336,location_404_10555035219999281336,404,True,,,
405,10557847935082473196,location_405_10557847935082473196,405,True,,,
406,10559158756941998099,location_406_10559158756941998099,406,True,,,
407,10559311169163757292,location_407_10559311169163757292,407,True,,,
408,10559858299327117690,location_408_10559858299327117690,408,True,,,
409,10561337806036848131,location_409_10561337806036848131,409,True,,,
410,10562520505978267074,location_410_10562520505978267074,410,True,,,
411,10564722544202998421,location_411_10564722544202998421,411,True,,,
412,10569759758035572043,location_412_10569759758035572043,412,True,,,
413,1057233363736998311,location_413_1057233363736998311,413,True,,,
414,10576227716543752972,location_414_10576227716543752972,414,True,,,
415,1057623218828364231,location_415_1057623218828364231,415,True,,,
416,10576709650104947452,location_416_10576709650104947452,416,True,,,
417,10577062947624193895,location_417_10577062947624193895,417,True,,,
418,10577737547831874672,location_418_10577737547831874672,418,True,,,
419,10582845001696811439,location_419_10582845001696811439,419,True,,,
420,1058638641183421222,location_420_1058638641183421222,420,True,,,
421,10587535259635149231,location_421_10587535259635149231,421,True,,,
422,1058787307808034745,location_422_1058787307808034745,422,True,,,
423,10588308344040496333,location_423_10588308344040496333,423,True,,,
424,10589095697172006370,location_424_10589095697172006370,424,True,,,
425,10591909542404026502,location_425_10591909542404026502,425,True,,,
426,10592059316047976838,location_426_10592059316047976838,426,True,,,
427,10592254922813100650,location_427_10592254922813100650,427,True,,,
428,10594699552716942961,location_428_10594699552716942961,428,True,,,
429,10594701213686149601,location_429_10594701213686149601,429,True,,,
430,1059487991466128965,location_430_1059487991466128965,430,True,,,
431,10595282242000748514,location_431_10595282242000748514,431,True,,,
432,1059589862132142587,location_432_1059589862132142587,432,True,,,
433,10606598288356306131,location_433_10606598288356306131,433,True,,,
434,10612172774970268746,location_434_10612172774970268746,434,True,,,
435,10612643764973843449,location_435_10612643764973843449,435,True,,,
436,10613722868157896,location_436_10613722868157896,436,True,,,
437,10614757004143713353,location_437_10614757004143713353,437,True,,,
438,10614794787613351803,location_438_10614794787613351803,438,True,,,
439,10615631631204448224,location_439_10615631631204448224,439,True,,,
440,10618907395052097549,location_440_10618907395052097549,440,True,,,
441,10619680293947279508,location_441_10619680293947279508,441,True,,,
442,10621356190197311189,location_442_10621356190197311189,442,True,,,
443,10621683219797896264,location_443_10621683219797896264,443,True,,,
444,10621984046480163114,location_444_10621984046480163114,444,True,,,
445,10622058913693742626,location_445_10622058913693742626,445,True,,,
446,10622567852621606315,location_446_10622567852621606315,446,True,,,
447,10623002701919118674,location_447_10623002701919118674,447,True,,,
448,10624275031460135068,location_448_10624275031460135068,448,True,,,
449,10624706516788229375,location_449_10624706516788229375,449,True,,,
450,10625354576274677326,location_450_10625354576274677326,450,True,,,
451,10625388800601881472,location_451_10625388800601881472,451,True,,,
452,10626467463921783231,location_452_10626467463921783231,452,True,,,
453,10627640510638294920,location_453_10627640510638294920,453,True,,,
454,10628490087379332241,location_454_10628490087379332241,454,True,,,
455,10629130796129624427,location_455_10629130796129624427,455,True,,,
456,10629834535567371227,location_456_10629834535567371227,456,True,,,
457,10629848156878276842,location_457_10629848156878276842,457,True,,,
458,10635376936420681323,location_458_10635376936420681323,458,True,,,
459,10635901103842610213,location_459_10635901103842610213,459,True,,,
460,10637457196009601880,location_460_10637457196009601880,460,True,,,
461,10639368287094572353,location_461_10639368287094572353,461,True,,,
462,10640327446584264835,location_462_10640327446584264835,462,True,,,
463,10642081874376381717,location_463_10642081874376381717,463,True,,,
464,10643141473995784294,location_464_10643141473995784294,464,True,,,
465,10643297912349911057,location_465_10643297912349911057,465,True,,,
466,1064514624707651879,location_466_1064514624707651879,466,True,,,
467,10647082635031601423,location_467_10647082635031601423,467,True,,,
468,1064970014070694032,location_468_1064970014070694032,468,True,,,
469,10649993009401938569,location_469_10649993009401938569,469,True,,,
470,10650362245767644000,location_470_10650362245767644000,470,True,,,
471,10652391522643912668,location_471_10652391522643912668,471,True,,,
472,10653708298332794859,location_472_10653708298332794859,472,True,,,
473,10653743799267234408,location_473_10653743799267234408,473,True,,,
474,10659148822795155925,location_474_10659148822795155925,474,True,,,
475,10660234852403116985,location_475_10660234852403116985,475,True,,,
476,10667697558246421929,location_476_10667697558246421929,476,True,,,
477,10669299218844789144,location_477_10669299218844789144,477,True,,,
478,10670320888999642880,location_478_10670320888999642880,478,True,,,
479,10670690662875118953,location_479_10670690662875118953,479,True,,,
480,10676390232651891359,location_480_10676390232651891359,480,True,,,
481,10676784790918579286,location_481_10676784790918579286,481,True,,,
482,10678392628324909717,location_482_10678392628324909717,482,True,,,
483,10682468724171428149,location_483_10682468724171428149,483,True,,,
484,10684142071847385985,location_484_10684142071847385985,484,True,,,
485,10684188556514780888,location_485_10684188556514780888,485,True,,,
486,10684367077202583051,location_486_10684367077202583051,486,True,,,
487,10686608098689787999,location_487_10686608098689787999,487,True,,,
488,10687696970217443096,location_488_10687696970217443096,488,True,,,
489,10689151153796164560,location_489_10689151153796164560,489,True,,,
490,10690245357700855134,location_490_10690245357700855134,490,True,,,
491,10690346879674890473,location_491_10690346879674890473,491,True,,,
492,10690350295923038094,location_492_10690350295923038094,492,True,,,
493,10691211090723782797,location_493_10691211090723782797,493,True,,,
494,10693432594019300267,location_494_10693432594019300267,494,True,,,
495,10693796137710820821,location_495_10693796137710820821,495,True,,,
496,10698059376857234980,location_496_10698059376857234980,496,True,,,
497,10699127937132622998,location_497_10699127937132622998,497,True,,,
498,10700358073818830706,location_498_10700358073818830706,498,True,,,
499,10702512254443223272,location_499_10702512254443223272,499,True,,,
500,10703312050288667633,location_500_10703312050288667633,500,True,,,
501,10703856336283623199,location_501_10703856336283623199,501,True,,,
502,1070453533792251883,location_502_1070453533792251883,502,True,,,
503,10705154932513661075,location_503_10705154932513661075,503,True,,,
504,10705437380229489187,location_504_10705437380229489187,504,True,,,
505,10705602993934326321,location_505_10705602993934326321,505,True,,,
506,10706040779659654805,location_506_10706040779659654805,506,True,,,
507,10706427932947410218,location_507_10706427932947410218,507,True,,,
508,10707090317061279393,location_508_10707090317061279393,508,True,,,
509,10707844036767470880,location_509_10707844036767470880,509,True,,,
510,10708758256696119454,location_510_10708758256696119454,510,True,,,
511,10710689893549355291,location_511_10710689893549355291,511,True,,,
512,10710857438361844550,location_512_10710857438361844550,512,True,,,
513,10712347566890339967,location_513_10712347566890339967,513,True,,,
514,10713451513445334197,location_514_10713451513445334197,514,True,,,
515,10715754118898128566,location_515_10715754118898128566,515,True,,,
516,10717139144594895880,location_516_10717139144594895880,516,True,,,
517,10723776639743268522,location_517_10723776639743268522,517,True,,,
518,10723950876262455551,location_518_10723950876262455551,518,True,,,
519,10725696360378118982,location_519_10725696360378118982,519,True,,,
520,1072935113145584888,location_520_1072935113145584888,520,True,,,
521,10730806643478758596,location_521_10730806643478758596,521,True,,,
522,10732980777820931462,location_522_10732980777820931462,522,True,,,
523,10734605460628362745,location_523_10734605460628362745,523,True,,,
524,10734805351217666967,location_524_10734805351217666967,524,True,,,
525,10735836507898653578,location_525_10735836507898653578,525,True,,,
526,10735899809831466079,location_526_10735899809831466079,526,True,,,
527,10736121809540305527,location_527_10736121809540305527,527,True,,,
528,1073697829130679590,location_528_1073697829130679590,528,True,,,
529,10737190271022630291,location_529_10737190271022630291,529,True,,,
530,10737949188196938344,location_530_10737949188196938344,530,True,,,
531,10738006461162565173,location_531_10738006461162565173,531,True,,,
532,10738650727091810295,location_532_10738650727091810295,532,True,,,
533,10740744716879780144,location_533_10740744716879780144,533,True,,,
534,1074091502045597009,location_534_1074091502045597009,534,True,,,
535,10741511249143664891,location_535_10741511249143664891,535,True,,,
536,10742541956252466020,location_536_10742541956252466020,536,True,,,
537,10744406252997080505,location_537_10744406252997080505,537,True,,,
538,107446471353558708,location_538_107446471353558708,538,True,,,
539,10745054615432757856,location_539_10745054615432757856,539,True,,,
540,10745540470720848219,location_540_10745540470720848219,540,True,,,
541,10747649390015612629,location_541_10747649390015612629,541,True,,,
542,10748320999917981911,location_542_10748320999917981911,542,True,,,
543,1074877509857404934,location_543_1074877509857404934,543,True,,,
544,10748872836392988444,location_544_10748872836392988444,544,True,,,
545,10750187794529585396,location_545_10750187794529585396,545,True,,,
546,10753490955568941908,location_546_10753490955568941908,546,True,,,
547,10753516141178234753,location_547_10753516141178234753,547,True,,,
548,10753584975584940965,location_548_10753584975584940965,548,True,,,
549,10753869159613641815,location_549_10753869159613641815,549,True,,,
550,10754675707576695069,location_550_10754675707576695069,550,True,,,
551,10754866019775431331,location_551_10754866019775431331,551,True,,,
552,10756115855078515374,location_552_10756115855078515374,552,True,,,
553,10756847931868196390,location_553_10756847931868196390,553,True,,,
554,10756880530665891503,location_554_10756880530665891503,554,True,,,
555,107581498919146642,location_555_107581498919146642,555,True,,,
556,10758814428737365593,location_556_10758814428737365593,556,True,,,
557,10759074671762114770,location_557_10759074671762114770,557,True,,,
558,10759507000466549840,location_558_10759507000466549840,558,True,,,
559,10760145782412652554,location_559_10760145782412652554,559,True,,,
560,10761270806468530191,location_560_10761270806468530191,560,True,,,
561,1076185125063672345,location_561_1076185125063672345,561,True,,,
562,10763486455707007436,location_562_10763486455707007436,562,True,,,
563,1076477983242299445,location_563_1076477983242299445,563,True,,,
564,10765545556069896615,location_564_10765545556069896615,564,True,,,
565,10766357632867985164,location_565_10766357632867985164,565,True,,,
566,10767146991640333288,location_566_10767146991640333288,566,True,,,
567,1076767518526486450,location_567_1076767518526486450,567,True,,,
568,10767675796967934352,location_568_10767675796967934352,568,True,,,
569,10768113851354323532,location_569_10768113851354323532,569,True,,,
570,10770131163288496951,location_570_10770131163288496951,570,True,,,
571,10770740904368176594,location_571_10770740904368176594,571,True,,,
572,10770865393933618469,location_572_10770865393933618469,572,True,,,
573,1077105653431071086,location_573_1077105653431071086,573,True,,,
574,10774165816466173232,location_574_10774165816466173232,574,True,,,
575,10775541867452023307,location_575_10775541867452023307,575,True,,,
576,10776076284591702680,location_576_10776076284591702680,576,True,,,
577,1077703526070571337,location_577_1077703526070571337,577,True,,,
578,10777427611305821568,location_578_10777427611305821568,578,True,,,
579,10777930122488777145,location_579_10777930122488777145,579,True,,,
580,10779561001884403903,location_580_10779561001884403903,580,True,,,
581,10779898251110183030,location_581_10779898251110183030,581,True,,,
582,10780416067908823081,location_582_10780416067908823081,582,True,,,
583,10780616706205054343,location_583_10780616706205054343,583,True,,,
584,10781485317923112163,location_584_10781485317923112163,584,True,,,
585,10781723116792951802,location_585_10781723116792951802,585,True,,,
586,1078310148573529770,location_586_1078310148573529770,586,True,,,
587,10784231634558347569,location_587_10784231634558347569,587,True,,,
588,10784965146139011355,location_588_10784965146139011355,588,True,,,
589,10786188419396287017,location_589_10786188419396287017,589,True,,,
590,10788031080248532079,location_590_10788031080248532079,590,True,,,
591,10788437410197585420,location_591_10788437410197585420,591,True,,,
592,10794820708389314173,location_592_10794820708389314173,592,True,,,
593,10795137703517833214,location_593_10795137703517833214,593,True,,,
594,10795764076771991283,location_594_10795764076771991283,594,True,,,
595,10797047120627200077,location_595_10797047120627200077,595,True,,,
596,10798806137329908291,location_596_10798806137329908291,596,True,,,
597,10799084208631482900,location_597_10799084208631482900,597,True,,,
598,10801331472822099412,location_598_10801331472822099412,598,True,,,
599,1080274212895196351,location_599_1080274212895196351,599,True,,,
600,1080467440173498069,location_600_1080467440173498069,600,True,,,
601,10804792530649611626,location_601_10804792530649611626,601,True,,,
602,10805433720135544860,location_602_10805433720135544860,602,True,,,
603,10805592846458057952,location_603_10805592846458057952,603,True,,,
604,10805638848311491424,location_604_10805638848311491424,604,True,,,
605,10806736431295858567,location_605_10806736431295858567,605,True,,,
606,10809156770634660680,location_606_10809156770634660680,606,True,,,
607,10809216079775188110,location_607_10809216079775188110,607,True,,,
608,10810972413307009412,location_608_10810972413307009412,608,True,,,
609,10811108984381046479,location_609_10811108984381046479,609,True,,,
610,10813965378664224537,location_610_10813965378664224537,610,True,,,
611,10816936514883796126,location_611_10816936514883796126,611,True,,,
612,10818042558536200365,location_612_10818042558536200365,612,True,,,
613,10819870381155021878,location_613_10819870381155021878,613,True,,,
614,10820765888460494428,location_614_10820765888460494428,614,True,,,
615,10825115157458193067,location_615_10825115157458193067,615,True,,,
616,10825147152174401704,location_616_10825147152174401704,616,True,,,
617,10825663558238302602,location_617_10825663558238302602,617,True,,,
618,1082716099317906520,location_618_1082716099317906520,618,True,,,
619,10832865580572934415,location_619_10832865580572934415,619,True,,,
620,10833587308604343655,location_620_10833587308604343655,620,True,,,
621,10833787645148094413,location_621_10833787645148094413,621,True,,,
622,10834295290374832112,location_622_10834295290374832112,622,True,,,
623,10836235702814726052,location_623_10836235702814726052,623,True,,,
624,10842663277745895245,location_624_10842663277745895245,624,True,,,
625,10846406721276802744,location_625_10846406721276802744,625,True,,,
626,10847907490459416112,location_626_10847907490459416112,626,True,,,
627,10852634949602461344,location_627_10852634949602461344,627,True,,,
628,10854303622793905601,location_628_10854303622793905601,628,True,,,
629,10856401836784396616,location_629_10856401836784396616,629,True,,,
630,10858129833901751341,location_630_10858129833901751341,630,True,,,
631,10864300539460423618,location_631_10864300539460423618,631,True,,,
632,10866742960142591986,location_632_10866742960142591986,632,True,,,
633,10868932870820731245,location_633_10868932870820731245,633,True,,,
634,10871272416544267180,location_634_10871272416544267180,634,True,,,
635,10871442249952763285,location_635_10871442249952763285,635,True,,,
636,10872429658254045411,location_636_10872429658254045411,636,True,,,
637,10872453344956593547,location_637_10872453344956593547,637,True,,,
638,10872737234745763130,location_638_10872737234745763130,638,True,,,
639,10872865000318845173,location_639_10872865000318845173,639,True,,,
640,10873456291019467921,location_640_10873456291019467921,640,True,,,
641,10875610575114049422,location_641_10875610575114049422,641,True,,,
642,10876034001944062068,location_642_10876034001944062068,642,True,,,
643,10876737990108554527,location_643_10876737990108554527,643,True,,,
644,10876928857646723571,location_644_10876928857646723571,644,True,,,
645,10877895950440693481,location_645_10877895950440693481,645,True,,,
646,10880967271252085434,location_646_10880967271252085434,646,True,,,
647,10881511446537789791,location_647_10881511446537789791,647,True,,,
648,10882865841317671921,location_648_10882865841317671921,648,True,,,
649,10884195894516556368,location_649_10884195894516556368,649,True,,,
650,10888179504550910861,location_650_10888179504550910861,650,True,,,
651,1089081205062269331,location_651_1089081205062269331,651,True,,,
652,10893603850790138317,location_652_10893603850790138317,652,True,,,
653,10893958030409321332,location_653_10893958030409321332,653,True,,,
654,10894486696711113503,location_654_10894486696711113503,654,True,,,
655,1089740380522805724,location_655_1089740380522805724,655,True,,,
656,10897802220338918781,location_656_10897802220338918781,656,True,,,
657,10901630481645600900,location_657_10901630481645600900,657,True,,,
658,10904989870184519692,location_658_10904989870184519692,658,True,,,
659,10905160153684744519,location_659_10905160153684744519,659,True,,,
660,10907910138674251816,location_660_10907910138674251816,660,True,,,
661,10909420039635308073,location_661_10909420039635308073,661,True,,,
662,10911535741188709946,location_662_10911535741188709946,662,True,,,
663,10913387477241367196,location_663_10913387477241367196,663,True,,,
664,1091446959245810464,location_664_1091446959245810464,664,True,,,
665,10914938093042016731,location_665_10914938093042016731,665,True,,,
666,1091533388858429307,location_666_1091533388858429307,666,True,,,
667,1091754725169026939,location_667_1091754725169026939,667,True,,,
668,10918347410354198575,location_668_10918347410354198575,668,True,,,
669,10921158194878254209,location_669_10921158194878254209,669,True,,,
670,10921438648851210558,location_670_10921438648851210558,670,True,,,
671,10923262392827552517,location_671_10923262392827552517,671,True,,,
672,10925678567103231587,location_672_10925678567103231587,672,True,,,
673,10930921538109337094,location_673_10930921538109337094,673,True,,,
674,10931050840602018936,location_674_10931050840602018936,674,True,,,
675,10931832064580426261,location_675_10931832064580426261,675,True,,,
676,10932391514001229320,location_676_10932391514001229320,676,True,,,
677,10939031921731070032,location_677_10939031921731070032,677,True,,,
678,10939051261536442516,location_678_10939051261536442516,678,True,,,
679,10939695556767353562,location_679_10939695556767353562,679,True,,,
680,10940056023235448313,location_680_10940056023235448313,680,True,,,
681,10940316024223003960,location_681_10940316024223003960,681,True,,,
682,10942541061361227897,location_682_10942541061361227897,682,True,,,
683,10942911179925746784,location_683_10942911179925746784,683,True,,,
684,10943290486135115633,location_684_10943290486135115633,684,True,,,
685,1094515104680179274,location_685_1094515104680179274,685,True,,,
686,10945668648930423244,location_686_10945668648930423244,686,True,,,
687,10946766222785031644,location_687_10946766222785031644,687,True,,,
688,1094730837553293853,location_688_1094730837553293853,688,True,,,
689,10948327788621499442,location_689_10948327788621499442,689,True,,,
690,10948639943132005534,location_690_10948639943132005534,690,True,,,
691,10949003992953568397,location_691_10949003992953568397,691,True,,,
692,10950333847784239320,location_692_10950333847784239320,692,True,,,
693,10951049376159725167,location_693_10951049376159725167,693,True,,,
694,1095187125168410412,location_694_1095187125168410412,694,True,,,
695,1095210475860847216,location_695_1095210475860847216,695,True,,,
696,109524530804812092,location_696_109524530804812092,696,True,,,
697,10953413738358970810,location_697_10953413738358970810,697,True,,,
698,10954340529747458030,location_698_10954340529747458030,698,True,,,
699,10960827152408652283,location_699_10960827152408652283,699,True,,,
700,10961864464722157227,location_700_10961864464722157227,700,True,,,
701,10962580303156226551,location_701_10962580303156226551,701,True,,,
702,10965069327387668013,location_702_10965069327387668013,702,True,,,
703,10970016745571588310,location_703_10970016745571588310,703,True,,,
704,10970598826145175489,location_704_10970598826145175489,704,True,,,
705,1097393849634640579,location_705_1097393849634640579,705,True,,,
706,10974396369556306329,location_706_10974396369556306329,706,True,,,
707,10974507918044460931,location_707_10974507918044460931,707,True,,,
708,10974941849744710878,location_708_10974941849744710878,708,True,,,
709,1097564239474711133,location_709_1097564239474711133,709,True,,,
710,10979928611014554806,location_710_10979928611014554806,710,True,,,
711,10980939302432449270,location_711_10980939302432449270,711,True,,,
712,1098269206098090912,location_712_1098269206098090912,712,True,,,
713,10984897495659416291,location_713_10984897495659416291,713,True,,,
714,1098763433311212988,location_714_1098763433311212988,714,True,,,
715,10987791467308477807,location_715_10987791467308477807,715,True,,,
716,10992665665139808631,location_716_10992665665139808631,716,True,,,
717,10995579201271827028,location_717_10995579201271827028,717,True,,,
718,1099566883380736800,location_718_1099566883380736800,718,True,,,
719,10999286736708502433,location_719_10999286736708502433,719,True,,,
720,10999862510878189224,location_720_10999862510878189224,720,True,,,
721,11000637440735694932,location_721_11000637440735694932,721,True,,,
722,11001276398285826893,location_722_11001276398285826893,722,True,,,
723,11001516025578524907,location_723_11001516025578524907,723,True,,,
724,11003574705101042411,location_724_11003574705101042411,724,True,,,
725,11003868904267568619,location_725_11003868904267568619,725,True,,,
726,11004295420684023067,location_726_11004295420684023067,726,True,,,
727,11004376564897401529,location_727_11004376564897401529,727,True,,,
728,11009472356302131708,location_728_11009472356302131708,728,True,,,
729,11011989297814975348,location_729_11011989297814975348,729,True,,,
730,11012912485777805278,location_730_11012912485777805278,730,True,,,
731,11013000467632214385,location_731_11013000467632214385,731,True,,,
732,11015275425778611057,location_732_11015275425778611057,732,True,,,
733,11016778401758920625,location_733_11016778401758920625,733,True,,,
734,11016977554106215995,location_734_11016977554106215995,734,True,,,
735,11017354262805953167,location_735_11017354262805953167,735,True,,,
736,11018100661934615315,location_736_11018100661934615315,736,True,,,
737,11019305228928721362,location_737_11019305228928721362,737,True,,,
738,11020399336266329504,location_738_11020399336266329504,738,True,,,
739,11020641658914957988,location_739_11020641658914957988,739,True,,,
740,11022055877204993036,location_740_11022055877204993036,740,True,,,
741,11023381812490643599,location_741_11023381812490643599,741,True,,,
742,11028426950309922633,location_742_11028426950309922633,742,True,,,
743,11028562233731099072,location_743_11028562233731099072,743,True,,,
744,11032311289225940933,location_744_11032311289225940933,744,True,,,
745,11032375493262872701,location_745_11032375493262872701,745,True,,,
746,11033356018001574203,location_746_11033356018001574203,746,True,,,
747,11036810784647302969,location_747_11036810784647302969,747,True,,,
748,11038084531453865504,location_748_11038084531453865504,748,True,,,
749,11038500741659074470,location_749_11038500741659074470,749,True,,,
750,11039020021841727009,location_750_11039020021841727009,750,True,,,
751,11040376495562926873,location_751_11040376495562926873,751,True,,,
752,11042508594353032321,location_752_11042508594353032321,752,True,,,
753,11043845349959327138,location_753_11043845349959327138,753,True,,,
754,11044408033953558274,location_754_11044408033953558274,754,True,,,
755,11046253554490905905,location_755_11046253554490905905,755,True,,,
756,11048381092250167782,location_756_11048381092250167782,756,True,,,
757,11049250015903709043,location_757_11049250015903709043,757,True,,,
758,11051015034869232654,location_758_11051015034869232654,758,True,,,
759,11051728239853514277,location_759_11051728239853514277,759,True,,,
760,11052853960093837826,location_760_11052853960093837826,760,True,,,
761,11053490505640333809,location_761_11053490505640333809,761,True,,,
762,11056314427450922937,location_762_11056314427450922937,762,True,,,
763,11058582159341051781,location_763_11058582159341051781,763,True,,,
764,11059466543887842506,location_764_11059466543887842506,764,True,,,
765,11063732393222411860,location_765_11063732393222411860,765,True,,,
766,11065351060738361816,location_766_11065351060738361816,766,True,,,
767,11066697838103129638,location_767_11066697838103129638,767,True,,,
768,11067074015134493935,location_768_11067074015134493935,768,True,,,
769,11067077437522116350,location_769_11067077437522116350,769,True,,,
770,11067230954151666486,location_770_11067230954151666486,770,True,,,
771,11067532434501954129,location_771_11067532434501954129,771,True,,,
772,11070496289700300502,location_772_11070496289700300502,772,True,,,
773,11072006680192124139,location_773_11072006680192124139,773,True,,,
774,11075436968196664533,location_774_11075436968196664533,774,True,,,
775,1107682318638740147,location_775_1107682318638740147,775,True,,,
776,1108030356836946948,location_776_1108030356836946948,776,True,,,
777,11080464696464792092,location_777_11080464696464792092,777,True,,,
778,11090561046582751858,location_778_11090561046582751858,778,True,,,
779,1109255556448120555,location_779_1109255556448120555,779,True,,,
780,11093495703238183375,location_780_11093495703238183375,780,True,,,
781,11094091550707182068,location_781_11094091550707182068,781,True,,,
782,11094440658552882572,location_782_11094440658552882572,782,True,,,
783,11094484478904985166,location_783_11094484478904985166,783,True,,,
784,11094682885285682311,location_784_11094682885285682311,784,True,,,
785,11097426582685150405,location_785_11097426582685150405,785,True,,,
786,11099930150335068593,location_786_11099930150335068593,786,True,,,
787,1110168259177107935,location_787_1110168259177107935,787,True,,,
788,11102876748131000387,location_788_11102876748131000387,788,True,,,
789,11106582128986770812,location_789_11106582128986770812,789,True,,,
790,11108071302652514673,location_790_11108071302652514673,790,True,,,
791,11109489445169778536,location_791_11109489445169778536,791,True,,,
792,1111157047603815390,location_792_1111157047603815390,792,True,,,
793,11111825852516352953,location_793_11111825852516352953,793,True,,,
794,11113519602506404234,location_794_11113519602506404234,794,True,,,
795,11113724593609845233,location_795_11113724593609845233,795,True,,,
796,11113860962888711375,location_796_11113860962888711375,796,True,,,
797,11115447501649565457,location_797_11115447501649565457,797,True,,,
798,1111832464690896861,location_798_1111832464690896861,798,True,,,
799,11118583324085697502,location_799_11118583324085697502,799,True,,,
800,11119672367078567954,location_800_11119672367078567954,800,True,,,
801,11122424242766935909,location_801_11122424242766935909,801,True,,,
802,11122456790292324477,location_802_11122456790292324477,802,True,,,
803,11122593500116577951,location_803_11122593500116577951,803,True,,,
804,11122847082928134385,location_804_11122847082928134385,804,True,,,
805,11125135398649282571,location_805_11125135398649282571,805,True,,,
806,11125752144894868613,location_806_11125752144894868613,806,True,,,
807,11126210708132042237,location_807_11126210708132042237,807,True,,,
808,11126336544318959827,location_808_11126336544318959827,808,True,,,
809,1112695810842089886,location_809_1112695810842089886,809,True,,,
810,11128593871489827097,location_810_11128593871489827097,810,True,,,
811,11129105634992086344,location_811_11129105634992086344,811,True,,,
812,11130174945200452636,location_812_11130174945200452636,812,True,,,
813,1113033754890682635,location_813_1113033754890682635,813,True,,,
814,11130619171747340452,location_814_11130619171747340452,814,True,,,
815,11130898469757293165,location_815_11130898469757293165,815,True,,,
816,1113103470074477490,location_816_1113103470074477490,816,True,,,
817,11131942122490886096,location_817_11131942122490886096,817,True,,,
818,11132661893650321101,location_818_11132661893650321101,818,True,,,
819,11133427450825506953,location_819_11133427450825506953,819,True,,,
820,11135803273562203068,location_820_11135803273562203068,820,True,,,
821,11137415000566111179,location_821_11137415000566111179,821,True,,,
822,11137598557234417783,location_822_11137598557234417783,822,True,,,
823,11137746302371668549,location_823_11137746302371668549,823,True,,,
824,11137902307942253644,location_824_11137902307942253644,824,True,,,
825,11138039557233725844,location_825_11138039557233725844,825,True,,,
826,11139072564102068425,location_826_11139072564102068425,826,True,,,
827,11141278290368389082,location_827_11141278290368389082,827,True,,,
828,11142194795441949488,location_828_11142194795441949488,828,True,,,
829,11142695169772483375,location_829_11142695169772483375,829,True,,,
830,111439607031551029,location_830_111439607031551029,830,True,,,
831,11144778769771012616,location_831_11144778769771012616,831,True,,,
832,11146263504395275812,location_832_11146263504395275812,832,True,,,
833,11147472004156260184,location_833_11147472004156260184,833,True,,,
834,11148819456435415142,location_834_11148819456435415142,834,True,,,
835,11149490601909856582,location_835_11149490601909856582,835,True,,,
836,1115031636884430599,location_836_1115031636884430599,836,True,,,
837,11150848554228782322,location_837_11150848554228782322,837,True,,,
838,1115269842055215606,location_838_1115269842055215606,838,True,,,
839,11152745374383313913,location_839_11152745374383313913,839,True,,,
840,11153385052300488909,location_840_11153385052300488909,840,True,,,
841,11153784325790199727,location_841_11153784325790199727,841,True,,,
842,11162370320580970770,location_842_11162370320580970770,842,True,,,
843,11163101954552252325,location_843_11163101954552252325,843,True,,,
844,11164469219687178854,location_844_11164469219687178854,844,True,,,
845,11164547639585972447,location_845_11164547639585972447,845,True,,,
846,11166737983039344465,location_846_11166737983039344465,846,True,,,
847,11167674108639150929,location_847_11167674108639150929,847,True,,,
848,1116803646830434574,location_848_1116803646830434574,848,True,,,
849,11170565682196360899,location_849_11170565682196360899,849,True,,,
850,1117092042417759920,location_850_1117092042417759920,850,True,,,
851,11171282637098539526,location_851_11171282637098539526,851,True,,,
852,11172711691647264522,location_852_11172711691647264522,852,True,,,
853,11177445251421738449,location_853_11177445251421738449,853,True,,,
854,11178255679689798878,location_854_11178255679689798878,854,True,,,
855,11182375231351523340,location_855_11182375231351523340,855,True,,,
856,11183847647906359295,location_856_11183847647906359295,856,True,,,
857,11184268331702612483,location_857_11184268331702612483,857,True,,,
858,1118455842829725825,location_858_1118455842829725825,858,True,,,
859,11185176813826531937,location_859_11185176813826531937,859,True,,,
860,11185242053392743793,location_860_11185242053392743793,860,True,,,
861,11189922900993629537,location_861_11189922900993629537,861,True,,,
862,11191143436005598797,location_862_11191143436005598797,862,True,,,
863,11192879925435140303,location_863_11192879925435140303,863,True,,,
864,11193254553771708982,location_864_11193254553771708982,864,True,,,
865,11193967100719838369,location_865_11193967100719838369,865,True,,,
866,11195469356119344096,location_866_11195469356119344096,866,True,,,
867,11195944255102660358,location_867_11195944255102660358,867,True,,,
868,11196190794397905941,location_868_11196190794397905941,868,True,,,
869,11197679132446992726,location_869_11197679132446992726,869,True,,,
870,11199958778887483186,location_870_11199958778887483186,870,True,,,
871,1120177312381433609,location_871_1120177312381433609,871,True,,,
872,11202593519026105500,location_872_11202593519026105500,872,True,,,
873,11203212697788812963,location_873_11203212697788812963,873,True,,,
874,11204539985365189237,location_874_11204539985365189237,874,True,,,
875,11204672891457291784,location_875_11204672891457291784,875,True,,,
876,11205576996473344233,location_876_11205576996473344233,876,True,,,
877,11206490193824151399,location_877_11206490193824151399,877,True,,,
878,11208033771439513329,location_878_11208033771439513329,878,True,,,
879,11208353222143013734,location_879_11208353222143013734,879,True,,,
880,11209766260343380527,location_880_11209766260343380527,880,True,,,
881,11213306031181211537,location_881_11213306031181211537,881,True,,,
882,11217349198614316644,location_882_11217349198614316644,882,True,,,
883,11217581133753677909,location_883_11217581133753677909,883,True,,,
884,11217871071985784962,location_884_11217871071985784962,884,True,,,
885,11220019727617901282,location_885_11220019727617901282,885,True,,,
886,11221561234236483846,location_886_11221561234236483846,886,True,,,
887,11223333197588342837,location_887_11223333197588342837,887,True,,,
888,11224724167240296099,location_888_11224724167240296099,888,True,,,
889,11227499026005557787,location_889_11227499026005557787,889,True,,,
890,11227675585568212424,location_890_11227675585568212424,890,True,,,
891,11233029712719198321,location_891_11233029712719198321,891,True,,,
892,11233378622229486101,location_892_11233378622229486101,892,True,,,
893,11233985813482580371,location_893_11233985813482580371,893,True,,,
894,11234280298242129535,location_894_11234280298242129535,894,True,,,
895,11234944879695830277,location_895_11234944879695830277,895,True,,,
896,11238204952432645368,location_896_11238204952432645368,896,True,,,
897,11238210183860598136,location_897_11238210183860598136,897,True,,,
898,11239187339745128229,location_898_11239187339745128229,898,True,,,
899,11239213334895174713,location_899_11239213334895174713,899,True,,,
900,11239247921070219028,location_900_11239247921070219028,900,True,,,
901,11243470568179740557,location_901_11243470568179740557,901,True,,,
902,11244980847994683963,location_902_11244980847994683963,902,True,,,
903,11251481969793226389,location_903_11251481969793226389,903,True,,,
904,11251760785953434978,location_904_11251760785953434978,904,True,,,
905,11252758138658957967,location_905_11252758138658957967,905,True,,,
906,11252886473604139024,location_906_11252886473604139024,906,True,,,
907,11257316493930559117,location_907_11257316493930559117,907,True,,,
908,11259351839760359119,location_908_11259351839760359119,908,True,,,
909,11260018272384311713,location_909_11260018272384311713,909,True,,,
910,11261861606514551918,location_910_11261861606514551918,910,True,,,
911,11262976105412398288,location_911_11262976105412398288,911,True,,,
912,11267880389175432862,location_912_11267880389175432862,912,True,,,
913,11269921424525010275,location_913_11269921424525010275,913,True,,,
914,11270178747652176679,location_914_11270178747652176679,914,True,,,
915,11272351318618024397,location_915_11272351318618024397,915,True,,,
916,11272368601565489689,location_916_11272368601565489689,916,True,,,
917,11273278449540918685,location_917_11273278449540918685,917,True,,,
918,11280845712775298106,location_918_11280845712775298106,918,True,,,
919,11283239908053010204,location_919_11283239908053010204,919,True,,,
920,11288600645163278102,location_920_11288600645163278102,920,True,,,
921,1129066191073273184,location_921_1129066191073273184,921,True,,,
922,11292108308814971166,location_922_11292108308814971166,922,True,,,
923,11292438896589127336,location_923_11292438896589127336,923,True,,,
924,11292907866391995531,location_924_11292907866391995531,924,True,,,
925,11293533479962302562,location_925_11293533479962302562,925,True,,,
926,11296598573581917954,location_926_11296598573581917954,926,True,,,
927,11299644315718865467,location_927_11299644315718865467,927,True,,,
928,11302911668190156262,location_928_11302911668190156262,928,True,,,
929,11305511001678645113,location_929_11305511001678645113,929,True,,,
930,11305586893680947589,location_930_11305586893680947589,930,True,,,
931,11305781822684539777,location_931_11305781822684539777,931,True,,,
932,11305861394973016762,location_932_11305861394973016762,932,True,,,
933,11307486444589792037,location_933_11307486444589792037,933,True,,,
934,1130878792484379580,location_934_1130878792484379580,934,True,,,
935,11311438614362821324,location_935_11311438614362821324,935,True,,,
936,11312715970155608623,location_936_11312715970155608623,936,True,,,
937,11313205541168648065,location_937_11313205541168648065,937,True,,,
938,11313868091235921252,location_938_11313868091235921252,938,True,,,
939,11314514391153061657,location_939_11314514391153061657,939,True,,,
940,11316779337104715445,location_940_11316779337104715445,940,True,,,
941,11319331962170785493,location_941_11319331962170785493,941,True,,,
942,11320536341287840873,location_942_11320536341287840873,942,True,,,
943,11321437001321881305,location_943_11321437001321881305,943,True,,,
944,11322330688453552922,location_944_11322330688453552922,944,True,,,
945,11323788474006542531,location_945_11323788474006542531,945,True,,,
946,11327419260224394517,location_946_11327419260224394517,946,True,,,
947,11328021877074808895,location_947_11328021877074808895,947,True,,,
948,11328137955882877279,location_948_11328137955882877279,948,True,,,
949,11330858350006085265,location_949_11330858350006085265,949,True,,,
950,11330863203998645021,location_950_11330863203998645021,950,True,,,
951,11333917590731342289,location_951_11333917590731342289,951,True,,,
952,11335818288530586699,location_952_11335818288530586699,952,True,,,
953,11335929077661638344,location_953_11335929077661638344,953,True,,,
954,11337793452563653195,location_954_11337793452563653195,954,True,,,
955,11337896758828867551,location_955_11337896758828867551,955,True,,,
956,11338845306374690121,location_956_11338845306374690121,956,True,,,
957,11339554763828743734,location_957_11339554763828743734,957,True,,,
958,11339867141530465671,location_958_11339867141530465671,958,True,,,
959,11340484920141467858,location_959_11340484920141467858,959,True,,,
960,11340637271977230557,location_960_11340637271977230557,960,True,,,
961,11343200971535235898,location_961_11343200971535235898,961,True,,,
962,11344371353388994641,location_962_11344371353388994641,962,True,,,
963,11347935914495054901,location_963_11347935914495054901,963,True,,,
964,11348926850712707805,location_964_11348926850712707805,964,True,,,
965,11350259977069067007,location_965_11350259977069067007,965,True,,,
966,11351325178294937623,location_966_11351325178294937623,966,True,,,
967,11353080093087044764,location_967_11353080093087044764,967,True,,,
968,11357170190912677161,location_968_11357170190912677161,968,True,,,
969,11357622425581999977,location_969_11357622425581999977,969,True,,,
970,11358013003148024672,location_970_11358013003148024672,970,True,,,
971,11358198238189950824,location_971_11358198238189950824,971,True,,,
972,11358312498097222368,location_972_11358312498097222368,972,True,,,
973,11360153142264021547,location_973_11360153142264021547,973,True,,,
974,11360243725408276849,location_974_11360243725408276849,974,True,,,
975,11360530851172655484,location_975_11360530851172655484,975,True,,,
976,11361478397348913643,location_976_11361478397348913643,976,True,,,
977,11362611451329055262,location_977_11362611451329055262,977,True,,,
978,11363994689756098233,location_978_11363994689756098233,978,True,,,
979,11364207580021500351,location_979_11364207580021500351,979,True,,,
980,1136465229100184877,location_980_1136465229100184877,980,True,,,
981,11367443602195301917,location_981_11367443602195301917,981,True,,,
982,11369466641546747585,location_982_11369466641546747585,982,True,,,
983,11369914510098433507,location_983_11369914510098433507,983,True,,,
984,11370663690256243021,location_984_11370663690256243021,984,True,,,
985,11373748791743080126,location_985_11373748791743080126,985,True,,,
986,11374926092537185258,location_986_11374926092537185258,986,True,,,
987,11374975555082849511,location_987_11374975555082849511,987,True,,,
988,11377096868692388727,location_988_11377096868692388727,988,True,,,
989,11377605161525290454,location_989_11377605161525290454,989,True,,,
990,11378280431936824127,location_990_11378280431936824127,990,True,,,
991,11380482168832356202,location_991_11380482168832356202,991,True,,,
992,11383918230612769882,location_992_11383918230612769882,992,True,,,
993,11387322426140923687,location_993_11387322426140923687,993,True,,,
994,11389270213824641406,location_994_11389270213824641406,994,True,,,
995,11389461051288678705,location_995_11389461051288678705,995,True,,,
996,11390729157536620400,location_996_11390729157536620400,996,True,,,
997,1139614785035640920,location_997_1139614785035640920,997,True,,,
998,11398579440888081521,location_998_11398579440888081521,998,True,,,
999,11400834476786167627,location_999_11400834476786167627,999,True,,,
1000,11402331819017404203,location_1000_11402331819017404203,1000,True,,,
1001,11402741304341257797,location_1001_11402741304341257797,1001,True,,,
1002,11403958255801639017,location_1002_11403958255801639017,1002,True,,,
1003,1140508473178671712,location_1003_1140508473178671712,1003,True,,,
1004,11405726715725220023,location_1004_11405726715725220023,1004,True,,,
1005,11406471071826411181,location_1005_11406471071826411181,1005,True,,,
1006,11411474947684977510,location_1006_11411474947684977510,1006,True,,,
1007,11414262989214562517,location_1007_11414262989214562517,1007,True,,,
1008,11414310172100098919,location_1008_11414310172100098919,1008,True,,,
1009,11414823237326893032,location_1009_11414823237326893032,1009,True,,,
1010,11414960073306536470,location_1010_11414960073306536470,1010,True,,,
1011,11419207023678064244,location_1011_11419207023678064244,1011,True,,,
1012,11421084279265947674,location_1012_11421084279265947674,1012,True,,,
1013,1142188508606495136,location_1013_1142188508606495136,1013,True,,,
1014,11423213871105740564,location_1014_11423213871105740564,1014,True,,,
1015,11423451587069481231,location_1015_11423451587069481231,1015,True,,,
1016,11424179999603784586,location_1016_11424179999603784586,1016,True,,,
1017,11424670043298393705,location_1017_11424670043298393705,1017,True,,,
1018,11425070809170526800,location_1018_11425070809170526800,1018,True,,,
1019,11425676872476776631,location_1019_11425676872476776631,1019,True,,,
1020,11426056164415079446,location_1020_11426056164415079446,1020,True,,,
1021,11427355791967114043,location_1021_11427355791967114043,1021,True,,,
1022,11428088630952229859,location_1022_11428088630952229859,1022,True,,,
1023,11428585942394576387,location_1023_11428585942394576387,1023,True,,,
1024,11428948480311761449,location_1024_11428948480311761449,1024,True,,,
1025,11429237683857063646,location_1025_11429237683857063646,1025,True,,,
1026,11431288562332740788,location_1026_11431288562332740788,1026,True,,,
1027,11435694832165532102,location_1027_11435694832165532102,1027,True,,,
1028,11438330871490881542,location_1028_11438330871490881542,1028,True,,,
1029,11439466043720758937,location_1029_11439466043720758937,1029,True,,,
1030,11440800794495126777,location_1030_11440800794495126777,1030,True,,,
1031,1144419982616823021,location_1031_1144419982616823021,1031,True,,,
1032,11447826765901670017,location_1032_11447826765901670017,1032,True,,,
1033,11448288617762478786,location_1033_11448288617762478786,1033,True,,,
1034,11449122189962212275,location_1034_11449122189962212275,1034,True,,,
1035,11450969622167166548,location_1035_11450969622167166548,1035,True,,,
1036,114514038273142122,location_1036_114514038273142122,1036,True,,,
1037,11451469094426286399,location_1037_11451469094426286399,1037,True,,,
1038,11451919572887679232,location_1038_11451919572887679232,1038,True,,,
1039,11453656707666003054,location_1039_11453656707666003054,1039,True,,,
1040,114542092832222914,location_1040_114542092832222914,1040,True,,,
1041,11454687309963423024,location_1041_11454687309963423024,1041,True,,,
1042,11454834621920910961,location_1042_11454834621920910961,1042,True,,,
1043,1145540711637682609,location_1043_1145540711637682609,1043,True,,,
1044,1145602044246758623,location_1044_1145602044246758623,1044,True,,,
1045,11464162309334104780,location_1045_11464162309334104780,1045,True,,,
1046,11466313412755399572,location_1046_11466313412755399572,1046,True,,,
1047,11466678843514722512,location_1047_11466678843514722512,1047,True,,,
1048,11471572788807518002,location_1048_11471572788807518002,1048,True,,,
1049,11473270408856161361,location_1049_11473270408856161361,1049,True,,,
1050,1147343590402103078,location_1050_1147343590402103078,1050,True,,,
1051,11475318621678992858,location_1051_11475318621678992858,1051,True,,,
1052,11478541901664039212,location_1052_11478541901664039212,1052,True,,,
1053,11479075931306832711,location_1053_11479075931306832711,1053,True,,,
1054,11479478965758200932,location_1054_11479478965758200932,1054,True,,,
1055,11480754907211390407,location_1055_11480754907211390407,1055,True,,,
1056,11481872721756494165,location_1056_11481872721756494165,1056,True,,,
1057,11485276809321482966,location_1057_11485276809321482966,1057,True,,,
1058,11487301356252986396,location_1058_11487301356252986396,1058,True,,,
1059,1148758111904827074,location_1059_1148758111904827074,1059,True,,,
1060,11487622076991791450,location_1060_11487622076991791450,1060,True,,,
1061,11488389590603299361,location_1061_11488389590603299361,1061,True,,,
1062,11490096868362076717,location_1062_11490096868362076717,1062,True,,,
1063,11490144261323536624,location_1063_11490144261323536624,1063,True,,,
1064,11493492686052227754,location_1064_11493492686052227754,1064,True,,,
1065,11494055680308382647,location_1065_11494055680308382647,1065,True,,,
1066,11495775293553494203,location_1066_11495775293553494203,1066,True,,,
1067,11498471189991110788,location_1067_11498471189991110788,1067,True,,,
1068,11500629915346402271,location_1068_11500629915346402271,1068,True,,,
1069,11502262078597462817,location_1069_11502262078597462817,1069,True,,,
1070,11502987379671591960,location_1070_11502987379671591960,1070,True,,,
1071,11503963160312748882,location_1071_11503963160312748882,1071,True,,,
1072,11507544125781393828,location_1072_11507544125781393828,1072,True,,,
1073,11509995137976610632,location_1073_11509995137976610632,1073,True,,,
1074,11510274116533750590,location_1074_11510274116533750590,1074,True,,,
1075,11514592708893243954,location_1075_11514592708893243954,1075,True,,,
1076,11514644950910453554,location_1076_11514644950910453554,1076,True,,,
1077,11515165491176347324,location_1077_11515165491176347324,1077,True,,,
1078,11517800426378145450,location_1078_11517800426378145450,1078,True,,,
1079,11518261759378799565,location_1079_11518261759378799565,1079,True,,,
1080,115192243925412652,location_1080_115192243925412652,1080,True,,,
1081,11519868875450217465,location_1081_11519868875450217465,1081,True,,,
1082,11520578767881784590,location_1082_11520578767881784590,1082,True,,,
1083,11525418066603691579,location_1083_11525418066603691579,1083,True,,,
1084,11525635674185778928,location_1084_11525635674185778928,1084,True,,,
1085,11526001204415238624,location_1085_11526001204415238624,1085,True,,,
1086,11526199556757385289,location_1086_11526199556757385289,1086,True,,,
1087,11527651067342917173,location_1087_11527651067342917173,1087,True,,,
1088,11528576789797078735,location_1088_11528576789797078735,1088,True,,,
1089,11529999457727057566,location_1089_11529999457727057566,1089,True,,,
1090,11530546047026144833,location_1090_11530546047026144833,1090,True,,,
1091,11532502961433722230,location_1091_11532502961433722230,1091,True,,,
1092,11532847909200440935,location_1092_11532847909200440935,1092,True,,,
1093,11534222906322619694,location_1093_11534222906322619694,1093,True,,,
1094,11537205010213171599,location_1094_11537205010213171599,1094,True,,,
1095,11539135121639500211,location_1095_11539135121639500211,1095,True,,,
1096,11539302377763371156,location_1096_11539302377763371156,1096,True,,,
1097,11539437560484569917,location_1097_11539437560484569917,1097,True,,,
1098,11540159194424287691,location_1098_11540159194424287691,1098,True,,,
1099,11540689878050218613,location_1099_11540689878050218613,1099,True,,,
1100,11540731686462433702,location_1100_11540731686462433702,1100,True,,,
1101,11540755065501769744,location_1101_11540755065501769744,1101,True,,,
1102,11541060261574007578,location_1102_11541060261574007578,1102,True,,,
1103,11544129568653093029,location_1103_11544129568653093029,1103,True,,,
1104,11547049375460178256,location_1104_11547049375460178256,1104,True,,,
1105,11547164758783468707,location_1105_11547164758783468707,1105,True,,,
1106,11547471434918874244,location_1106_11547471434918874244,1106,True,,,
1107,11548381635564689803,location_1107_11548381635564689803,1107,True,,,
1108,11550361322600849962,location_1108_11550361322600849962,1108,True,,,
1109,11554142922242234673,location_1109_11554142922242234673,1109,True,,,
1110,11555243758384919707,location_1110_11555243758384919707,1110,True,,,
1111,11555992079709979496,location_1111_11555992079709979496,1111,True,,,
1112,1155819012443361047,location_1112_1155819012443361047,1112,True,,,
1113,115598170393460730,location_1113_115598170393460730,1113,True,,,
1114,11560306331818316128,location_1114_11560306331818316128,1114,True,,,
1115,11566115660834564107,location_1115_11566115660834564107,1115,True,,,
1116,11571441275963264617,location_1116_11571441275963264617,1116,True,,,
1117,11575087151853080415,location_1117_11575087151853080415,1117,True,,,
1118,11576070024230859638,location_1118_11576070024230859638,1118,True,,,
1119,1157645829334476472,location_1119_1157645829334476472,1119,True,,,
1120,11576590879725217446,location_1120_11576590879725217446,1120,True,,,
1121,11579905286004910755,location_1121_11579905286004910755,1121,True,,,
1122,11583173692481473187,location_1122_11583173692481473187,1122,True,,,
1123,11583893787902698736,location_1123_11583893787902698736,1123,True,,,
1124,11585133155880524153,location_1124_11585133155880524153,1124,True,,,
1125,1158758599485284011,location_1125_1158758599485284011,1125,True,,,
1126,11589057346025217609,location_1126_11589057346025217609,1126,True,,,
1127,11594038579903409659,location_1127_11594038579903409659,1127,True,,,
1128,11594954062239021922,location_1128_11594954062239021922,1128,True,,,
1129,11595387338883992182,location_1129_11595387338883992182,1129,True,,,
1130,11595601212841641858,location_1130_11595601212841641858,1130,True,,,
1131,11596932055314563399,location_1131_11596932055314563399,1131,True,,,
1132,11597695291812019077,location_1132_11597695291812019077,1132,True,,,
1133,11601968169719668669,location_1133_11601968169719668669,1133,True,,,
1134,11602409931781068843,location_1134_11602409931781068843,1134,True,,,
1135,11603956000837710539,location_1135_11603956000837710539,1135,True,,,
1136,11604027207517170850,location_1136_11604027207517170850,1136,True,,,
1137,11605122339885458630,location_1137_11605122339885458630,1137,True,,,
1138,11606762769365676797,location_1138_11606762769365676797,1138,True,,,
1139,11607001250704134875,location_1139_11607001250704134875,1139,True,,,
1140,11609119633161305727,location_1140_11609119633161305727,1140,True,,,
1141,11609158590271921227,location_1141_11609158590271921227,1141,True,,,
1142,11609332033842781553,location_1142_11609332033842781553,1142,True,,,
1143,11609926265269425330,location_1143_11609926265269425330,1143,True,,,
1144,11613037319191716914,location_1144_11613037319191716914,1144,True,,,
1145,11613193536231216773,location_1145_11613193536231216773,1145,True,,,
1146,11614178030286403012,location_1146_11614178030286403012,1146,True,,,
1147,11616056801297222969,location_1147_11616056801297222969,1147,True,,,
1148,11616275715790974781,location_1148_11616275715790974781,1148,True,,,
1149,11616645816258889233,location_1149_11616645816258889233,1149,True,,,
1150,11616821604651780250,location_1150_11616821604651780250,1150,True,,,
1151,11617177874229246041,location_1151_11617177874229246041,1151,True,,,
1152,11619731883667910370,location_1152_11619731883667910370,1152,True,,,
1153,11620317320311198346,location_1153_11620317320311198346,1153,True,,,
1154,11621012366062683562,location_1154_11621012366062683562,1154,True,,,
1155,11622855114746326577,location_1155_11622855114746326577,1155,True,,,
1156,11624555081431077386,location_1156_11624555081431077386,1156,True,,,
1157,11626468066728567507,location_1157_11626468066728567507,1157,True,,,
1158,11632313143602591339,location_1158_11632313143602591339,1158,True,,,
1159,11632316100878275172,location_1159_11632316100878275172,1159,True,,,
1160,11633436223287119478,location_1160_11633436223287119478,1160,True,,,
1161,11634020435112866266,location_1161_11634020435112866266,1161,True,,,
1162,11634645811891411697,location_1162_11634645811891411697,1162,True,,,
1163,11634746687535725692,location_1163_11634746687535725692,1163,True,,,
1164,11634784556083190539,location_1164_11634784556083190539,1164,True,,,
1165,1163588325010499513,location_1165_1163588325010499513,1165,True,,,
1166,11637728797670947736,location_1166_11637728797670947736,1166,True,,,
1167,1163822668128244982,location_1167_1163822668128244982,1167,True,,,
1168,11638325061259158859,location_1168_11638325061259158859,1168,True,,,
1169,11638755018902895387,location_1169_11638755018902895387,1169,True,,,
1170,11639336602739239726,location_1170_11639336602739239726,1170,True,,,
1171,1163977690435177916,location_1171_1163977690435177916,1171,True,,,
1172,11641122597625106387,location_1172_11641122597625106387,1172,True,,,
1173,11642507900941797888,location_1173_11642507900941797888,1173,True,,,
1174,11644866453722572567,location_1174_11644866453722572567,1174,True,,,
1175,11645200958121520199,location_1175_11645200958121520199,1175,True,,,
1176,11646011069246740778,location_1176_11646011069246740778,1176,True,,,
1177,11646941376243542955,location_1177_11646941376243542955,1177,True,,,
1178,116489884115658460,location_1178_116489884115658460,1178,True,,,
1179,11653991532578134639,location_1179_11653991532578134639,1179,True,,,
1180,11659895178001531813,location_1180_11659895178001531813,1180,True,,,
1181,11662079934813824176,location_1181_11662079934813824176,1181,True,,,
1182,11662771991971148685,location_1182_11662771991971148685,1182,True,,,
1183,11663808621531497425,location_1183_11663808621531497425,1183,True,,,
1184,11665135990152872111,location_1184_11665135990152872111,1184,True,,,
1185,11668644980267180498,location_1185_11668644980267180498,1185,True,,,
1186,11670297675304746604,location_1186_11670297675304746604,1186,True,,,
1187,11670591507730148804,location_1187_11670591507730148804,1187,True,,,
1188,11670596705394612590,location_1188_11670596705394612590,1188,True,,,
1189,11670804582855815329,location_1189_11670804582855815329,1189,True,,,
1190,11671909436274033764,location_1190_11671909436274033764,1190,True,,,
1191,11672718088504142139,location_1191_11672718088504142139,1191,True,,,
1192,11673891213187326811,location_1192_11673891213187326811,1192,True,,,
1193,11674195437943262773,location_1193_11674195437943262773,1193,True,,,
1194,1167612501149098337,location_1194_1167612501149098337,1194,True,,,
1195,11677057418992695834,location_1195_11677057418992695834,1195,True,,,
1196,11678173000854589987,location_1196_11678173000854589987,1196,True,,,
1197,11678891496877787842,location_1197_11678891496877787842,1197,True,,,
1198,11679772552238581574,location_1198_11679772552238581574,1198,True,,,
1199,1168279233203361535,location_1199_1168279233203361535,1199,True,,,
1200,11683877648802243519,location_1200_11683877648802243519,1200,True,,,
1201,11684961297863389958,location_1201_11684961297863389958,1201,True,,,
1202,11688904152658781472,location_1202_11688904152658781472,1202,True,,,
1203,11689922820485240296,location_1203_11689922820485240296,1203,True,,,
1204,1169056143123904330,location_1204_1169056143123904330,1204,True,,,
1205,11694087027194934992,location_1205_11694087027194934992,1205,True,,,
1206,11695356498425269674,location_1206_11695356498425269674,1206,True,,,
1207,11695409579049978131,location_1207_11695409579049978131,1207,True,,,
1208,11699975223610886491,location_1208_11699975223610886491,1208,True,,,
1209,11700042711050517777,location_1209_11700042711050517777,1209,True,,,
1210,11704688844472618461,location_1210_11704688844472618461,1210,True,,,
1211,11705251848534801137,location_1211_11705251848534801137,1211,True,,,
1212,11706185122844779628,location_1212_11706185122844779628,1212,True,,,
1213,11709905043098294125,location_1213_11709905043098294125,1213,True,,,
1214,11710558861520470603,location_1214_11710558861520470603,1214,True,,,
1215,11711679779855703934,location_1215_11711679779855703934,1215,True,,,
1216,11711814361730572265,location_1216_11711814361730572265,1216,True,,,
1217,11711862192228983442,location_1217_11711862192228983442,1217,True,,,
1218,1171709023641228188,location_1218_1171709023641228188,1218,True,,,
1219,11719137325670593794,location_1219_11719137325670593794,1219,True,,,
1220,11720411603109586338,location_1220_11720411603109586338,1220,True,,,
1221,11720670972921294051,location_1221_11720670972921294051,1221,True,,,
1222,1172235494313018813,location_1222_1172235494313018813,1222,True,,,
1223,11722811127678862567,location_1223_11722811127678862567,1223,True,,,
1224,11722893899896107161,location_1224_11722893899896107161,1224,True,,,
1225,11723243728775483995,location_1225_11723243728775483995,1225,True,,,
1226,11723321923484001441,location_1226_11723321923484001441,1226,True,,,
1227,11723704236529719747,location_1227_11723704236529719747,1227,True,,,
1228,11724197045647617215,location_1228_11724197045647617215,1228,True,,,
1229,11725109893333020716,location_1229_11725109893333020716,1229,True,,,
1230,11733545960185507269,location_1230_11733545960185507269,1230,True,,,
1231,11737096452978145798,location_1231_11737096452978145798,1231,True,,,
1232,11737840903502405005,location_1232_11737840903502405005,1232,True,,,
1233,11739427074091991312,location_1233_11739427074091991312,1233,True,,,
1234,11740661300384081878,location_1234_11740661300384081878,1234,True,,,
1235,1174098974398390881,location_1235_1174098974398390881,1235,True,,,
1236,11742422247335852611,location_1236_11742422247335852611,1236,True,,,
1237,11743274715987942074,location_1237_11743274715987942074,1237,True,,,
1238,11743302975335461715,location_1238_11743302975335461715,1238,True,,,
1239,11743955718617864783,location_1239_11743955718617864783,1239,True,,,
1240,1174455009597001287,location_1240_1174455009597001287,1240,True,,,
1241,11744815965683560652,location_1241_11744815965683560652,1241,True,,,
1242,11746489750979216560,location_1242_11746489750979216560,1242,True,,,
1243,1174672302297946388,location_1243_1174672302297946388,1243,True,,,
1244,11746963727089992644,location_1244_11746963727089992644,1244,True,,,
1245,1174812646974995236,location_1245_1174812646974995236,1245,True,,,
1246,1174837284212516770,location_1246_1174837284212516770,1246,True,,,
1247,11750096521678790617,location_1247_11750096521678790617,1247,True,,,
1248,11750265059474329588,location_1248_11750265059474329588,1248,True,,,
1249,11750834777233667928,location_1249_11750834777233667928,1249,True,,,
1250,11755643868451507597,location_1250_11755643868451507597,1250,True,,,
1251,11755836127651522992,location_1251_11755836127651522992,1251,True,,,
1252,11755921787247605848,location_1252_11755921787247605848,1252,True,,,
1253,1175957147974103484,location_1253_1175957147974103484,1253,True,,,
1254,11759978550987238038,location_1254_11759978550987238038,1254,True,,,
1255,11762868892263465143,location_1255_11762868892263465143,1255,True,,,
1256,11766899098387400233,location_1256_11766899098387400233,1256,True,,,
1257,11772195401922440760,location_1257_11772195401922440760,1257,True,,,
1258,1177717491183361997,location_1258_1177717491183361997,1258,True,,,
1259,11778768340530391510,location_1259_11778768340530391510,1259,True,,,
1260,11781915740151459460,location_1260_11781915740151459460,1260,True,,,
1261,11782894697805572154,location_1261_11782894697805572154,1261,True,,,
1262,11783171105686513571,location_1262_11783171105686513571,1262,True,,,
1263,11784840869906645711,location_1263_11784840869906645711,1263,True,,,
1264,11788783139477850078,location_1264_11788783139477850078,1264,True,,,
1265,11794877541403974646,location_1265_11794877541403974646,1265,True,,,
1266,1179537626902817964,location_1266_1179537626902817964,1266,True,,,
1267,11796982099414844694,location_1267_11796982099414844694,1267,True,,,
1268,11797674433708932108,location_1268_11797674433708932108,1268,True,,,
1269,1180023479933323323,location_1269_1180023479933323323,1269,True,,,
1270,11802892925282133773,location_1270_11802892925282133773,1270,True,,,
1271,11805895728851779857,location_1271_11805895728851779857,1271,True,,,
1272,11805911726168016991,location_1272_11805911726168016991,1272,True,,,
1273,11806685244652784183,location_1273_11806685244652784183,1273,True,,,
1274,11807579376329082422,location_1274_11807579376329082422,1274,True,,,
1275,11808292386569150042,location_1275_11808292386569150042,1275,True,,,
1276,11809035321559250662,location_1276_11809035321559250662,1276,True,,,
1277,11810511592737944574,location_1277_11810511592737944574,1277,True,,,
1278,11812677614910830912,location_1278_11812677614910830912,1278,True,,,
1279,11814626805389743824,location_1279_11814626805389743824,1279,True,,,
1280,11818350165324414296,location_1280_11818350165324414296,1280,True,,,
1281,11819329656411980090,location_1281_11819329656411980090,1281,True,,,
1282,1182002472209077469,location_1282_1182002472209077469,1282,True,,,
1283,11822146494093924761,location_1283_11822146494093924761,1283,True,,,
1284,11822922211460541038,location_1284_11822922211460541038,1284,True,,,
1285,11826396789554225402,location_1285_11826396789554225402,1285,True,,,
1286,11827807977242420848,location_1286_11827807977242420848,1286,True,,,
1287,11833620993934918758,location_1287_11833620993934918758,1287,True,,,
1288,11835964542626739754,location_1288_11835964542626739754,1288,True,,,
1289,11836450520584298861,location_1289_11836450520584298861,1289,True,,,
1290,11837104971398009672,location_1290_11837104971398009672,1290,True,,,
1291,11842422208470620205,location_1291_11842422208470620205,1291,True,,,
1292,11842567122832254906,location_1292_11842567122832254906,1292,True,,,
1293,11848521344268073164,location_1293_11848521344268073164,1293,True,,,
1294,11853041492915263571,location_1294_11853041492915263571,1294,True,,,
1295,11854463414188816346,location_1295_11854463414188816346,1295,True,,,
1296,11855805958449879815,location_1296_11855805958449879815,1296,True,,,
1297,11855862363729051078,location_1297_11855862363729051078,1297,True,,,
1298,11857965377930123267,location_1298_11857965377930123267,1298,True,,,
1299,11860188326649222025,location_1299_11860188326649222025,1299,True,,,
1300,11860831612793083275,location_1300_11860831612793083275,1300,True,,,
1301,11864037633488924081,location_1301_11864037633488924081,1301,True,,,
1302,11864447966594820684,location_1302_11864447966594820684,1302,True,,,
1303,11868719257014557502,location_1303_11868719257014557502,1303,True,,,
1304,1186906272035039803,location_1304_1186906272035039803,1304,True,,,
1305,11872099726665812085,location_1305_11872099726665812085,1305,True,,,
1306,11872783108950699993,location_1306_11872783108950699993,1306,True,,,
1307,11874911110119067496,location_1307_11874911110119067496,1307,True,,,
1308,11875561078206798861,location_1308_11875561078206798861,1308,True,,,
1309,11875978220688878806,location_1309_11875978220688878806,1309,True,,,
1310,1187687971815400427,location_1310_1187687971815400427,1310,True,,,
1311,11877490395138421510,location_1311_11877490395138421510,1311,True,,,
1312,11878340790778607990,location_1312_11878340790778607990,1312,True,,,
1313,11878783031531148558,location_1313_11878783031531148558,1313,True,,,
1314,11879758252061518767,location_1314_11879758252061518767,1314,True,,,
1315,11880737589189896924,location_1315_11880737589189896924,1315,True,,,
1316,11880871799517655943,location_1316_11880871799517655943,1316,True,,,
1317,1188137534812266576,location_1317_1188137534812266576,1317,True,,,
1318,11881985048311677847,location_1318_11881985048311677847,1318,True,,,
1319,11882210436831958109,location_1319_11882210436831958109,1319,True,,,
1320,11882926293113788583,location_1320_11882926293113788583,1320,True,,,
1321,11887184804265407350,location_1321_11887184804265407350,1321,True,,,
1322,11887348960826302857,location_1322_11887348960826302857,1322,True,,,
1323,1188832646381575456,location_1323_1188832646381575456,1323,True,,,
1324,11889986564464036169,location_1324_11889986564464036169,1324,True,,,
1325,11895317894909650474,location_1325_11895317894909650474,1325,True,,,
1326,11895775268359259162,location_1326_11895775268359259162,1326,True,,,
1327,11896415939068957140,location_1327_11896415939068957140,1327,True,,,
1328,11898890501241184708,location_1328_11898890501241184708,1328,True,,,
1329,11900793389247450274,location_1329_11900793389247450274,1329,True,,,
1330,11900986134101586155,location_1330_11900986134101586155,1330,True,,,
1331,11905809625023355567,location_1331_11905809625023355567,1331,True,,,
1332,11909355527494829815,location_1332_11909355527494829815,1332,True,,,
1333,11910202216351291245,location_1333_11910202216351291245,1333,True,,,
1334,11911745911510497482,location_1334_11911745911510497482,1334,True,,,
1335,11914412937959853823,location_1335_11914412937959853823,1335,True,,,
1336,11915064832427759591,location_1336_11915064832427759591,1336,True,,,
1337,11918118360168471567,location_1337_11918118360168471567,1337,True,,,
1338,1191928638352070693,location_1338_1191928638352070693,1338,True,,,
1339,11919626565211901127,location_1339_11919626565211901127,1339,True,,,
1340,11920962187082866601,location_1340_11920962187082866601,1340,True,,,
1341,11922584222627381596,location_1341_11922584222627381596,1341,True,,,
1342,11926451228822744820,location_1342_11926451228822744820,1342,True,,,
1343,11927095761927292918,location_1343_11927095761927292918,1343,True,,,
1344,11927447318389880194,location_1344_11927447318389880194,1344,True,,,
1345,11928647470803748650,location_1345_11928647470803748650,1345,True,,,
1346,11929527424227341921,location_1346_11929527424227341921,1346,True,,,
1347,11930629832281276355,location_1347_11930629832281276355,1347,True,,,
1348,11930924898092557333,location_1348_11930924898092557333,1348,True,,,
1349,11932457314830346971,location_1349_11932457314830346971,1349,True,,,
1350,11933150624925466958,location_1350_11933150624925466958,1350,True,,,
1351,11933307641077143383,location_1351_11933307641077143383,1351,True,,,
1352,11934793906176336362,location_1352_11934793906176336362,1352,True,,,
1353,11936895797120003342,location_1353_11936895797120003342,1353,True,,,
1354,11937566758193471988,location_1354_11937566758193471988,1354,True,,,
1355,11938623854530557519,location_1355_11938623854530557519,1355,True,,,
1356,11941295635636097276,location_1356_11941295635636097276,1356,True,,,
1357,11942672916967379468,location_1357_11942672916967379468,1357,True,,,
1358,11943642394620546864,location_1358_11943642394620546864,1358,True,,,
1359,11944142279147462968,location_1359_11944142279147462968,1359,True,,,
1360,11944246002432774267,location_1360_11944246002432774267,1360,True,,,
1361,11945492961758384035,location_1361_11945492961758384035,1361,True,,,
1362,11945958389310263186,location_1362_11945958389310263186,1362,True,,,
1363,11947861635731061090,location_1363_11947861635731061090,1363,True,,,
1364,11947877150757806150,location_1364_11947877150757806150,1364,True,,,
1365,11949412763057847517,location_1365_11949412763057847517,1365,True,,,
1366,11949703356284130932,location_1366_11949703356284130932,1366,True,,,
1367,1194991968352996744,location_1367_1194991968352996744,1367,True,,,
1368,11950304143121519654,location_1368_11950304143121519654,1368,True,,,
1369,11950512558008707572,location_1369_11950512558008707572,1369,True,,,
1370,11951835297320787417,location_1370_11951835297320787417,1370,True,,,
1371,11952205092923217595,location_1371_11952205092923217595,1371,True,,,
1372,1195238626055823120,location_1372_1195238626055823120,1372,True,,,
1373,11953577384088436328,location_1373_11953577384088436328,1373,True,,,
1374,11954336691686851673,location_1374_11954336691686851673,1374,True,,,
1375,1195504947995010690,location_1375_1195504947995010690,1375,True,,,
1376,11956212074762523901,location_1376_11956212074762523901,1376,True,,,
1377,1195753721304831507,location_1377_1195753721304831507,1377,True,,,
1378,11960591238818265870,location_1378_11960591238818265870,1378,True,,,
1379,11963264975745320920,location_1379_11963264975745320920,1379,True,,,
1380,11966194263147625491,location_1380_11966194263147625491,1380,True,,,
1381,11968369676989446746,location_1381_11968369676989446746,1381,True,,,
1382,11968420742802098581,location_1382_11968420742802098581,1382,True,,,
1383,11970975181584890047,location_1383_11970975181584890047,1383,True,,,
1384,11971548668591286344,location_1384_11971548668591286344,1384,True,,,
1385,11972584911645322531,location_1385_11972584911645322531,1385,True,,,
1386,11973501840993026100,location_1386_11973501840993026100,1386,True,,,
1387,11974761219894139675,location_1387_11974761219894139675,1387,True,,,
1388,11977241733887266241,location_1388_11977241733887266241,1388,True,,,
1389,11980608595878786438,location_1389_11980608595878786438,1389,True,,,
1390,11980828027879366856,location_1390_11980828027879366856,1390,True,,,
1391,1198099455888825584,location_1391_1198099455888825584,1391,True,,,
1392,11983876880878269312,location_1392_11983876880878269312,1392,True,,,
1393,11986440018467974,location_1393_11986440018467974,1393,True,,,
1394,11986881259804865194,location_1394_11986881259804865194,1394,True,,,
1395,11986916308150029962,location_1395_11986916308150029962,1395,True,,,
1396,11987033747169600044,location_1396_11987033747169600044,1396,True,,,
1397,11987322625867588496,location_1397_11987322625867588496,1397,True,,,
1398,11988032218102601244,location_1398_11988032218102601244,1398,True,,,
1399,11989095313471618444,location_1399_11989095313471618444,1399,True,,,
1400,11989314549263851518,location_1400_11989314549263851518,1400,True,,,
1401,11991241261231358144,location_1401_11991241261231358144,1401,True,,,
1402,1199220371109019882,location_1402_1199220371109019882,1402,True,,,
1403,11997228489113762424,location_1403_11997228489113762424,1403,True,,,
1404,11998338288439345820,location_1404_11998338288439345820,1404,True,,,
1405,12000694131198039331,location_1405_12000694131198039331,1405,True,,,
1406,12002019093676726342,location_1406_12002019093676726342,1406,True,,,
1407,12002578764966187215,location_1407_12002578764966187215,1407,True,,,
1408,12006954181253869469,location_1408_12006954181253869469,1408,True,,,
1409,12008286280741045281,location_1409_12008286280741045281,1409,True,,,
1410,12010215774069734331,location_1410_12010215774069734331,1410,True,,,
1411,12010750017939810265,location_1411_12010750017939810265,1411,True,,,
1412,12011362170442885796,location_1412_12011362170442885796,1412,True,,,
1413,12011535381306709322,location_1413_12011535381306709322,1413,True,,,
1414,12016001802383356725,location_1414_12016001802383356725,1414,True,,,
1415,12016043847859193806,location_1415_12016043847859193806,1415,True,,,
1416,12016531160418703735,location_1416_12016531160418703735,1416,True,,,
1417,1201720273365735463,location_1417_1201720273365735463,1417,True,,,
1418,12017626723635041442,location_1418_12017626723635041442,1418,True,,,
1419,12018670015965306781,location_1419_12018670015965306781,1419,True,,,
1420,12018815468046847636,location_1420_12018815468046847636,1420,True,,,
1421,12022186582408898987,location_1421_12022186582408898987,1421,True,,,
1422,12022802847941763597,location_1422_12022802847941763597,1422,True,,,
1423,12023099214993439904,location_1423_12023099214993439904,1423,True,,,
1424,12023335411237296534,location_1424_12023335411237296534,1424,True,,,
1425,12023597608338304357,location_1425_12023597608338304357,1425,True,,,
1426,12025699404126362417,location_1426_12025699404126362417,1426,True,,,
1427,12030364777683042676,location_1427_12030364777683042676,1427,True,,,
1428,12030862259507984191,location_1428_12030862259507984191,1428,True,,,
1429,12033292724135649825,location_1429_12033292724135649825,1429,True,,,
1430,12033999241756927575,location_1430_12033999241756927575,1430,True,,,
1431,12035196066600678934,location_1431_12035196066600678934,1431,True,,,
1432,12035462974699833544,location_1432_12035462974699833544,1432,True,,,
1433,1203714265060081536,location_1433_1203714265060081536,1433,True,,,
1434,12037857621361456714,location_1434_12037857621361456714,1434,True,,,
1435,12038105254539568013,location_1435_12038105254539568013,1435,True,,,
1436,12042091701933692953,location_1436_12042091701933692953,1436,True,,,
1437,12044692988405428108,location_1437_12044692988405428108,1437,True,,,
1438,12046777693272105358,location_1438_12046777693272105358,1438,True,,,
1439,1204873309248942198,location_1439_1204873309248942198,1439,True,,,
1440,12051074213829680402,location_1440_12051074213829680402,1440,True,,,
1441,12053284885467851201,location_1441_12053284885467851201,1441,True,,,
1442,12053997937651088206,location_1442_12053997937651088206,1442,True,,,
1443,12054003036479930959,location_1443_12054003036479930959,1443,True,,,
1444,12055379302586352230,location_1444_12055379302586352230,1444,True,,,
1445,12055687582356502606,location_1445_12055687582356502606,1445,True,,,
1446,12055996121854243976,location_1446_12055996121854243976,1446,True,,,
1447,12057631464370732197,location_1447_12057631464370732197,1447,True,,,
1448,12057861091741161279,location_1448_12057861091741161279,1448,True,,,
1449,12062325737547727256,location_1449_12062325737547727256,1449,True,,,
1450,12067123012498202700,location_1450_12067123012498202700,1450,True,,,
1451,12072426236295950373,location_1451_12072426236295950373,1451,True,,,
1452,12072508060172373897,location_1452_12072508060172373897,1452,True,,,
1453,12072870386446873749,location_1453_12072870386446873749,1453,True,,,
1454,1207351558714009471,location_1454_1207351558714009471,1454,True,,,
1455,12077323585339252826,location_1455_12077323585339252826,1455,True,,,
1456,12077898738740739676,location_1456_12077898738740739676,1456,True,,,
1457,12079472884997937229,location_1457_12079472884997937229,1457,True,,,
1458,12080911587150448346,location_1458_12080911587150448346,1458,True,,,
1459,12081319797222210321,location_1459_12081319797222210321,1459,True,,,
1460,12082093629347052633,location_1460_12082093629347052633,1460,True,,,
1461,12083743154636149408,location_1461_12083743154636149408,1461,True,,,
1462,12086296336861855222,location_1462_12086296336861855222,1462,True,,,
1463,12086859833696793366,location_1463_12086859833696793366,1463,True,,,
1464,12088224891337973884,location_1464_12088224891337973884,1464,True,,,
1465,12089304804416863318,location_1465_12089304804416863318,1465,True,,,
1466,12090074958126359024,location_1466_12090074958126359024,1466,True,,,
1467,12090402024121442769,location_1467_12090402024121442769,1467,True,,,
1468,12092663735888522330,location_1468_12092663735888522330,1468,True,,,
1469,12099306232860959850,location_1469_12099306232860959850,1469,True,,,
1470,12100285816369298599,location_1470_12100285816369298599,1470,True,,,
1471,12101815796292296669,location_1471_12101815796292296669,1471,True,,,
1472,12102001581579884367,location_1472_12102001581579884367,1472,True,,,
1473,12102640834640634316,location_1473_12102640834640634316,1473,True,,,
1474,12106715297504029966,location_1474_12106715297504029966,1474,True,,,
1475,12107632663524700415,location_1475_12107632663524700415,1475,True,,,
1476,12108384534987523426,location_1476_12108384534987523426,1476,True,,,
1477,1211138154938074186,location_1477_1211138154938074186,1477,True,,,
1478,12112779470377697666,location_1478_12112779470377697666,1478,True,,,
1479,12113014614375040833,location_1479_12113014614375040833,1479,True,,,
1480,12113523804601485577,location_1480_12113523804601485577,1480,True,,,
1481,12113944152526677209,location_1481_12113944152526677209,1481,True,,,
1482,12119297259830644781,location_1482_12119297259830644781,1482,True,,,
1483,12120506005182355846,location_1483_12120506005182355846,1483,True,,,
1484,12121237032889715361,location_1484_12121237032889715361,1484,True,,,
1485,12121269906296960740,location_1485_12121269906296960740,1485,True,,,
1486,12121780444518656309,location_1486_12121780444518656309,1486,True,,,
1487,12121808803351378609,location_1487_12121808803351378609,1487,True,,,
1488,12121944110974668563,location_1488_12121944110974668563,1488,True,,,
1489,12122476305900361793,location_1489_12122476305900361793,1489,True,,,
1490,12123615693197449298,location_1490_12123615693197449298,1490,True,,,
1491,12124315771542703166,location_1491_12124315771542703166,1491,True,,,
1492,12124424266195716999,location_1492_12124424266195716999,1492,True,,,
1493,12124599643875165301,location_1493_12124599643875165301,1493,True,,,
1494,1212726772298580304,location_1494_1212726772298580304,1494,True,,,
1495,12127652448970442125,location_1495_12127652448970442125,1495,True,,,
1496,12128361567873949020,location_1496_12128361567873949020,1496,True,,,
1497,12130534796147760043,location_1497_12130534796147760043,1497,True,,,
1498,12130915346904117252,location_1498_12130915346904117252,1498,True,,,
1499,12133031732161742365,location_1499_12133031732161742365,1499,True,,,
1500,12135513905721915141,location_1500_12135513905721915141,1500,True,,,
1501,12137695194443995509,location_1501_12137695194443995509,1501,True,,,
1502,12138286919143234227,location_1502_12138286919143234227,1502,True,,,
1503,1213884275174495091,location_1503_1213884275174495091,1503,True,,,
1504,12143505744199446523,location_1504_12143505744199446523,1504,True,,,
1505,12146972582504206507,location_1505_12146972582504206507,1505,True,,,
1506,12147562547832954885,location_1506_12147562547832954885,1506,True,,,
1507,12148154141367895411,location_1507_12148154141367895411,1507,True,,,
1508,12148435017821065092,location_1508_12148435017821065092,1508,True,,,
1509,12152817705876965351,location_1509_12152817705876965351,1509,True,,,
1510,1215307953655444299,location_1510_1215307953655444299,1510,True,,,
1511,12156695004217810636,location_1511_12156695004217810636,1511,True,,,
1512,12159742673009878884,location_1512_12159742673009878884,1512,True,,,
1513,12164695647496442346,location_1513_12164695647496442346,1513,True,,,
1514,1216625288892857650,location_1514_1216625288892857650,1514,True,,,
1515,12168255184761794968,location_1515_12168255184761794968,1515,True,,,
1516,12170522049383134073,location_1516_12170522049383134073,1516,True,,,
1517,12171290138076923121,location_1517_12171290138076923121,1517,True,,,
1518,12172219192847670334,location_1518_12172219192847670334,1518,True,,,
1519,12172342413253268032,location_1519_12172342413253268032,1519,True,,,
1520,12172633633111916439,location_1520_12172633633111916439,1520,True,,,
1521,1217290986084881161,location_1521_1217290986084881161,1521,True,,,
1522,12174321152107398689,location_1522_12174321152107398689,1522,True,,,
1523,12185492911905124232,location_1523_12185492911905124232,1523,True,,,
1524,12188551391554091629,location_1524_12188551391554091629,1524,True,,,
1525,12193333454775592714,location_1525_12193333454775592714,1525,True,,,
1526,12193360974596278444,location_1526_12193360974596278444,1526,True,,,
1527,12195857045634198557,location_1527_12195857045634198557,1527,True,,,
1528,12197749049994818222,location_1528_12197749049994818222,1528,True,,,
1529,12198073781161475857,location_1529_12198073781161475857,1529,True,,,
1530,12200421073398316354,location_1530_12200421073398316354,1530,True,,,
1531,12200831256774053841,location_1531_12200831256774053841,1531,True,,,
1532,12201746011470326876,location_1532_12201746011470326876,1532,True,,,
1533,12201967460901746211,location_1533_12201967460901746211,1533,True,,,
1534,12204575632126804664,location_1534_12204575632126804664,1534,True,,,
1535,12206179875409686717,location_1535_12206179875409686717,1535,True,,,
1536,12208703671493770483,location_1536_12208703671493770483,1536,True,,,
1537,12211166417948705500,location_1537_12211166417948705500,1537,True,,,
1538,12212597149322974514,location_1538_12212597149322974514,1538,True,,,
1539,12213393456083551106,location_1539_12213393456083551106,1539,True,,,
1540,1221491407167054762,location_1540_1221491407167054762,1540,True,,,
1541,12215385229270874532,location_1541_12215385229270874532,1541,True,,,
1542,1221662222709437361,location_1542_1221662222709437361,1542,True,,,
1543,12217094993680236092,location_1543_12217094993680236092,1543,True,,,
1544,12218493215380866500,location_1544_12218493215380866500,1544,True,,,
1545,12218720594716127902,location_1545_12218720594716127902,1545,True,,,
1546,12219690562632705514,location_1546_12219690562632705514,1546,True,,,
1547,1221969317851920449,location_1547_1221969317851920449,1547,True,,,
1548,12221094239372630422,location_1548_12221094239372630422,1548,True,,,
1549,12226296895012381684,location_1549_12226296895012381684,1549,True,,,
1550,12226597474446093874,location_1550_12226597474446093874,1550,True,,,
1551,12227552086854370152,location_1551_12227552086854370152,1551,True,,,
1552,12229232710034859904,location_1552_12229232710034859904,1552,True,,,
1553,12230452159607373038,location_1553_12230452159607373038,1553,True,,,
1554,12230582647987486780,location_1554_12230582647987486780,1554,True,,,
1555,12237381075514918872,location_1555_12237381075514918872,1555,True,,,
1556,12242132444811681017,location_1556_12242132444811681017,1556,True,,,
1557,12242685616967152179,location_1557_12242685616967152179,1557,True,,,
1558,12247054656263148822,location_1558_12247054656263148822,1558,True,,,
1559,12252340864031465035,location_1559_12252340864031465035,1559,True,,,
1560,12252940443657854808,location_1560_12252940443657854808,1560,True,,,
1561,12253314235773193477,location_1561_12253314235773193477,1561,True,,,
1562,12253928007929872508,location_1562_12253928007929872508,1562,True,,,
1563,12255597970095405173,location_1563_12255597970095405173,1563,True,,,
1564,12255752433517233035,location_1564_12255752433517233035,1564,True,,,
1565,12257375760073410470,location_1565_12257375760073410470,1565,True,,,
1566,12257389148497354053,location_1566_12257389148497354053,1566,True,,,
1567,1226097787231105285,location_1567_1226097787231105285,1567,True,,,
1568,12263238535454258445,location_1568_12263238535454258445,1568,True,,,
1569,12269300045969146827,location_1569_12269300045969146827,1569,True,,,
1570,12275917185134643740,location_1570_12275917185134643740,1570,True,,,
1571,12280536931927482922,location_1571_12280536931927482922,1571,True,,,
1572,12284834661325010890,location_1572_12284834661325010890,1572,True,,,
1573,12285883882236444988,location_1573_12285883882236444988,1573,True,,,
1574,12290004023738450399,location_1574_12290004023738450399,1574,True,,,
1575,12293412623780978442,location_1575_12293412623780978442,1575,True,,,
1576,12294200383042810330,location_1576_12294200383042810330,1576,True,,,
1577,12295268724985339262,location_1577_12295268724985339262,1577,True,,,
1578,1229631643296546955,location_1578_1229631643296546955,1578,True,,,
1579,12297806121183557779,location_1579_12297806121183557779,1579,True,,,
1580,12300264970206319573,location_1580_12300264970206319573,1580,True,,,
1581,12300963969046637185,location_1581_12300963969046637185,1581,True,,,
1582,12301367054288566052,location_1582_12301367054288566052,1582,True,,,
1583,12302015260691065451,location_1583_12302015260691065451,1583,True,,,
1584,12303790319306394377,location_1584_12303790319306394377,1584,True,,,
1585,12304427506951825441,location_1585_12304427506951825441,1585,True,,,
1586,12306818409408896708,location_1586_12306818409408896708,1586,True,,,
1587,12308506824109409844,location_1587_12308506824109409844,1587,True,,,
1588,12312748274094596672,location_1588_12312748274094596672,1588,True,,,
1589,12313487092406966696,location_1589_12313487092406966696,1589,True,,,
1590,12314268934805018151,location_1590_12314268934805018151,1590,True,,,
1591,1231604578599012057,location_1591_1231604578599012057,1591,True,,,
1592,12317164537981374193,location_1592_12317164537981374193,1592,True,,,
1593,12317399357504377000,location_1593_12317399357504377000,1593,True,,,
1594,12319333906755520300,location_1594_12319333906755520300,1594,True,,,
1595,12319775437067872522,location_1595_12319775437067872522,1595,True,,,
1596,12320136165735479609,location_1596_12320136165735479609,1596,True,,,
1597,12321018575278456119,location_1597_12321018575278456119,1597,True,,,
1598,12321183856609715103,location_1598_12321183856609715103,1598,True,,,
1599,12321686477773783517,location_1599_12321686477773783517,1599,True,,,
1600,12324261442415509883,location_1600_12324261442415509883,1600,True,,,
1601,12326291453646334718,location_1601_12326291453646334718,1601,True,,,
1602,12327419854490405478,location_1602_12327419854490405478,1602,True,,,
1603,12328919025039364536,location_1603_12328919025039364536,1603,True,,,
1604,12335435852846721881,location_1604_12335435852846721881,1604,True,,,
1605,12337286099931620083,location_1605_12337286099931620083,1605,True,,,
1606,12338999414437093267,location_1606_12338999414437093267,1606,True,,,
1607,12340260063029417644,location_1607_12340260063029417644,1607,True,,,
1608,12340739511649934799,location_1608_12340739511649934799,1608,True,,,
1609,12342482855276129339,location_1609_12342482855276129339,1609,True,,,
1610,12342931980600761003,location_1610_12342931980600761003,1610,True,,,
1611,12345260181620214198,location_1611_12345260181620214198,1611,True,,,
1612,12350296528293458160,location_1612_12350296528293458160,1612,True,,,
1613,12354858851423926527,location_1613_12354858851423926527,1613,True,,,
1614,12358728685478253043,location_1614_12358728685478253043,1614,True,,,
1615,12362765617596436620,location_1615_12362765617596436620,1615,True,,,
1616,12367745163168613740,location_1616_12367745163168613740,1616,True,,,
1617,12373794321357526073,location_1617_12373794321357526073,1617,True,,,
1618,12374579583816808404,location_1618_12374579583816808404,1618,True,,,
1619,12376869191532758318,location_1619_12376869191532758318,1619,True,,,
1620,12377659702733548363,location_1620_12377659702733548363,1620,True,,,
1621,12378001299202543402,location_1621_12378001299202543402,1621,True,,,
1622,12378041406953121082,location_1622_12378041406953121082,1622,True,,,
1623,12379256722874257283,location_1623_12379256722874257283,1623,True,,,
1624,12379898626039193266,location_1624_12379898626039193266,1624,True,,,
1625,12381079050519585110,location_1625_12381079050519585110,1625,True,,,
1626,12384552878533014710,location_1626_12384552878533014710,1626,True,,,
1627,12384578662273485219,location_1627_12384578662273485219,1627,True,,,
1628,12384985816754554243,location_1628_12384985816754554243,1628,True,,,
1629,123867148602173913,location_1629_123867148602173913,1629,True,,,
1630,12389988909305800398,location_1630_12389988909305800398,1630,True,,,
1631,12391116330720592997,location_1631_12391116330720592997,1631,True,,,
1632,12391652098978505895,location_1632_12391652098978505895,1632,True,,,
1633,12395569883376325428,location_1633_12395569883376325428,1633,True,,,
1634,12396186205263656837,location_1634_12396186205263656837,1634,True,,,
1635,12399446067395906232,location_1635_12399446067395906232,1635,True,,,
1636,12402590785832462085,location_1636_12402590785832462085,1636,True,,,
1637,12403503702617201929,location_1637_12403503702617201929,1637,True,,,
1638,12404800686587179711,location_1638_12404800686587179711,1638,True,,,
1639,12405324798377705960,location_1639_12405324798377705960,1639,True,,,
1640,1240674917342884997,location_1640_1240674917342884997,1640,True,,,
1641,12407418376724669398,location_1641_12407418376724669398,1641,True,,,
1642,12408138999779866326,location_1642_12408138999779866326,1642,True,,,
1643,12409723212577061315,location_1643_12409723212577061315,1643,True,,,
1644,12413508981228153503,location_1644_12413508981228153503,1644,True,,,
1645,12416081963620175835,location_1645_12416081963620175835,1645,True,,,
1646,1241647074226337306,location_1646_1241647074226337306,1646,True,,,
1647,12418389457155974188,location_1647_12418389457155974188,1647,True,,,
1648,12418431975173219143,location_1648_12418431975173219143,1648,True,,,
1649,12420145841872231899,location_1649_12420145841872231899,1649,True,,,
1650,12420925339640564478,location_1650_12420925339640564478,1650,True,,,
1651,12421496979969761995,location_1651_12421496979969761995,1651,True,,,
1652,12423219279137956732,location_1652_12423219279137956732,1652,True,,,
1653,12424185848426877298,location_1653_12424185848426877298,1653,True,,,
1654,1242456516972637517,location_1654_1242456516972637517,1654,True,,,
1655,12424962936757705054,location_1655_12424962936757705054,1655,True,,,
1656,12426455263709163853,location_1656_12426455263709163853,1656,True,,,
1657,12426730296928518688,location_1657_12426730296928518688,1657,True,,,
1658,12428843806242186037,location_1658_12428843806242186037,1658,True,,,
1659,12428863894366029691,location_1659_12428863894366029691,1659,True,,,
1660,1242900320175882909,location_1660_1242900320175882909,1660,True,,,
1661,12430278631963832148,location_1661_12430278631963832148,1661,True,,,
1662,12431904563088755059,location_1662_12431904563088755059,1662,True,,,
1663,12432442024855302426,location_1663_12432442024855302426,1663,True,,,
1664,12432994864978097804,location_1664_12432994864978097804,1664,True,,,
1665,12435767930487866801,location_1665_12435767930487866801,1665,True,,,
1666,12435812397409809812,location_1666_12435812397409809812,1666,True,,,
1667,1243836038695470809,location_1667_1243836038695470809,1667,True,,,
1668,12439822878150328150,location_1668_12439822878150328150,1668,True,,,
1669,12440238084357307053,location_1669_12440238084357307053,1669,True,,,
1670,12441360075192683403,location_1670_12441360075192683403,1670,True,,,
1671,12441854585373301489,location_1671_12441854585373301489,1671,True,,,
1672,12442820271933528738,location_1672_12442820271933528738,1672,True,,,
1673,12443917103448863434,location_1673_12443917103448863434,1673,True,,,
1674,12445541874280312545,location_1674_12445541874280312545,1674,True,,,
1675,12448007866241413882,location_1675_12448007866241413882,1675,True,,,
1676,12448920548351007744,location_1676_12448920548351007744,1676,True,,,
1677,12449392150352747695,location_1677_12449392150352747695,1677,True,,,
1678,12450160481333916534,location_1678_12450160481333916534,1678,True,,,
1679,12451365172479884549,location_1679_12451365172479884549,1679,True,,,
1680,12451439428854091699,location_1680_12451439428854091699,1680,True,,,
1681,12452381340340486233,location_1681_12452381340340486233,1681,True,,,
1682,12452714323238758488,location_1682_12452714323238758488,1682,True,,,
1683,12453192127761385317,location_1683_12453192127761385317,1683,True,,,
1684,12453220306609128759,location_1684_12453220306609128759,1684,True,,,
1685,12453259393121060554,location_1685_12453259393121060554,1685,True,,,
1686,12456154382933107917,location_1686_12456154382933107917,1686,True,,,
1687,12456159436719265917,location_1687_12456159436719265917,1687,True,,,
1688,12456427821433977332,location_1688_12456427821433977332,1688,True,,,
1689,12460617572123905102,location_1689_12460617572123905102,1689,True,,,
1690,12460813746310819242,location_1690_12460813746310819242,1690,True,,,
1691,12466260810350464742,location_1691_12466260810350464742,1691,True,,,
1692,12468822619656251777,location_1692_12468822619656251777,1692,True,,,
1693,12469177437883644253,location_1693_12469177437883644253,1693,True,,,
1694,12469756901222975914,location_1694_12469756901222975914,1694,True,,,
1695,12470725395123694784,location_1695_12470725395123694784,1695,True,,,
1696,12470902624296643690,location_1696_12470902624296643690,1696,True,,,
1697,12473630204280176394,location_1697_12473630204280176394,1697,True,,,
1698,12473721096308216527,location_1698_12473721096308216527,1698,True,,,
1699,12473781750882352058,location_1699_12473781750882352058,1699,True,,,
1700,12474414423017448864,location_1700_12474414423017448864,1700,True,,,
1701,12475120518127423150,location_1701_12475120518127423150,1701,True,,,
1702,12478583620449661906,location_1702_12478583620449661906,1702,True,,,
1703,1247942235482153754,location_1703_1247942235482153754,1703,True,,,
1704,12486056109799830258,location_1704_12486056109799830258,1704,True,,,
1705,12488508723710607552,location_1705_12488508723710607552,1705,True,,,
1706,12491111787231559470,location_1706_12491111787231559470,1706,True,,,
1707,12491560491497971618,location_1707_12491560491497971618,1707,True,,,
1708,12491610463607191994,location_1708_12491610463607191994,1708,True,,,
1709,12491714077958688581,location_1709_12491714077958688581,1709,True,,,
1710,12494425354233227105,location_1710_12494425354233227105,1710,True,,,
1711,12494688287543626828,location_1711_12494688287543626828,1711,True,,,
1712,12496886240350797122,location_1712_12496886240350797122,1712,True,,,
1713,12497086296456610559,location_1713_12497086296456610559,1713,True,,,
1714,12497721001058794517,location_1714_12497721001058794517,1714,True,,,
1715,12500587704082970521,location_1715_12500587704082970521,1715,True,,,
1716,12503387122064304351,location_1716_12503387122064304351,1716,True,,,
1717,1250638201260801015,location_1717_1250638201260801015,1717,True,,,
1718,12506543687809715132,location_1718_12506543687809715132,1718,True,,,
1719,12506959632309028975,location_1719_12506959632309028975,1719,True,,,
1720,12507326618735608501,location_1720_12507326618735608501,1720,True,,,
1721,12507945543610217708,location_1721_12507945543610217708,1721,True,,,
1722,12508037412737552115,location_1722_12508037412737552115,1722,True,,,
1723,12509244662560440147,location_1723_12509244662560440147,1723,True,,,
1724,12509279796482257618,location_1724_12509279796482257618,1724,True,,,
1725,1250981205668335519,location_1725_1250981205668335519,1725,True,,,
1726,12509965145525897685,location_1726_12509965145525897685,1726,True,,,
1727,12513648619014599196,location_1727_12513648619014599196,1727,True,,,
1728,12515930040728377894,location_1728_12515930040728377894,1728,True,,,
1729,12517996821858378339,location_1729_12517996821858378339,1729,True,,,
1730,12519306547360978575,location_1730_12519306547360978575,1730,True,,,
1731,12519667010283111721,location_1731_12519667010283111721,1731,True,,,
1732,12519726944348387471,location_1732_12519726944348387471,1732,True,,,
1733,12522569447005258169,location_1733_12522569447005258169,1733,True,,,
1734,12526436620607522173,location_1734_12526436620607522173,1734,True,,,
1735,12527440969737344985,location_1735_12527440969737344985,1735,True,,,
1736,12527819304422326595,location_1736_12527819304422326595,1736,True,,,
1737,12528597037054989011,location_1737_12528597037054989011,1737,True,,,
1738,12528713897510482915,location_1738_12528713897510482915,1738,True,,,
1739,12529483814914260433,location_1739_12529483814914260433,1739,True,,,
1740,12529614363979788914,location_1740_12529614363979788914,1740,True,,,
1741,12531271848621966874,location_1741_12531271848621966874,1741,True,,,
1742,12532708981808586543,location_1742_12532708981808586543,1742,True,,,
1743,12532891025070570299,location_1743_12532891025070570299,1743,True,,,
1744,12532943328311626765,location_1744_12532943328311626765,1744,True,,,
1745,12533129420468842168,location_1745_12533129420468842168,1745,True,,,
1746,1253385281864044260,location_1746_1253385281864044260,1746,True,,,
1747,12533972797593765983,location_1747_12533972797593765983,1747,True,,,
1748,12536664885483130693,location_1748_12536664885483130693,1748,True,,,
1749,12536696835966505374,location_1749_12536696835966505374,1749,True,,,
1750,12537685067030312444,location_1750_12537685067030312444,1750,True,,,
1751,12540686600962237193,location_1751_12540686600962237193,1751,True,,,
1752,12540870046530329276,location_1752_12540870046530329276,1752,True,,,
1753,12542398586367031096,location_1753_12542398586367031096,1753,True,,,
1754,12544348128923732609,location_1754_12544348128923732609,1754,True,,,
1755,12546178694647122298,location_1755_12546178694647122298,1755,True,,,
1756,12547857025907220058,location_1756_12547857025907220058,1756,True,,,
1757,12550325357817618373,location_1757_12550325357817618373,1757,True,,,
1758,12551440588777535510,location_1758_12551440588777535510,1758,True,,,
1759,12555615750030192261,location_1759_12555615750030192261,1759,True,,,
1760,12555708180370160066,location_1760_12555708180370160066,1760,True,,,
1761,12555930273943803184,location_1761_12555930273943803184,1761,True,,,
1762,12558841157707138022,location_1762_12558841157707138022,1762,True,,,
1763,12559274019868096167,location_1763_12559274019868096167,1763,True,,,
1764,12560393274193915834,location_1764_12560393274193915834,1764,True,,,
1765,12561345124100533736,location_1765_12561345124100533736,1765,True,,,
1766,12562244394440802168,location_1766_12562244394440802168,1766,True,,,
1767,12563330007816605653,location_1767_12563330007816605653,1767,True,,,
1768,12564956084293300432,location_1768_12564956084293300432,1768,True,,,
1769,12567951734332190899,location_1769_12567951734332190899,1769,True,,,
1770,12568140193922172513,location_1770_12568140193922172513,1770,True,,,
1771,12569151546601908329,location_1771_12569151546601908329,1771,True,,,
1772,12570358110566025557,location_1772_12570358110566025557,1772,True,,,
1773,12572323885046725074,location_1773_12572323885046725074,1773,True,,,
1774,12572375708752129241,location_1774_12572375708752129241,1774,True,,,
1775,12573780423553956500,location_1775_12573780423553956500,1775,True,,,
1776,12574427736065229449,location_1776_12574427736065229449,1776,True,,,
1777,12575963052264642977,location_1777_12575963052264642977,1777,True,,,
1778,12576517508432579924,location_1778_12576517508432579924,1778,True,,,
1779,12576866283126358889,location_1779_12576866283126358889,1779,True,,,
1780,12577213359715993542,location_1780_12577213359715993542,1780,True,,,
1781,12584044446685566566,location_1781_12584044446685566566,1781,True,,,
1782,12584873721701065423,location_1782_12584873721701065423,1782,True,,,
1783,12587361011382717725,location_1783_12587361011382717725,1783,True,,,
1784,12587730176930674210,location_1784_12587730176930674210,1784,True,,,
1785,12590836832433157571,location_1785_12590836832433157571,1785,True,,,
1786,12592373608744564182,location_1786_12592373608744564182,1786,True,,,
1787,1259323991814313251,location_1787_1259323991814313251,1787,True,,,
1788,12595762469996161232,location_1788_12595762469996161232,1788,True,,,
1789,12597484095099080494,location_1789_12597484095099080494,1789,True,,,
1790,12598581725334580415,location_1790_12598581725334580415,1790,True,,,
1791,12601350924491692722,location_1791_12601350924491692722,1791,True,,,
1792,12604417541402299642,location_1792_12604417541402299642,1792,True,,,
1793,12604559569552470286,location_1793_12604559569552470286,1793,True,,,
1794,1260539176750889621,location_1794_1260539176750889621,1794,True,,,
1795,12607971590756053567,location_1795_12607971590756053567,1795,True,,,
1796,12610093531780987068,location_1796_12610093531780987068,1796,True,,,
1797,12611653332982222732,location_1797_12611653332982222732,1797,True,,,
1798,12613709592228752596,location_1798_12613709592228752596,1798,True,,,
1799,12614585800305406550,location_1799_12614585800305406550,1799,True,,,
1800,1261570937061843570,location_1800_1261570937061843570,1800,True,,,
1801,12616275915739919316,location_1801_12616275915739919316,1801,True,,,
1802,12618893575525545443,location_1802_12618893575525545443,1802,True,,,
1803,12619241246994190967,location_1803_12619241246994190967,1803,True,,,
1804,1261975143990701804,location_1804_1261975143990701804,1804,True,,,
1805,12620101069413830814,location_1805_12620101069413830814,1805,True,,,
1806,12621583900947772799,location_1806_12621583900947772799,1806,True,,,
1807,1262369053394577369,location_1807_1262369053394577369,1807,True,,,
1808,12624039234315364400,location_1808_12624039234315364400,1808,True,,,
1809,12624073148901803001,location_1809_12624073148901803001,1809,True,,,
1810,12624974728452154566,location_1810_12624974728452154566,1810,True,,,
1811,12625021872063396512,location_1811_12625021872063396512,1811,True,,,
1812,12625355220553020559,location_1812_12625355220553020559,1812,True,,,
1813,12628058662959583153,location_1813_12628058662959583153,1813,True,,,
1814,12628510525259691921,location_1814_12628510525259691921,1814,True,,,
1815,12629265231928681655,location_1815_12629265231928681655,1815,True,,,
1816,12629447963498242296,location_1816_12629447963498242296,1816,True,,,
1817,12632297026610016351,location_1817_12632297026610016351,1817,True,,,
1818,12639202643083390110,location_1818_12639202643083390110,1818,True,,,
1819,12649952190816602577,location_1819_12649952190816602577,1819,True,,,
1820,1265277888363480909,location_1820_1265277888363480909,1820,True,,,
1821,12653082094056554522,location_1821_12653082094056554522,1821,True,,,
1822,12656706869090260969,location_1822_12656706869090260969,1822,True,,,
1823,12657109484615049975,location_1823_12657109484615049975,1823,True,,,
1824,1265852014007897558,location_1824_1265852014007897558,1824,True,,,
1825,12660086598879926913,location_1825_12660086598879926913,1825,True,,,
1826,12661706252430086880,location_1826_12661706252430086880,1826,True,,,
1827,12662081377189875188,location_1827_12662081377189875188,1827,True,,,
1828,12663877466744859982,location_1828_12663877466744859982,1828,True,,,
1829,12665922283343435494,location_1829_12665922283343435494,1829,True,,,
1830,12666909641202531787,location_1830_12666909641202531787,1830,True,,,
1831,12667620355095603406,location_1831_12667620355095603406,1831,True,,,
1832,12670929620834601861,location_1832_12670929620834601861,1832,True,,,
1833,12673204576305132096,location_1833_12673204576305132096,1833,True,,,
1834,12677565744200355825,location_1834_12677565744200355825,1834,True,,,
1835,12678439834839034359,location_1835_12678439834839034359,1835,True,,,
1836,1268085838907197815,location_1836_1268085838907197815,1836,True,,,
1837,12681024003036343937,location_1837_12681024003036343937,1837,True,,,
1838,12682168321009602445,location_1838_12682168321009602445,1838,True,,,
1839,12686690754582206934,location_1839_12686690754582206934,1839,True,,,
1840,12687184848033040317,location_1840_12687184848033040317,1840,True,,,
1841,12687690909358791837,location_1841_12687690909358791837,1841,True,,,
1842,12688254749107582403,location_1842_12688254749107582403,1842,True,,,
1843,1268869122514420723,location_1843_1268869122514420723,1843,True,,,
1844,126900655340712729,location_1844_126900655340712729,1844,True,,,
1845,12691519217732496132,location_1845_12691519217732496132,1845,True,,,
1846,12692978242711869467,location_1846_12692978242711869467,1846,True,,,
1847,12694897214209411296,location_1847_12694897214209411296,1847,True,,,
1848,12695506190719211892,location_1848_12695506190719211892,1848,True,,,
1849,12695973232730253605,location_1849_12695973232730253605,1849,True,,,
1850,1269747987251810505,location_1850_1269747987251810505,1850,True,,,
1851,12699057455926132768,location_1851_12699057455926132768,1851,True,,,
1852,12699797858659090406,location_1852_12699797858659090406,1852,True,,,
1853,12699934122655675480,location_1853_12699934122655675480,1853,True,,,
1854,12702636583882971500,location_1854_12702636583882971500,1854,True,,,
1855,12702971651418924932,location_1855_12702971651418924932,1855,True,,,
1856,12704889931175549875,location_1856_12704889931175549875,1856,True,,,
1857,12705502346490462465,location_1857_12705502346490462465,1857,True,,,
1858,12707292136796980724,location_1858_12707292136796980724,1858,True,,,
1859,12707509600909884447,location_1859_12707509600909884447,1859,True,,,
1860,12710667167276251783,location_1860_12710667167276251783,1860,True,,,
1861,12711429166359005191,location_1861_12711429166359005191,1861,True,,,
1862,12711797159833729164,location_1862_12711797159833729164,1862,True,,,
1863,12712871239025811753,location_1863_12712871239025811753,1863,True,,,
1864,12715284891114920826,location_1864_12715284891114920826,1864,True,,,
1865,1271628243705854921,location_1865_1271628243705854921,1865,True,,,
1866,12716999852330597286,location_1866_12716999852330597286,1866,True,,,
1867,12717452971689856390,location_1867_12717452971689856390,1867,True,,,
1868,12719572672133506111,location_1868_12719572672133506111,1868,True,,,
1869,12721972823981350303,location_1869_12721972823981350303,1869,True,,,
1870,12723770131801011906,location_1870_12723770131801011906,1870,True,,,
1871,12724053172297183927,location_1871_12724053172297183927,1871,True,,,
1872,12724474635356854607,location_1872_12724474635356854607,1872,True,,,
1873,12727361085643396320,location_1873_12727361085643396320,1873,True,,,
1874,12728172777013508332,location_1874_12728172777013508332,1874,True,,,
1875,12728674624800798368,location_1875_12728674624800798368,1875,True,,,
1876,12729423212970364685,location_1876_12729423212970364685,1876,True,,,
1877,12729740143805098817,location_1877_12729740143805098817,1877,True,,,
1878,12730751450803686713,location_1878_12730751450803686713,1878,True,,,
1879,12732380349340152667,location_1879_12732380349340152667,1879,True,,,
1880,12739063336181671510,location_1880_12739063336181671510,1880,True,,,
1881,12739509803525752203,location_1881_12739509803525752203,1881,True,,,
1882,12739802801968869518,location_1882_12739802801968869518,1882,True,,,
1883,12741778919601441602,location_1883_12741778919601441602,1883,True,,,
1884,1274283012116588351,location_1884_1274283012116588351,1884,True,,,
1885,12745720657290736917,location_1885_12745720657290736917,1885,True,,,
1886,12747758099682905656,location_1886_12747758099682905656,1886,True,,,
1887,12751982998752641642,location_1887_12751982998752641642,1887,True,,,
1888,127538575645899059,location_1888_127538575645899059,1888,True,,,
1889,12755053323061028468,location_1889_12755053323061028468,1889,True,,,
1890,12758970974897339224,location_1890_12758970974897339224,1890,True,,,
1891,12759777210086714696,location_1891_12759777210086714696,1891,True,,,
1892,12761948345877186573,location_1892_12761948345877186573,1892,True,,,
1893,12765547560070692311,location_1893_12765547560070692311,1893,True,,,
1894,12767238919469309847,location_1894_12767238919469309847,1894,True,,,
1895,12767857680390858902,location_1895_12767857680390858902,1895,True,,,
1896,12769121676308064322,location_1896_12769121676308064322,1896,True,,,
1897,12769276084472662564,location_1897_12769276084472662564,1897,True,,,
1898,12769527879379991933,location_1898_12769527879379991933,1898,True,,,
1899,12770130838336726558,location_1899_12770130838336726558,1899,True,,,
1900,12771201245621917132,location_1900_12771201245621917132,1900,True,,,
1901,1277231657485153343,location_1901_1277231657485153343,1901,True,,,
1902,12772737995586473146,location_1902_12772737995586473146,1902,True,,,
1903,12774265500218127391,location_1903_12774265500218127391,1903,True,,,
1904,12775118977553143822,location_1904_12775118977553143822,1904,True,,,
1905,12775261417533078800,location_1905_12775261417533078800,1905,True,,,
1906,12776045120880234276,location_1906_12776045120880234276,1906,True,,,
1907,12776849855095593774,location_1907_12776849855095593774,1907,True,,,
1908,12782358860293524392,location_1908_12782358860293524392,1908,True,,,
1909,12792239267685859795,location_1909_12792239267685859795,1909,True,,,
1910,12792393820957958342,location_1910_12792393820957958342,1910,True,,,
1911,12792515150383890877,location_1911_12792515150383890877,1911,True,,,
1912,12794374667059439746,location_1912_12794374667059439746,1912,True,,,
1913,12795061639679709025,location_1913_12795061639679709025,1913,True,,,
1914,12796967337415911250,location_1914_12796967337415911250,1914,True,,,
1915,12797089724520847022,location_1915_12797089724520847022,1915,True,,,
1916,12798189206162792572,location_1916_12798189206162792572,1916,True,,,
1917,12800467618562295651,location_1917_12800467618562295651,1917,True,,,
1918,12802542276009462629,location_1918_12802542276009462629,1918,True,,,
1919,12806817142487543671,location_1919_12806817142487543671,1919,True,,,
1920,1280811332120290905,location_1920_1280811332120290905,1920,True,,,
1921,12809507700950205902,location_1921_12809507700950205902,1921,True,,,
1922,12810656168310324218,location_1922_12810656168310324218,1922,True,,,
1923,12811931599523868361,location_1923_12811931599523868361,1923,True,,,
1924,1281198242222102162,location_1924_1281198242222102162,1924,True,,,
1925,12812023822823714275,location_1925_12812023822823714275,1925,True,,,
1926,12813950876898901273,location_1926_12813950876898901273,1926,True,,,
1927,12814533931178232387,location_1927_12814533931178232387,1927,True,,,
1928,12816743904862506884,location_1928_12816743904862506884,1928,True,,,
1929,12816896407094271183,location_1929_12816896407094271183,1929,True,,,
1930,12817828562977583014,location_1930_12817828562977583014,1930,True,,,
1931,12818147808588596804,location_1931_12818147808588596804,1931,True,,,
1932,12818589707907118062,location_1932_12818589707907118062,1932,True,,,
1933,12818880980693344259,location_1933_12818880980693344259,1933,True,,,
1934,12819081380394892001,location_1934_12819081380394892001,1934,True,,,
1935,12819954589506795726,location_1935_12819954589506795726,1935,True,,,
1936,12820742314641383613,location_1936_12820742314641383613,1936,True,,,
1937,12821395676976185511,location_1937_12821395676976185511,1937,True,,,
1938,12822074853466266284,location_1938_12822074853466266284,1938,True,,,
1939,12823111668364536015,location_1939_12823111668364536015,1939,True,,,
1940,12823186529700778456,location_1940_12823186529700778456,1940,True,,,
1941,12824890771324427545,location_1941_12824890771324427545,1941,True,,,
1942,12825388636076850384,location_1942_12825388636076850384,1942,True,,,
1943,12827425618427226916,location_1943_12827425618427226916,1943,True,,,
1944,12827778251083504513,location_1944_12827778251083504513,1944,True,,,
1945,1282834080474335258,location_1945_1282834080474335258,1945,True,,,
1946,12829576667710704863,location_1946_12829576667710704863,1946,True,,,
1947,12829601095929620600,location_1947_12829601095929620600,1947,True,,,
1948,12829809137647349956,location_1948_12829809137647349956,1948,True,,,
1949,12831351371399264026,location_1949_12831351371399264026,1949,True,,,
1950,12832247915359219646,location_1950_12832247915359219646,1950,True,,,
1951,12833807302568075783,location_1951_12833807302568075783,1951,True,,,
1952,12834333975760987668,location_1952_12834333975760987668,1952,True,,,
1953,12837322304633664371,location_1953_12837322304633664371,1953,True,,,
1954,12837922087816933349,location_1954_12837922087816933349,1954,True,,,
1955,12839806416653177444,location_1955_12839806416653177444,1955,True,,,
1956,12841050243287816536,location_1956_12841050243287816536,1956,True,,,
1957,12841480459874343247,location_1957_12841480459874343247,1957,True,,,
1958,12841557154514762960,location_1958_12841557154514762960,1958,True,,,
1959,12841710718666419876,location_1959_12841710718666419876,1959,True,,,
1960,12843051725617310626,location_1960_12843051725617310626,1960,True,,,
1961,12843432703945648336,location_1961_12843432703945648336,1961,True,,,
1962,12844713907248849844,location_1962_12844713907248849844,1962,True,,,
1963,12851663500521727368,location_1963_12851663500521727368,1963,True,,,
1964,12852766190674711774,location_1964_12852766190674711774,1964,True,,,
1965,12854219135132706760,location_1965_12854219135132706760,1965,True,,,
1966,12855812159070663537,location_1966_12855812159070663537,1966,True,,,
1967,12859047395564308631,location_1967_12859047395564308631,1967,True,,,
1968,12859936895018432586,location_1968_12859936895018432586,1968,True,,,
1969,12863015121023058410,location_1969_12863015121023058410,1969,True,,,
1970,12863491693170197101,location_1970_12863491693170197101,1970,True,,,
1971,12863801907918923304,location_1971_12863801907918923304,1971,True,,,
1972,12867066187839202610,location_1972_12867066187839202610,1972,True,,,
1973,12867424610930009387,location_1973_12867424610930009387,1973,True,,,
1974,12868116383335744455,location_1974_12868116383335744455,1974,True,,,
1975,12868301805727718204,location_1975_12868301805727718204,1975,True,,,
1976,12868402777832151611,location_1976_12868402777832151611,1976,True,,,
1977,12869953339407224778,location_1977_12869953339407224778,1977,True,,,
1978,12871765150126588889,location_1978_12871765150126588889,1978,True,,,
1979,12874464810724289949,location_1979_12874464810724289949,1979,True,,,
1980,12875263562268279451,location_1980_12875263562268279451,1980,True,,,
1981,12877578076829098625,location_1981_12877578076829098625,1981,True,,,
1982,12879393479844343033,location_1982_12879393479844343033,1982,True,,,
1983,12879615846556868637,location_1983_12879615846556868637,1983,True,,,
1984,12880058572704376829,location_1984_12880058572704376829,1984,True,,,
1985,12884380549369006544,location_1985_12884380549369006544,1985,True,,,
1986,12884893661919218190,location_1986_12884893661919218190,1986,True,,,
1987,12884996595065788516,location_1987_12884996595065788516,1987,True,,,
1988,12885668324993187518,location_1988_12885668324993187518,1988,True,,,
1989,12887795321953350378,location_1989_12887795321953350378,1989,True,,,
1990,12888116027585614641,location_1990_12888116027585614641,1990,True,,,
1991,12888351541528558103,location_1991_12888351541528558103,1991,True,,,
1992,12889358806576589210,location_1992_12889358806576589210,1992,True,,,
1993,12889931153427172753,location_1993_12889931153427172753,1993,True,,,
1994,12894285538746581762,location_1994_12894285538746581762,1994,True,,,
1995,12896183114821238254,location_1995_12896183114821238254,1995,True,,,
1996,1289735044090516958,location_1996_1289735044090516958,1996,True,,,
1997,12898092874001573390,location_1997_12898092874001573390,1997,True,,,
1998,12898283164805358363,location_1998_12898283164805358363,1998,True,,,
1999,12898661075405699522,location_1999_12898661075405699522,1999,True,,,
2000,12899264874954093793,location_2000_12899264874954093793,2000,True,,,
2001,12899534747539468407,location_2001_12899534747539468407,2001,True,,,
2002,12900417712376773051,location_2002_12900417712376773051,2002,True,,,
2003,12902154588525602945,location_2003_12902154588525602945,2003,True,,,
2004,12903558047659139067,location_2004_12903558047659139067,2004,True,,,
2005,12904104075731810024,location_2005_12904104075731810024,2005,True,,,
2006,12904217771663382194,location_2006_12904217771663382194,2006,True,,,
2007,12907835528870219610,location_2007_12907835528870219610,2007,True,,,
2008,12909700459948752714,location_2008_12909700459948752714,2008,True,,,
2009,12909874009193568489,location_2009_12909874009193568489,2009,True,,,
2010,12910593353960106959,location_2010_12910593353960106959,2010,True,,,
2011,12911542030886987925,location_2011_12911542030886987925,2011,True,,,
2012,12913924462717929903,location_2012_12913924462717929903,2012,True,,,
2013,12914306803105327823,location_2013_12914306803105327823,2013,True,,,
2014,12915001258677913774,location_2014_12915001258677913774,2014,True,,,
2015,12917776976979109724,location_2015_12917776976979109724,2015,True,,,
2016,12921388114098773344,location_2016_12921388114098773344,2016,True,,,
2017,12924643595210465921,location_2017_12924643595210465921,2017,True,,,
2018,12925098851551972887,location_2018_12925098851551972887,2018,True,,,
2019,1292548130987565950,location_2019_1292548130987565950,2019,True,,,
2020,12928427221700046851,location_2020_12928427221700046851,2020,True,,,
2021,12931890572123138419,location_2021_12931890572123138419,2021,True,,,
2022,1293401287102515056,location_2022_1293401287102515056,2022,True,,,
2023,12934371026079790319,location_2023_12934371026079790319,2023,True,,,
2024,12936726647314151168,location_2024_12936726647314151168,2024,True,,,
2025,12936892154974984205,location_2025_12936892154974984205,2025,True,,,
2026,12937791039882928258,location_2026_12937791039882928258,2026,True,,,
2027,12938944607576447209,location_2027_12938944607576447209,2027,True,,,
2028,12939121322408145423,location_2028_12939121322408145423,2028,True,,,
2029,12942003366187153363,location_2029_12942003366187153363,2029,True,,,
2030,12944749832266340189,location_2030_12944749832266340189,2030,True,,,
2031,12946117577641688049,location_2031_12946117577641688049,2031,True,,,
2032,12947098334288640800,location_2032_12947098334288640800,2032,True,,,
2033,12947264744755511269,location_2033_12947264744755511269,2033,True,,,
2034,12947474512910665251,location_2034_12947474512910665251,2034,True,,,
2035,12948066613767104864,location_2035_12948066613767104864,2035,True,,,
2036,12948088261747572567,location_2036_12948088261747572567,2036,True,,,
2037,12949948455425866367,location_2037_12949948455425866367,2037,True,,,
2038,12950078583841235476,location_2038_12950078583841235476,2038,True,,,
2039,1295211555321601993,location_2039_1295211555321601993,2039,True,,,
2040,12952859267595788534,location_2040_12952859267595788534,2040,True,,,
2041,12953065385043018733,location_2041_12953065385043018733,2041,True,,,
2042,12954619393470575527,location_2042_12954619393470575527,2042,True,,,
2043,12955030991061062643,location_2043_12955030991061062643,2043,True,,,
2044,1295786322553163037,location_2044_1295786322553163037,2044,True,,,
2045,12959311038492134951,location_2045_12959311038492134951,2045,True,,,
2046,12961645464849931134,location_2046_12961645464849931134,2046,True,,,
2047,12962402145470478359,location_2047_12962402145470478359,2047,True,,,
2048,12963470173035111389,location_2048_12963470173035111389,2048,True,,,
2049,12963676045086367884,location_2049_12963676045086367884,2049,True,,,
2050,1296666102945712022,location_2050_1296666102945712022,2050,True,,,
2051,12969571705516873561,location_2051_12969571705516873561,2051,True,,,
2052,12969945869713938249,location_2052_12969945869713938249,2052,True,,,
2053,12973929332185743986,location_2053_12973929332185743986,2053,True,,,
2054,12978228513504451564,location_2054_12978228513504451564,2054,True,,,
2055,12982049799055073599,location_2055_12982049799055073599,2055,True,,,
2056,12984438946044654494,location_2056_12984438946044654494,2056,True,,,
2057,12985546636274412997,location_2057_12985546636274412997,2057,True,,,
2058,12986137412100035128,location_2058_12986137412100035128,2058,True,,,
2059,12986484125696194478,location_2059_12986484125696194478,2059,True,,,
2060,12987084875256632235,location_2060_12987084875256632235,2060,True,,,
2061,12987115275904721346,location_2061_12987115275904721346,2061,True,,,
2062,12989510092793842888,location_2062_12989510092793842888,2062,True,,,
2063,12991224438020273645,location_2063_12991224438020273645,2063,True,,,
2064,12991900549168262752,location_2064_12991900549168262752,2064,True,,,
2065,12992456585626347128,location_2065_12992456585626347128,2065,True,,,
2066,12992506110396319208,location_2066_12992506110396319208,2066,True,,,
2067,12993630980681680200,location_2067_12993630980681680200,2067,True,,,
2068,12996544113125064565,location_2068_12996544113125064565,2068,True,,,
2069,12996861156123200390,location_2069_12996861156123200390,2069,True,,,
2070,13000019415905486367,location_2070_13000019415905486367,2070,True,,,
2071,1300026624021400403,location_2071_1300026624021400403,2071,True,,,
2072,13002259441077620133,location_2072_13002259441077620133,2072,True,,,
2073,1300252879181909119,location_2073_1300252879181909119,2073,True,,,
2074,13005537364119813906,location_2074_13005537364119813906,2074,True,,,
2075,1300719156788972666,location_2075_1300719156788972666,2075,True,,,
2076,13007309728742466608,location_2076_13007309728742466608,2076,True,,,
2077,13007745231110591336,location_2077_13007745231110591336,2077,True,,,
2078,13009177093445768494,location_2078_13009177093445768494,2078,True,,,
2079,13010286974647825064,location_2079_13010286974647825064,2079,True,,,
2080,13011386523152943675,location_2080_13011386523152943675,2080,True,,,
2081,13011636836737085190,location_2081_13011636836737085190,2081,True,,,
2082,13012879330168336690,location_2082_13012879330168336690,2082,True,,,
2083,13013114339701156430,location_2083_13013114339701156430,2083,True,,,
2084,13014211372319396195,location_2084_13014211372319396195,2084,True,,,
2085,13016092282502092812,location_2085_13016092282502092812,2085,True,,,
2086,13018389050318340075,location_2086_13018389050318340075,2086,True,,,
2087,13018950547613766649,location_2087_13018950547613766649,2087,True,,,
2088,13019284915814266063,location_2088_13019284915814266063,2088,True,,,
2089,13020535788857404345,location_2089_13020535788857404345,2089,True,,,
2090,13020655028189436090,location_2090_13020655028189436090,2090,True,,,
2091,13020659154347740669,location_2091_13020659154347740669,2091,True,,,
2092,13025234161696988574,location_2092_13025234161696988574,2092,True,,,
2093,13029031889626387890,location_2093_13029031889626387890,2093,True,,,
2094,13029156081878577612,location_2094_13029156081878577612,2094,True,,,
2095,13031176231439038191,location_2095_13031176231439038191,2095,True,,,
2096,13031891948433529496,location_2096_13031891948433529496,2096,True,,,
2097,13038779036724581897,location_2097_13038779036724581897,2097,True,,,
2098,13038791081836334576,location_2098_13038791081836334576,2098,True,,,
2099,13039754620655908621,location_2099_13039754620655908621,2099,True,,,
2100,13040227376498126963,location_2100_13040227376498126963,2100,True,,,
2101,13043741383356406687,location_2101_13043741383356406687,2101,True,,,
2102,13043803411302339898,location_2102_13043803411302339898,2102,True,,,
2103,13045808248432401759,location_2103_13045808248432401759,2103,True,,,
2104,13049591619062254505,location_2104_13049591619062254505,2104,True,,,
2105,13049785131847717666,location_2105_13049785131847717666,2105,True,,,
2106,13053565369444587665,location_2106_13053565369444587665,2106,True,,,
2107,13054071468308429187,location_2107_13054071468308429187,2107,True,,,
2108,1305555457449770086,location_2108_1305555457449770086,2108,True,,,
2109,13060478803176426640,location_2109_13060478803176426640,2109,True,,,
2110,13063304858306400838,location_2110_13063304858306400838,2110,True,,,
2111,13063530618444308143,location_2111_13063530618444308143,2111,True,,,
2112,13063611629091182461,location_2112_13063611629091182461,2112,True,,,
2113,13067415315917605,location_2113_13067415315917605,2113,True,,,
2114,13069560099033837908,location_2114_13069560099033837908,2114,True,,,
2115,13070023494661493246,location_2115_13070023494661493246,2115,True,,,
2116,1307169271155153120,location_2116_1307169271155153120,2116,True,,,
2117,13073528895836307148,location_2117_13073528895836307148,2117,True,,,
2118,13075436474027878059,location_2118_13075436474027878059,2118,True,,,
2119,1307679233219318943,location_2119_1307679233219318943,2119,True,,,
2120,13076903538093517158,location_2120_13076903538093517158,2120,True,,,
2121,13077230621027138618,location_2121_13077230621027138618,2121,True,,,
2122,13078932899826483921,location_2122_13078932899826483921,2122,True,,,
2123,13080048493992252483,location_2123_13080048493992252483,2123,True,,,
2124,13081071535054947184,location_2124_13081071535054947184,2124,True,,,
2125,13081216223126395698,location_2125_13081216223126395698,2125,True,,,
2126,1308296327896787666,location_2126_1308296327896787666,2126,True,,,
2127,1308518035569803764,location_2127_1308518035569803764,2127,True,,,
2128,13086802074336638680,location_2128_13086802074336638680,2128,True,,,
2129,13089868426865504886,location_2129_13089868426865504886,2129,True,,,
2130,13091405898201412814,location_2130_13091405898201412814,2130,True,,,
2131,13093525678344019382,location_2131_13093525678344019382,2131,True,,,
2132,1309439141747253017,location_2132_1309439141747253017,2132,True,,,
2133,1309450084766382278,location_2133_1309450084766382278,2133,True,,,
2134,13095735738438068327,location_2134_13095735738438068327,2134,True,,,
2135,13095890363104464914,location_2135_13095890363104464914,2135,True,,,
2136,13096123641292649178,location_2136_13096123641292649178,2136,True,,,
2137,13096917121309561568,location_2137_13096917121309561568,2137,True,,,
2138,13098575461791256798,location_2138_13098575461791256798,2138,True,,,
2139,13102425616821180735,location_2139_13102425616821180735,2139,True,,,
2140,13106533191589200905,location_2140_13106533191589200905,2140,True,,,
2141,13109446568417585254,location_2141_13109446568417585254,2141,True,,,
2142,13109848314536821358,location_2142_13109848314536821358,2142,True,,,
2143,13111583831623241151,location_2143_13111583831623241151,2143,True,,,
2144,1311178668307863581,location_2144_1311178668307863581,2144,True,,,
2145,13114490891693822666,location_2145_13114490891693822666,2145,True,,,
2146,13116481491111667552,location_2146_13116481491111667552,2146,True,,,
2147,13117289676919561225,location_2147_13117289676919561225,2147,True,,,
2148,13119273418307198286,location_2148_13119273418307198286,2148,True,,,
2149,13122658717869991895,location_2149_13122658717869991895,2149,True,,,
2150,13125711174011640059,location_2150_13125711174011640059,2150,True,,,
2151,13130319068287690672,location_2151_13130319068287690672,2151,True,,,
2152,13131144377111297706,location_2152_13131144377111297706,2152,True,,,
2153,1313347048999058989,location_2153_1313347048999058989,2153,True,,,
2154,13134601209885999813,location_2154_13134601209885999813,2154,True,,,
2155,13135914612688974065,location_2155_13135914612688974065,2155,True,,,
2156,13136053210248377140,location_2156_13136053210248377140,2156,True,,,
2157,13139160711705259480,location_2157_13139160711705259480,2157,True,,,
2158,13141746823004595130,location_2158_13141746823004595130,2158,True,,,
2159,13143437392576648394,location_2159_13143437392576648394,2159,True,,,
2160,13144033882004736132,location_2160_13144033882004736132,2160,True,,,
2161,13145457374905790853,location_2161_13145457374905790853,2161,True,,,
2162,13147302445589113610,location_2162_13147302445589113610,2162,True,,,
2163,13147457933890296228,location_2163_13147457933890296228,2163,True,,,
2164,13148010310353941771,location_2164_13148010310353941771,2164,True,,,
2165,1314806106800239720,location_2165_1314806106800239720,2165,True,,,
2166,13149862103695408066,location_2166_13149862103695408066,2166,True,,,
2167,13150749642844684869,location_2167_13150749642844684869,2167,True,,,
2168,13158264971548031278,location_2168_13158264971548031278,2168,True,,,
2169,1315843937739932160,location_2169_1315843937739932160,2169,True,,,
2170,13158855012205011919,location_2170_13158855012205011919,2170,True,,,
2171,13162475655295010748,location_2171_13162475655295010748,2171,True,,,
2172,13163950911602599627,location_2172_13163950911602599627,2172,True,,,
2173,13164822713771793884,location_2173_13164822713771793884,2173,True,,,
2174,13166845769020712803,location_2174_13166845769020712803,2174,True,,,
2175,13170142378363713504,location_2175_13170142378363713504,2175,True,,,
2176,1317069464371282305,location_2176_1317069464371282305,2176,True,,,
2177,13171991215234518497,location_2177_13171991215234518497,2177,True,,,
2178,13172408268607441018,location_2178_13172408268607441018,2178,True,,,
2179,13172976324423136975,location_2179_13172976324423136975,2179,True,,,
2180,13174230003776134724,location_2180_13174230003776134724,2180,True,,,
2181,13174581519429570768,location_2181_13174581519429570768,2181,True,,,
2182,13174718111392874546,location_2182_13174718111392874546,2182,True,,,
2183,13174979687935501109,location_2183_13174979687935501109,2183,True,,,
2184,13177702805908631803,location_2184_13177702805908631803,2184,True,,,
2185,13180569451770563897,location_2185_13180569451770563897,2185,True,,,
2186,13180678425678131573,location_2186_13180678425678131573,2186,True,,,
2187,13181068339487175270,location_2187_13181068339487175270,2187,True,,,
2188,13181990471338690772,location_2188_13181990471338690772,2188,True,,,
2189,13182989110245305112,location_2189_13182989110245305112,2189,True,,,
2190,13183009441233153130,location_2190_13183009441233153130,2190,True,,,
2191,13185289719003580904,location_2191_13185289719003580904,2191,True,,,
2192,13185383710150359773,location_2192_13185383710150359773,2192,True,,,
2193,13188210521953359505,location_2193_13188210521953359505,2193,True,,,
2194,13188646651139626704,location_2194_13188646651139626704,2194,True,,,
2195,13190328926164817090,location_2195_13190328926164817090,2195,True,,,
2196,13194356860902094487,location_2196_13194356860902094487,2196,True,,,
2197,13194717338797090405,location_2197_13194717338797090405,2197,True,,,
2198,13194934570330205134,location_2198_13194934570330205134,2198,True,,,
2199,13196099517944692922,location_2199_13196099517944692922,2199,True,,,
2200,13197900904516499250,location_2200_13197900904516499250,2200,True,,,
2201,13199997639400210209,location_2201_13199997639400210209,2201,True,,,
2202,13203215756547293207,location_2202_13203215756547293207,2202,True,,,
2203,13205710404732241740,location_2203_13205710404732241740,2203,True,,,
2204,13205769836213930347,location_2204_13205769836213930347,2204,True,,,
2205,13206538347165457241,location_2205_13206538347165457241,2205,True,,,
2206,13209160851493737372,location_2206_13209160851493737372,2206,True,,,
2207,13209728374536697707,location_2207_13209728374536697707,2207,True,,,
2208,13209818329335434366,location_2208_13209818329335434366,2208,True,,,
2209,13211463471118497992,location_2209_13211463471118497992,2209,True,,,
2210,13211595308495654776,location_2210_13211595308495654776,2210,True,,,
2211,13212805439709197773,location_2211_13212805439709197773,2211,True,,,
2212,13216123738064688707,location_2212_13216123738064688707,2212,True,,,
2213,1321671271529763791,location_2213_1321671271529763791,2213,True,,,
2214,13217385884591837480,location_2214_13217385884591837480,2214,True,,,
2215,13218572171564012474,location_2215_13218572171564012474,2215,True,,,
2216,13218610765997809610,location_2216_13218610765997809610,2216,True,,,
2217,13218673142300512135,location_2217_13218673142300512135,2217,True,,,
2218,13218767116662517156,location_2218_13218767116662517156,2218,True,,,
2219,13220263340575229062,location_2219_13220263340575229062,2219,True,,,
2220,13222445930020842179,location_2220_13222445930020842179,2220,True,,,
2221,13225948737031934752,location_2221_13225948737031934752,2221,True,,,
2222,13226048156038114357,location_2222_13226048156038114357,2222,True,,,
2223,13227751328637635756,location_2223_13227751328637635756,2223,True,,,
2224,13228538452739927599,location_2224_13228538452739927599,2224,True,,,
2225,13228540109365681079,location_2225_13228540109365681079,2225,True,,,
2226,13228833227263259428,location_2226_13228833227263259428,2226,True,,,
2227,1322893994657242744,location_2227_1322893994657242744,2227,True,,,
2228,13231214289992528057,location_2228_13231214289992528057,2228,True,,,
2229,13231255252040607672,location_2229_13231255252040607672,2229,True,,,
2230,13232048882639300192,location_2230_13232048882639300192,2230,True,,,
2231,13234924426505993529,location_2231_13234924426505993529,2231,True,,,
2232,13236357535702939377,location_2232_13236357535702939377,2232,True,,,
2233,13237553937863881362,location_2233_13237553937863881362,2233,True,,,
2234,13241091288085998598,location_2234_13241091288085998598,2234,True,,,
2235,13242869518534640455,location_2235_13242869518534640455,2235,True,,,
2236,1324792086504931449,location_2236_1324792086504931449,2236,True,,,
2237,13249071787662044711,location_2237_13249071787662044711,2237,True,,,
2238,13250878732124855091,location_2238_13250878732124855091,2238,True,,,
2239,13251686779082366470,location_2239_13251686779082366470,2239,True,,,
2240,13253657042262869441,location_2240_13253657042262869441,2240,True,,,
2241,13255662975045018545,location_2241_13255662975045018545,2241,True,,,
2242,13257401425959841412,location_2242_13257401425959841412,2242,True,,,
2243,13257973482989792789,location_2243_13257973482989792789,2243,True,,,
2244,1325835766154727895,location_2244_1325835766154727895,2244,True,,,
2245,13260982462808640416,location_2245_13260982462808640416,2245,True,,,
2246,13262255886035281183,location_2246_13262255886035281183,2246,True,,,
2247,13265190181947551273,location_2247_13265190181947551273,2247,True,,,
2248,13265325772604676349,location_2248_13265325772604676349,2248,True,,,
2249,13266395577236596790,location_2249_13266395577236596790,2249,True,,,
2250,13266524901756579928,location_2250_13266524901756579928,2250,True,,,
2251,13267185712540228238,location_2251_13267185712540228238,2251,True,,,
2252,13268517124891914841,location_2252_13268517124891914841,2252,True,,,
2253,13270332778847801582,location_2253_13270332778847801582,2253,True,,,
2254,13271202514678527890,location_2254_13271202514678527890,2254,True,,,
2255,1327211556965882733,location_2255_1327211556965882733,2255,True,,,
2256,13273509408007493147,location_2256_13273509408007493147,2256,True,,,
2257,13274554344332146266,location_2257_13274554344332146266,2257,True,,,
2258,13276144113786128988,location_2258_13276144113786128988,2258,True,,,
2259,13279340883124203514,location_2259_13279340883124203514,2259,True,,,
2260,13280021062169214547,location_2260_13280021062169214547,2260,True,,,
2261,13280639269101740989,location_2261_13280639269101740989,2261,True,,,
2262,13281726811347483349,location_2262_13281726811347483349,2262,True,,,
2263,13283935608929309330,location_2263_13283935608929309330,2263,True,,,
2264,13285530442523317469,location_2264_13285530442523317469,2264,True,,,
2265,13288997470506482203,location_2265_13288997470506482203,2265,True,,,
2266,13291637841230257769,location_2266_13291637841230257769,2266,True,,,
2267,13291689913680077498,location_2267_13291689913680077498,2267,True,,,
2268,1329390762076082485,location_2268_1329390762076082485,2268,True,,,
2269,13295959150969467838,location_2269_13295959150969467838,2269,True,,,
2270,13296176114250147727,location_2270_13296176114250147727,2270,True,,,
2271,13296185857948418469,location_2271_13296185857948418469,2271,True,,,
2272,13300182878407730428,location_2272_13300182878407730428,2272,True,,,
2273,13301077319445569398,location_2273_13301077319445569398,2273,True,,,
2274,1330150128967517137,location_2274_1330150128967517137,2274,True,,,
2275,13301841631337278713,location_2275_13301841631337278713,2275,True,,,
2276,13302336690300774442,location_2276_13302336690300774442,2276,True,,,
2277,13306100674340906103,location_2277_13306100674340906103,2277,True,,,
2278,13306592218300431303,location_2278_13306592218300431303,2278,True,,,
2279,13309835456585345607,location_2279_13309835456585345607,2279,True,,,
2280,13310960585050395637,location_2280_13310960585050395637,2280,True,,,
2281,13314750012426440239,location_2281_13314750012426440239,2281,True,,,
2282,13315258119670344638,location_2282_13315258119670344638,2282,True,,,
2283,13315370959235309429,location_2283_13315370959235309429,2283,True,,,
2284,13316985004621199527,location_2284_13316985004621199527,2284,True,,,
2285,1331809018573613637,location_2285_1331809018573613637,2285,True,,,
2286,13319062803468311310,location_2286_13319062803468311310,2286,True,,,
2287,13319797728059847297,location_2287_13319797728059847297,2287,True,,,
2288,13321693105352373549,location_2288_13321693105352373549,2288,True,,,
2289,13321693268616183944,location_2289_13321693268616183944,2289,True,,,
2290,13322510005759360367,location_2290_13322510005759360367,2290,True,,,
2291,13324465453927763813,location_2291_13324465453927763813,2291,True,,,
2292,13325414620328811283,location_2292_13325414620328811283,2292,True,,,
2293,13325834391531833473,location_2293_13325834391531833473,2293,True,,,
2294,13327262012413800897,location_2294_13327262012413800897,2294,True,,,
2295,13327413929233301917,location_2295_13327413929233301917,2295,True,,,
2296,13327886137204947906,location_2296_13327886137204947906,2296,True,,,
2297,13329667644122887756,location_2297_13329667644122887756,2297,True,,,
2298,13330734463628424925,location_2298_13330734463628424925,2298,True,,,
2299,13333307464824283428,location_2299_13333307464824283428,2299,True,,,
2300,13337623345013682490,location_2300_13337623345013682490,2300,True,,,
2301,13339758576663785958,location_2301_13339758576663785958,2301,True,,,
2302,13340119415612328268,location_2302_13340119415612328268,2302,True,,,
2303,13341860318153268906,location_2303_13341860318153268906,2303,True,,,
2304,13342963396537094042,location_2304_13342963396537094042,2304,True,,,
2305,1334542522757381083,location_2305_1334542522757381083,2305,True,,,
2306,1334675110791266180,location_2306_1334675110791266180,2306,True,,,
2307,13346757618188893529,location_2307_13346757618188893529,2307,True,,,
2308,13346809309033918523,location_2308_13346809309033918523,2308,True,,,
2309,13353252454464280211,location_2309_13353252454464280211,2309,True,,,
2310,13354564055014320840,location_2310_13354564055014320840,2310,True,,,
2311,13355284046344049006,location_2311_13355284046344049006,2311,True,,,
2312,13356120184970167883,location_2312_13356120184970167883,2312,True,,,
2313,13360293192924598574,location_2313_13360293192924598574,2313,True,,,
2314,13360381684804169302,location_2314_13360381684804169302,2314,True,,,
2315,13366157644599400037,location_2315_13366157644599400037,2315,True,,,
2316,13368924670083442037,location_2316_13368924670083442037,2316,True,,,
2317,13372365548677259151,location_2317_13372365548677259151,2317,True,,,
2318,13372684578942384045,location_2318_13372684578942384045,2318,True,,,
2319,1337383651891742938,location_2319_1337383651891742938,2319,True,,,
2320,13374848036699786432,location_2320_13374848036699786432,2320,True,,,
2321,13380216037113464065,location_2321_13380216037113464065,2321,True,,,
2322,13381924144918281183,location_2322_13381924144918281183,2322,True,,,
2323,13382712441123336868,location_2323_13382712441123336868,2323,True,,,
2324,13383266180367623647,location_2324_13383266180367623647,2324,True,,,
2325,13383327944363284950,location_2325_13383327944363284950,2325,True,,,
2326,13384455887421066352,location_2326_13384455887421066352,2326,True,,,
2327,13384491719423113670,location_2327_13384491719423113670,2327,True,,,
2328,13389063571109785455,location_2328_13389063571109785455,2328,True,,,
2329,1339051948282625175,location_2329_1339051948282625175,2329,True,,,
2330,13391124028800763605,location_2330_13391124028800763605,2330,True,,,
2331,13394225234034967009,location_2331_13394225234034967009,2331,True,,,
2332,13395713360179842561,location_2332_13395713360179842561,2332,True,,,
2333,1339679632706273986,location_2333_1339679632706273986,2333,True,,,
2334,13399342889355580488,location_2334_13399342889355580488,2334,True,,,
2335,13399430320358557304,location_2335_13399430320358557304,2335,True,,,
2336,13401018139678052696,location_2336_13401018139678052696,2336,True,,,
2337,13407020234932448845,location_2337_13407020234932448845,2337,True,,,
2338,13407338805948448108,location_2338_13407338805948448108,2338,True,,,
2339,13410356476243144139,location_2339_13410356476243144139,2339,True,,,
2340,13410407564853539912,location_2340_13410407564853539912,2340,True,,,
2341,13411761401451921046,location_2341_13411761401451921046,2341,True,,,
2342,13415687783077622261,location_2342_13415687783077622261,2342,True,,,
2343,13416393462819703712,location_2343_13416393462819703712,2343,True,,,
2344,13416460784944705968,location_2344_13416460784944705968,2344,True,,,
2345,13418396529922103092,location_2345_13418396529922103092,2345,True,,,
2346,13420607348947769056,location_2346_13420607348947769056,2346,True,,,
2347,13420704127689030944,location_2347_13420704127689030944,2347,True,,,
2348,13420715645391029028,location_2348_13420715645391029028,2348,True,,,
2349,13422387577956091471,location_2349_13422387577956091471,2349,True,,,
2350,13423654832458377465,location_2350_13423654832458377465,2350,True,,,
2351,13424934215051252702,location_2351_13424934215051252702,2351,True,,,
2352,13425581004957693807,location_2352_13425581004957693807,2352,True,,,
2353,13425770813015487623,location_2353_13425770813015487623,2353,True,,,
2354,1342838277826264127,location_2354_1342838277826264127,2354,True,,,
2355,13428651571934552675,location_2355_13428651571934552675,2355,True,,,
2356,13430177815430394345,location_2356_13430177815430394345,2356,True,,,
2357,13431072362634161,location_2357_13431072362634161,2357,True,,,
2358,13432040843912949974,location_2358_13432040843912949974,2358,True,,,
2359,13432347048007617365,location_2359_13432347048007617365,2359,True,,,
2360,13432727310429154453,location_2360_13432727310429154453,2360,True,,,
2361,13436074476741137064,location_2361_13436074476741137064,2361,True,,,
2362,13438307521653847724,location_2362_13438307521653847724,2362,True,,,
2363,13440266713566950798,location_2363_13440266713566950798,2363,True,,,
2364,1344122709627854114,location_2364_1344122709627854114,2364,True,,,
2365,13442658016633098527,location_2365_13442658016633098527,2365,True,,,
2366,13444355734189690514,location_2366_13444355734189690514,2366,True,,,
2367,13445666529298368902,location_2367_13445666529298368902,2367,True,,,
2368,13448729723842383863,location_2368_13448729723842383863,2368,True,,,
2369,13449623121722131340,location_2369_13449623121722131340,2369,True,,,
2370,13449939227055013614,location_2370_13449939227055013614,2370,True,,,
2371,13450289819789044225,location_2371_13450289819789044225,2371,True,,,
2372,13451532457620557398,location_2372_13451532457620557398,2372,True,,,
2373,13451606817765085827,location_2373_13451606817765085827,2373,True,,,
2374,13451741208995236836,location_2374_13451741208995236836,2374,True,,,
2375,13453351462075352543,location_2375_13453351462075352543,2375,True,,,
2376,13454949318580103459,location_2376_13454949318580103459,2376,True,,,
2377,13456244742177654621,location_2377_13456244742177654621,2377,True,,,
2378,13458913441881703425,location_2378_13458913441881703425,2378,True,,,
2379,13458931171269788138,location_2379_13458931171269788138,2379,True,,,
2380,13460277425897161834,location_2380_13460277425897161834,2380,True,,,
2381,13461644750293120004,location_2381_13461644750293120004,2381,True,,,
2382,13461739734333380150,location_2382_13461739734333380150,2382,True,,,
2383,13462498928745915528,location_2383_13462498928745915528,2383,True,,,
2384,13463113257646943864,location_2384_13463113257646943864,2384,True,,,
2385,13465536290021338420,location_2385_13465536290021338420,2385,True,,,
2386,13469305088374385740,location_2386_13469305088374385740,2386,True,,,
2387,13474840507835826665,location_2387_13474840507835826665,2387,True,,,
2388,13475304847594796613,location_2388_13475304847594796613,2388,True,,,
2389,13476443139204082666,location_2389_13476443139204082666,2389,True,,,
2390,13476528649942688034,location_2390_13476528649942688034,2390,True,,,
2391,13477631295356948428,location_2391_13477631295356948428,2391,True,,,
2392,13480040754715867829,location_2392_13480040754715867829,2392,True,,,
2393,13487222077992315258,location_2393_13487222077992315258,2393,True,,,
2394,13488979252175539094,location_2394_13488979252175539094,2394,True,,,
2395,13491346932837864012,location_2395_13491346932837864012,2395,True,,,
2396,13493793895024623801,location_2396_13493793895024623801,2396,True,,,
2397,13496309647531348321,location_2397_13496309647531348321,2397,True,,,
2398,13496411238354216330,location_2398_13496411238354216330,2398,True,,,
2399,13496905133089297906,location_2399_13496905133089297906,2399,True,,,
2400,13497869002022295627,location_2400_13497869002022295627,2400,True,,,
2401,13498452710393424796,location_2401_13498452710393424796,2401,True,,,
2402,13498792669299841572,location_2402_13498792669299841572,2402,True,,,
2403,13500319713535087976,location_2403_13500319713535087976,2403,True,,,
2404,13502659471977382328,location_2404_13502659471977382328,2404,True,,,
2405,13505161057168597973,location_2405_13505161057168597973,2405,True,,,
2406,13508023980911900395,location_2406_13508023980911900395,2406,True,,,
2407,13508508765520901520,location_2407_13508508765520901520,2407,True,,,
2408,13508676574765761445,location_2408_13508676574765761445,2408,True,,,
2409,13509089931726048076,location_2409_13509089931726048076,2409,True,,,
2410,13510435991144346094,location_2410_13510435991144346094,2410,True,,,
2411,13510592886501473522,location_2411_13510592886501473522,2411,True,,,
2412,13513486723600749765,location_2412_13513486723600749765,2412,True,,,
2413,13513761224872107129,location_2413_13513761224872107129,2413,True,,,
2414,13515955532253792010,location_2414_13515955532253792010,2414,True,,,
2415,13516194509876532867,location_2415_13516194509876532867,2415,True,,,
2416,13517422003710435373,location_2416_13517422003710435373,2416,True,,,
2417,13522069578828935550,location_2417_13522069578828935550,2417,True,,,
2418,13524235631948470571,location_2418_13524235631948470571,2418,True,,,
2419,1352452960953041973,location_2419_1352452960953041973,2419,True,,,
2420,13526044003474161193,location_2420_13526044003474161193,2420,True,,,
2421,13526106887407340085,location_2421_13526106887407340085,2421,True,,,
2422,13526315266423178145,location_2422_13526315266423178145,2422,True,,,
2423,13527949039637586937,location_2423_13527949039637586937,2423,True,,,
2424,13529251224484126952,location_2424_13529251224484126952,2424,True,,,
2425,13531869726068289562,location_2425_13531869726068289562,2425,True,,,
2426,13532862613888673498,location_2426_13532862613888673498,2426,True,,,
2427,13533687647769826881,location_2427_13533687647769826881,2427,True,,,
2428,13533958485888528970,location_2428_13533958485888528970,2428,True,,,
2429,13535444114197637040,location_2429_13535444114197637040,2429,True,,,
2430,13536759242076281421,location_2430_13536759242076281421,2430,True,,,
2431,1354325943942369214,location_2431_1354325943942369214,2431,True,,,
2432,13544137114330442216,location_2432_13544137114330442216,2432,True,,,
2433,13545084457420983913,location_2433_13545084457420983913,2433,True,,,
2434,13545476918147087077,location_2434_13545476918147087077,2434,True,,,
2435,13546587072557338633,location_2435_13546587072557338633,2435,True,,,
2436,13548287580475567522,location_2436_13548287580475567522,2436,True,,,
2437,13548441242529098237,location_2437_13548441242529098237,2437,True,,,
2438,13549564980585224328,location_2438_13549564980585224328,2438,True,,,
2439,13550760246357142821,location_2439_13550760246357142821,2439,True,,,
2440,13550828289654492358,location_2440_13550828289654492358,2440,True,,,
2441,13552197809349062810,location_2441_13552197809349062810,2441,True,,,
2442,13554560553006334652,location_2442_13554560553006334652,2442,True,,,
2443,13554656021259210746,location_2443_13554656021259210746,2443,True,,,
2444,13558167669957670749,location_2444_13558167669957670749,2444,True,,,
2445,13558924690007146111,location_2445_13558924690007146111,2445,True,,,
2446,13560442535843347207,location_2446_13560442535843347207,2446,True,,,
2447,13565407378665775470,location_2447_13565407378665775470,2447,True,,,
2448,13565718959857756004,location_2448_13565718959857756004,2448,True,,,
2449,13567388724363488626,location_2449_13567388724363488626,2449,True,,,
2450,13568892473787448180,location_2450_13568892473787448180,2450,True,,,
2451,13569544043922734419,location_2451_13569544043922734419,2451,True,,,
2452,13569917284066026180,location_2452_13569917284066026180,2452,True,,,
2453,13570821049140023625,location_2453_13570821049140023625,2453,True,,,
2454,1357333094316834614,location_2454_1357333094316834614,2454,True,,,
2455,13574182469653949881,location_2455_13574182469653949881,2455,True,,,
2456,13574313561820243038,location_2456_13574313561820243038,2456,True,,,
2457,13576104864589903502,location_2457_13576104864589903502,2457,True,,,
2458,13577460440215777975,location_2458_13577460440215777975,2458,True,,,
2459,13578920385308789738,location_2459_13578920385308789738,2459,True,,,
2460,1357907110680589116,location_2460_1357907110680589116,2460,True,,,
2461,13579267128934923839,location_2461_13579267128934923839,2461,True,,,
2462,13581301039987128018,location_2462_13581301039987128018,2462,True,,,
2463,13581433461496199119,location_2463_13581433461496199119,2463,True,,,
2464,13582756140018112309,location_2464_13582756140018112309,2464,True,,,
2465,13582768638147354221,location_2465_13582768638147354221,2465,True,,,
2466,13582833977149748860,location_2466_13582833977149748860,2466,True,,,
2467,13584184773258759466,location_2467_13584184773258759466,2467,True,,,
2468,13588895939061272436,location_2468_13588895939061272436,2468,True,,,
2469,13589486625070438648,location_2469_13589486625070438648,2469,True,,,
2470,13591998960246203206,location_2470_13591998960246203206,2470,True,,,
2471,1359282311271184857,location_2471_1359282311271184857,2471,True,,,
2472,13594238549422904392,location_2472_13594238549422904392,2472,True,,,
2473,13594834199327489021,location_2473_13594834199327489021,2473,True,,,
2474,13596175154054330035,location_2474_13596175154054330035,2474,True,,,
2475,13599095494011648810,location_2475_13599095494011648810,2475,True,,,
2476,13600166786270933180,location_2476_13600166786270933180,2476,True,,,
2477,13603789803059044265,location_2477_13603789803059044265,2477,True,,,
2478,13603996612587234881,location_2478_13603996612587234881,2478,True,,,
2479,13607191078802244984,location_2479_13607191078802244984,2479,True,,,
2480,13609751331208292463,location_2480_13609751331208292463,2480,True,,,
2481,13610906536180741061,location_2481_13610906536180741061,2481,True,,,
2482,13613073807682511183,location_2482_13613073807682511183,2482,True,,,
2483,13614379323129630337,location_2483_13614379323129630337,2483,True,,,
2484,13615016224986027569,location_2484_13615016224986027569,2484,True,,,
2485,13616844921011853324,location_2485_13616844921011853324,2485,True,,,
2486,13617447209373172530,location_2486_13617447209373172530,2486,True,,,
2487,13617759465032205611,location_2487_13617759465032205611,2487,True,,,
2488,13619152722533018731,location_2488_13619152722533018731,2488,True,,,
2489,13620239193812700476,location_2489_13620239193812700476,2489,True,,,
2490,13620820878689224994,location_2490_13620820878689224994,2490,True,,,
2491,13621011454792790301,location_2491_13621011454792790301,2491,True,,,
2492,13623037485025268020,location_2492_13623037485025268020,2492,True,,,
2493,13623304137780144765,location_2493_13623304137780144765,2493,True,,,
2494,1362336035244610739,location_2494_1362336035244610739,2494,True,,,
2495,1362556670733694815,location_2495_1362556670733694815,2495,True,,,
2496,13626727605247454668,location_2496_13626727605247454668,2496,True,,,
2497,13629231166147688192,location_2497_13629231166147688192,2497,True,,,
2498,13629604198313958911,location_2498_13629604198313958911,2498,True,,,
2499,13630656322553315543,location_2499_13630656322553315543,2499,True,,,
2500,13633629574401130765,location_2500_13633629574401130765,2500,True,,,
2501,13634898640534759520,location_2501_13634898640534759520,2501,True,,,
2502,13635427850148176889,location_2502_13635427850148176889,2502,True,,,
2503,13635544276551511497,location_2503_13635544276551511497,2503,True,,,
2504,13636344881918874015,location_2504_13636344881918874015,2504,True,,,
2505,13636572749538987821,location_2505_13636572749538987821,2505,True,,,
2506,13638054044739086608,location_2506_13638054044739086608,2506,True,,,
2507,13638695292113327841,location_2507_13638695292113327841,2507,True,,,
2508,136395047815684045,location_2508_136395047815684045,2508,True,,,
2509,13639881784250808115,location_2509_13639881784250808115,2509,True,,,
2510,1364148824174421005,location_2510_1364148824174421005,2510,True,,,
2511,13643143587345310985,location_2511_13643143587345310985,2511,True,,,
2512,13643741952804126113,location_2512_13643741952804126113,2512,True,,,
2513,13643962664500002611,location_2513_13643962664500002611,2513,True,,,
2514,13644096741056830219,location_2514_13644096741056830219,2514,True,,,
2515,13644468915248135008,location_2515_13644468915248135008,2515,True,,,
2516,13647476419732082519,location_2516_13647476419732082519,2516,True,,,
2517,13648124638947096116,location_2517_13648124638947096116,2517,True,,,
2518,13648218096520423834,location_2518_13648218096520423834,2518,True,,,
2519,13648674781063736720,location_2519_13648674781063736720,2519,True,,,
2520,13649710991488378036,location_2520_13649710991488378036,2520,True,,,
2521,13649961271903832806,location_2521_13649961271903832806,2521,True,,,
2522,13650934646249890437,location_2522_13650934646249890437,2522,True,,,
2523,13651479321016048020,location_2523_13651479321016048020,2523,True,,,
2524,13652014169475797915,location_2524_13652014169475797915,2524,True,,,
2525,13655604725090402983,location_2525_13655604725090402983,2525,True,,,
2526,13656064859951117887,location_2526_13656064859951117887,2526,True,,,
2527,13657734290970335035,location_2527_13657734290970335035,2527,True,,,
2528,13658736706913092970,location_2528_13658736706913092970,2528,True,,,
2529,13658779952177222842,location_2529_13658779952177222842,2529,True,,,
2530,13660341230172092079,location_2530_13660341230172092079,2530,True,,,
2531,13662084691634086981,location_2531_13662084691634086981,2531,True,,,
2532,13662317918377290032,location_2532_13662317918377290032,2532,True,,,
2533,13663322461323409037,location_2533_13663322461323409037,2533,True,,,
2534,13663798885298009288,location_2534_13663798885298009288,2534,True,,,
2535,13665785148455393373,location_2535_13665785148455393373,2535,True,,,
2536,13666428462827373587,location_2536_13666428462827373587,2536,True,,,
2537,13668729636317837111,location_2537_13668729636317837111,2537,True,,,
2538,13669976044924031011,location_2538_13669976044924031011,2538,True,,,
2539,13670515674470400167,location_2539_13670515674470400167,2539,True,,,
2540,1367235779541944968,location_2540_1367235779541944968,2540,True,,,
2541,13673011202092198235,location_2541_13673011202092198235,2541,True,,,
2542,13673071411160966760,location_2542_13673071411160966760,2542,True,,,
2543,13673629621611194995,location_2543_13673629621611194995,2543,True,,,
2544,13674019176068444493,location_2544_13674019176068444493,2544,True,,,
2545,13674286936487800825,location_2545_13674286936487800825,2545,True,,,
2546,13674925240643440997,location_2546_13674925240643440997,2546,True,,,
2547,13677983721685779316,location_2547_13677983721685779316,2547,True,,,
2548,13678185074036291787,location_2548_13678185074036291787,2548,True,,,
2549,13679743791344122620,location_2549_13679743791344122620,2549,True,,,
2550,13680146052467426417,location_2550_13680146052467426417,2550,True,,,
2551,13680749371081958227,location_2551_13680749371081958227,2551,True,,,
2552,1368101814686573076,location_2552_1368101814686573076,2552,True,,,
2553,13682310531779602071,location_2553_13682310531779602071,2553,True,,,
2554,13684989412319374862,location_2554_13684989412319374862,2554,True,,,
2555,13685484787650355185,location_2555_13685484787650355185,2555,True,,,
2556,13691732228091766132,location_2556_13691732228091766132,2556,True,,,
2557,13692100417991790787,location_2557_13692100417991790787,2557,True,,,
2558,13692483061965630742,location_2558_13692483061965630742,2558,True,,,
2559,13692894842736149397,location_2559_13692894842736149397,2559,True,,,
2560,13693455610973766554,location_2560_13693455610973766554,2560,True,,,
2561,13693532264925024798,location_2561_13693532264925024798,2561,True,,,
2562,13695035948800821496,location_2562_13695035948800821496,2562,True,,,
2563,13698021669086189392,location_2563_13698021669086189392,2563,True,,,
2564,13702146220841738754,location_2564_13702146220841738754,2564,True,,,
2565,13702372308639316228,location_2565_13702372308639316228,2565,True,,,
2566,13702519547409692620,location_2566_13702519547409692620,2566,True,,,
2567,13704055570030993034,location_2567_13704055570030993034,2567,True,,,
2568,13705085311276926655,location_2568_13705085311276926655,2568,True,,,
2569,13705211538761876719,location_2569_13705211538761876719,2569,True,,,
2570,13705248179151346470,location_2570_13705248179151346470,2570,True,,,
2571,13705573156825810375,location_2571_13705573156825810375,2571,True,,,
2572,1370626271265399910,location_2572_1370626271265399910,2572,True,,,
2573,13706592308527876862,location_2573_13706592308527876862,2573,True,,,
2574,13706753653427416180,location_2574_13706753653427416180,2574,True,,,
2575,13707979722810615566,location_2575_13707979722810615566,2575,True,,,
2576,13709682799204234707,location_2576_13709682799204234707,2576,True,,,
2577,13712338659667288956,location_2577_13712338659667288956,2577,True,,,
2578,13713108851594928917,location_2578_13713108851594928917,2578,True,,,
2579,13715619361927444127,location_2579_13715619361927444127,2579,True,,,
2580,13716270649385625802,location_2580_13716270649385625802,2580,True,,,
2581,13716980165140848880,location_2581_13716980165140848880,2581,True,,,
2582,13717282123851491027,location_2582_13717282123851491027,2582,True,,,
2583,13717432289163149840,location_2583_13717432289163149840,2583,True,,,
2584,1372032145913344977,location_2584_1372032145913344977,2584,True,,,
2585,13724121979307437177,location_2585_13724121979307437177,2585,True,,,
2586,13724768015477193096,location_2586_13724768015477193096,2586,True,,,
2587,13726493353374260429,location_2587_13726493353374260429,2587,True,,,
2588,13727092122311136981,location_2588_13727092122311136981,2588,True,,,
2589,13727810661074206222,location_2589_13727810661074206222,2589,True,,,
2590,13729174307793497236,location_2590_13729174307793497236,2590,True,,,
2591,13730578239509617350,location_2591_13730578239509617350,2591,True,,,
2592,13730804622119659959,location_2592_13730804622119659959,2592,True,,,
2593,13736821332965775823,location_2593_13736821332965775823,2593,True,,,
2594,13738135463010547233,location_2594_13738135463010547233,2594,True,,,
2595,13738210021568769310,location_2595_13738210021568769310,2595,True,,,
2596,13738286340326074449,location_2596_13738286340326074449,2596,True,,,
2597,1373896981932407496,location_2597_1373896981932407496,2597,True,,,
2598,1374670267980349882,location_2598_1374670267980349882,2598,True,,,
2599,13747090881833466278,location_2599_13747090881833466278,2599,True,,,
2600,13749157158642049209,location_2600_13749157158642049209,2600,True,,,
2601,13750320380457199842,location_2601_13750320380457199842,2601,True,,,
2602,137507141224789045,location_2602_137507141224789045,2602,True,,,
2603,13751286737258437800,location_2603_13751286737258437800,2603,True,,,
2604,13752049914735554787,location_2604_13752049914735554787,2604,True,,,
2605,13752841121088071070,location_2605_13752841121088071070,2605,True,,,
2606,13754074911901835694,location_2606_13754074911901835694,2606,True,,,
2607,13754901140302461932,location_2607_13754901140302461932,2607,True,,,
2608,13755021502991955139,location_2608_13755021502991955139,2608,True,,,
2609,13756991058707320302,location_2609_13756991058707320302,2609,True,,,
2610,1375894939049953854,location_2610_1375894939049953854,2610,True,,,
2611,13759233276770688909,location_2611_13759233276770688909,2611,True,,,
2612,13760606341960319661,location_2612_13760606341960319661,2612,True,,,
2613,13760831579877112249,location_2613_13760831579877112249,2613,True,,,
2614,13761715105396227112,location_2614_13761715105396227112,2614,True,,,
2615,13762433791952240772,location_2615_13762433791952240772,2615,True,,,
2616,13762662933886592647,location_2616_13762662933886592647,2616,True,,,
2617,13763266574376438732,location_2617_13763266574376438732,2617,True,,,
2618,13763289037216618533,location_2618_13763289037216618533,2618,True,,,
2619,13765003481900952698,location_2619_13765003481900952698,2619,True,,,
2620,13765204368474227793,location_2620_13765204368474227793,2620,True,,,
2621,13766348208645849366,location_2621_13766348208645849366,2621,True,,,
2622,13766936920464515518,location_2622_13766936920464515518,2622,True,,,
2623,13767914964560180054,location_2623_13767914964560180054,2623,True,,,
2624,13767997873535787436,location_2624_13767997873535787436,2624,True,,,
2625,13768184705613120295,location_2625_13768184705613120295,2625,True,,,
2626,1376846664312001362,location_2626_1376846664312001362,2626,True,,,
2627,1376991050694247272,location_2627_1376991050694247272,2627,True,,,
2628,13769912636653316561,location_2628_13769912636653316561,2628,True,,,
2629,13770794147241216591,location_2629_13770794147241216591,2629,True,,,
2630,13772006380757301726,location_2630_13772006380757301726,2630,True,,,
2631,13772109617024490790,location_2631_13772109617024490790,2631,True,,,
2632,13773177063364921766,location_2632_13773177063364921766,2632,True,,,
2633,13773848120564727680,location_2633_13773848120564727680,2633,True,,,
2634,13774912195566147778,location_2634_13774912195566147778,2634,True,,,
2635,13775186837699924736,location_2635_13775186837699924736,2635,True,,,
2636,13775783048175546073,location_2636_13775783048175546073,2636,True,,,
2637,13779425536352446073,location_2637_13779425536352446073,2637,True,,,
2638,13779438489408734278,location_2638_13779438489408734278,2638,True,,,
2639,13779441226851079667,location_2639_13779441226851079667,2639,True,,,
2640,1378161592202405387,location_2640_1378161592202405387,2640,True,,,
2641,13783073944630699660,location_2641_13783073944630699660,2641,True,,,
2642,1378351489150974905,location_2642_1378351489150974905,2642,True,,,
2643,13784145743995977089,location_2643_13784145743995977089,2643,True,,,
2644,1378447997420679790,location_2644_1378447997420679790,2644,True,,,
2645,13785717383300348395,location_2645_13785717383300348395,2645,True,,,
2646,13789434520544455826,location_2646_13789434520544455826,2646,True,,,
2647,13789913098015146725,location_2647_13789913098015146725,2647,True,,,
2648,13790531145758561947,location_2648_13790531145758561947,2648,True,,,
2649,1379121172748203353,location_2649_1379121172748203353,2649,True,,,
2650,13792281919588781415,location_2650_13792281919588781415,2650,True,,,
2651,13792356388211469442,location_2651_13792356388211469442,2651,True,,,
2652,1379244417191521737,location_2652_1379244417191521737,2652,True,,,
2653,13793938588900857912,location_2653_13793938588900857912,2653,True,,,
2654,13795679169342752411,location_2654_13795679169342752411,2654,True,,,
2655,1379879832130241490,location_2655_1379879832130241490,2655,True,,,
2656,13801222393087888710,location_2656_13801222393087888710,2656,True,,,
2657,13801376685841842094,location_2657_13801376685841842094,2657,True,,,
2658,1380140144126479947,location_2658_1380140144126479947,2658,True,,,
2659,13802812477050065104,location_2659_13802812477050065104,2659,True,,,
2660,13804149623643727319,location_2660_13804149623643727319,2660,True,,,
2661,13805420215269267860,location_2661_13805420215269267860,2661,True,,,
2662,13806172462476566388,location_2662_13806172462476566388,2662,True,,,
2663,13806185909254861455,location_2663_13806185909254861455,2663,True,,,
2664,13807132675265156726,location_2664_13807132675265156726,2664,True,,,
2665,13808445168941358425,location_2665_13808445168941358425,2665,True,,,
2666,13810663006938401625,location_2666_13810663006938401625,2666,True,,,
2667,13812273155995637036,location_2667_13812273155995637036,2667,True,,,
2668,13813243446359115328,location_2668_13813243446359115328,2668,True,,,
2669,13813891552133901360,location_2669_13813891552133901360,2669,True,,,
2670,13818992719391633259,location_2670_13818992719391633259,2670,True,,,
2671,13819569448095541611,location_2671_13819569448095541611,2671,True,,,
2672,13821172773137412443,location_2672_13821172773137412443,2672,True,,,
2673,13822515938444347579,location_2673_13822515938444347579,2673,True,,,
2674,13825594756327927630,location_2674_13825594756327927630,2674,True,,,
2675,13828412023468348702,location_2675_13828412023468348702,2675,True,,,
2676,13830125897329735757,location_2676_13830125897329735757,2676,True,,,
2677,13830492135517160875,location_2677_13830492135517160875,2677,True,,,
2678,13830502707959228145,location_2678_13830502707959228145,2678,True,,,
2679,1383264998583908117,location_2679_1383264998583908117,2679,True,,,
2680,13833113928360039397,location_2680_13833113928360039397,2680,True,,,
2681,13833278132275714069,location_2681_13833278132275714069,2681,True,,,
2682,13841761719480373788,location_2682_13841761719480373788,2682,True,,,
2683,13841959062739841615,location_2683_13841959062739841615,2683,True,,,
2684,13844118824826457803,location_2684_13844118824826457803,2684,True,,,
2685,13844140794474468081,location_2685_13844140794474468081,2685,True,,,
2686,13846678441473804949,location_2686_13846678441473804949,2686,True,,,
2687,13851840753747721816,location_2687_13851840753747721816,2687,True,,,
2688,13852309971154430022,location_2688_13852309971154430022,2688,True,,,
2689,13853662771903846269,location_2689_13853662771903846269,2689,True,,,
2690,13854889613380694974,location_2690_13854889613380694974,2690,True,,,
2691,13857638893894550034,location_2691_13857638893894550034,2691,True,,,
2692,13857861805145575179,location_2692_13857861805145575179,2692,True,,,
2693,13858589366761721181,location_2693_13858589366761721181,2693,True,,,
2694,13858770132962836612,location_2694_13858770132962836612,2694,True,,,
2695,13860508893356242650,location_2695_13860508893356242650,2695,True,,,
2696,13864183602246623490,location_2696_13864183602246623490,2696,True,,,
2697,13866700641011204795,location_2697_13866700641011204795,2697,True,,,
2698,13866706368903649498,location_2698_13866706368903649498,2698,True,,,
2699,13867684504174742864,location_2699_13867684504174742864,2699,True,,,
2700,13872428119778152510,location_2700_13872428119778152510,2700,True,,,
2701,13877502629839760593,location_2701_13877502629839760593,2701,True,,,
2702,13877706252920428832,location_2702_13877706252920428832,2702,True,,,
2703,13878061551913095528,location_2703_13878061551913095528,2703,True,,,
2704,13882452611949874428,location_2704_13882452611949874428,2704,True,,,
2705,13883814840196770456,location_2705_13883814840196770456,2705,True,,,
2706,13884206855490566031,location_2706_13884206855490566031,2706,True,,,
2707,13887141538841002140,location_2707_13887141538841002140,2707,True,,,
2708,13887762378336985809,location_2708_13887762378336985809,2708,True,,,
2709,13887779763383355877,location_2709_13887779763383355877,2709,True,,,
2710,1389249151021175639,location_2710_1389249151021175639,2710,True,,,
2711,13893575922279330723,location_2711_13893575922279330723,2711,True,,,
2712,13893793145859486871,location_2712_13893793145859486871,2712,True,,,
2713,13894732069454747425,location_2713_13894732069454747425,2713,True,,,
2714,13895902983471164118,location_2714_13895902983471164118,2714,True,,,
2715,13897058407185479675,location_2715_13897058407185479675,2715,True,,,
2716,13897672094121867113,location_2716_13897672094121867113,2716,True,,,
2717,1389998060423116568,location_2717_1389998060423116568,2717,True,,,
2718,13900167326666617441,location_2718_13900167326666617441,2718,True,,,
2719,13900191876193097743,location_2719_13900191876193097743,2719,True,,,
2720,13900671269565009652,location_2720_13900671269565009652,2720,True,,,
2721,13902234420078345710,location_2721_13902234420078345710,2721,True,,,
2722,13902252457698200326,location_2722_13902252457698200326,2722,True,,,
2723,13903460393951780103,location_2723_13903460393951780103,2723,True,,,
2724,13904874441885843939,location_2724_13904874441885843939,2724,True,,,
2725,13906214434750877481,location_2725_13906214434750877481,2725,True,,,
2726,1390769669250269784,location_2726_1390769669250269784,2726,True,,,
2727,13908984302501067361,location_2727_13908984302501067361,2727,True,,,
2728,139134303557214373,location_2728_139134303557214373,2728,True,,,
2729,13915058056979955208,location_2729_13915058056979955208,2729,True,,,
2730,1391735757366315028,location_2730_1391735757366315028,2730,True,,,
2731,13919657975914205634,location_2731_13919657975914205634,2731,True,,,
2732,13920187219868261634,location_2732_13920187219868261634,2732,True,,,
2733,13920770743303068969,location_2733_13920770743303068969,2733,True,,,
2734,1392083318453486239,location_2734_1392083318453486239,2734,True,,,
2735,13921565385773855613,location_2735_13921565385773855613,2735,True,,,
2736,13921849307668122310,location_2736_13921849307668122310,2736,True,,,
2737,13922223502630421296,location_2737_13922223502630421296,2737,True,,,
2738,13923145915446212314,location_2738_13923145915446212314,2738,True,,,
2739,13927086092513005387,location_2739_13927086092513005387,2739,True,,,
2740,139288892663690716,location_2740_139288892663690716,2740,True,,,
2741,13928944405238156352,location_2741_13928944405238156352,2741,True,,,
2742,13928996383011666323,location_2742_13928996383011666323,2742,True,,,
2743,13933859484479788442,location_2743_13933859484479788442,2743,True,,,
2744,1393610107191644222,location_2744_1393610107191644222,2744,True,,,
2745,13937168718981788839,location_2745_13937168718981788839,2745,True,,,
2746,13939740144227267292,location_2746_13939740144227267292,2746,True,,,
2747,13941249262402357441,location_2747_13941249262402357441,2747,True,,,
2748,13941510896059395861,location_2748_13941510896059395861,2748,True,,,
2749,13942182155964768590,location_2749_13942182155964768590,2749,True,,,
2750,13942348830831157654,location_2750_13942348830831157654,2750,True,,,
2751,1394243567481993623,location_2751_1394243567481993623,2751,True,,,
2752,13945237698855876168,location_2752_13945237698855876168,2752,True,,,
2753,13945843631580586092,location_2753_13945843631580586092,2753,True,,,
2754,13948204985282063973,location_2754_13948204985282063973,2754,True,,,
2755,13950292093866649602,location_2755_13950292093866649602,2755,True,,,
2756,13951282913062977388,location_2756_13951282913062977388,2756,True,,,
2757,13951805963994099039,location_2757_13951805963994099039,2757,True,,,
2758,13951875993400871796,location_2758_13951875993400871796,2758,True,,,
2759,13953230429930616476,location_2759_13953230429930616476,2759,True,,,
2760,13953777951319024696,location_2760_13953777951319024696,2760,True,,,
2761,13954454746490652119,location_2761_13954454746490652119,2761,True,,,
2762,13954677702516335400,location_2762_13954677702516335400,2762,True,,,
2763,13955208902199225878,location_2763_13955208902199225878,2763,True,,,
2764,13957117646096851574,location_2764_13957117646096851574,2764,True,,,
2765,13959522921433889432,location_2765_13959522921433889432,2765,True,,,
2766,13960391724208095576,location_2766_13960391724208095576,2766,True,,,
2767,13961282218102965220,location_2767_13961282218102965220,2767,True,,,
2768,1396607233707530300,location_2768_1396607233707530300,2768,True,,,
2769,13967332645201696647,location_2769_13967332645201696647,2769,True,,,
2770,13968142853263558077,location_2770_13968142853263558077,2770,True,,,
2771,13975210848898065048,location_2771_13975210848898065048,2771,True,,,
2772,13975733119107374580,location_2772_13975733119107374580,2772,True,,,
2773,1397978974809942534,location_2773_1397978974809942534,2773,True,,,
2774,13980178002440900903,location_2774_13980178002440900903,2774,True,,,
2775,13980879767582691936,location_2775_13980879767582691936,2775,True,,,
2776,13981528909350974096,location_2776_13981528909350974096,2776,True,,,
2777,139823415330938030,location_2777_139823415330938030,2777,True,,,
2778,13982435722325276015,location_2778_13982435722325276015,2778,True,,,
2779,13982642579979463505,location_2779_13982642579979463505,2779,True,,,
2780,13982667879841107744,location_2780_13982667879841107744,2780,True,,,
2781,13983929703217616439,location_2781_13983929703217616439,2781,True,,,
2782,1398507425013217703,location_2782_1398507425013217703,2782,True,,,
2783,13985788590989627525,location_2783_13985788590989627525,2783,True,,,
2784,13986096532363452632,location_2784_13986096532363452632,2784,True,,,
2785,13986893977006112342,location_2785_13986893977006112342,2785,True,,,
2786,13989750228881686031,location_2786_13989750228881686031,2786,True,,,
2787,139909510100456993,location_2787_139909510100456993,2787,True,,,
2788,13991897607133327190,location_2788_13991897607133327190,2788,True,,,
2789,13992528990998336138,location_2789_13992528990998336138,2789,True,,,
2790,13996468088412241262,location_2790_13996468088412241262,2790,True,,,
2791,13996626439127966307,location_2791_13996626439127966307,2791,True,,,
2792,13997331427716601215,location_2792_13997331427716601215,2792,True,,,
2793,1399773649259184528,location_2793_1399773649259184528,2793,True,,,
2794,14001457007476707836,location_2794_14001457007476707836,2794,True,,,
2795,14002474289964315721,location_2795_14002474289964315721,2795,True,,,
2796,14002848080482595823,location_2796_14002848080482595823,2796,True,,,
2797,14006029989196273092,location_2797_14006029989196273092,2797,True,,,
2798,14007370946990895803,location_2798_14007370946990895803,2798,True,,,
2799,14008005911526698430,location_2799_14008005911526698430,2799,True,,,
2800,14010176520847508429,location_2800_14010176520847508429,2800,True,,,
2801,14012239066638357193,location_2801_14012239066638357193,2801,True,,,
2802,14013200955064475702,location_2802_14013200955064475702,2802,True,,,
2803,14013879551667766675,location_2803_14013879551667766675,2803,True,,,
2804,14014470303866589413,location_2804_14014470303866589413,2804,True,,,
2805,14017359284053355414,location_2805_14017359284053355414,2805,True,,,
2806,14018219728270213257,location_2806_14018219728270213257,2806,True,,,
2807,14018684204296952356,location_2807_14018684204296952356,2807,True,,,
2808,14018746798705383142,location_2808_14018746798705383142,2808,True,,,
2809,14020816673834100995,location_2809_14020816673834100995,2809,True,,,
2810,14023893845280159977,location_2810_14023893845280159977,2810,True,,,
2811,1402452752298833862,location_2811_1402452752298833862,2811,True,,,
2812,14025970700088203692,location_2812_14025970700088203692,2812,True,,,
2813,14026600334043981626,location_2813_14026600334043981626,2813,True,,,
2814,14027618526298943767,location_2814_14027618526298943767,2814,True,,,
2815,14027854134510932993,location_2815_14027854134510932993,2815,True,,,
2816,14028294383463748761,location_2816_14028294383463748761,2816,True,,,
2817,14031064362864971783,location_2817_14031064362864971783,2817,True,,,
2818,14031397592671965757,location_2818_14031397592671965757,2818,True,,,
2819,14031775906850341455,location_2819_14031775906850341455,2819,True,,,
2820,14032543543303357051,location_2820_14032543543303357051,2820,True,,,
2821,14032988499968208853,location_2821_14032988499968208853,2821,True,,,
2822,14033904490926058114,location_2822_14033904490926058114,2822,True,,,
2823,140351970802246932,location_2823_140351970802246932,2823,True,,,
2824,14038344994933866629,location_2824_14038344994933866629,2824,True,,,
2825,14040309075333150090,location_2825_14040309075333150090,2825,True,,,
2826,14041354149527903105,location_2826_14041354149527903105,2826,True,,,
2827,14044185404280229817,location_2827_14044185404280229817,2827,True,,,
2828,14046387719142005202,location_2828_14046387719142005202,2828,True,,,
2829,14048462954602371132,location_2829_14048462954602371132,2829,True,,,
2830,14049685486032719847,location_2830_14049685486032719847,2830,True,,,
2831,14049730412871999349,location_2831_14049730412871999349,2831,True,,,
2832,14052239083676441655,location_2832_14052239083676441655,2832,True,,,
2833,14052626007134469074,location_2833_14052626007134469074,2833,True,,,
2834,14054103045066085396,location_2834_14054103045066085396,2834,True,,,
2835,14056554276860477134,location_2835_14056554276860477134,2835,True,,,
2836,14056639229512113878,location_2836_14056639229512113878,2836,True,,,
2837,14056784268346341200,location_2837_14056784268346341200,2837,True,,,
2838,14061388228645026881,location_2838_14061388228645026881,2838,True,,,
2839,14065807830367404938,location_2839_14065807830367404938,2839,True,,,
2840,14067273973176278255,location_2840_14067273973176278255,2840,True,,,
2841,14069226448598658712,location_2841_14069226448598658712,2841,True,,,
2842,1407264576476988866,location_2842_1407264576476988866,2842,True,,,
2843,14073547320722562869,location_2843_14073547320722562869,2843,True,,,
2844,14073974848506031233,location_2844_14073974848506031233,2844,True,,,
2845,14074707290625440510,location_2845_14074707290625440510,2845,True,,,
2846,14075515238818608460,location_2846_14075515238818608460,2846,True,,,
2847,14077642277514122049,location_2847_14077642277514122049,2847,True,,,
2848,14078330874103967942,location_2848_14078330874103967942,2848,True,,,
2849,1408062021650396916,location_2849_1408062021650396916,2849,True,,,
2850,14081645962183876545,location_2850_14081645962183876545,2850,True,,,
2851,14083550617193651809,location_2851_14083550617193651809,2851,True,,,
2852,14084468353823525971,location_2852_14084468353823525971,2852,True,,,
2853,14087566589880632741,location_2853_14087566589880632741,2853,True,,,
2854,14087753719600873757,location_2854_14087753719600873757,2854,True,,,
2855,14088264298121038474,location_2855_14088264298121038474,2855,True,,,
2856,14088645058935884391,location_2856_14088645058935884391,2856,True,,,
2857,14089249737613273751,location_2857_14089249737613273751,2857,True,,,
2858,14093534131576012199,location_2858_14093534131576012199,2858,True,,,
2859,14098613421322184234,location_2859_14098613421322184234,2859,True,,,
2860,14098775732720771369,location_2860_14098775732720771369,2860,True,,,
2861,14099788159838367528,location_2861_14099788159838367528,2861,True,,,
2862,14099823804846966764,location_2862_14099823804846966764,2862,True,,,
2863,1410292287685968269,location_2863_1410292287685968269,2863,True,,,
2864,14104888612212615785,location_2864_14104888612212615785,2864,True,,,
2865,14105136652325561547,location_2865_14105136652325561547,2865,True,,,
2866,14106012906807530710,location_2866_14106012906807530710,2866,True,,,
2867,14106452106507370689,location_2867_14106452106507370689,2867,True,,,
2868,14106717488155467686,location_2868_14106717488155467686,2868,True,,,
2869,14107967546201833583,location_2869_14107967546201833583,2869,True,,,
2870,14109068131794040059,location_2870_14109068131794040059,2870,True,,,
2871,14110864124074914380,location_2871_14110864124074914380,2871,True,,,
2872,14110934560291363400,location_2872_14110934560291363400,2872,True,,,
2873,14111355075792988352,location_2873_14111355075792988352,2873,True,,,
2874,14115652620946564848,location_2874_14115652620946564848,2874,True,,,
2875,14116045769226248694,location_2875_14116045769226248694,2875,True,,,
2876,14119465366432104679,location_2876_14119465366432104679,2876,True,,,
2877,14121035407122163086,location_2877_14121035407122163086,2877,True,,,
2878,14121854654158760158,location_2878_14121854654158760158,2878,True,,,
2879,14122040269011134062,location_2879_14122040269011134062,2879,True,,,
2880,1412494247033780323,location_2880_1412494247033780323,2880,True,,,
2881,14125626956503344300,location_2881_14125626956503344300,2881,True,,,
2882,14126599895772697426,location_2882_14126599895772697426,2882,True,,,
2883,1412711948251558677,location_2883_1412711948251558677,2883,True,,,
2884,14130066479408630547,location_2884_14130066479408630547,2884,True,,,
2885,1413060152134919537,location_2885_1413060152134919537,2885,True,,,
2886,14134813376947303880,location_2886_14134813376947303880,2886,True,,,
2887,14138686151522562508,location_2887_14138686151522562508,2887,True,,,
2888,14139493063454585950,location_2888_14139493063454585950,2888,True,,,
2889,14141315710779363501,location_2889_14141315710779363501,2889,True,,,
2890,14142412327736439149,location_2890_14142412327736439149,2890,True,,,
2891,14142955379012306885,location_2891_14142955379012306885,2891,True,,,
2892,14143914103347859533,location_2892_14143914103347859533,2892,True,,,
2893,14144568770793081545,location_2893_14144568770793081545,2893,True,,,
2894,14145835548937658277,location_2894_14145835548937658277,2894,True,,,
2895,1414753013175567569,location_2895_1414753013175567569,2895,True,,,
2896,14150822288695945092,location_2896_14150822288695945092,2896,True,,,
2897,14151595231469888660,location_2897_14151595231469888660,2897,True,,,
2898,14152013327024024479,location_2898_14152013327024024479,2898,True,,,
2899,14153164735494860967,location_2899_14153164735494860967,2899,True,,,
2900,14154535393731218805,location_2900_14154535393731218805,2900,True,,,
2901,14155306337052532157,location_2901_14155306337052532157,2901,True,,,
2902,14156561148008233752,location_2902_14156561148008233752,2902,True,,,
2903,14157524140272706562,location_2903_14157524140272706562,2903,True,,,
2904,14159342155948353778,location_2904_14159342155948353778,2904,True,,,
2905,14160817349249500239,location_2905_14160817349249500239,2905,True,,,
2906,14163118294089768398,location_2906_14163118294089768398,2906,True,,,
2907,14164138925459266162,location_2907_14164138925459266162,2907,True,,,
2908,14165057049206097268,location_2908_14165057049206097268,2908,True,,,
2909,14165764130960473072,location_2909_14165764130960473072,2909,True,,,
2910,14168426684623235179,location_2910_14168426684623235179,2910,True,,,
2911,14169121335398956031,location_2911_14169121335398956031,2911,True,,,
2912,14169901450160376880,location_2912_14169901450160376880,2912,True,,,
2913,14170141989119566068,location_2913_14170141989119566068,2913,True,,,
2914,14171618899357177741,location_2914_14171618899357177741,2914,True,,,
2915,14174045870951329125,location_2915_14174045870951329125,2915,True,,,
2916,14177501432866607326,location_2916_14177501432866607326,2916,True,,,
2917,14178664280329262644,location_2917_14178664280329262644,2917,True,,,
2918,14180266368804347532,location_2918_14180266368804347532,2918,True,,,
2919,14185712106572361651,location_2919_14185712106572361651,2919,True,,,
2920,14188476716431875007,location_2920_14188476716431875007,2920,True,,,
2921,14191852785807770571,location_2921_14191852785807770571,2921,True,,,
2922,14194447304449816664,location_2922_14194447304449816664,2922,True,,,
2923,14195671926337160957,location_2923_14195671926337160957,2923,True,,,
2924,14197171158898307112,location_2924_14197171158898307112,2924,True,,,
2925,14197224929900689208,location_2925_14197224929900689208,2925,True,,,
2926,14199247241944457765,location_2926_14199247241944457765,2926,True,,,
2927,14201323085944724899,location_2927_14201323085944724899,2927,True,,,
2928,14202245070293786343,location_2928_14202245070293786343,2928,True,,,
2929,14204331932161130703,location_2929_14204331932161130703,2929,True,,,
2930,14206130018709843572,location_2930_14206130018709843572,2930,True,,,
2931,14208300289947387842,location_2931_14208300289947387842,2931,True,,,
2932,14208605566556475772,location_2932_14208605566556475772,2932,True,,,
2933,14209017656036454132,location_2933_14209017656036454132,2933,True,,,
2934,14211430632270622608,location_2934_14211430632270622608,2934,True,,,
2935,14212363888905804356,location_2935_14212363888905804356,2935,True,,,
2936,14213371850435949841,location_2936_14213371850435949841,2936,True,,,
2937,142137003628060089,location_2937_142137003628060089,2937,True,,,
2938,14214231441630809626,location_2938_14214231441630809626,2938,True,,,
2939,14215582682447109490,location_2939_14215582682447109490,2939,True,,,
2940,14216435691985541354,location_2940_14216435691985541354,2940,True,,,
2941,14220494530244473109,location_2941_14220494530244473109,2941,True,,,
2942,14220977864478950301,location_2942_14220977864478950301,2942,True,,,
2943,14222409102401722568,location_2943_14222409102401722568,2943,True,,,
2944,14223627418563150119,location_2944_14223627418563150119,2944,True,,,
2945,142238063197506200,location_2945_142238063197506200,2945,True,,,
2946,14226141096472302136,location_2946_14226141096472302136,2946,True,,,
2947,14227970234092334112,location_2947_14227970234092334112,2947,True,,,
2948,14228323690274817653,location_2948_14228323690274817653,2948,True,,,
2949,14228560064394328190,location_2949_14228560064394328190,2949,True,,,
2950,1422959265027047837,location_2950_1422959265027047837,2950,True,,,
2951,14229673796551157607,location_2951_14229673796551157607,2951,True,,,
2952,14232497636393223528,location_2952_14232497636393223528,2952,True,,,
2953,14233025090358085053,location_2953_14233025090358085053,2953,True,,,
2954,14233773589632389993,location_2954_14233773589632389993,2954,True,,,
2955,1423501059014216851,location_2955_1423501059014216851,2955,True,,,
2956,14236636734716337549,location_2956_14236636734716337549,2956,True,,,
2957,14237244354877029784,location_2957_14237244354877029784,2957,True,,,
2958,14237444469856267877,location_2958_14237444469856267877,2958,True,,,
2959,14237755880729814304,location_2959_14237755880729814304,2959,True,,,
2960,14239074377861192235,location_2960_14239074377861192235,2960,True,,,
2961,14243075607145055589,location_2961_14243075607145055589,2961,True,,,
2962,14243125795429094628,location_2962_14243125795429094628,2962,True,,,
2963,14244233309797202486,location_2963_14244233309797202486,2963,True,,,
2964,14245660214568091734,location_2964_14245660214568091734,2964,True,,,
2965,14246311895798158619,location_2965_14246311895798158619,2965,True,,,
2966,14246320536878414416,location_2966_14246320536878414416,2966,True,,,
2967,14247248771712772126,location_2967_14247248771712772126,2967,True,,,
2968,14248304402924112775,location_2968_14248304402924112775,2968,True,,,
2969,14248383375915183977,location_2969_14248383375915183977,2969,True,,,
2970,14251515676219734448,location_2970_14251515676219734448,2970,True,,,
2971,14256279924240724821,location_2971_14256279924240724821,2971,True,,,
2972,14256643473989096403,location_2972_14256643473989096403,2972,True,,,
2973,14257353955936612155,location_2973_14257353955936612155,2973,True,,,
2974,14259052521046243691,location_2974_14259052521046243691,2974,True,,,
2975,14259737807428563945,location_2975_14259737807428563945,2975,True,,,
2976,14264112092592697750,location_2976_14264112092592697750,2976,True,,,
2977,14265133996287019116,location_2977_14265133996287019116,2977,True,,,
2978,14265883700663474396,location_2978_14265883700663474396,2978,True,,,
2979,14266124048684275862,location_2979_14266124048684275862,2979,True,,,
2980,14267676576217517759,location_2980_14267676576217517759,2980,True,,,
2981,1426773962441659388,location_2981_1426773962441659388,2981,True,,,
2982,14267822603125701961,location_2982_14267822603125701961,2982,True,,,
2983,14269788608939081245,location_2983_14269788608939081245,2983,True,,,
2984,14270350633193158120,location_2984_14270350633193158120,2984,True,,,
2985,14271750922355687275,location_2985_14271750922355687275,2985,True,,,
2986,14272122150389248288,location_2986_14272122150389248288,2986,True,,,
2987,14274924061200942063,location_2987_14274924061200942063,2987,True,,,
2988,14275894337427328012,location_2988_14275894337427328012,2988,True,,,
2989,14276272501502052711,location_2989_14276272501502052711,2989,True,,,
2990,14276282138700103587,location_2990_14276282138700103587,2990,True,,,
2991,14276506800641638700,location_2991_14276506800641638700,2991,True,,,
2992,14280706836298704480,location_2992_14280706836298704480,2992,True,,,
2993,14282187896274981618,location_2993_14282187896274981618,2993,True,,,
2994,14283524673220220749,location_2994_14283524673220220749,2994,True,,,
2995,14284653720040938002,location_2995_14284653720040938002,2995,True,,,
2996,14284995445909762848,location_2996_14284995445909762848,2996,True,,,
2997,14285537393584189571,location_2997_14285537393584189571,2997,True,,,
2998,14288100204047481845,location_2998_14288100204047481845,2998,True,,,
2999,14288366596379437257,location_2999_14288366596379437257,2999,True,,,
3000,14288655251804772312,location_3000_14288655251804772312,3000,True,,,
3001,14290602034257018414,location_3001_14290602034257018414,3001,True,,,
3002,14290909153255567853,location_3002_14290909153255567853,3002,True,,,
3003,14291807967836039310,location_3003_14291807967836039310,3003,True,,,
3004,14293330117745982066,location_3004_14293330117745982066,3004,True,,,
3005,14293438101309209372,location_3005_14293438101309209372,3005,True,,,
3006,14294867200417979522,location_3006_14294867200417979522,3006,True,,,
3007,14297164260248001882,location_3007_14297164260248001882,3007,True,,,
3008,14300136901708979515,location_3008_14300136901708979515,3008,True,,,
3009,1430055603796649457,location_3009_1430055603796649457,3009,True,,,
3010,14303415645751545243,location_3010_14303415645751545243,3010,True,,,
3011,14304258507462888533,location_3011_14304258507462888533,3011,True,,,
3012,14304927279547715791,location_3012_14304927279547715791,3012,True,,,
3013,14306070042507987818,location_3013_14306070042507987818,3013,True,,,
3014,1430733378462788498,location_3014_1430733378462788498,3014,True,,,
3015,1430985853428739456,location_3015_1430985853428739456,3015,True,,,
3016,14311967518073627997,location_3016_14311967518073627997,3016,True,,,
3017,14313264761929700880,location_3017_14313264761929700880,3017,True,,,
3018,14313886301877250716,location_3018_14313886301877250716,3018,True,,,
3019,14314840321497792567,location_3019_14314840321497792567,3019,True,,,
3020,14317366041588888306,location_3020_14317366041588888306,3020,True,,,
3021,14317448337198778420,location_3021_14317448337198778420,3021,True,,,
3022,1431882086709600489,location_3022_1431882086709600489,3022,True,,,
3023,1431916015481125993,location_3023_1431916015481125993,3023,True,,,
3024,14319992088882707536,location_3024_14319992088882707536,3024,True,,,
3025,14325869717670513714,location_3025_14325869717670513714,3025,True,,,
3026,14326293217885359662,location_3026_14326293217885359662,3026,True,,,
3027,14326947284762859905,location_3027_14326947284762859905,3027,True,,,
3028,14327339817646892441,location_3028_14327339817646892441,3028,True,,,
3029,14329043855350533108,location_3029_14329043855350533108,3029,True,,,
3030,14329959728605626432,location_3030_14329959728605626432,3030,True,,,
3031,14332795843937326636,location_3031_14332795843937326636,3031,True,,,
3032,14333042357850152313,location_3032_14333042357850152313,3032,True,,,
3033,14333075388743752646,location_3033_14333075388743752646,3033,True,,,
3034,14334371223483715895,location_3034_14334371223483715895,3034,True,,,
3035,14335346637176924851,location_3035_14335346637176924851,3035,True,,,
3036,14335681273719897104,location_3036_14335681273719897104,3036,True,,,
3037,14337644915740783600,location_3037_14337644915740783600,3037,True,,,
3038,14339645372898921177,location_3038_14339645372898921177,3038,True,,,
3039,14339835702779677798,location_3039_14339835702779677798,3039,True,,,
3040,14340463819811379927,location_3040_14340463819811379927,3040,True,,,
3041,14341522665127052339,location_3041_14341522665127052339,3041,True,,,
3042,14341744581489986646,location_3042_14341744581489986646,3042,True,,,
3043,14344185478805900988,location_3043_14344185478805900988,3043,True,,,
3044,14345799162640802719,location_3044_14345799162640802719,3044,True,,,
3045,1434642107168283169,location_3045_1434642107168283169,3045,True,,,
3046,14349919698517763560,location_3046_14349919698517763560,3046,True,,,
3047,1435074534170098904,location_3047_1435074534170098904,3047,True,,,
3048,1435123144630523584,location_3048_1435123144630523584,3048,True,,,
3049,14354060986881894757,location_3049_14354060986881894757,3049,True,,,
3050,14355815028647464908,location_3050_14355815028647464908,3050,True,,,
3051,14356513954038959779,location_3051_14356513954038959779,3051,True,,,
3052,14359376850424068505,location_3052_14359376850424068505,3052,True,,,
3053,14360062249542592305,location_3053_14360062249542592305,3053,True,,,
3054,14360072262306671288,location_3054_14360072262306671288,3054,True,,,
3055,14360490779235700401,location_3055_14360490779235700401,3055,True,,,
3056,14361284036461450534,location_3056_14361284036461450534,3056,True,,,
3057,14362030105742201336,location_3057_14362030105742201336,3057,True,,,
3058,14363335829983127919,location_3058_14363335829983127919,3058,True,,,
3059,14364952896192421945,location_3059_14364952896192421945,3059,True,,,
3060,14365302122511625265,location_3060_14365302122511625265,3060,True,,,
3061,14366327467210988282,location_3061_14366327467210988282,3061,True,,,
3062,14366475577238209454,location_3062_14366475577238209454,3062,True,,,
3063,14367201332952910172,location_3063_14367201332952910172,3063,True,,,
3064,14370375787517512252,location_3064_14370375787517512252,3064,True,,,
3065,14371524538553433764,location_3065_14371524538553433764,3065,True,,,
3066,14373740811518061236,location_3066_14373740811518061236,3066,True,,,
3067,14373955869702044098,location_3067_14373955869702044098,3067,True,,,
3068,14376160189641152681,location_3068_14376160189641152681,3068,True,,,
3069,14376811161974751058,location_3069_14376811161974751058,3069,True,,,
3070,14379713609410495152,location_3070_14379713609410495152,3070,True,,,
3071,14382560469877955010,location_3071_14382560469877955010,3071,True,,,
3072,14384247994706769937,location_3072_14384247994706769937,3072,True,,,
3073,14385411745529583756,location_3073_14385411745529583756,3073,True,,,
3074,14385506916990029518,location_3074_14385506916990029518,3074,True,,,
3075,14386608601531948355,location_3075_14386608601531948355,3075,True,,,
3076,14389534534847823067,location_3076_14389534534847823067,3076,True,,,
3077,14389534723420207590,location_3077_14389534723420207590,3077,True,,,
3078,14391379135252718193,location_3078_14391379135252718193,3078,True,,,
3079,14392270585180829113,location_3079_14392270585180829113,3079,True,,,
3080,14393720663699547026,location_3080_14393720663699547026,3080,True,,,
3081,14394757862036020214,location_3081_14394757862036020214,3081,True,,,
3082,14395654745915262791,location_3082_14395654745915262791,3082,True,,,
3083,14399479358336317648,location_3083_14399479358336317648,3083,True,,,
3084,14406481910348287822,location_3084_14406481910348287822,3084,True,,,
3085,1440865452063644612,location_3085_1440865452063644612,3085,True,,,
3086,14411470373966661631,location_3086_14411470373966661631,3086,True,,,
3087,14414017539207963278,location_3087_14414017539207963278,3087,True,,,
3088,14414174091717884643,location_3088_14414174091717884643,3088,True,,,
3089,14414573352078821410,location_3089_14414573352078821410,3089,True,,,
3090,14418290194171159497,location_3090_14418290194171159497,3090,True,,,
3091,14418617053293894013,location_3091_14418617053293894013,3091,True,,,
3092,14420266309747078560,location_3092_14420266309747078560,3092,True,,,
3093,14421459206274366222,location_3093_14421459206274366222,3093,True,,,
3094,14428029956798926773,location_3094_14428029956798926773,3094,True,,,
3095,14428061648953986302,location_3095_14428061648953986302,3095,True,,,
3096,14429500513834632500,location_3096_14429500513834632500,3096,True,,,
3097,1443092385710546873,location_3097_1443092385710546873,3097,True,,,
3098,14432840848085540706,location_3098_14432840848085540706,3098,True,,,
3099,14433011597815296702,location_3099_14433011597815296702,3099,True,,,
3100,14434357540751830399,location_3100_14434357540751830399,3100,True,,,
3101,14438794021376431231,location_3101_14438794021376431231,3101,True,,,
3102,14439223645649421344,location_3102_14439223645649421344,3102,True,,,
3103,14442788902826958885,location_3103_14442788902826958885,3103,True,,,
3104,1444368192583575040,location_3104_1444368192583575040,3104,True,,,
3105,1444383486439967681,location_3105_1444383486439967681,3105,True,,,
3106,14445471021382611745,location_3106_14445471021382611745,3106,True,,,
3107,14445670857478541031,location_3107_14445670857478541031,3107,True,,,
3108,14449113917501419745,location_3108_14449113917501419745,3108,True,,,
3109,14451866316200556532,location_3109_14451866316200556532,3109,True,,,
3110,14452713403554258985,location_3110_14452713403554258985,3110,True,,,
3111,14452792436058884737,location_3111_14452792436058884737,3111,True,,,
3112,14454624809306193688,location_3112_14454624809306193688,3112,True,,,
3113,14455960936972337157,location_3113_14455960936972337157,3113,True,,,
3114,14456502155482194320,location_3114_14456502155482194320,3114,True,,,
3115,14462018149166216049,location_3115_14462018149166216049,3115,True,,,
3116,14464044153306816338,location_3116_14464044153306816338,3116,True,,,
3117,14467389027892959813,location_3117_14467389027892959813,3117,True,,,
3118,14468746822792068790,location_3118_14468746822792068790,3118,True,,,
3119,1447312344245819081,location_3119_1447312344245819081,3119,True,,,
3120,14473549112088237068,location_3120_14473549112088237068,3120,True,,,
3121,144743942733442043,location_3121_144743942733442043,3121,True,,,
3122,14474395744710016843,location_3122_14474395744710016843,3122,True,,,
3123,14474909828118272304,location_3123_14474909828118272304,3123,True,,,
3124,14477835194186976431,location_3124_14477835194186976431,3124,True,,,
3125,14477986780157796078,location_3125_14477986780157796078,3125,True,,,
3126,14479030949017187431,location_3126_14479030949017187431,3126,True,,,
3127,14480442788185347765,location_3127_14480442788185347765,3127,True,,,
3128,14480912479224278042,location_3128_14480912479224278042,3128,True,,,
3129,14480939069847889402,location_3129_14480939069847889402,3129,True,,,
3130,14488529952978029258,location_3130_14488529952978029258,3130,True,,,
3131,14489980089293427772,location_3131_14489980089293427772,3131,True,,,
3132,14491074523209029415,location_3132_14491074523209029415,3132,True,,,
3133,14491859603528529793,location_3133_14491859603528529793,3133,True,,,
3134,14493543865902510369,location_3134_14493543865902510369,3134,True,,,
3135,14493564116782466562,location_3135_14493564116782466562,3135,True,,,
3136,14493919794468560780,location_3136_14493919794468560780,3136,True,,,
3137,14495943949218435251,location_3137_14495943949218435251,3137,True,,,
3138,14496237557978430656,location_3138_14496237557978430656,3138,True,,,
3139,1449646818547415150,location_3139_1449646818547415150,3139,True,,,
3140,14497268368296991936,location_3140_14497268368296991936,3140,True,,,
3141,1449914507013287750,location_3141_1449914507013287750,3141,True,,,
3142,14500069138776241678,location_3142_14500069138776241678,3142,True,,,
3143,14502073562379005153,location_3143_14502073562379005153,3143,True,,,
3144,14502665687762766193,location_3144_14502665687762766193,3144,True,,,
3145,14505289942081529123,location_3145_14505289942081529123,3145,True,,,
3146,14506277145512841440,location_3146_14506277145512841440,3146,True,,,
3147,14507775821453648364,location_3147_14507775821453648364,3147,True,,,
3148,14511725387337342773,location_3148_14511725387337342773,3148,True,,,
3149,14512516284976931629,location_3149_14512516284976931629,3149,True,,,
3150,14512742645196738785,location_3150_14512742645196738785,3150,True,,,
3151,14513386745667242693,location_3151_14513386745667242693,3151,True,,,
3152,14516625655237575223,location_3152_14516625655237575223,3152,True,,,
3153,14519585019732072817,location_3153_14519585019732072817,3153,True,,,
3154,14520390257176591370,location_3154_14520390257176591370,3154,True,,,
3155,14521862734780424642,location_3155_14521862734780424642,3155,True,,,
3156,14522502566892224389,location_3156_14522502566892224389,3156,True,,,
3157,14523188315413670751,location_3157_14523188315413670751,3157,True,,,
3158,14525545112691144557,location_3158_14525545112691144557,3158,True,,,
3159,14527112525943622337,location_3159_14527112525943622337,3159,True,,,
3160,14527421135219601350,location_3160_14527421135219601350,3160,True,,,
3161,14527974499013751724,location_3161_14527974499013751724,3161,True,,,
3162,14530141637285039825,location_3162_14530141637285039825,3162,True,,,
3163,14531391353767053151,location_3163_14531391353767053151,3163,True,,,
3164,14533087382770951375,location_3164_14533087382770951375,3164,True,,,
3165,14534785730319683322,location_3165_14534785730319683322,3165,True,,,
3166,14537158795197161787,location_3166_14537158795197161787,3166,True,,,
3167,14537996542718476807,location_3167_14537996542718476807,3167,True,,,
3168,14540930930890893646,location_3168_14540930930890893646,3168,True,,,
3169,14545156704854932437,location_3169_14545156704854932437,3169,True,,,
3170,14546250075410642882,location_3170_14546250075410642882,3170,True,,,
3171,14546735762022431988,location_3171_14546735762022431988,3171,True,,,
3172,14547606460133466068,location_3172_14547606460133466068,3172,True,,,
3173,14548369924295543715,location_3173_14548369924295543715,3173,True,,,
3174,14548377462480922761,location_3174_14548377462480922761,3174,True,,,
3175,14548905845839206641,location_3175_14548905845839206641,3175,True,,,
3176,14549606555236514606,location_3176_14549606555236514606,3176,True,,,
3177,14550903103090021170,location_3177_14550903103090021170,3177,True,,,
3178,14551531178049690412,location_3178_14551531178049690412,3178,True,,,
3179,14553543387364918962,location_3179_14553543387364918962,3179,True,,,
3180,14553688605668114955,location_3180_14553688605668114955,3180,True,,,
3181,14554569011679830240,location_3181_14554569011679830240,3181,True,,,
3182,1455540010432957413,location_3182_1455540010432957413,3182,True,,,
3183,14556618957682012573,location_3183_14556618957682012573,3183,True,,,
3184,14557849288739662672,location_3184_14557849288739662672,3184,True,,,
3185,14558150818970503908,location_3185_14558150818970503908,3185,True,,,
3186,14558600637724956802,location_3186_14558600637724956802,3186,True,,,
3187,14559341956067938902,location_3187_14559341956067938902,3187,True,,,
3188,14559484771359684671,location_3188_14559484771359684671,3188,True,,,
3189,14561093940018619515,location_3189_14561093940018619515,3189,True,,,
3190,14562338231670713290,location_3190_14562338231670713290,3190,True,,,
3191,1456259585248117891,location_3191_1456259585248117891,3191,True,,,
3192,14563266005761358819,location_3192_14563266005761358819,3192,True,,,
3193,14564344987169516197,location_3193_14564344987169516197,3193,True,,,
3194,14564556444895509876,location_3194_14564556444895509876,3194,True,,,
3195,14566516636013707046,location_3195_14566516636013707046,3195,True,,,
3196,14567198875852715276,location_3196_14567198875852715276,3196,True,,,
3197,14567909368490685948,location_3197_14567909368490685948,3197,True,,,
3198,14571256983560632690,location_3198_14571256983560632690,3198,True,,,
3199,14571685170963293668,location_3199_14571685170963293668,3199,True,,,
3200,14571739877759485334,location_3200_14571739877759485334,3200,True,,,
3201,14573016752508591656,location_3201_14573016752508591656,3201,True,,,
3202,14573936613611874952,location_3202_14573936613611874952,3202,True,,,
3203,14574312010596106131,location_3203_14574312010596106131,3203,True,,,
3204,14574863282685761328,location_3204_14574863282685761328,3204,True,,,
3205,14575379978619579940,location_3205_14575379978619579940,3205,True,,,
3206,14575543282847382069,location_3206_14575543282847382069,3206,True,,,
3207,1457580729992227520,location_3207_1457580729992227520,3207,True,,,
3208,14576015168053641559,location_3208_14576015168053641559,3208,True,,,
3209,14576199640039781823,location_3209_14576199640039781823,3209,True,,,
3210,14576327123489102923,location_3210_14576327123489102923,3210,True,,,
3211,14576564485288982150,location_3211_14576564485288982150,3211,True,,,
3212,14577637131218020867,location_3212_14577637131218020867,3212,True,,,
3213,14577763853441448032,location_3213_14577763853441448032,3213,True,,,
3214,14579227626522441526,location_3214_14579227626522441526,3214,True,,,
3215,14579450151758233849,location_3215_14579450151758233849,3215,True,,,
3216,14579718342467804161,location_3216_14579718342467804161,3216,True,,,
3217,14581284503687413347,location_3217_14581284503687413347,3217,True,,,
3218,14582642083258184572,location_3218_14582642083258184572,3218,True,,,
3219,1458394418098475345,location_3219_1458394418098475345,3219,True,,,
3220,14584435503410434822,location_3220_14584435503410434822,3220,True,,,
3221,14585543931713638639,location_3221_14585543931713638639,3221,True,,,
3222,14587594061230093066,location_3222_14587594061230093066,3222,True,,,
3223,14588324127502340549,location_3223_14588324127502340549,3223,True,,,
3224,14589022258681596906,location_3224_14589022258681596906,3224,True,,,
3225,14590106188697863793,location_3225_14590106188697863793,3225,True,,,
3226,1459020849032991187,location_3226_1459020849032991187,3226,True,,,
3227,14590298459533818658,location_3227_14590298459533818658,3227,True,,,
3228,14590834891459638729,location_3228_14590834891459638729,3228,True,,,
3229,14592240114470311733,location_3229_14592240114470311733,3229,True,,,
3230,14593284683301693268,location_3230_14593284683301693268,3230,True,,,
3231,14596933220221629131,location_3231_14596933220221629131,3231,True,,,
3232,14597094271561211716,location_3232_14597094271561211716,3232,True,,,
3233,14597529870268426241,location_3233_14597529870268426241,3233,True,,,
3234,14598384195440612525,location_3234_14598384195440612525,3234,True,,,
3235,14600307593621567896,location_3235_14600307593621567896,3235,True,,,
3236,14601103691910700506,location_3236_14601103691910700506,3236,True,,,
3237,14601303854415630469,location_3237_14601303854415630469,3237,True,,,
3238,14602440000032130274,location_3238_14602440000032130274,3238,True,,,
3239,14603322069411596953,location_3239_14603322069411596953,3239,True,,,
3240,14604328420794037227,location_3240_14604328420794037227,3240,True,,,
3241,1460440972097540354,location_3241_1460440972097540354,3241,True,,,
3242,14604534790220619174,location_3242_14604534790220619174,3242,True,,,
3243,14605954655662650329,location_3243_14605954655662650329,3243,True,,,
3244,14606966443957522241,location_3244_14606966443957522241,3244,True,,,
3245,14607650607133218970,location_3245_14607650607133218970,3245,True,,,
3246,14607965664089928754,location_3246_14607965664089928754,3246,True,,,
3247,14610756072159842974,location_3247_14610756072159842974,3247,True,,,
3248,14610994763328063626,location_3248_14610994763328063626,3248,True,,,
3249,14613314283598200689,location_3249_14613314283598200689,3249,True,,,
3250,14613730488711019137,location_3250_14613730488711019137,3250,True,,,
3251,14614388973914904542,location_3251_14614388973914904542,3251,True,,,
3252,1461544984076476338,location_3252_1461544984076476338,3252,True,,,
3253,14616582999695831241,location_3253_14616582999695831241,3253,True,,,
3254,14617355528448176048,location_3254_14617355528448176048,3254,True,,,
3255,1461889755361989363,location_3255_1461889755361989363,3255,True,,,
3256,14620499298981566991,location_3256_14620499298981566991,3256,True,,,
3257,14622050770639682137,location_3257_14622050770639682137,3257,True,,,
3258,14622586249870441167,location_3258_14622586249870441167,3258,True,,,
3259,14624618000908605220,location_3259_14624618000908605220,3259,True,,,
3260,14625949637926215263,location_3260_14625949637926215263,3260,True,,,
3261,14627055060924175099,location_3261_14627055060924175099,3261,True,,,
3262,14627494825597462050,location_3262_14627494825597462050,3262,True,,,
3263,1462764653895078791,location_3263_1462764653895078791,3263,True,,,
3264,14629877937014411557,location_3264_14629877937014411557,3264,True,,,
3265,14630039037573123496,location_3265_14630039037573123496,3265,True,,,
3266,14634483911251656525,location_3266_14634483911251656525,3266,True,,,
3267,14636091576834155908,location_3267_14636091576834155908,3267,True,,,
3268,14636149295306120801,location_3268_14636149295306120801,3268,True,,,
3269,14637447921187753547,location_3269_14637447921187753547,3269,True,,,
3270,1463748260512560532,location_3270_1463748260512560532,3270,True,,,
3271,14639822940196868990,location_3271_14639822940196868990,3271,True,,,
3272,14640788913635835127,location_3272_14640788913635835127,3272,True,,,
3273,14643330292876685176,location_3273_14643330292876685176,3273,True,,,
3274,14644581429223346894,location_3274_14644581429223346894,3274,True,,,
3275,14645205327494570015,location_3275_14645205327494570015,3275,True,,,
3276,14646298499152190684,location_3276_14646298499152190684,3276,True,,,
3277,14646930136977973658,location_3277_14646930136977973658,3277,True,,,
3278,14648020470542929429,location_3278_14648020470542929429,3278,True,,,
3279,14650423215135647418,location_3279_14650423215135647418,3279,True,,,
3280,14650621614068377764,location_3280_14650621614068377764,3280,True,,,
3281,14650751458376785290,location_3281_14650751458376785290,3281,True,,,
3282,14651137472528871822,location_3282_14651137472528871822,3282,True,,,
3283,14652022412548862311,location_3283_14652022412548862311,3283,True,,,
3284,14653302151538092439,location_3284_14653302151538092439,3284,True,,,
3285,14653446071327840047,location_3285_14653446071327840047,3285,True,,,
3286,14653478282419174863,location_3286_14653478282419174863,3286,True,,,
3287,14656173844714560242,location_3287_14656173844714560242,3287,True,,,
3288,14662960971041882335,location_3288_14662960971041882335,3288,True,,,
3289,14664733959185148522,location_3289_14664733959185148522,3289,True,,,
3290,14666006644530448828,location_3290_14666006644530448828,3290,True,,,
3291,14666737051805174887,location_3291_14666737051805174887,3291,True,,,
3292,14668481326756252861,location_3292_14668481326756252861,3292,True,,,
3293,14670664672868692727,location_3293_14670664672868692727,3293,True,,,
3294,14674154269501227659,location_3294_14674154269501227659,3294,True,,,
3295,14674823331017841975,location_3295_14674823331017841975,3295,True,,,
3296,14676160157783220624,location_3296_14676160157783220624,3296,True,,,
3297,14677323511723246939,location_3297_14677323511723246939,3297,True,,,
3298,14678731634994187414,location_3298_14678731634994187414,3298,True,,,
3299,14680764835874044702,location_3299_14680764835874044702,3299,True,,,
3300,14681894140770707955,location_3300_14681894140770707955,3300,True,,,
3301,14683267634848870304,location_3301_14683267634848870304,3301,True,,,
3302,14683898886221185919,location_3302_14683898886221185919,3302,True,,,
3303,14686360824137777437,location_3303_14686360824137777437,3303,True,,,
3304,14686479062527167012,location_3304_14686479062527167012,3304,True,,,
3305,14687134296117829585,location_3305_14687134296117829585,3305,True,,,
3306,14689076599347377576,location_3306_14689076599347377576,3306,True,,,
3307,14690939398697975315,location_3307_14690939398697975315,3307,True,,,
3308,14691231519121866128,location_3308_14691231519121866128,3308,True,,,
3309,1469213904711618770,location_3309_1469213904711618770,3309,True,,,
3310,14692297748908148027,location_3310_14692297748908148027,3310,True,,,
3311,14695407376999297227,location_3311_14695407376999297227,3311,True,,,
3312,14696577417373566639,location_3312_14696577417373566639,3312,True,,,
3313,14698799574642045819,location_3313_14698799574642045819,3313,True,,,
3314,1470009400471263582,location_3314_1470009400471263582,3314,True,,,
3315,14703555300344300523,location_3315_14703555300344300523,3315,True,,,
3316,14708301736202020437,location_3316_14708301736202020437,3316,True,,,
3317,14708398680492532665,location_3317_14708398680492532665,3317,True,,,
3318,14708845780335140942,location_3318_14708845780335140942,3318,True,,,
3319,14709819748062591757,location_3319_14709819748062591757,3319,True,,,
3320,14710511751576934963,location_3320_14710511751576934963,3320,True,,,
3321,14711357769869746453,location_3321_14711357769869746453,3321,True,,,
3322,14712485690083326291,location_3322_14712485690083326291,3322,True,,,
3323,14712989961090091183,location_3323_14712989961090091183,3323,True,,,
3324,14714225775495490921,location_3324_14714225775495490921,3324,True,,,
3325,14716704764002563473,location_3325_14716704764002563473,3325,True,,,
3326,14716848474875159009,location_3326_14716848474875159009,3326,True,,,
3327,14716880332226980302,location_3327_14716880332226980302,3327,True,,,
3328,1471698452347565220,location_3328_1471698452347565220,3328,True,,,
3329,14719420530982266133,location_3329_14719420530982266133,3329,True,,,
3330,14720205535851760595,location_3330_14720205535851760595,3330,True,,,
3331,14725928228927397047,location_3331_14725928228927397047,3331,True,,,
3332,14728145361948263158,location_3332_14728145361948263158,3332,True,,,
3333,14729165992218462190,location_3333_14729165992218462190,3333,True,,,
3334,14731068450389113310,location_3334_14731068450389113310,3334,True,,,
3335,14733193156787635601,location_3335_14733193156787635601,3335,True,,,
3336,14735835047951871996,location_3336_14735835047951871996,3336,True,,,
3337,14736731351240373203,location_3337_14736731351240373203,3337,True,,,
3338,14738964886005281679,location_3338_14738964886005281679,3338,True,,,
3339,14741117486844343360,location_3339_14741117486844343360,3339,True,,,
3340,14743210802184549067,location_3340_14743210802184549067,3340,True,,,
3341,14743859762435510263,location_3341_14743859762435510263,3341,True,,,
3342,14744123846724384215,location_3342_14744123846724384215,3342,True,,,
3343,14746238914491311631,location_3343_14746238914491311631,3343,True,,,
3344,14748280563737415606,location_3344_14748280563737415606,3344,True,,,
3345,14750751055202726551,location_3345_14750751055202726551,3345,True,,,
3346,14754846502746343110,location_3346_14754846502746343110,3346,True,,,
3347,14755126997945261520,location_3347_14755126997945261520,3347,True,,,
3348,14755778628844621267,location_3348_14755778628844621267,3348,True,,,
3349,14756795940766553647,location_3349_14756795940766553647,3349,True,,,
3350,14757437198516609078,location_3350_14757437198516609078,3350,True,,,
3351,14757634979637415897,location_3351_14757634979637415897,3351,True,,,
3352,14757899105938300279,location_3352_14757899105938300279,3352,True,,,
3353,14760706153807019868,location_3353_14760706153807019868,3353,True,,,
3354,14760958032843222813,location_3354_14760958032843222813,3354,True,,,
3355,14761408975999743152,location_3355_14761408975999743152,3355,True,,,
3356,147614813026460857,location_3356_147614813026460857,3356,True,,,
3357,14763686742522992511,location_3357_14763686742522992511,3357,True,,,
3358,14764580793006378489,location_3358_14764580793006378489,3358,True,,,
3359,14768662756904325578,location_3359_14768662756904325578,3359,True,,,
3360,14769972707967403852,location_3360_14769972707967403852,3360,True,,,
3361,14770164082920568975,location_3361_14770164082920568975,3361,True,,,
3362,1477017776853292873,location_3362_1477017776853292873,3362,True,,,
3363,14771317817783347453,location_3363_14771317817783347453,3363,True,,,
3364,14773115681600660942,location_3364_14773115681600660942,3364,True,,,
3365,14773216354049658379,location_3365_14773216354049658379,3365,True,,,
3366,14773290688147553303,location_3366_14773290688147553303,3366,True,,,
3367,14774863960041533568,location_3367_14774863960041533568,3367,True,,,
3368,14782139223635796688,location_3368_14782139223635796688,3368,True,,,
3369,14782186704208550236,location_3369_14782186704208550236,3369,True,,,
3370,14782250497242328006,location_3370_14782250497242328006,3370,True,,,
3371,14783778698095041786,location_3371_14783778698095041786,3371,True,,,
3372,14784026742758464236,location_3372_14784026742758464236,3372,True,,,
3373,14784272582863257349,location_3373_14784272582863257349,3373,True,,,
3374,14785754482024396713,location_3374_14785754482024396713,3374,True,,,
3375,14786228283069021282,location_3375_14786228283069021282,3375,True,,,
3376,14787791029963097141,location_3376_14787791029963097141,3376,True,,,
3377,14788819363483072625,location_3377_14788819363483072625,3377,True,,,
3378,14790224320878711858,location_3378_14790224320878711858,3378,True,,,
3379,14791968414413102718,location_3379_14791968414413102718,3379,True,,,
3380,14792145067000612235,location_3380_14792145067000612235,3380,True,,,
3381,14794055106670216971,location_3381_14794055106670216971,3381,True,,,
3382,1479494447650350378,location_3382_1479494447650350378,3382,True,,,
3383,14795501044647363135,location_3383_14795501044647363135,3383,True,,,
3384,14796139108974240784,location_3384_14796139108974240784,3384,True,,,
3385,14797620449928668839,location_3385_14797620449928668839,3385,True,,,
3386,14803157775392187459,location_3386_14803157775392187459,3386,True,,,
3387,14803764456397557850,location_3387_14803764456397557850,3387,True,,,
3388,14804530746263655543,location_3388_14804530746263655543,3388,True,,,
3389,14805151117052878512,location_3389_14805151117052878512,3389,True,,,
3390,14809084193581041352,location_3390_14809084193581041352,3390,True,,,
3391,14810707394025947427,location_3391_14810707394025947427,3391,True,,,
3392,14811432240491429984,location_3392_14811432240491429984,3392,True,,,
3393,14813718883547585514,location_3393_14813718883547585514,3393,True,,,
3394,14813735683496707463,location_3394_14813735683496707463,3394,True,,,
3395,14814619387940816895,location_3395_14814619387940816895,3395,True,,,
3396,14816642957257904351,location_3396_14816642957257904351,3396,True,,,
3397,14817658749014365299,location_3397_14817658749014365299,3397,True,,,
3398,14819769186879128547,location_3398_14819769186879128547,3398,True,,,
3399,148202854107690403,location_3399_148202854107690403,3399,True,,,
3400,14821134149632407040,location_3400_14821134149632407040,3400,True,,,
3401,14823255408660336528,location_3401_14823255408660336528,3401,True,,,
3402,14823725546484458604,location_3402_14823725546484458604,3402,True,,,
3403,14823872332793940065,location_3403_14823872332793940065,3403,True,,,
3404,14825583131304700681,location_3404_14825583131304700681,3404,True,,,
3405,14826265458634126913,location_3405_14826265458634126913,3405,True,,,
3406,14828798268231903164,location_3406_14828798268231903164,3406,True,,,
3407,14829909748568373407,location_3407_14829909748568373407,3407,True,,,
3408,14831497252967122803,location_3408_14831497252967122803,3408,True,,,
3409,14831791481079748823,location_3409_14831791481079748823,3409,True,,,
3410,14834787111628250004,location_3410_14834787111628250004,3410,True,,,
3411,14835180282867330815,location_3411_14835180282867330815,3411,True,,,
3412,1483568700395053691,location_3412_1483568700395053691,3412,True,,,
3413,1483617588451184229,location_3413_1483617588451184229,3413,True,,,
3414,14836638693872492501,location_3414_14836638693872492501,3414,True,,,
3415,14837836864477933564,location_3415_14837836864477933564,3415,True,,,
3416,14839007775957035540,location_3416_14839007775957035540,3416,True,,,
3417,14840413876454775497,location_3417_14840413876454775497,3417,True,,,
3418,14842744500656200449,location_3418_14842744500656200449,3418,True,,,
3419,14843224231514103053,location_3419_14843224231514103053,3419,True,,,
3420,14846686323154966758,location_3420_14846686323154966758,3420,True,,,
3421,14847179910502179111,location_3421_14847179910502179111,3421,True,,,
3422,14847466798633060432,location_3422_14847466798633060432,3422,True,,,
3423,14848237662035975093,location_3423_14848237662035975093,3423,True,,,
3424,14850808771752636966,location_3424_14850808771752636966,3424,True,,,
3425,14851022653313719751,location_3425_14851022653313719751,3425,True,,,
3426,14854440578921296019,location_3426_14854440578921296019,3426,True,,,
3427,14854567813177133954,location_3427_14854567813177133954,3427,True,,,
3428,14858355283640083512,location_3428_14858355283640083512,3428,True,,,
3429,14859375331698355820,location_3429_14859375331698355820,3429,True,,,
3430,14862046649948984356,location_3430_14862046649948984356,3430,True,,,
3431,14862280356601860573,location_3431_14862280356601860573,3431,True,,,
3432,14864255172858788830,location_3432_14864255172858788830,3432,True,,,
3433,14869978888447104184,location_3433_14869978888447104184,3433,True,,,
3434,14872084648075091728,location_3434_14872084648075091728,3434,True,,,
3435,14873271233156341058,location_3435_14873271233156341058,3435,True,,,
3436,14874790429216224451,location_3436_14874790429216224451,3436,True,,,
3437,14874954488180377516,location_3437_14874954488180377516,3437,True,,,
3438,14877561266122788404,location_3438_14877561266122788404,3438,True,,,
3439,1487861537857974451,location_3439_1487861537857974451,3439,True,,,
3440,1487922681240881931,location_3440_1487922681240881931,3440,True,,,
3441,1487949857323420259,location_3441_1487949857323420259,3441,True,,,
3442,1488442040651299561,location_3442_1488442040651299561,3442,True,,,
3443,14885661635721822909,location_3443_14885661635721822909,3443,True,,,
3444,14887161143333015398,location_3444_14887161143333015398,3444,True,,,
3445,14887231953406839162,location_3445_14887231953406839162,3445,True,,,
3446,14887469651182268708,location_3446_14887469651182268708,3446,True,,,
3447,14887802146868589149,location_3447_14887802146868589149,3447,True,,,
3448,14891432721918889265,location_3448_14891432721918889265,3448,True,,,
3449,14894636003932179727,location_3449_14894636003932179727,3449,True,,,
3450,14896724557856524242,location_3450_14896724557856524242,3450,True,,,
3451,14897440526144819126,location_3451_14897440526144819126,3451,True,,,
3452,14901149892209231739,location_3452_14901149892209231739,3452,True,,,
3453,14902054581215852450,location_3453_14902054581215852450,3453,True,,,
3454,14903735685163375665,location_3454_14903735685163375665,3454,True,,,
3455,14904291513681101558,location_3455_14904291513681101558,3455,True,,,
3456,14905412140941138941,location_3456_14905412140941138941,3456,True,,,
3457,14907220941395238321,location_3457_14907220941395238321,3457,True,,,
3458,14907548232970898174,location_3458_14907548232970898174,3458,True,,,
3459,14908378550920234421,location_3459_14908378550920234421,3459,True,,,
3460,14908520941006658630,location_3460_14908520941006658630,3460,True,,,
3461,14908666782767562602,location_3461_14908666782767562602,3461,True,,,
3462,14908874594394843619,location_3462_14908874594394843619,3462,True,,,
3463,14910422880459013830,location_3463_14910422880459013830,3463,True,,,
3464,14911221157531125009,location_3464_14911221157531125009,3464,True,,,
3465,14911346408253728732,location_3465_14911346408253728732,3465,True,,,
3466,14911624569113397250,location_3466_14911624569113397250,3466,True,,,
3467,14911762083185973694,location_3467_14911762083185973694,3467,True,,,
3468,1491214973082888599,location_3468_1491214973082888599,3468,True,,,
3469,1491237051902842580,location_3469_1491237051902842580,3469,True,,,
3470,14912511124113359467,location_3470_14912511124113359467,3470,True,,,
3471,1491295758151322339,location_3471_1491295758151322339,3471,True,,,
3472,14913098591839099318,location_3472_14913098591839099318,3472,True,,,
3473,14913318473797226567,location_3473_14913318473797226567,3473,True,,,
3474,14913688877039765525,location_3474_14913688877039765525,3474,True,,,
3475,14914535855923157164,location_3475_14914535855923157164,3475,True,,,
3476,1491486114562289591,location_3476_1491486114562289591,3476,True,,,
3477,14916020147454310253,location_3477_14916020147454310253,3477,True,,,
3478,14916184891367444969,location_3478_14916184891367444969,3478,True,,,
3479,14916341928181875966,location_3479_14916341928181875966,3479,True,,,
3480,14918394762000328034,location_3480_14918394762000328034,3480,True,,,
3481,14918819394479547830,location_3481_14918819394479547830,3481,True,,,
3482,14918887134973738209,location_3482_14918887134973738209,3482,True,,,
3483,14919357370594918056,location_3483_14919357370594918056,3483,True,,,
3484,14919631561611088536,location_3484_14919631561611088536,3484,True,,,
3485,14920685302971996196,location_3485_14920685302971996196,3485,True,,,
3486,14921089643127441750,location_3486_14921089643127441750,3486,True,,,
3487,14924563492007971567,location_3487_14924563492007971567,3487,True,,,
3488,14925418356754941736,location_3488_14925418356754941736,3488,True,,,
3489,14927186349258626778,location_3489_14927186349258626778,3489,True,,,
3490,14929938134450618599,location_3490_14929938134450618599,3490,True,,,
3491,14931278139656587815,location_3491_14931278139656587815,3491,True,,,
3492,14932043785560791787,location_3492_14932043785560791787,3492,True,,,
3493,14932750926067641589,location_3493_14932750926067641589,3493,True,,,
3494,14932919076562167362,location_3494_14932919076562167362,3494,True,,,
3495,14935483575320086752,location_3495_14935483575320086752,3495,True,,,
3496,14936512725802851073,location_3496_14936512725802851073,3496,True,,,
3497,14939978488004199831,location_3497_14939978488004199831,3497,True,,,
3498,14941353931741128355,location_3498_14941353931741128355,3498,True,,,
3499,14943180130424395456,location_3499_14943180130424395456,3499,True,,,
3500,14944177624811443586,location_3500_14944177624811443586,3500,True,,,
3501,1494490313430684361,location_3501_1494490313430684361,3501,True,,,
3502,14946803104626692170,location_3502_14946803104626692170,3502,True,,,
3503,14947018548826603916,location_3503_14947018548826603916,3503,True,,,
3504,14947977741572298173,location_3504_14947977741572298173,3504,True,,,
3505,14949006753149716599,location_3505_14949006753149716599,3505,True,,,
3506,14950931766764597264,location_3506_14950931766764597264,3506,True,,,
3507,14951181827530489256,location_3507_14951181827530489256,3507,True,,,
3508,14951679024263133529,location_3508_14951679024263133529,3508,True,,,
3509,14952180846315687902,location_3509_14952180846315687902,3509,True,,,
3510,14953419722027588093,location_3510_14953419722027588093,3510,True,,,
3511,14955071698234470377,location_3511_14955071698234470377,3511,True,,,
3512,14955312373831415155,location_3512_14955312373831415155,3512,True,,,
3513,14955323486619314291,location_3513_14955323486619314291,3513,True,,,
3514,1495809461849355724,location_3514_1495809461849355724,3514,True,,,
3515,14959182204296628275,location_3515_14959182204296628275,3515,True,,,
3516,14960716006064777716,location_3516_14960716006064777716,3516,True,,,
3517,14960793190170674471,location_3517_14960793190170674471,3517,True,,,
3518,14962405406044671712,location_3518_14962405406044671712,3518,True,,,
3519,14962715374730458930,location_3519_14962715374730458930,3519,True,,,
3520,149647411656800681,location_3520_149647411656800681,3520,True,,,
3521,14965561852696057644,location_3521_14965561852696057644,3521,True,,,
3522,14966989689769482703,location_3522_14966989689769482703,3522,True,,,
3523,14967140621246360065,location_3523_14967140621246360065,3523,True,,,
3524,1496849868483644882,location_3524_1496849868483644882,3524,True,,,
3525,1496880786715025504,location_3525_1496880786715025504,3525,True,,,
3526,14968833463873887242,location_3526_14968833463873887242,3526,True,,,
3527,14969971322223645210,location_3527_14969971322223645210,3527,True,,,
3528,1496998921357269567,location_3528_1496998921357269567,3528,True,,,
3529,14971163481869477676,location_3529_14971163481869477676,3529,True,,,
3530,14971908579532139324,location_3530_14971908579532139324,3530,True,,,
3531,14973262958441821684,location_3531_14973262958441821684,3531,True,,,
3532,14973291391897817978,location_3532_14973291391897817978,3532,True,,,
3533,14975680259938140235,location_3533_14975680259938140235,3533,True,,,
3534,14976839171443640739,location_3534_14976839171443640739,3534,True,,,
3535,14976919172939607885,location_3535_14976919172939607885,3535,True,,,
3536,14980353281512786656,location_3536_14980353281512786656,3536,True,,,
3537,14981209227718700691,location_3537_14981209227718700691,3537,True,,,
3538,14985721437390104647,location_3538_14985721437390104647,3538,True,,,
3539,14986374800306345812,location_3539_14986374800306345812,3539,True,,,
3540,14986878426204284873,location_3540_14986878426204284873,3540,True,,,
3541,14987148501163246118,location_3541_14987148501163246118,3541,True,,,
3542,14987526210484541931,location_3542_14987526210484541931,3542,True,,,
3543,14988654024771949198,location_3543_14988654024771949198,3543,True,,,
3544,14988893212057182013,location_3544_14988893212057182013,3544,True,,,
3545,14988926192035140564,location_3545_14988926192035140564,3545,True,,,
3546,14989597100607309887,location_3546_14989597100607309887,3546,True,,,
3547,1498991230164392328,location_3547_1498991230164392328,3547,True,,,
3548,14991130946077453213,location_3548_14991130946077453213,3548,True,,,
3549,14995286568154827784,location_3549_14995286568154827784,3549,True,,,
3550,14995780955662552713,location_3550_14995780955662552713,3550,True,,,
3551,14996994049179897992,location_3551_14996994049179897992,3551,True,,,
3552,14997520069578649652,location_3552_14997520069578649652,3552,True,,,
3553,14998191431105742389,location_3553_14998191431105742389,3553,True,,,
3554,14999318709295161597,location_3554_14999318709295161597,3554,True,,,
3555,15000163923786688207,location_3555_15000163923786688207,3555,True,,,
3556,15000215253276223291,location_3556_15000215253276223291,3556,True,,,
3557,15000795757456830914,location_3557_15000795757456830914,3557,True,,,
3558,1500116871720987668,location_3558_1500116871720987668,3558,True,,,
3559,15003298435965496996,location_3559_15003298435965496996,3559,True,,,
3560,15006596898459436490,location_3560_15006596898459436490,3560,True,,,
3561,15006963898119993990,location_3561_15006963898119993990,3561,True,,,
3562,15007027434687586481,location_3562_15007027434687586481,3562,True,,,
3563,1500721343084651554,location_3563_1500721343084651554,3563,True,,,
3564,15007226784844969539,location_3564_15007226784844969539,3564,True,,,
3565,15007998107936580714,location_3565_15007998107936580714,3565,True,,,
3566,15008154036568932516,location_3566_15008154036568932516,3566,True,,,
3567,15012244519507301029,location_3567_15012244519507301029,3567,True,,,
3568,15012727279485618626,location_3568_15012727279485618626,3568,True,,,
3569,15012884728826442347,location_3569_15012884728826442347,3569,True,,,
3570,15013386557772293204,location_3570_15013386557772293204,3570,True,,,
3571,15013620938702110483,location_3571_15013620938702110483,3571,True,,,
3572,15014426684652869881,location_3572_15014426684652869881,3572,True,,,
3573,15020447900405054022,location_3573_15020447900405054022,3573,True,,,
3574,15022165657277517294,location_3574_15022165657277517294,3574,True,,,
3575,15025347966965421730,location_3575_15025347966965421730,3575,True,,,
3576,15025477156217734287,location_3576_15025477156217734287,3576,True,,,
3577,15026686486789931642,location_3577_15026686486789931642,3577,True,,,
3578,15028321434736005001,location_3578_15028321434736005001,3578,True,,,
3579,15030476890511138323,location_3579_15030476890511138323,3579,True,,,
3580,15033137720815851120,location_3580_15033137720815851120,3580,True,,,
3581,15035081409157390260,location_3581_15035081409157390260,3581,True,,,
3582,1503718215127102542,location_3582_1503718215127102542,3582,True,,,
3583,15041444465674780568,location_3583_15041444465674780568,3583,True,,,
3584,15044746273158978514,location_3584_15044746273158978514,3584,True,,,
3585,15046729713334099794,location_3585_15046729713334099794,3585,True,,,
3586,15047944281522215124,location_3586_15047944281522215124,3586,True,,,
3587,1504896611534573264,location_3587_1504896611534573264,3587,True,,,
3588,15049122721260505743,location_3588_15049122721260505743,3588,True,,,
3589,15050238373204367165,location_3589_15050238373204367165,3589,True,,,
3590,15051403127394456753,location_3590_15051403127394456753,3590,True,,,
3591,15051876635456975360,location_3591_15051876635456975360,3591,True,,,
3592,15053110229303902433,location_3592_15053110229303902433,3592,True,,,
3593,15054536376282316176,location_3593_15054536376282316176,3593,True,,,
3594,1505645112906070262,location_3594_1505645112906070262,3594,True,,,
3595,1505705876669358194,location_3595_1505705876669358194,3595,True,,,
3596,15057359011419631538,location_3596_15057359011419631538,3596,True,,,
3597,15057418242385751081,location_3597_15057418242385751081,3597,True,,,
3598,15058946724262060235,location_3598_15058946724262060235,3598,True,,,
3599,15058956949231370028,location_3599_15058956949231370028,3599,True,,,
3600,15059487381512481389,location_3600_15059487381512481389,3600,True,,,
3601,15060169804582683483,location_3601_15060169804582683483,3601,True,,,
3602,15061071468421607578,location_3602_15061071468421607578,3602,True,,,
3603,15061329070781634372,location_3603_15061329070781634372,3603,True,,,
3604,15061854069404966179,location_3604_15061854069404966179,3604,True,,,
3605,15064146787462951714,location_3605_15064146787462951714,3605,True,,,
3606,15064551816458625289,location_3606_15064551816458625289,3606,True,,,
3607,1506459680200378025,location_3607_1506459680200378025,3607,True,,,
3608,15066390078509473597,location_3608_15066390078509473597,3608,True,,,
3609,15066566164220351905,location_3609_15066566164220351905,3609,True,,,
3610,15067152291017425734,location_3610_15067152291017425734,3610,True,,,
3611,15067373725120613927,location_3611_15067373725120613927,3611,True,,,
3612,15068543300645903756,location_3612_15068543300645903756,3612,True,,,
3613,15070730539706563487,location_3613_15070730539706563487,3613,True,,,
3614,15073006238629490399,location_3614_15073006238629490399,3614,True,,,
3615,150732813897282181,location_3615_150732813897282181,3615,True,,,
3616,15076396159497628408,location_3616_15076396159497628408,3616,True,,,
3617,15076950575866119942,location_3617_15076950575866119942,3617,True,,,
3618,15078836681962877074,location_3618_15078836681962877074,3618,True,,,
3619,1507885831903552627,location_3619_1507885831903552627,3619,True,,,
3620,15082060843824993800,location_3620_15082060843824993800,3620,True,,,
3621,15083011259796257183,location_3621_15083011259796257183,3621,True,,,
3622,15085802630327486474,location_3622_15085802630327486474,3622,True,,,
3623,15085945086266509168,location_3623_15085945086266509168,3623,True,,,
3624,15090105230371531159,location_3624_15090105230371531159,3624,True,,,
3625,15091221303468005851,location_3625_15091221303468005851,3625,True,,,
3626,15094819208505851229,location_3626_15094819208505851229,3626,True,,,
3627,15099828635498608551,location_3627_15099828635498608551,3627,True,,,
3628,15100458509598338016,location_3628_15100458509598338016,3628,True,,,
3629,1510068467668706113,location_3629_1510068467668706113,3629,True,,,
3630,15100871357682039411,location_3630_15100871357682039411,3630,True,,,
3631,15105125121514093266,location_3631_15105125121514093266,3631,True,,,
3632,15105906167055586906,location_3632_15105906167055586906,3632,True,,,
3633,15107089721231391960,location_3633_15107089721231391960,3633,True,,,
3634,15112039531873895830,location_3634_15112039531873895830,3634,True,,,
3635,1511252581832488964,location_3635_1511252581832488964,3635,True,,,
3636,15114164924531450038,location_3636_15114164924531450038,3636,True,,,
3637,15118067502483871544,location_3637_15118067502483871544,3637,True,,,
3638,15118509735595672585,location_3638_15118509735595672585,3638,True,,,
3639,15119655676891758937,location_3639_15119655676891758937,3639,True,,,
3640,15124232516565366493,location_3640_15124232516565366493,3640,True,,,
3641,15125102446901176196,location_3641_15125102446901176196,3641,True,,,
3642,15127597270750307866,location_3642_15127597270750307866,3642,True,,,
3643,15127658468626092849,location_3643_15127658468626092849,3643,True,,,
3644,15127690323390027163,location_3644_15127690323390027163,3644,True,,,
3645,15129985873423515986,location_3645_15129985873423515986,3645,True,,,
3646,1513257910347134898,location_3646_1513257910347134898,3646,True,,,
3647,15134730939691489529,location_3647_15134730939691489529,3647,True,,,
3648,15136034313725540532,location_3648_15136034313725540532,3648,True,,,
3649,15137461914415801976,location_3649_15137461914415801976,3649,True,,,
3650,15138278598055846875,location_3650_15138278598055846875,3650,True,,,
3651,15139088745974499264,location_3651_15139088745974499264,3651,True,,,
3652,1514336301440324753,location_3652_1514336301440324753,3652,True,,,
3653,15145220059023571820,location_3653_15145220059023571820,3653,True,,,
3654,15150378743963727227,location_3654_15150378743963727227,3654,True,,,
3655,15151206447742594042,location_3655_15151206447742594042,3655,True,,,
3656,15151940669520825036,location_3656_15151940669520825036,3656,True,,,
3657,15152717779422463809,location_3657_15152717779422463809,3657,True,,,
3658,15153257081080651115,location_3658_15153257081080651115,3658,True,,,
3659,15153620048850250188,location_3659_15153620048850250188,3659,True,,,
3660,15155569235507070388,location_3660_15155569235507070388,3660,True,,,
3661,15156626612866322386,location_3661_15156626612866322386,3661,True,,,
3662,15157535641199227266,location_3662_15157535641199227266,3662,True,,,
3663,1515792675703949914,location_3663_1515792675703949914,3663,True,,,
3664,15159620031778617474,location_3664_15159620031778617474,3664,True,,,
3665,15159776277006672944,location_3665_15159776277006672944,3665,True,,,
3666,15160312469152426494,location_3666_15160312469152426494,3666,True,,,
3667,15161372817555420503,location_3667_15161372817555420503,3667,True,,,
3668,15163794541669311332,location_3668_15163794541669311332,3668,True,,,
3669,15165870696305869477,location_3669_15165870696305869477,3669,True,,,
3670,15165885724032230948,location_3670_15165885724032230948,3670,True,,,
3671,15171896294697272750,location_3671_15171896294697272750,3671,True,,,
3672,15173531148153127236,location_3672_15173531148153127236,3672,True,,,
3673,15175202587298535414,location_3673_15175202587298535414,3673,True,,,
3674,15175301704624974890,location_3674_15175301704624974890,3674,True,,,
3675,15182381054830540611,location_3675_15182381054830540611,3675,True,,,
3676,15183940902600143976,location_3676_15183940902600143976,3676,True,,,
3677,15190204864786374307,location_3677_15190204864786374307,3677,True,,,
3678,15192156490392925017,location_3678_15192156490392925017,3678,True,,,
3679,15193228236713672447,location_3679_15193228236713672447,3679,True,,,
3680,15193941350634150567,location_3680_15193941350634150567,3680,True,,,
3681,15195513719618232011,location_3681_15195513719618232011,3681,True,,,
3682,15197103161790012332,location_3682_15197103161790012332,3682,True,,,
3683,1519956749138300745,location_3683_1519956749138300745,3683,True,,,
3684,15201311301280908079,location_3684_15201311301280908079,3684,True,,,
3685,15203478280634069590,location_3685_15203478280634069590,3685,True,,,
3686,15208879513918019775,location_3686_15208879513918019775,3686,True,,,
3687,15211437154029088818,location_3687_15211437154029088818,3687,True,,,
3688,15212703702783365920,location_3688_15212703702783365920,3688,True,,,
3689,1521310511727213708,location_3689_1521310511727213708,3689,True,,,
3690,15213125583966328801,location_3690_15213125583966328801,3690,True,,,
3691,15213433695883236189,location_3691_15213433695883236189,3691,True,,,
3692,15216148524022143466,location_3692_15216148524022143466,3692,True,,,
3693,1521727568168929986,location_3693_1521727568168929986,3693,True,,,
3694,15217612261041362280,location_3694_15217612261041362280,3694,True,,,
3695,15218407335872814505,location_3695_15218407335872814505,3695,True,,,
3696,1521940118760798847,location_3696_1521940118760798847,3696,True,,,
3697,15220589275992412473,location_3697_15220589275992412473,3697,True,,,
3698,15220914738109046147,location_3698_15220914738109046147,3698,True,,,
3699,15221441538611177548,location_3699_15221441538611177548,3699,True,,,
3700,15221837235337947990,location_3700_15221837235337947990,3700,True,,,
3701,15221933319690658627,location_3701_15221933319690658627,3701,True,,,
3702,15222923493644562196,location_3702_15222923493644562196,3702,True,,,
3703,15223179302833383851,location_3703_15223179302833383851,3703,True,,,
3704,15223490653405275873,location_3704_15223490653405275873,3704,True,,,
3705,15223795942294103780,location_3705_15223795942294103780,3705,True,,,
3706,15224369698812460266,location_3706_15224369698812460266,3706,True,,,
3707,15228566815290547324,location_3707_15228566815290547324,3707,True,,,
3708,15229272287918147810,location_3708_15229272287918147810,3708,True,,,
3709,15232205196397060792,location_3709_15232205196397060792,3709,True,,,
3710,15232474468223408316,location_3710_15232474468223408316,3710,True,,,
3711,15232634319550257811,location_3711_15232634319550257811,3711,True,,,
3712,15234031711152802257,location_3712_15234031711152802257,3712,True,,,
3713,15235053248297161203,location_3713_15235053248297161203,3713,True,,,
3714,15235470393700794529,location_3714_15235470393700794529,3714,True,,,
3715,15236823285802321094,location_3715_15236823285802321094,3715,True,,,
3716,15237289974913225537,location_3716_15237289974913225537,3716,True,,,
3717,15239552840870311726,location_3717_15239552840870311726,3717,True,,,
3718,15240007529042318110,location_3718_15240007529042318110,3718,True,,,
3719,15240605667299214266,location_3719_15240605667299214266,3719,True,,,
3720,15240888554886723600,location_3720_15240888554886723600,3720,True,,,
3721,15241794374375710733,location_3721_15241794374375710733,3721,True,,,
3722,15242866971204580977,location_3722_15242866971204580977,3722,True,,,
3723,15243564551295532343,location_3723_15243564551295532343,3723,True,,,
3724,15247472789048489755,location_3724_15247472789048489755,3724,True,,,
3725,15248399581502146969,location_3725_15248399581502146969,3725,True,,,
3726,15248745953531950625,location_3726_15248745953531950625,3726,True,,,
3727,15249493723282333852,location_3727_15249493723282333852,3727,True,,,
3728,15253639818174050381,location_3728_15253639818174050381,3728,True,,,
3729,15253762794894724427,location_3729_15253762794894724427,3729,True,,,
3730,152545995095613926,location_3730_152545995095613926,3730,True,,,
3731,15258028297984079496,location_3731_15258028297984079496,3731,True,,,
3732,15260374994737252962,location_3732_15260374994737252962,3732,True,,,
3733,15260534400850967767,location_3733_15260534400850967767,3733,True,,,
3734,15262119745478362319,location_3734_15262119745478362319,3734,True,,,
3735,15262151317415715223,location_3735_15262151317415715223,3735,True,,,
3736,152625325908812591,location_3736_152625325908812591,3736,True,,,
3737,15263063180770304130,location_3737_15263063180770304130,3737,True,,,
3738,15264378666847069912,location_3738_15264378666847069912,3738,True,,,
3739,15265177470680645639,location_3739_15265177470680645639,3739,True,,,
3740,15266843009818381076,location_3740_15266843009818381076,3740,True,,,
3741,15266956358757345686,location_3741_15266956358757345686,3741,True,,,
3742,15269607410667452529,location_3742_15269607410667452529,3742,True,,,
3743,15272474797006092406,location_3743_15272474797006092406,3743,True,,,
3744,15272600586209047552,location_3744_15272600586209047552,3744,True,,,
3745,15277482805480142480,location_3745_15277482805480142480,3745,True,,,
3746,15279142109512756472,location_3746_15279142109512756472,3746,True,,,
3747,15279197202671468854,location_3747_15279197202671468854,3747,True,,,
3748,15280318966022497803,location_3748_15280318966022497803,3748,True,,,
3749,15280998427902166822,location_3749_15280998427902166822,3749,True,,,
3750,15281357996555922773,location_3750_15281357996555922773,3750,True,,,
3751,15281394803966947554,location_3751_15281394803966947554,3751,True,,,
3752,15285294195903913655,location_3752_15285294195903913655,3752,True,,,
3753,15285436391693588196,location_3753_15285436391693588196,3753,True,,,
3754,15290731438276230022,location_3754_15290731438276230022,3754,True,,,
3755,15290983134428277465,location_3755_15290983134428277465,3755,True,,,
3756,1529143615877120854,location_3756_1529143615877120854,3756,True,,,
3757,15292960282414451972,location_3757_15292960282414451972,3757,True,,,
3758,15293069662429964019,location_3758_15293069662429964019,3758,True,,,
3759,15293413214490598624,location_3759_15293413214490598624,3759,True,,,
3760,1529596107638163196,location_3760_1529596107638163196,3760,True,,,
3761,15296328877971165035,location_3761_15296328877971165035,3761,True,,,
3762,15297530127436505196,location_3762_15297530127436505196,3762,True,,,
3763,15297741613136066944,location_3763_15297741613136066944,3763,True,,,
3764,15297860684595609424,location_3764_15297860684595609424,3764,True,,,
3765,15297888425131881783,location_3765_15297888425131881783,3765,True,,,
3766,15299297473364073256,location_3766_15299297473364073256,3766,True,,,
3767,15299362764591736192,location_3767_15299362764591736192,3767,True,,,
3768,1530565689299682204,location_3768_1530565689299682204,3768,True,,,
3769,15312756861760120167,location_3769_15312756861760120167,3769,True,,,
3770,15314317197193662959,location_3770_15314317197193662959,3770,True,,,
3771,15317893634267745558,location_3771_15317893634267745558,3771,True,,,
3772,15318490794182131153,location_3772_15318490794182131153,3772,True,,,
3773,15320560108052312181,location_3773_15320560108052312181,3773,True,,,
3774,15320868792307073334,location_3774_15320868792307073334,3774,True,,,
3775,15323605275129257257,location_3775_15323605275129257257,3775,True,,,
3776,15324687932626536112,location_3776_15324687932626536112,3776,True,,,
3777,15325256261386202304,location_3777_15325256261386202304,3777,True,,,
3778,15325865296754270335,location_3778_15325865296754270335,3778,True,,,
3779,15327812063766567173,location_3779_15327812063766567173,3779,True,,,
3780,15328413481086816789,location_3780_15328413481086816789,3780,True,,,
3781,15329349119244773506,location_3781_15329349119244773506,3781,True,,,
3782,15329774723230507013,location_3782_15329774723230507013,3782,True,,,
3783,15334757085753066180,location_3783_15334757085753066180,3783,True,,,
3784,1533551414039284057,location_3784_1533551414039284057,3784,True,,,
3785,15336099220645934637,location_3785_15336099220645934637,3785,True,,,
3786,15336187010439721352,location_3786_15336187010439721352,3786,True,,,
3787,15338669156340608910,location_3787_15338669156340608910,3787,True,,,
3788,15339325780946586021,location_3788_15339325780946586021,3788,True,,,
3789,15339740911659876833,location_3789_15339740911659876833,3789,True,,,
3790,15340160421804998388,location_3790_15340160421804998388,3790,True,,,
3791,15340368358429534106,location_3791_15340368358429534106,3791,True,,,
3792,15341431176191827982,location_3792_15341431176191827982,3792,True,,,
3793,15343524756444695815,location_3793_15343524756444695815,3793,True,,,
3794,1534758843069170800,location_3794_1534758843069170800,3794,True,,,
3795,15349385264742152939,location_3795_15349385264742152939,3795,True,,,
3796,15350162146171561439,location_3796_15350162146171561439,3796,True,,,
3797,15350687928951342611,location_3797_15350687928951342611,3797,True,,,
3798,1535068936984001314,location_3798_1535068936984001314,3798,True,,,
3799,15351615126343712516,location_3799_15351615126343712516,3799,True,,,
3800,15351914018038973123,location_3800_15351914018038973123,3800,True,,,
3801,15355112271345946311,location_3801_15355112271345946311,3801,True,,,
3802,15357999911416385306,location_3802_15357999911416385306,3802,True,,,
3803,15360211229157050263,location_3803_15360211229157050263,3803,True,,,
3804,15361242965822483242,location_3804_15361242965822483242,3804,True,,,
3805,15366214616782497199,location_3805_15366214616782497199,3805,True,,,
3806,15377960777865448837,location_3806_15377960777865448837,3806,True,,,
3807,15378229114565818619,location_3807_15378229114565818619,3807,True,,,
3808,15379574453217817311,location_3808_15379574453217817311,3808,True,,,
3809,15380218147139658080,location_3809_15380218147139658080,3809,True,,,
3810,15386425867762898569,location_3810_15386425867762898569,3810,True,,,
3811,15387398865570908246,location_3811_15387398865570908246,3811,True,,,
3812,15387770183423524292,location_3812_15387770183423524292,3812,True,,,
3813,15396357304674377119,location_3813_15396357304674377119,3813,True,,,
3814,15398623555465799524,location_3814_15398623555465799524,3814,True,,,
3815,15399941761561820594,location_3815_15399941761561820594,3815,True,,,
3816,15402053871309996123,location_3816_15402053871309996123,3816,True,,,
3817,15408659938387127562,location_3817_15408659938387127562,3817,True,,,
3818,15412862599534108453,location_3818_15412862599534108453,3818,True,,,
3819,15412996882012084389,location_3819_15412996882012084389,3819,True,,,
3820,15413220080616785504,location_3820_15413220080616785504,3820,True,,,
3821,1541342306730301344,location_3821_1541342306730301344,3821,True,,,
3822,15415809936849797612,location_3822_15415809936849797612,3822,True,,,
3823,15415979530524170986,location_3823_15415979530524170986,3823,True,,,
3824,15416508459834207927,location_3824_15416508459834207927,3824,True,,,
3825,15416697432089714595,location_3825_15416697432089714595,3825,True,,,
3826,154183316935015499,location_3826_154183316935015499,3826,True,,,
3827,15420008763485567165,location_3827_15420008763485567165,3827,True,,,
3828,15420819502626883080,location_3828_15420819502626883080,3828,True,,,
3829,1542133609386173478,location_3829_1542133609386173478,3829,True,,,
3830,15426150253648722893,location_3830_15426150253648722893,3830,True,,,
3831,15428859812012759585,location_3831_15428859812012759585,3831,True,,,
3832,15429014831417614611,location_3832_15429014831417614611,3832,True,,,
3833,15430031715164079160,location_3833_15430031715164079160,3833,True,,,
3834,15430759962643769391,location_3834_15430759962643769391,3834,True,,,
3835,15431001728718104511,location_3835_15431001728718104511,3835,True,,,
3836,15432874744396948110,location_3836_15432874744396948110,3836,True,,,
3837,15436490228362863693,location_3837_15436490228362863693,3837,True,,,
3838,15437495717359483754,location_3838_15437495717359483754,3838,True,,,
3839,15437540473935481056,location_3839_15437540473935481056,3839,True,,,
3840,15437713197685023390,location_3840_15437713197685023390,3840,True,,,
3841,15439727830362881762,location_3841_15439727830362881762,3841,True,,,
3842,15441905589566480272,location_3842_15441905589566480272,3842,True,,,
3843,15443850437572374435,location_3843_15443850437572374435,3843,True,,,
3844,1544478244912484832,location_3844_1544478244912484832,3844,True,,,
3845,15447048936770427682,location_3845_15447048936770427682,3845,True,,,
3846,15450370906005324654,location_3846_15450370906005324654,3846,True,,,
3847,15452643698720050935,location_3847_15452643698720050935,3847,True,,,
3848,15461444990522914438,location_3848_15461444990522914438,3848,True,,,
3849,15461494172497234483,location_3849_15461494172497234483,3849,True,,,
3850,15461750073156947750,location_3850_15461750073156947750,3850,True,,,
3851,15461835587609192572,location_3851_15461835587609192572,3851,True,,,
3852,154630042590565175,location_3852_154630042590565175,3852,True,,,
3853,15465592569176116331,location_3853_15465592569176116331,3853,True,,,
3854,15466136080831723593,location_3854_15466136080831723593,3854,True,,,
3855,15469975586832062188,location_3855_15469975586832062188,3855,True,,,
3856,15470969938484726837,location_3856_15470969938484726837,3856,True,,,
3857,15471283215807415662,location_3857_15471283215807415662,3857,True,,,
3858,15474484908649915421,location_3858_15474484908649915421,3858,True,,,
3859,1547478307797119565,location_3859_1547478307797119565,3859,True,,,
3860,1547481572010548699,location_3860_1547481572010548699,3860,True,,,
3861,15475075461453801011,location_3861_15475075461453801011,3861,True,,,
3862,15475209292245129720,location_3862_15475209292245129720,3862,True,,,
3863,15475504717962644941,location_3863_15475504717962644941,3863,True,,,
3864,1547583761937966640,location_3864_1547583761937966640,3864,True,,,
3865,15476535291586615877,location_3865_15476535291586615877,3865,True,,,
3866,15478348516868756346,location_3866_15478348516868756346,3866,True,,,
3867,154819619391249281,location_3867_154819619391249281,3867,True,,,
3868,15482635013714493150,location_3868_15482635013714493150,3868,True,,,
3869,15483308127167294437,location_3869_15483308127167294437,3869,True,,,
3870,1548666063209717273,location_3870_1548666063209717273,3870,True,,,
3871,15489955450387644671,location_3871_15489955450387644671,3871,True,,,
3872,15491963192605234195,location_3872_15491963192605234195,3872,True,,,
3873,15492203908965909167,location_3873_15492203908965909167,3873,True,,,
3874,15497124474482965819,location_3874_15497124474482965819,3874,True,,,
3875,15498357394030556919,location_3875_15498357394030556919,3875,True,,,
3876,15500914533961105138,location_3876_15500914533961105138,3876,True,,,
3877,15502593795362392261,location_3877_15502593795362392261,3877,True,,,
3878,15503264363074008988,location_3878_15503264363074008988,3878,True,,,
3879,15503511932874143567,location_3879_15503511932874143567,3879,True,,,
3880,15503973406209621655,location_3880_15503973406209621655,3880,True,,,
3881,15504195432603052823,location_3881_15504195432603052823,3881,True,,,
3882,15504904044618960492,location_3882_15504904044618960492,3882,True,,,
3883,15506789404327589657,location_3883_15506789404327589657,3883,True,,,
3884,15508270777868562819,location_3884_15508270777868562819,3884,True,,,
3885,1550856528977941768,location_3885_1550856528977941768,3885,True,,,
3886,15509279053592293943,location_3886_15509279053592293943,3886,True,,,
3887,15509499258828163201,location_3887_15509499258828163201,3887,True,,,
3888,1550988461640654962,location_3888_1550988461640654962,3888,True,,,
3889,15510455762107263286,location_3889_15510455762107263286,3889,True,,,
3890,1551096396336570584,location_3890_1551096396336570584,3890,True,,,
3891,15511735107023128208,location_3891_15511735107023128208,3891,True,,,
3892,15512432561329636708,location_3892_15512432561329636708,3892,True,,,
3893,15512658317024647645,location_3893_15512658317024647645,3893,True,,,
3894,15513229718944424219,location_3894_15513229718944424219,3894,True,,,
3895,1551337265906060847,location_3895_1551337265906060847,3895,True,,,
3896,15514766598760299695,location_3896_15514766598760299695,3896,True,,,
3897,15515006120884039844,location_3897_15515006120884039844,3897,True,,,
3898,15515193427289979130,location_3898_15515193427289979130,3898,True,,,
3899,15515500217952742265,location_3899_15515500217952742265,3899,True,,,
3900,15516134604655361065,location_3900_15516134604655361065,3900,True,,,
3901,15516163003066045782,location_3901_15516163003066045782,3901,True,,,
3902,15516264670602983771,location_3902_15516264670602983771,3902,True,,,
3903,15517223457404297122,location_3903_15517223457404297122,3903,True,,,
3904,15517715376094637765,location_3904_15517715376094637765,3904,True,,,
3905,1551955179001830731,location_3905_1551955179001830731,3905,True,,,
3906,15520314357870152549,location_3906_15520314357870152549,3906,True,,,
3907,15522815557722474867,location_3907_15522815557722474867,3907,True,,,
3908,15524451454047080295,location_3908_15524451454047080295,3908,True,,,
3909,15525338015378282537,location_3909_15525338015378282537,3909,True,,,
3910,1552898240395868517,location_3910_1552898240395868517,3910,True,,,
3911,15529810601306203002,location_3911_15529810601306203002,3911,True,,,
3912,15531284725751932690,location_3912_15531284725751932690,3912,True,,,
3913,15534265114970961949,location_3913_15534265114970961949,3913,True,,,
3914,15534347228597043676,location_3914_15534347228597043676,3914,True,,,
3915,15534594996466163815,location_3915_15534594996466163815,3915,True,,,
3916,15534704775344393560,location_3916_15534704775344393560,3916,True,,,
3917,15536704739506691092,location_3917_15536704739506691092,3917,True,,,
3918,1553752604264242466,location_3918_1553752604264242466,3918,True,,,
3919,15539496139360893563,location_3919_15539496139360893563,3919,True,,,
3920,15541744404806577299,location_3920_15541744404806577299,3920,True,,,
3921,15543196018089280128,location_3921_15543196018089280128,3921,True,,,
3922,15543728881257595283,location_3922_15543728881257595283,3922,True,,,
3923,15545107244714951219,location_3923_15545107244714951219,3923,True,,,
3924,1554741895745713922,location_3924_1554741895745713922,3924,True,,,
3925,15547905737298051185,location_3925_15547905737298051185,3925,True,,,
3926,15549928847836388748,location_3926_15549928847836388748,3926,True,,,
3927,15549965066488524472,location_3927_15549965066488524472,3927,True,,,
3928,15550681356071903590,location_3928_15550681356071903590,3928,True,,,
3929,15551555259836316339,location_3929_15551555259836316339,3929,True,,,
3930,15553417848601464411,location_3930_15553417848601464411,3930,True,,,
3931,15555518631824178572,location_3931_15555518631824178572,3931,True,,,
3932,15556258239308627759,location_3932_15556258239308627759,3932,True,,,
3933,15561809128657941779,location_3933_15561809128657941779,3933,True,,,
3934,1556209710024112066,location_3934_1556209710024112066,3934,True,,,
3935,15562254748887614764,location_3935_15562254748887614764,3935,True,,,
3936,15562584326876901299,location_3936_15562584326876901299,3936,True,,,
3937,15563065285449067523,location_3937_15563065285449067523,3937,True,,,
3938,15564552937248411155,location_3938_15564552937248411155,3938,True,,,
3939,15565371925902887416,location_3939_15565371925902887416,3939,True,,,
3940,15570486626255738573,location_3940_15570486626255738573,3940,True,,,
3941,1557141280387376660,location_3941_1557141280387376660,3941,True,,,
3942,15571426775561073467,location_3942_15571426775561073467,3942,True,,,
3943,15578526048084037956,location_3943_15578526048084037956,3943,True,,,
3944,15580246486816432026,location_3944_15580246486816432026,3944,True,,,
3945,15583889839789655477,location_3945_15583889839789655477,3945,True,,,
3946,15584243535552388003,location_3946_15584243535552388003,3946,True,,,
3947,15591384478440637478,location_3947_15591384478440637478,3947,True,,,
3948,15594800118682014997,location_3948_15594800118682014997,3948,True,,,
3949,15595783110333958072,location_3949_15595783110333958072,3949,True,,,
3950,15598403894163910968,location_3950_15598403894163910968,3950,True,,,
3951,15598553669645588325,location_3951_15598553669645588325,3951,True,,,
3952,15601536579328611115,location_3952_15601536579328611115,3952,True,,,
3953,15602791623836382172,location_3953_15602791623836382172,3953,True,,,
3954,15604405907519251405,location_3954_15604405907519251405,3954,True,,,
3955,15605126217912198049,location_3955_15605126217912198049,3955,True,,,
3956,15605560806887474000,location_3956_15605560806887474000,3956,True,,,
3957,1560626182200114573,location_3957_1560626182200114573,3957,True,,,
3958,15607603124253926452,location_3958_15607603124253926452,3958,True,,,
3959,15608449154723390467,location_3959_15608449154723390467,3959,True,,,
3960,15609582438846178832,location_3960_15609582438846178832,3960,True,,,
3961,15610191976772523767,location_3961_15610191976772523767,3961,True,,,
3962,15613201902762211281,location_3962_15613201902762211281,3962,True,,,
3963,15616154254501430648,location_3963_15616154254501430648,3963,True,,,
3964,15616336835020176312,location_3964_15616336835020176312,3964,True,,,
3965,15618995951338263643,location_3965_15618995951338263643,3965,True,,,
3966,15620040772945936419,location_3966_15620040772945936419,3966,True,,,
3967,15623279668484351385,location_3967_15623279668484351385,3967,True,,,
3968,15625495755714830267,location_3968_15625495755714830267,3968,True,,,
3969,15625883944953511583,location_3969_15625883944953511583,3969,True,,,
3970,15626773903334913744,location_3970_15626773903334913744,3970,True,,,
3971,15628403651142115021,location_3971_15628403651142115021,3971,True,,,
3972,15629566197689013548,location_3972_15629566197689013548,3972,True,,,
3973,15630271095522424996,location_3973_15630271095522424996,3973,True,,,
3974,15631733298344499456,location_3974_15631733298344499456,3974,True,,,
3975,15631938550145947643,location_3975_15631938550145947643,3975,True,,,
3976,15632148175590910303,location_3976_15632148175590910303,3976,True,,,
3977,15635055446070909198,location_3977_15635055446070909198,3977,True,,,
3978,15637016392442314989,location_3978_15637016392442314989,3978,True,,,
3979,15643964224171132805,location_3979_15643964224171132805,3979,True,,,
3980,15645364159124260731,location_3980_15645364159124260731,3980,True,,,
3981,15645409828572805534,location_3981_15645409828572805534,3981,True,,,
3982,15646189894335843704,location_3982_15646189894335843704,3982,True,,,
3983,15647724299429608825,location_3983_15647724299429608825,3983,True,,,
3984,15648103572869870097,location_3984_15648103572869870097,3984,True,,,
3985,15648428502422449606,location_3985_15648428502422449606,3985,True,,,
3986,15651345423974460664,location_3986_15651345423974460664,3986,True,,,
3987,15654396542739208492,location_3987_15654396542739208492,3987,True,,,
3988,15655802720175899786,location_3988_15655802720175899786,3988,True,,,
3989,15655827869377279029,location_3989_15655827869377279029,3989,True,,,
3990,15656308596204940705,location_3990_15656308596204940705,3990,True,,,
3991,15657538031622682942,location_3991_15657538031622682942,3991,True,,,
3992,15658039625829096469,location_3992_15658039625829096469,3992,True,,,
3993,15659239824846916826,location_3993_15659239824846916826,3993,True,,,
3994,15660099642512862068,location_3994_15660099642512862068,3994,True,,,
3995,15661128782097899555,location_3995_15661128782097899555,3995,True,,,
3996,1566167148354843671,location_3996_1566167148354843671,3996,True,,,
3997,15662082984904510229,location_3997_15662082984904510229,3997,True,,,
3998,15666109487026046167,location_3998_15666109487026046167,3998,True,,,
3999,15666198727322848805,location_3999_15666198727322848805,3999,True,,,
4000,15667944798167216837,location_4000_15667944798167216837,4000,True,,,
4001,15668842121676504709,location_4001_15668842121676504709,4001,True,,,
4002,1567108898423800101,location_4002_1567108898423800101,4002,True,,,
4003,1567399962412166909,location_4003_1567399962412166909,4003,True,,,
4004,15674427010728351144,location_4004_15674427010728351144,4004,True,,,
4005,1567600075714773399,location_4005_1567600075714773399,4005,True,,,
4006,15676400844861560531,location_4006_15676400844861560531,4006,True,,,
4007,15677364048145429518,location_4007_15677364048145429518,4007,True,,,
4008,1567952932509645104,location_4008_1567952932509645104,4008,True,,,
4009,15681189060670824892,location_4009_15681189060670824892,4009,True,,,
4010,15683014498350035668,location_4010_15683014498350035668,4010,True,,,
4011,15683872159809009811,location_4011_15683872159809009811,4011,True,,,
4012,15684854089522988578,location_4012_15684854089522988578,4012,True,,,
4013,15688063335646578547,location_4013_15688063335646578547,4013,True,,,
4014,15688613236035906858,location_4014_15688613236035906858,4014,True,,,
4015,15690368132034007598,location_4015_15690368132034007598,4015,True,,,
4016,15692102105403148275,location_4016_15692102105403148275,4016,True,,,
4017,1569287711756302651,location_4017_1569287711756302651,4017,True,,,
4018,15696350200030995701,location_4018_15696350200030995701,4018,True,,,
4019,15700140607649632797,location_4019_15700140607649632797,4019,True,,,
4020,15700165227123784294,location_4020_15700165227123784294,4020,True,,,
4021,15701469199726078561,location_4021_15701469199726078561,4021,True,,,
4022,15706140061268359940,location_4022_15706140061268359940,4022,True,,,
4023,15706981502381743808,location_4023_15706981502381743808,4023,True,,,
4024,15708269585805977406,location_4024_15708269585805977406,4024,True,,,
4025,1570921310715411281,location_4025_1570921310715411281,4025,True,,,
4026,15710134313455548185,location_4026_15710134313455548185,4026,True,,,
4027,15711506763502400820,location_4027_15711506763502400820,4027,True,,,
4028,15712538828330856399,location_4028_15712538828330856399,4028,True,,,
4029,15715277775645773682,location_4029_15715277775645773682,4029,True,,,
4030,15719910149838772250,location_4030_15719910149838772250,4030,True,,,
4031,15720464005715777695,location_4031_15720464005715777695,4031,True,,,
4032,15720879670639810062,location_4032_15720879670639810062,4032,True,,,
4033,15720899465234157936,location_4033_15720899465234157936,4033,True,,,
4034,15725694252790602884,location_4034_15725694252790602884,4034,True,,,
4035,15727648116167211541,location_4035_15727648116167211541,4035,True,,,
4036,15729650793266327563,location_4036_15729650793266327563,4036,True,,,
4037,15731176987282508116,location_4037_15731176987282508116,4037,True,,,
4038,15733120587342697021,location_4038_15733120587342697021,4038,True,,,
4039,15733800767780470591,location_4039_15733800767780470591,4039,True,,,
4040,15735190555019574812,location_4040_15735190555019574812,4040,True,,,
4041,15739087556724935708,location_4041_15739087556724935708,4041,True,,,
4042,15739646071951912988,location_4042_15739646071951912988,4042,True,,,
4043,15741137177130592137,location_4043_15741137177130592137,4043,True,,,
4044,15741993386578879941,location_4044_15741993386578879941,4044,True,,,
4045,15742478471673145420,location_4045_15742478471673145420,4045,True,,,
4046,15742725870962255282,location_4046_15742725870962255282,4046,True,,,
4047,15745512440174541773,location_4047_15745512440174541773,4047,True,,,
4048,15745924195169831788,location_4048_15745924195169831788,4048,True,,,
4049,15748071536227009464,location_4049_15748071536227009464,4049,True,,,
4050,15749981703341250475,location_4050_15749981703341250475,4050,True,,,
4051,15750292406080118058,location_4051_15750292406080118058,4051,True,,,
4052,15752589068416139822,location_4052_15752589068416139822,4052,True,,,
4053,15755671039915568144,location_4053_15755671039915568144,4053,True,,,
4054,15756161667557169385,location_4054_15756161667557169385,4054,True,,,
4055,15757738023262822621,location_4055_15757738023262822621,4055,True,,,
4056,15758137683332630729,location_4056_15758137683332630729,4056,True,,,
4057,15760526175893974085,location_4057_15760526175893974085,4057,True,,,
4058,1576197742349426007,location_4058_1576197742349426007,4058,True,,,
4059,15763084604911167116,location_4059_15763084604911167116,4059,True,,,
4060,15763315697636327066,location_4060_15763315697636327066,4060,True,,,
4061,15763448161700232870,location_4061_15763448161700232870,4061,True,,,
4062,15767804214236893657,location_4062_15767804214236893657,4062,True,,,
4063,15767860202343706685,location_4063_15767860202343706685,4063,True,,,
4064,15768099136739999680,location_4064_15768099136739999680,4064,True,,,
4065,15771704928107346711,location_4065_15771704928107346711,4065,True,,,
4066,15771758846754010574,location_4066_15771758846754010574,4066,True,,,
4067,15772209247178469817,location_4067_15772209247178469817,4067,True,,,
4068,15773583930485796445,location_4068_15773583930485796445,4068,True,,,
4069,15777463021044065235,location_4069_15777463021044065235,4069,True,,,
4070,15778462809994869878,location_4070_15778462809994869878,4070,True,,,
4071,1577881121378545764,location_4071_1577881121378545764,4071,True,,,
4072,15779619587303671637,location_4072_15779619587303671637,4072,True,,,
4073,15779854745212617253,location_4073_15779854745212617253,4073,True,,,
4074,15782483360791221539,location_4074_15782483360791221539,4074,True,,,
4075,15785067437274062405,location_4075_15785067437274062405,4075,True,,,
4076,1579136870498059150,location_4076_1579136870498059150,4076,True,,,
4077,15793554945661790804,location_4077_15793554945661790804,4077,True,,,
4078,15793695471411552213,location_4078_15793695471411552213,4078,True,,,
4079,15794264755895184873,location_4079_15794264755895184873,4079,True,,,
4080,15794629187774335589,location_4080_15794629187774335589,4080,True,,,
4081,15795444523091881071,location_4081_15795444523091881071,4081,True,,,
4082,15797328317197690384,location_4082_15797328317197690384,4082,True,,,
4083,1579777364667640229,location_4083_1579777364667640229,4083,True,,,
4084,1579852567470605749,location_4084_1579852567470605749,4084,True,,,
4085,15798995474703729276,location_4085_15798995474703729276,4085,True,,,
4086,15801355878156014053,location_4086_15801355878156014053,4086,True,,,
4087,15802157180719393103,location_4087_15802157180719393103,4087,True,,,
4088,15804343827238789698,location_4088_15804343827238789698,4088,True,,,
4089,15805299691143351008,location_4089_15805299691143351008,4089,True,,,
4090,15805374007416969098,location_4090_15805374007416969098,4090,True,,,
4091,15806438105850233778,location_4091_15806438105850233778,4091,True,,,
4092,15807493582399648740,location_4092_15807493582399648740,4092,True,,,
4093,15808413233218469931,location_4093_15808413233218469931,4093,True,,,
4094,15813471151763426926,location_4094_15813471151763426926,4094,True,,,
4095,1581568914454077084,location_4095_1581568914454077084,4095,True,,,
4096,15816117565618116466,location_4096_15816117565618116466,4096,True,,,
4097,15817876687663602749,location_4097_15817876687663602749,4097,True,,,
4098,15818598162932040645,location_4098_15818598162932040645,4098,True,,,
4099,15820472410834072005,location_4099_15820472410834072005,4099,True,,,
4100,15823378904291545232,location_4100_15823378904291545232,4100,True,,,
4101,15824030987245618137,location_4101_15824030987245618137,4101,True,,,
4102,15824148125614961396,location_4102_15824148125614961396,4102,True,,,
4103,15824366264281367742,location_4103_15824366264281367742,4103,True,,,
4104,15825311590287004083,location_4104_15825311590287004083,4104,True,,,
4105,1582573288259057211,location_4105_1582573288259057211,4105,True,,,
4106,15826306239676267579,location_4106_15826306239676267579,4106,True,,,
4107,15826324928637470820,location_4107_15826324928637470820,4107,True,,,
4108,15826498666965432257,location_4108_15826498666965432257,4108,True,,,
4109,15826579033262094191,location_4109_15826579033262094191,4109,True,,,
4110,15826630705329273093,location_4110_15826630705329273093,4110,True,,,
4111,1582968301316651971,location_4111_1582968301316651971,4111,True,,,
4112,15830814630959247224,location_4112_15830814630959247224,4112,True,,,
4113,15834383366082946545,location_4113_15834383366082946545,4113,True,,,
4114,15834637864441387676,location_4114_15834637864441387676,4114,True,,,
4115,15836283433320167945,location_4115_15836283433320167945,4115,True,,,
4116,15836675716163519016,location_4116_15836675716163519016,4116,True,,,
4117,15836923450350914397,location_4117_15836923450350914397,4117,True,,,
4118,15837107370103239158,location_4118_15837107370103239158,4118,True,,,
4119,15837966483361817103,location_4119_15837966483361817103,4119,True,,,
4120,15839107348284235186,location_4120_15839107348284235186,4120,True,,,
4121,15842392386550679419,location_4121_15842392386550679419,4121,True,,,
4122,15843218736838960040,location_4122_15843218736838960040,4122,True,,,
4123,15844155421019196922,location_4123_15844155421019196922,4123,True,,,
4124,15845620349811161934,location_4124_15845620349811161934,4124,True,,,
4125,15845704735447929452,location_4125_15845704735447929452,4125,True,,,
4126,15851799701816586630,location_4126_15851799701816586630,4126,True,,,
4127,15852252675273238833,location_4127_15852252675273238833,4127,True,,,
4128,15854245742299855743,location_4128_15854245742299855743,4128,True,,,
4129,15854256625888301676,location_4129_15854256625888301676,4129,True,,,
4130,15854385642668092411,location_4130_15854385642668092411,4130,True,,,
4131,15854527658554082757,location_4131_15854527658554082757,4131,True,,,
4132,15854872153192138930,location_4132_15854872153192138930,4132,True,,,
4133,15854917785260785894,location_4133_15854917785260785894,4133,True,,,
4134,15856030493430792186,location_4134_15856030493430792186,4134,True,,,
4135,15856938185000433417,location_4135_15856938185000433417,4135,True,,,
4136,15858959098710599472,location_4136_15858959098710599472,4136,True,,,
4137,15859380209093173257,location_4137_15859380209093173257,4137,True,,,
4138,15861851209273967521,location_4138_15861851209273967521,4138,True,,,
4139,15862496469466961914,location_4139_15862496469466961914,4139,True,,,
4140,15863643716544681841,location_4140_15863643716544681841,4140,True,,,
4141,15864266024213967548,location_4141_15864266024213967548,4141,True,,,
4142,15864540453641790606,location_4142_15864540453641790606,4142,True,,,
4143,15865103973645660884,location_4143_15865103973645660884,4143,True,,,
4144,15865288686046592542,location_4144_15865288686046592542,4144,True,,,
4145,158668397942953391,location_4145_158668397942953391,4145,True,,,
4146,15867655854496059600,location_4146_15867655854496059600,4146,True,,,
4147,15867661761153380427,location_4147_15867661761153380427,4147,True,,,
4148,15868488210362396467,location_4148_15868488210362396467,4148,True,,,
4149,15870165262974513791,location_4149_15870165262974513791,4149,True,,,
4150,15873193928963123999,location_4150_15873193928963123999,4150,True,,,
4151,15873229989264776584,location_4151_15873229989264776584,4151,True,,,
4152,15873264962328475486,location_4152_15873264962328475486,4152,True,,,
4153,15878727654427304360,location_4153_15878727654427304360,4153,True,,,
4154,15879678530273876679,location_4154_15879678530273876679,4154,True,,,
4155,15879900029207190384,location_4155_15879900029207190384,4155,True,,,
4156,15880986588296738408,location_4156_15880986588296738408,4156,True,,,
4157,1588286233324569401,location_4157_1588286233324569401,4157,True,,,
4158,15883206985294192943,location_4158_15883206985294192943,4158,True,,,
4159,15883408765003223700,location_4159_15883408765003223700,4159,True,,,
4160,15884679109164356997,location_4160_15884679109164356997,4160,True,,,
4161,15890346702440975977,location_4161_15890346702440975977,4161,True,,,
4162,15894591020982253763,location_4162_15894591020982253763,4162,True,,,
4163,15895746893282364605,location_4163_15895746893282364605,4163,True,,,
4164,15897840053508291064,location_4164_15897840053508291064,4164,True,,,
4165,15898697214714933995,location_4165_15898697214714933995,4165,True,,,
4166,15901655365031220277,location_4166_15901655365031220277,4166,True,,,
4167,15902298629304157527,location_4167_15902298629304157527,4167,True,,,
4168,1590232871813077056,location_4168_1590232871813077056,4168,True,,,
4169,15902618152031595178,location_4169_15902618152031595178,4169,True,,,
4170,15905590647970478377,location_4170_15905590647970478377,4170,True,,,
4171,15907230050891248054,location_4171_15907230050891248054,4171,True,,,
4172,15907431720634650335,location_4172_15907431720634650335,4172,True,,,
4173,15910417073557428434,location_4173_15910417073557428434,4173,True,,,
4174,159127348740572744,location_4174_159127348740572744,4174,True,,,
4175,1591288379912911296,location_4175_1591288379912911296,4175,True,,,
4176,15914278536286740958,location_4176_15914278536286740958,4176,True,,,
4177,15915843603578994444,location_4177_15915843603578994444,4177,True,,,
4178,15915848811079226546,location_4178_15915848811079226546,4178,True,,,
4179,15920066586678702613,location_4179_15920066586678702613,4179,True,,,
4180,15922533415612980305,location_4180_15922533415612980305,4180,True,,,
4181,15923319996935724027,location_4181_15923319996935724027,4181,True,,,
4182,1592365010825175212,location_4182_1592365010825175212,4182,True,,,
4183,15928030657077534404,location_4183_15928030657077534404,4183,True,,,
4184,15928747843018306561,location_4184_15928747843018306561,4184,True,,,
4185,15933503521892289833,location_4185_15933503521892289833,4185,True,,,
4186,15933644438508822047,location_4186_15933644438508822047,4186,True,,,
4187,15934440402380522859,location_4187_15934440402380522859,4187,True,,,
4188,15935827537400022876,location_4188_15935827537400022876,4188,True,,,
4189,15936760005095834719,location_4189_15936760005095834719,4189,True,,,
4190,15937164394893240311,location_4190_15937164394893240311,4190,True,,,
4191,15937216980087068804,location_4191_15937216980087068804,4191,True,,,
4192,1593870311737129873,location_4192_1593870311737129873,4192,True,,,
4193,15939732995064890936,location_4193_15939732995064890936,4193,True,,,
4194,15939767663575421817,location_4194_15939767663575421817,4194,True,,,
4195,15940503713179553362,location_4195_15940503713179553362,4195,True,,,
4196,15940528386147199342,location_4196_15940528386147199342,4196,True,,,
4197,15944774541290601403,location_4197_15944774541290601403,4197,True,,,
4198,15945223547419686928,location_4198_15945223547419686928,4198,True,,,
4199,15945743882080618031,location_4199_15945743882080618031,4199,True,,,
4200,15948276247769334381,location_4200_15948276247769334381,4200,True,,,
4201,15950209531583114956,location_4201_15950209531583114956,4201,True,,,
4202,15952101583549216047,location_4202_15952101583549216047,4202,True,,,
4203,15956381505229598926,location_4203_15956381505229598926,4203,True,,,
4204,1595639898336810212,location_4204_1595639898336810212,4204,True,,,
4205,15956447024000111712,location_4205_15956447024000111712,4205,True,,,
4206,15956464473309089659,location_4206_15956464473309089659,4206,True,,,
4207,1595872653629321950,location_4207_1595872653629321950,4207,True,,,
4208,15960966631850274004,location_4208_15960966631850274004,4208,True,,,
4209,15963343000539872877,location_4209_15963343000539872877,4209,True,,,
4210,15965075091542678478,location_4210_15965075091542678478,4210,True,,,
4211,15965687902116431526,location_4211_15965687902116431526,4211,True,,,
4212,1596580837121099209,location_4212_1596580837121099209,4212,True,,,
4213,15968010891914312741,location_4213_15968010891914312741,4213,True,,,
4214,1596818819032431452,location_4214_1596818819032431452,4214,True,,,
4215,15970573125708336993,location_4215_15970573125708336993,4215,True,,,
4216,15972703213268406247,location_4216_15972703213268406247,4216,True,,,
4217,15972732902931828025,location_4217_15972732902931828025,4217,True,,,
4218,15972941565951700908,location_4218_15972941565951700908,4218,True,,,
4219,15974295074067955663,location_4219_15974295074067955663,4219,True,,,
4220,15974887971107376710,location_4220_15974887971107376710,4220,True,,,
4221,15978403547756335666,location_4221_15978403547756335666,4221,True,,,
4222,15979318420006868635,location_4222_15979318420006868635,4222,True,,,
4223,15980269767412604739,location_4223_15980269767412604739,4223,True,,,
4224,15983114118478153028,location_4224_15983114118478153028,4224,True,,,
4225,15983637965097382602,location_4225_15983637965097382602,4225,True,,,
4226,15983839364170761210,location_4226_15983839364170761210,4226,True,,,
4227,15984075644361094875,location_4227_15984075644361094875,4227,True,,,
4228,15984467645587323741,location_4228_15984467645587323741,4228,True,,,
4229,15985382653901161607,location_4229_15985382653901161607,4229,True,,,
4230,15985737435163348676,location_4230_15985737435163348676,4230,True,,,
4231,15987396155367059840,location_4231_15987396155367059840,4231,True,,,
4232,15990867957677407511,location_4232_15990867957677407511,4232,True,,,
4233,1599228772560301315,location_4233_1599228772560301315,4233,True,,,
4234,15992698080316790833,location_4234_15992698080316790833,4234,True,,,
4235,15994170313802380195,location_4235_15994170313802380195,4235,True,,,
4236,15997402229815523585,location_4236_15997402229815523585,4236,True,,,
4237,16003888324105622876,location_4237_16003888324105622876,4237,True,,,
4238,1600427901655261206,location_4238_1600427901655261206,4238,True,,,
4239,16010412947950188200,location_4239_16010412947950188200,4239,True,,,
4240,16012542814378824325,location_4240_16012542814378824325,4240,True,,,
4241,16013697419753437848,location_4241_16013697419753437848,4241,True,,,
4242,16013715515259367926,location_4242_16013715515259367926,4242,True,,,
4243,16015683975370884852,location_4243_16015683975370884852,4243,True,,,
4244,16017327982943955696,location_4244_16017327982943955696,4244,True,,,
4245,1601759114603036882,location_4245_1601759114603036882,4245,True,,,
4246,16018479117660785312,location_4246_16018479117660785312,4246,True,,,
4247,16019229533682365744,location_4247_16019229533682365744,4247,True,,,
4248,16020303042820725282,location_4248_16020303042820725282,4248,True,,,
4249,16020533827933819477,location_4249_16020533827933819477,4249,True,,,
4250,16021818431403033389,location_4250_16021818431403033389,4250,True,,,
4251,16023093184667806791,location_4251_16023093184667806791,4251,True,,,
4252,16024586134653618616,location_4252_16024586134653618616,4252,True,,,
4253,16025406347260262689,location_4253_16025406347260262689,4253,True,,,
4254,16031031159683973842,location_4254_16031031159683973842,4254,True,,,
4255,16031918435605034578,location_4255_16031918435605034578,4255,True,,,
4256,16031960696936015797,location_4256_16031960696936015797,4256,True,,,
4257,16035612079130025970,location_4257_16035612079130025970,4257,True,,,
4258,16037777158210781060,location_4258_16037777158210781060,4258,True,,,
4259,16038613614714686223,location_4259_16038613614714686223,4259,True,,,
4260,16038967081696577598,location_4260_16038967081696577598,4260,True,,,
4261,1603986529554352653,location_4261_1603986529554352653,4261,True,,,
4262,16039980741476076272,location_4262_16039980741476076272,4262,True,,,
4263,16041379213104736860,location_4263_16041379213104736860,4263,True,,,
4264,16044328227114443768,location_4264_16044328227114443768,4264,True,,,
4265,1604480579186013014,location_4265_1604480579186013014,4265,True,,,
4266,16044852285916470899,location_4266_16044852285916470899,4266,True,,,
4267,16046316903187701058,location_4267_16046316903187701058,4267,True,,,
4268,16047909947683185907,location_4268_16047909947683185907,4268,True,,,
4269,16048774688430629725,location_4269_16048774688430629725,4269,True,,,
4270,16050610306007891080,location_4270_16050610306007891080,4270,True,,,
4271,1605231459114682645,location_4271_1605231459114682645,4271,True,,,
4272,16055794806542910930,location_4272_16055794806542910930,4272,True,,,
4273,16056906786628192507,location_4273_16056906786628192507,4273,True,,,
4274,16057408919365762831,location_4274_16057408919365762831,4274,True,,,
4275,16058577922776646099,location_4275_16058577922776646099,4275,True,,,
4276,16062818713436248839,location_4276_16062818713436248839,4276,True,,,
4277,1606329914925561049,location_4277_1606329914925561049,4277,True,,,
4278,16063714155815492952,location_4278_16063714155815492952,4278,True,,,
4279,16064578250880141574,location_4279_16064578250880141574,4279,True,,,
4280,16065463752233441384,location_4280_16065463752233441384,4280,True,,,
4281,16067552805398909984,location_4281_16067552805398909984,4281,True,,,
4282,16067890489702773936,location_4282_16067890489702773936,4282,True,,,
4283,16068579601484098659,location_4283_16068579601484098659,4283,True,,,
4284,16068592796011144749,location_4284_16068592796011144749,4284,True,,,
4285,16068907973807047410,location_4285_16068907973807047410,4285,True,,,
4286,16069175365501736944,location_4286_16069175365501736944,4286,True,,,
4287,16069685291860543296,location_4287_16069685291860543296,4287,True,,,
4288,16072394910900194205,location_4288_16072394910900194205,4288,True,,,
4289,16073713207895843610,location_4289_16073713207895843610,4289,True,,,
4290,16075585354433597654,location_4290_16075585354433597654,4290,True,,,
4291,16076307867632576543,location_4291_16076307867632576543,4291,True,,,
4292,16076794757474661297,location_4292_16076794757474661297,4292,True,,,
4293,16080559650199016866,location_4293_16080559650199016866,4293,True,,,
4294,16080691018376560916,location_4294_16080691018376560916,4294,True,,,
4295,16081166293266539757,location_4295_16081166293266539757,4295,True,,,
4296,1608170087839604217,location_4296_1608170087839604217,4296,True,,,
4297,16086035313306784617,location_4297_16086035313306784617,4297,True,,,
4298,1608714269077206755,location_4298_1608714269077206755,4298,True,,,
4299,1608741844596564685,location_4299_1608741844596564685,4299,True,,,
4300,1608969673993603047,location_4300_1608969673993603047,4300,True,,,
4301,16090774228547526363,location_4301_16090774228547526363,4301,True,,,
4302,16092053480060130393,location_4302_16092053480060130393,4302,True,,,
4303,16092230241091083868,location_4303_16092230241091083868,4303,True,,,
4304,16092916406972481195,location_4304_16092916406972481195,4304,True,,,
4305,16094035140100619097,location_4305_16094035140100619097,4305,True,,,
4306,16096587481023236786,location_4306_16096587481023236786,4306,True,,,
4307,16096672775623220011,location_4307_16096672775623220011,4307,True,,,
4308,16096959045667149104,location_4308_16096959045667149104,4308,True,,,
4309,16099630390048882924,location_4309_16099630390048882924,4309,True,,,
4310,16100291694476326377,location_4310_16100291694476326377,4310,True,,,
4311,16100494090728669832,location_4311_16100494090728669832,4311,True,,,
4312,16101061333472049331,location_4312_16101061333472049331,4312,True,,,
4313,16101455613941631805,location_4313_16101455613941631805,4313,True,,,
4314,16103370441696986249,location_4314_16103370441696986249,4314,True,,,
4315,16106190663096491226,location_4315_16106190663096491226,4315,True,,,
4316,16106853351720127889,location_4316_16106853351720127889,4316,True,,,
4317,16107222634137686713,location_4317_16107222634137686713,4317,True,,,
4318,16108523372590709894,location_4318_16108523372590709894,4318,True,,,
4319,16108813379824531114,location_4319_16108813379824531114,4319,True,,,
4320,16109474337599314553,location_4320_16109474337599314553,4320,True,,,
4321,16110998591188041662,location_4321_16110998591188041662,4321,True,,,
4322,16111029532606930953,location_4322_16111029532606930953,4322,True,,,
4323,16113022779066463033,location_4323_16113022779066463033,4323,True,,,
4324,1611495824054029509,location_4324_1611495824054029509,4324,True,,,
4325,16117879060247223348,location_4325_16117879060247223348,4325,True,,,
4326,1612019435330534807,location_4326_1612019435330534807,4326,True,,,
4327,16120963295573763987,location_4327_16120963295573763987,4327,True,,,
4328,1612276951786987629,location_4328_1612276951786987629,4328,True,,,
4329,16123871626741837887,location_4329_16123871626741837887,4329,True,,,
4330,16124094642042533619,location_4330_16124094642042533619,4330,True,,,
4331,16126529890673272761,location_4331_16126529890673272761,4331,True,,,
4332,16127465552704627216,location_4332_16127465552704627216,4332,True,,,
4333,16127632067988378302,location_4333_16127632067988378302,4333,True,,,
4334,16128490485768595433,location_4334_16128490485768595433,4334,True,,,
4335,1612874573741292486,location_4335_1612874573741292486,4335,True,,,
4336,16130466564073910872,location_4336_16130466564073910872,4336,True,,,
4337,16131086706787352096,location_4337_16131086706787352096,4337,True,,,
4338,16132670852701120824,location_4338_16132670852701120824,4338,True,,,
4339,16133420087338858548,location_4339_16133420087338858548,4339,True,,,
4340,16136006563077231761,location_4340_16136006563077231761,4340,True,,,
4341,16139698154259142479,location_4341_16139698154259142479,4341,True,,,
4342,16141243178536668105,location_4342_16141243178536668105,4342,True,,,
4343,16143358409406953329,location_4343_16143358409406953329,4343,True,,,
4344,16144278131081653442,location_4344_16144278131081653442,4344,True,,,
4345,1614547319556320356,location_4345_1614547319556320356,4345,True,,,
4346,16148329164945340538,location_4346_16148329164945340538,4346,True,,,
4347,16148358112078016802,location_4347_16148358112078016802,4347,True,,,
4348,16148510526139382953,location_4348_16148510526139382953,4348,True,,,
4349,16149067485016119080,location_4349_16149067485016119080,4349,True,,,
4350,16149607005616820769,location_4350_16149607005616820769,4350,True,,,
4351,16151498562561608712,location_4351_16151498562561608712,4351,True,,,
4352,16152331837335123481,location_4352_16152331837335123481,4352,True,,,
4353,16153148804085690819,location_4353_16153148804085690819,4353,True,,,
4354,16153529578609984375,location_4354_16153529578609984375,4354,True,,,
4355,16153811013711875483,location_4355_16153811013711875483,4355,True,,,
4356,16154533677216686723,location_4356_16154533677216686723,4356,True,,,
4357,16154572579253520373,location_4357_16154572579253520373,4357,True,,,
4358,16155047078442374056,location_4358_16155047078442374056,4358,True,,,
4359,16157427470854472562,location_4359_16157427470854472562,4359,True,,,
4360,16157989554217543497,location_4360_16157989554217543497,4360,True,,,
4361,16158052046167075789,location_4361_16158052046167075789,4361,True,,,
4362,16159892718065599995,location_4362_16159892718065599995,4362,True,,,
4363,16162072386513762374,location_4363_16162072386513762374,4363,True,,,
4364,16165261814306452920,location_4364_16165261814306452920,4364,True,,,
4365,16167076742153338176,location_4365_16167076742153338176,4365,True,,,
4366,16167588751320951402,location_4366_16167588751320951402,4366,True,,,
4367,16168721225201037322,location_4367_16168721225201037322,4367,True,,,
4368,16168831566619472945,location_4368_16168831566619472945,4368,True,,,
4369,16172601621212263790,location_4369_16172601621212263790,4369,True,,,
4370,1617445312680129794,location_4370_1617445312680129794,4370,True,,,
4371,16174998485163565421,location_4371_16174998485163565421,4371,True,,,
4372,16175064403829879254,location_4372_16175064403829879254,4372,True,,,
4373,16175165600099626004,location_4373_16175165600099626004,4373,True,,,
4374,16177403935377119705,location_4374_16177403935377119705,4374,True,,,
4375,1617838689467888648,location_4375_1617838689467888648,4375,True,,,
4376,16179127680464012723,location_4376_16179127680464012723,4376,True,,,
4377,161793624858875705,location_4377_161793624858875705,4377,True,,,
4378,16181199720368087282,location_4378_16181199720368087282,4378,True,,,
4379,16182232905500017978,location_4379_16182232905500017978,4379,True,,,
4380,16183413134583616226,location_4380_16183413134583616226,4380,True,,,
4381,16183678300631682953,location_4381_16183678300631682953,4381,True,,,
4382,16184376331426440213,location_4382_16184376331426440213,4382,True,,,
4383,161844981362323192,location_4383_161844981362323192,4383,True,,,
4384,16185456861944917165,location_4384_16185456861944917165,4384,True,,,
4385,16186241831635305072,location_4385_16186241831635305072,4385,True,,,
4386,16187211275672899784,location_4386_16187211275672899784,4386,True,,,
4387,16187403620012418419,location_4387_16187403620012418419,4387,True,,,
4388,16188740896341884914,location_4388_16188740896341884914,4388,True,,,
4389,1619121632546851547,location_4389_1619121632546851547,4389,True,,,
4390,16193120657267336135,location_4390_16193120657267336135,4390,True,,,
4391,16193289272246452953,location_4391_16193289272246452953,4391,True,,,
4392,16193629573744133087,location_4392_16193629573744133087,4392,True,,,
4393,16193686732806320127,location_4393_16193686732806320127,4393,True,,,
4394,16193967030723649806,location_4394_16193967030723649806,4394,True,,,
4395,16194286509133709973,location_4395_16194286509133709973,4395,True,,,
4396,16197755493989272157,location_4396_16197755493989272157,4396,True,,,
4397,16204964969388791087,location_4397_16204964969388791087,4397,True,,,
4398,16205255942048162382,location_4398_16205255942048162382,4398,True,,,
4399,16206872954185359620,location_4399_16206872954185359620,4399,True,,,
4400,16207246283928700807,location_4400_16207246283928700807,4400,True,,,
4401,16207770446594221957,location_4401_16207770446594221957,4401,True,,,
4402,16210168562421321265,location_4402_16210168562421321265,4402,True,,,
4403,16211736065023782823,location_4403_16211736065023782823,4403,True,,,
4404,1621235078217749172,location_4404_1621235078217749172,4404,True,,,
4405,16213265708481515150,location_4405_16213265708481515150,4405,True,,,
4406,16213436405939176740,location_4406_16213436405939176740,4406,True,,,
4407,16216031429989495626,location_4407_16216031429989495626,4407,True,,,
4408,16216331180623883621,location_4408_16216331180623883621,4408,True,,,
4409,1622161434004839676,location_4409_1622161434004839676,4409,True,,,
4410,16222429894608226039,location_4410_16222429894608226039,4410,True,,,
4411,16224750399411474566,location_4411_16224750399411474566,4411,True,,,
4412,16225567369919173427,location_4412_16225567369919173427,4412,True,,,
4413,16227171268538822842,location_4413_16227171268538822842,4413,True,,,
4414,16228292838090728101,location_4414_16228292838090728101,4414,True,,,
4415,16228537140067357861,location_4415_16228537140067357861,4415,True,,,
4416,16228735223018874697,location_4416_16228735223018874697,4416,True,,,
4417,16232147160462335054,location_4417_16232147160462335054,4417,True,,,
4418,16233699283304962461,location_4418_16233699283304962461,4418,True,,,
4419,16233753538045111653,location_4419_16233753538045111653,4419,True,,,
4420,16234207010693531569,location_4420_16234207010693531569,4420,True,,,
4421,16234586091992925196,location_4421_16234586091992925196,4421,True,,,
4422,16234965026695919675,location_4422_16234965026695919675,4422,True,,,
4423,16235314575137684269,location_4423_16235314575137684269,4423,True,,,
4424,16236016296959393940,location_4424_16236016296959393940,4424,True,,,
4425,16236516533303928935,location_4425_16236516533303928935,4425,True,,,
4426,16236988643141232313,location_4426_16236988643141232313,4426,True,,,
4427,16240294150441443902,location_4427_16240294150441443902,4427,True,,,
4428,16242912719944639919,location_4428_16242912719944639919,4428,True,,,
4429,16243021339108453802,location_4429_16243021339108453802,4429,True,,,
4430,16244533112150671003,location_4430_16244533112150671003,4430,True,,,
4431,16247468019436568301,location_4431_16247468019436568301,4431,True,,,
4432,16247592195149772957,location_4432_16247592195149772957,4432,True,,,
4433,16247603247153057166,location_4433_16247603247153057166,4433,True,,,
4434,16250428165402550659,location_4434_16250428165402550659,4434,True,,,
4435,16250777725045760880,location_4435_16250777725045760880,4435,True,,,
4436,16252491309293542493,location_4436_16252491309293542493,4436,True,,,
4437,16253520872648326896,location_4437_16253520872648326896,4437,True,,,
4438,16254364169048989168,location_4438_16254364169048989168,4438,True,,,
4439,16254806940910732287,location_4439_16254806940910732287,4439,True,,,
4440,16255350621660620446,location_4440_16255350621660620446,4440,True,,,
4441,16256955308962795347,location_4441_16256955308962795347,4441,True,,,
4442,16257214310116127447,location_4442_16257214310116127447,4442,True,,,
4443,16259550927850820838,location_4443_16259550927850820838,4443,True,,,
4444,16260485764918612152,location_4444_16260485764918612152,4444,True,,,
4445,16260705407812164231,location_4445_16260705407812164231,4445,True,,,
4446,16262189866382605978,location_4446_16262189866382605978,4446,True,,,
4447,1626349405999446025,location_4447_1626349405999446025,4447,True,,,
4448,16263789759817178607,location_4448_16263789759817178607,4448,True,,,
4449,16266107052623510053,location_4449_16266107052623510053,4449,True,,,
4450,1626907998512857504,location_4450_1626907998512857504,4450,True,,,
4451,16275644714591383555,location_4451_16275644714591383555,4451,True,,,
4452,16276064000641063168,location_4452_16276064000641063168,4452,True,,,
4453,16279661028784153501,location_4453_16279661028784153501,4453,True,,,
4454,16280597050926273727,location_4454_16280597050926273727,4454,True,,,
4455,16280872812426865188,location_4455_16280872812426865188,4455,True,,,
4456,16281370017500473993,location_4456_16281370017500473993,4456,True,,,
4457,16281793147156604948,location_4457_16281793147156604948,4457,True,,,
4458,16284183742397747174,location_4458_16284183742397747174,4458,True,,,
4459,16286900870686982886,location_4459_16286900870686982886,4459,True,,,
4460,16288241230491882852,location_4460_16288241230491882852,4460,True,,,
4461,16291947975688618994,location_4461_16291947975688618994,4461,True,,,
4462,16292966664003026875,location_4462_16292966664003026875,4462,True,,,
4463,16293170695061121352,location_4463_16293170695061121352,4463,True,,,
4464,16296001196728932707,location_4464_16296001196728932707,4464,True,,,
4465,16296295948982129778,location_4465_16296295948982129778,4465,True,,,
4466,16300488550620281963,location_4466_16300488550620281963,4466,True,,,
4467,16300516883137420325,location_4467_16300516883137420325,4467,True,,,
4468,16301897875145597668,location_4468_16301897875145597668,4468,True,,,
4469,16307146510022675779,location_4469_16307146510022675779,4469,True,,,
4470,16308622719974550255,location_4470_16308622719974550255,4470,True,,,
4471,16309940901574929336,location_4471_16309940901574929336,4471,True,,,
4472,16310361554897101620,location_4472_16310361554897101620,4472,True,,,
4473,16310842716803540054,location_4473_16310842716803540054,4473,True,,,
4474,16311611331391163588,location_4474_16311611331391163588,4474,True,,,
4475,16312981134465228732,location_4475_16312981134465228732,4475,True,,,
4476,16314883794348173452,location_4476_16314883794348173452,4476,True,,,
4477,16317005871566315302,location_4477_16317005871566315302,4477,True,,,
4478,16317542405128573799,location_4478_16317542405128573799,4478,True,,,
4479,16318281510733375346,location_4479_16318281510733375346,4479,True,,,
4480,16319338356556372239,location_4480_16319338356556372239,4480,True,,,
4481,16321386830501665331,location_4481_16321386830501665331,4481,True,,,
4482,16322065516601056940,location_4482_16322065516601056940,4482,True,,,
4483,16323611738159645639,location_4483_16323611738159645639,4483,True,,,
4484,16325995638629868691,location_4484_16325995638629868691,4484,True,,,
4485,16326518028021595862,location_4485_16326518028021595862,4485,True,,,
4486,16328025318291840600,location_4486_16328025318291840600,4486,True,,,
4487,16329082677948212303,location_4487_16329082677948212303,4487,True,,,
4488,1632977974082252702,location_4488_1632977974082252702,4488,True,,,
4489,16330123848362221677,location_4489_16330123848362221677,4489,True,,,
4490,16331621153303527649,location_4490_16331621153303527649,4490,True,,,
4491,16332844802106025497,location_4491_16332844802106025497,4491,True,,,
4492,16333032152821316669,location_4492_16333032152821316669,4492,True,,,
4493,16333786001162709520,location_4493_16333786001162709520,4493,True,,,
4494,16334160774044573034,location_4494_16334160774044573034,4494,True,,,
4495,16336563349215535954,location_4495_16336563349215535954,4495,True,,,
4496,16338136702151385043,location_4496_16338136702151385043,4496,True,,,
4497,16339480522800900329,location_4497_16339480522800900329,4497,True,,,
4498,16339836213401743348,location_4498_16339836213401743348,4498,True,,,
4499,16341411905251192187,location_4499_16341411905251192187,4499,True,,,
4500,16341627305268513433,location_4500_16341627305268513433,4500,True,,,
4501,16344165915981831174,location_4501_16344165915981831174,4501,True,,,
4502,16346159815045938115,location_4502_16346159815045938115,4502,True,,,
4503,16347577042637090491,location_4503_16347577042637090491,4503,True,,,
4504,16353002694838536860,location_4504_16353002694838536860,4504,True,,,
4505,163537283315646713,location_4505_163537283315646713,4505,True,,,
4506,16354574110023666559,location_4506_16354574110023666559,4506,True,,,
4507,16356385840737566698,location_4507_16356385840737566698,4507,True,,,
4508,16358001766216708667,location_4508_16358001766216708667,4508,True,,,
4509,1635850743830404164,location_4509_1635850743830404164,4509,True,,,
4510,16359786290313202218,location_4510_16359786290313202218,4510,True,,,
4511,16368146060379419268,location_4511_16368146060379419268,4511,True,,,
4512,16368726638957239175,location_4512_16368726638957239175,4512,True,,,
4513,16369232318187706169,location_4513_16369232318187706169,4513,True,,,
4514,16370531022785831726,location_4514_16370531022785831726,4514,True,,,
4515,16372616951280865442,location_4515_16372616951280865442,4515,True,,,
4516,16375176114691730811,location_4516_16375176114691730811,4516,True,,,
4517,163788645075199921,location_4517_163788645075199921,4517,True,,,
4518,16379106881902273756,location_4518_16379106881902273756,4518,True,,,
4519,16381043614836116714,location_4519_16381043614836116714,4519,True,,,
4520,16381064825749894821,location_4520_16381064825749894821,4520,True,,,
4521,16381432166226387279,location_4521_16381432166226387279,4521,True,,,
4522,16382269865628735998,location_4522_16382269865628735998,4522,True,,,
4523,16383055053977464504,location_4523_16383055053977464504,4523,True,,,
4524,16386185137846715828,location_4524_16386185137846715828,4524,True,,,
4525,16386601264644214094,location_4525_16386601264644214094,4525,True,,,
4526,1638713861606872102,location_4526_1638713861606872102,4526,True,,,
4527,16387242249526583980,location_4527_16387242249526583980,4527,True,,,
4528,16387758484812975957,location_4528_16387758484812975957,4528,True,,,
4529,16390382409492491801,location_4529_16390382409492491801,4529,True,,,
4530,16390391288602145518,location_4530_16390391288602145518,4530,True,,,
4531,16390829520950128086,location_4531_16390829520950128086,4531,True,,,
4532,16393820153406806826,location_4532_16393820153406806826,4532,True,,,
4533,16396555295348776402,location_4533_16396555295348776402,4533,True,,,
4534,16396612443324710553,location_4534_16396612443324710553,4534,True,,,
4535,16397972653529723171,location_4535_16397972653529723171,4535,True,,,
4536,1639909570081126601,location_4536_1639909570081126601,4536,True,,,
4537,16401461163107728220,location_4537_16401461163107728220,4537,True,,,
4538,1640714463658936670,location_4538_1640714463658936670,4538,True,,,
4539,16409896601745415802,location_4539_16409896601745415802,4539,True,,,
4540,16411747352548264565,location_4540_16411747352548264565,4540,True,,,
4541,16417629668396077504,location_4541_16417629668396077504,4541,True,,,
4542,16417704069787493753,location_4542_16417704069787493753,4542,True,,,
4543,16419355220114365359,location_4543_16419355220114365359,4543,True,,,
4544,16421718518773675952,location_4544_16421718518773675952,4544,True,,,
4545,16422999710241888778,location_4545_16422999710241888778,4545,True,,,
4546,16423043273672706380,location_4546_16423043273672706380,4546,True,,,
4547,16425152278656434972,location_4547_16425152278656434972,4547,True,,,
4548,16425388171847987238,location_4548_16425388171847987238,4548,True,,,
4549,16426423816339790286,location_4549_16426423816339790286,4549,True,,,
4550,16429780254657399364,location_4550_16429780254657399364,4550,True,,,
4551,16430393063820054974,location_4551_16430393063820054974,4551,True,,,
4552,16431388734808243383,location_4552_16431388734808243383,4552,True,,,
4553,16432023008129874259,location_4553_16432023008129874259,4553,True,,,
4554,16433357612027517940,location_4554_16433357612027517940,4554,True,,,
4555,164341976975624565,location_4555_164341976975624565,4555,True,,,
4556,16435870093018281819,location_4556_16435870093018281819,4556,True,,,
4557,16437234698747083435,location_4557_16437234698747083435,4557,True,,,
4558,16437914997055102418,location_4558_16437914997055102418,4558,True,,,
4559,16439628361116071102,location_4559_16439628361116071102,4559,True,,,
4560,16440526787206441612,location_4560_16440526787206441612,4560,True,,,
4561,16441258992277959952,location_4561_16441258992277959952,4561,True,,,
4562,16442191150307201922,location_4562_16442191150307201922,4562,True,,,
4563,1644362394164463893,location_4563_1644362394164463893,4563,True,,,
4564,16445119814479762415,location_4564_16445119814479762415,4564,True,,,
4565,16445373228134037726,location_4565_16445373228134037726,4565,True,,,
4566,16448012166850255439,location_4566_16448012166850255439,4566,True,,,
4567,16450815761425462457,location_4567_16450815761425462457,4567,True,,,
4568,16451127420339219142,location_4568_16451127420339219142,4568,True,,,
4569,16451152614140088764,location_4569_16451152614140088764,4569,True,,,
4570,16451336558208792917,location_4570_16451336558208792917,4570,True,,,
4571,1645202339303024775,location_4571_1645202339303024775,4571,True,,,
4572,16453436648417104050,location_4572_16453436648417104050,4572,True,,,
4573,16456269026782169307,location_4573_16456269026782169307,4573,True,,,
4574,16456451036927570454,location_4574_16456451036927570454,4574,True,,,
4575,16457406222014407276,location_4575_16457406222014407276,4575,True,,,
4576,16459027909578802876,location_4576_16459027909578802876,4576,True,,,
4577,16460666773823182948,location_4577_16460666773823182948,4577,True,,,
4578,16460934873168053825,location_4578_16460934873168053825,4578,True,,,
4579,164613734452574404,location_4579_164613734452574404,4579,True,,,
4580,16462251748191963099,location_4580_16462251748191963099,4580,True,,,
4581,16462313781625351195,location_4581_16462313781625351195,4581,True,,,
4582,16462341278729054954,location_4582_16462341278729054954,4582,True,,,
4583,16463389284597351241,location_4583_16463389284597351241,4583,True,,,
4584,1646497090772714188,location_4584_1646497090772714188,4584,True,,,
4585,1646516474318743885,location_4585_1646516474318743885,4585,True,,,
4586,16466189028321185389,location_4586_16466189028321185389,4586,True,,,
4587,16470198517680298371,location_4587_16470198517680298371,4587,True,,,
4588,16470213354093479211,location_4588_16470213354093479211,4588,True,,,
4589,16472622264674031653,location_4589_16472622264674031653,4589,True,,,
4590,16473624957476979882,location_4590_16473624957476979882,4590,True,,,
4591,16475545987712792698,location_4591_16475545987712792698,4591,True,,,
4592,16476379010070552329,location_4592_16476379010070552329,4592,True,,,
4593,16476537419186682528,location_4593_16476537419186682528,4593,True,,,
4594,16477216126889567252,location_4594_16477216126889567252,4594,True,,,
4595,16478439592859497397,location_4595_16478439592859497397,4595,True,,,
4596,16478538821909317889,location_4596_16478538821909317889,4596,True,,,
4597,16480652035641473216,location_4597_16480652035641473216,4597,True,,,
4598,16483758014725409764,location_4598_16483758014725409764,4598,True,,,
4599,16484999128219616987,location_4599_16484999128219616987,4599,True,,,
4600,16485724495374170726,location_4600_16485724495374170726,4600,True,,,
4601,16487870409661508922,location_4601_16487870409661508922,4601,True,,,
4602,16488094724409344903,location_4602_16488094724409344903,4602,True,,,
4603,16490970741939067879,location_4603_16490970741939067879,4603,True,,,
4604,16492197907840891859,location_4604_16492197907840891859,4604,True,,,
4605,16492943743581530274,location_4605_16492943743581530274,4605,True,,,
4606,16493324479672668951,location_4606_16493324479672668951,4606,True,,,
4607,16493961896859172920,location_4607_16493961896859172920,4607,True,,,
4608,16498160464923071199,location_4608_16498160464923071199,4608,True,,,
4609,16500461859599193715,location_4609_16500461859599193715,4609,True,,,
4610,16500923740552011846,location_4610_16500923740552011846,4610,True,,,
4611,16501298039002227517,location_4611_16501298039002227517,4611,True,,,
4612,16501562705815171120,location_4612_16501562705815171120,4612,True,,,
4613,16501853499633891743,location_4613_16501853499633891743,4613,True,,,
4614,16503420580074411882,location_4614_16503420580074411882,4614,True,,,
4615,16505054747909608221,location_4615_16505054747909608221,4615,True,,,
4616,16505486749797561662,location_4616_16505486749797561662,4616,True,,,
4617,16505971928960717092,location_4617_16505971928960717092,4617,True,,,
4618,16506232010351110914,location_4618_16506232010351110914,4618,True,,,
4619,16507621538423870088,location_4619_16507621538423870088,4619,True,,,
4620,16509698743791878612,location_4620_16509698743791878612,4620,True,,,
4621,16510717179086594317,location_4621_16510717179086594317,4621,True,,,
4622,16518184014586785691,location_4622_16518184014586785691,4622,True,,,
4623,16519851512696496732,location_4623_16519851512696496732,4623,True,,,
4624,16523839908758889049,location_4624_16523839908758889049,4624,True,,,
4625,1652491679262369806,location_4625_1652491679262369806,4625,True,,,
4626,16527047377969046684,location_4626_16527047377969046684,4626,True,,,
4627,16528463430633182308,location_4627_16528463430633182308,4627,True,,,
4628,16528483915240059170,location_4628_16528483915240059170,4628,True,,,
4629,16529470175302036066,location_4629_16529470175302036066,4629,True,,,
4630,16531235830488001534,location_4630_16531235830488001534,4630,True,,,
4631,16533334949973573343,location_4631_16533334949973573343,4631,True,,,
4632,16540090656641495227,location_4632_16540090656641495227,4632,True,,,
4633,16540458396399330129,location_4633_16540458396399330129,4633,True,,,
4634,16542577089374511971,location_4634_16542577089374511971,4634,True,,,
4635,16545184091973189393,location_4635_16545184091973189393,4635,True,,,
4636,16547344672190104472,location_4636_16547344672190104472,4636,True,,,
4637,16549005026788305230,location_4637_16549005026788305230,4637,True,,,
4638,16550097558613173534,location_4638_16550097558613173534,4638,True,,,
4639,16553236919189070857,location_4639_16553236919189070857,4639,True,,,
4640,16555269913343823714,location_4640_16555269913343823714,4640,True,,,
4641,16556366381354457593,location_4641_16556366381354457593,4641,True,,,
4642,1655764583483371363,location_4642_1655764583483371363,4642,True,,,
4643,1655816953004124374,location_4643_1655816953004124374,4643,True,,,
4644,16558482363222466024,location_4644_16558482363222466024,4644,True,,,
4645,16558898545379258686,location_4645_16558898545379258686,4645,True,,,
4646,16559477581474505946,location_4646_16559477581474505946,4646,True,,,
4647,16560126103673954663,location_4647_16560126103673954663,4647,True,,,
4648,16560207966212114665,location_4648_16560207966212114665,4648,True,,,
4649,16560617220141647385,location_4649_16560617220141647385,4649,True,,,
4650,16561567760867699019,location_4650_16561567760867699019,4650,True,,,
4651,16563478225256912395,location_4651_16563478225256912395,4651,True,,,
4652,16563935746212598926,location_4652_16563935746212598926,4652,True,,,
4653,1656408870450402557,location_4653_1656408870450402557,4653,True,,,
4654,16564101483670830272,location_4654_16564101483670830272,4654,True,,,
4655,16565156604728226323,location_4655_16565156604728226323,4655,True,,,
4656,16565195304383918833,location_4656_16565195304383918833,4656,True,,,
4657,16568371306586294791,location_4657_16568371306586294791,4657,True,,,
4658,16570921381151249096,location_4658_16570921381151249096,4658,True,,,
4659,16571580266033243974,location_4659_16571580266033243974,4659,True,,,
4660,16571774857089443372,location_4660_16571774857089443372,4660,True,,,
4661,16572010469182502920,location_4661_16572010469182502920,4661,True,,,
4662,16574637582938723855,location_4662_16574637582938723855,4662,True,,,
4663,16575263908139005465,location_4663_16575263908139005465,4663,True,,,
4664,16576683946981717613,location_4664_16576683946981717613,4664,True,,,
4665,16577425467950353120,location_4665_16577425467950353120,4665,True,,,
4666,16580331249366406390,location_4666_16580331249366406390,4666,True,,,
4667,16581562736017619545,location_4667_16581562736017619545,4667,True,,,
4668,16582476302202192733,location_4668_16582476302202192733,4668,True,,,
4669,165833183300864126,location_4669_165833183300864126,4669,True,,,
4670,16583701230566176343,location_4670_16583701230566176343,4670,True,,,
4671,16585449878976541618,location_4671_16585449878976541618,4671,True,,,
4672,1658622947589781088,location_4672_1658622947589781088,4672,True,,,
4673,16587855466162715438,location_4673_16587855466162715438,4673,True,,,
4674,16587937520009577325,location_4674_16587937520009577325,4674,True,,,
4675,16588935922985787249,location_4675_16588935922985787249,4675,True,,,
4676,16589820280562331334,location_4676_16589820280562331334,4676,True,,,
4677,16596652502258344691,location_4677_16596652502258344691,4677,True,,,
4678,16599695804536797460,location_4678_16599695804536797460,4678,True,,,
4679,1659971350990867747,location_4679_1659971350990867747,4679,True,,,
4680,16601354486172817299,location_4680_16601354486172817299,4680,True,,,
4681,16602988024698709043,location_4681_16602988024698709043,4681,True,,,
4682,16603339255381159467,location_4682_16603339255381159467,4682,True,,,
4683,16605686232648987446,location_4683_16605686232648987446,4683,True,,,
4684,16607524089596776513,location_4684_16607524089596776513,4684,True,,,
4685,16609198069798659861,location_4685_16609198069798659861,4685,True,,,
4686,16609756056418154221,location_4686_16609756056418154221,4686,True,,,
4687,16609842659289107296,location_4687_16609842659289107296,4687,True,,,
4688,16610543476798779402,location_4688_16610543476798779402,4688,True,,,
4689,16610798806393072315,location_4689_16610798806393072315,4689,True,,,
4690,16612146450255575844,location_4690_16612146450255575844,4690,True,,,
4691,16612444746058955326,location_4691_16612444746058955326,4691,True,,,
4692,16612506275933167989,location_4692_16612506275933167989,4692,True,,,
4693,1661254256766307393,location_4693_1661254256766307393,4693,True,,,
4694,16616527439284873164,location_4694_16616527439284873164,4694,True,,,
4695,16616750995234704476,location_4695_16616750995234704476,4695,True,,,
4696,16617306493903935311,location_4696_16617306493903935311,4696,True,,,
4697,16617866148596799283,location_4697_16617866148596799283,4697,True,,,
4698,16621670976912155692,location_4698_16621670976912155692,4698,True,,,
4699,16621831241920556406,location_4699_16621831241920556406,4699,True,,,
4700,16624961438184730834,location_4700_16624961438184730834,4700,True,,,
4701,16630090145938398602,location_4701_16630090145938398602,4701,True,,,
4702,16631165561025013369,location_4702_16631165561025013369,4702,True,,,
4703,16631423356543378277,location_4703_16631423356543378277,4703,True,,,
4704,16639228277756904467,location_4704_16639228277756904467,4704,True,,,
4705,16640306949032076146,location_4705_16640306949032076146,4705,True,,,
4706,16640471566200981128,location_4706_16640471566200981128,4706,True,,,
4707,16641073563774803043,location_4707_16641073563774803043,4707,True,,,
4708,16642171832048169895,location_4708_16642171832048169895,4708,True,,,
4709,16642727909236101960,location_4709_16642727909236101960,4709,True,,,
4710,16645793393850335296,location_4710_16645793393850335296,4710,True,,,
4711,16645954368635240097,location_4711_16645954368635240097,4711,True,,,
4712,16648160606479753224,location_4712_16648160606479753224,4712,True,,,
4713,16650526544660349471,location_4713_16650526544660349471,4713,True,,,
4714,16651323923584494887,location_4714_16651323923584494887,4714,True,,,
4715,16652166414986679665,location_4715_16652166414986679665,4715,True,,,
4716,16654726694007661284,location_4716_16654726694007661284,4716,True,,,
4717,16654952596752502573,location_4717_16654952596752502573,4717,True,,,
4718,16654977033983301069,location_4718_16654977033983301069,4718,True,,,
4719,16655845250117553719,location_4719_16655845250117553719,4719,True,,,
4720,16658557103498498884,location_4720_16658557103498498884,4720,True,,,
4721,16659274913099137874,location_4721_16659274913099137874,4721,True,,,
4722,16664530757255090797,location_4722_16664530757255090797,4722,True,,,
4723,1666468243419308315,location_4723_1666468243419308315,4723,True,,,
4724,16665644732659960507,location_4724_16665644732659960507,4724,True,,,
4725,16667730481603693864,location_4725_16667730481603693864,4725,True,,,
4726,16668429851761810447,location_4726_16668429851761810447,4726,True,,,
4727,16668597366791468205,location_4727_16668597366791468205,4727,True,,,
4728,1666958338207514249,location_4728_1666958338207514249,4728,True,,,
4729,16669703956512068322,location_4729_16669703956512068322,4729,True,,,
4730,16669730763953121334,location_4730_16669730763953121334,4730,True,,,
4731,16670252638260264033,location_4731_16670252638260264033,4731,True,,,
4732,16670375067031821535,location_4732_16670375067031821535,4732,True,,,
4733,16673216869002143373,location_4733_16673216869002143373,4733,True,,,
4734,16676659775289659124,location_4734_16676659775289659124,4734,True,,,
4735,166821929308574324,location_4735_166821929308574324,4735,True,,,
4736,16682905554629976653,location_4736_16682905554629976653,4736,True,,,
4737,16683892257682152373,location_4737_16683892257682152373,4737,True,,,
4738,16685915995142306738,location_4738_16685915995142306738,4738,True,,,
4739,16685925704191572659,location_4739_16685925704191572659,4739,True,,,
4740,16686691797408508626,location_4740_16686691797408508626,4740,True,,,
4741,16688546074568017610,location_4741_16688546074568017610,4741,True,,,
4742,1669172531420876442,location_4742_1669172531420876442,4742,True,,,
4743,16693171806287387986,location_4743_16693171806287387986,4743,True,,,
4744,1669667873554066977,location_4744_1669667873554066977,4744,True,,,
4745,16698524145134986959,location_4745_16698524145134986959,4745,True,,,
4746,16699163765204684624,location_4746_16699163765204684624,4746,True,,,
4747,16700629248243616401,location_4747_16700629248243616401,4747,True,,,
4748,16701228142510761661,location_4748_16701228142510761661,4748,True,,,
4749,16701545429895825847,location_4749_16701545429895825847,4749,True,,,
4750,16705787997018878086,location_4750_16705787997018878086,4750,True,,,
4751,16710540837226639412,location_4751_16710540837226639412,4751,True,,,
4752,16710961087142162207,location_4752_16710961087142162207,4752,True,,,
4753,16711911500461027916,location_4753_16711911500461027916,4753,True,,,
4754,16713405865674609000,location_4754_16713405865674609000,4754,True,,,
4755,16713830235430525128,location_4755_16713830235430525128,4755,True,,,
4756,16713938230808539503,location_4756_16713938230808539503,4756,True,,,
4757,16714903772942374083,location_4757_16714903772942374083,4757,True,,,
4758,16715539051420060617,location_4758_16715539051420060617,4758,True,,,
4759,16715785651313609916,location_4759_16715785651313609916,4759,True,,,
4760,16717074384230840876,location_4760_16717074384230840876,4760,True,,,
4761,16719200962378515606,location_4761_16719200962378515606,4761,True,,,
4762,16719364047187494300,location_4762_16719364047187494300,4762,True,,,
4763,16720733146624275072,location_4763_16720733146624275072,4763,True,,,
4764,16722656056352871854,location_4764_16722656056352871854,4764,True,,,
4765,16724603633553231551,location_4765_16724603633553231551,4765,True,,,
4766,16724916658252329647,location_4766_16724916658252329647,4766,True,,,
4767,16725100646652581750,location_4767_16725100646652581750,4767,True,,,
4768,16725271192026999220,location_4768_16725271192026999220,4768,True,,,
4769,16726724846773827151,location_4769_16726724846773827151,4769,True,,,
4770,16727133029191436452,location_4770_16727133029191436452,4770,True,,,
4771,16728667019261877464,location_4771_16728667019261877464,4771,True,,,
4772,16729544879299437967,location_4772_16729544879299437967,4772,True,,,
4773,16731213060779122920,location_4773_16731213060779122920,4773,True,,,
4774,16735260807528891181,location_4774_16735260807528891181,4774,True,,,
4775,16736002922062853470,location_4775_16736002922062853470,4775,True,,,
4776,16736406554243134314,location_4776_16736406554243134314,4776,True,,,
4777,16736471599991501082,location_4777_16736471599991501082,4777,True,,,
4778,16737462912239198493,location_4778_16737462912239198493,4778,True,,,
4779,16737535523828164009,location_4779_16737535523828164009,4779,True,,,
4780,16738308661543346579,location_4780_16738308661543346579,4780,True,,,
4781,16738342745965248102,location_4781_16738342745965248102,4781,True,,,
4782,16739466056376434451,location_4782_16739466056376434451,4782,True,,,
4783,16740775406268207326,location_4783_16740775406268207326,4783,True,,,
4784,16742500480571890752,location_4784_16742500480571890752,4784,True,,,
4785,16742784132164439003,location_4785_16742784132164439003,4785,True,,,
4786,16744583511658328608,location_4786_16744583511658328608,4786,True,,,
4787,16745051332782681166,location_4787_16745051332782681166,4787,True,,,
4788,16745502672924208999,location_4788_16745502672924208999,4788,True,,,
4789,16749208007511659339,location_4789_16749208007511659339,4789,True,,,
4790,16750246669400797293,location_4790_16750246669400797293,4790,True,,,
4791,16753067722145928537,location_4791_16753067722145928537,4791,True,,,
4792,16753710224380072572,location_4792_16753710224380072572,4792,True,,,
4793,16753859851080404383,location_4793_16753859851080404383,4793,True,,,
4794,1675421628643859373,location_4794_1675421628643859373,4794,True,,,
4795,16754690843408452988,location_4795_16754690843408452988,4795,True,,,
4796,16755885526318123009,location_4796_16755885526318123009,4796,True,,,
4797,16757598835604662114,location_4797_16757598835604662114,4797,True,,,
4798,16760132438141876903,location_4798_16760132438141876903,4798,True,,,
4799,16761328122960561782,location_4799_16761328122960561782,4799,True,,,
4800,16762075133180737688,location_4800_16762075133180737688,4800,True,,,
4801,16763022634638412181,location_4801_16763022634638412181,4801,True,,,
4802,1676326164916702785,location_4802_1676326164916702785,4802,True,,,
4803,16763567460033349474,location_4803_16763567460033349474,4803,True,,,
4804,16764687578233675884,location_4804_16764687578233675884,4804,True,,,
4805,16765823650782217201,location_4805_16765823650782217201,4805,True,,,
4806,16766492002852040018,location_4806_16766492002852040018,4806,True,,,
4807,16766770465849393527,location_4807_16766770465849393527,4807,True,,,
4808,1676690777466019985,location_4808_1676690777466019985,4808,True,,,
4809,16767272255073117541,location_4809_16767272255073117541,4809,True,,,
4810,16768643573714743239,location_4810_16768643573714743239,4810,True,,,
4811,16770056214297506873,location_4811_16770056214297506873,4811,True,,,
4812,16771556847030558101,location_4812_16771556847030558101,4812,True,,,
4813,16772046705543685714,location_4813_16772046705543685714,4813,True,,,
4814,1677331621717125296,location_4814_1677331621717125296,4814,True,,,
4815,16774436720351357638,location_4815_16774436720351357638,4815,True,,,
4816,16774608615099877093,location_4816_16774608615099877093,4816,True,,,
4817,16777465673813751231,location_4817_16777465673813751231,4817,True,,,
4818,16779917971384215887,location_4818_16779917971384215887,4818,True,,,
4819,16781734170678193480,location_4819_16781734170678193480,4819,True,,,
4820,16781822408562012230,location_4820_16781822408562012230,4820,True,,,
4821,16782471517099097177,location_4821_16782471517099097177,4821,True,,,
4822,16785242310886155746,location_4822_16785242310886155746,4822,True,,,
4823,16785572149751283568,location_4823_16785572149751283568,4823,True,,,
4824,16786031713913839144,location_4824_16786031713913839144,4824,True,,,
4825,16788091845737573250,location_4825_16788091845737573250,4825,True,,,
4826,16788562696588854555,location_4826_16788562696588854555,4826,True,,,
4827,16790764390563023969,location_4827_16790764390563023969,4827,True,,,
4828,16793251032607519468,location_4828_16793251032607519468,4828,True,,,
4829,1679422763339909979,location_4829_1679422763339909979,4829,True,,,
4830,16797027931810403588,location_4830_16797027931810403588,4830,True,,,
4831,16798278358451432342,location_4831_16798278358451432342,4831,True,,,
4832,16799261241857182364,location_4832_16799261241857182364,4832,True,,,
4833,16799495146482865387,location_4833_16799495146482865387,4833,True,,,
4834,16802365797962063288,location_4834_16802365797962063288,4834,True,,,
4835,16803027079679263491,location_4835_16803027079679263491,4835,True,,,
4836,16804330032217302897,location_4836_16804330032217302897,4836,True,,,
4837,16805909823047968595,location_4837_16805909823047968595,4837,True,,,
4838,16808493426279898734,location_4838_16808493426279898734,4838,True,,,
4839,1681038063731246875,location_4839_1681038063731246875,4839,True,,,
4840,16811742176820769248,location_4840_16811742176820769248,4840,True,,,
4841,16812216470119806725,location_4841_16812216470119806725,4841,True,,,
4842,16812580775262380128,location_4842_16812580775262380128,4842,True,,,
4843,16813246647009683114,location_4843_16813246647009683114,4843,True,,,
4844,16813760216476105979,location_4844_16813760216476105979,4844,True,,,
4845,1681398054968687651,location_4845_1681398054968687651,4845,True,,,
4846,16819848773584313648,location_4846_16819848773584313648,4846,True,,,
4847,16819959579947398708,location_4847_16819959579947398708,4847,True,,,
4848,16819984552377244107,location_4848_16819984552377244107,4848,True,,,
4849,16822634594287786027,location_4849_16822634594287786027,4849,True,,,
4850,16822830181704767409,location_4850_16822830181704767409,4850,True,,,
4851,16824165144646629946,location_4851_16824165144646629946,4851,True,,,
4852,16825413684529501284,location_4852_16825413684529501284,4852,True,,,
4853,168287726751249315,location_4853_168287726751249315,4853,True,,,
4854,16829984272582032453,location_4854_16829984272582032453,4854,True,,,
4855,16830455748184706525,location_4855_16830455748184706525,4855,True,,,
4856,16831468938250605225,location_4856_16831468938250605225,4856,True,,,
4857,16834166854093072037,location_4857_16834166854093072037,4857,True,,,
4858,16835018191884240387,location_4858_16835018191884240387,4858,True,,,
4859,16843486767833061758,location_4859_16843486767833061758,4859,True,,,
4860,16845016546649180594,location_4860_16845016546649180594,4860,True,,,
4861,16845302540449018344,location_4861_16845302540449018344,4861,True,,,
4862,16846737943292021360,location_4862_16846737943292021360,4862,True,,,
4863,16847919516854066164,location_4863_16847919516854066164,4863,True,,,
4864,16851513676305517178,location_4864_16851513676305517178,4864,True,,,
4865,16854302066052399589,location_4865_16854302066052399589,4865,True,,,
4866,16855670335759367725,location_4866_16855670335759367725,4866,True,,,
4867,16855908518072877638,location_4867_16855908518072877638,4867,True,,,
4868,16856578047072315907,location_4868_16856578047072315907,4868,True,,,
4869,16858034144502994920,location_4869_16858034144502994920,4869,True,,,
4870,16859752688724654128,location_4870_16859752688724654128,4870,True,,,
4871,16860430775133062982,location_4871_16860430775133062982,4871,True,,,
4872,16862485502220757734,location_4872_16862485502220757734,4872,True,,,
4873,16863254602993258781,location_4873_16863254602993258781,4873,True,,,
4874,16866198912378190450,location_4874_16866198912378190450,4874,True,,,
4875,16867181469784686411,location_4875_16867181469784686411,4875,True,,,
4876,16872799551976950019,location_4876_16872799551976950019,4876,True,,,
4877,16872964536642881826,location_4877_16872964536642881826,4877,True,,,
4878,16874257474858515703,location_4878_16874257474858515703,4878,True,,,
4879,16875542390578326782,location_4879_16875542390578326782,4879,True,,,
4880,16876837993262324306,location_4880_16876837993262324306,4880,True,,,
4881,16877837735493696286,location_4881_16877837735493696286,4881,True,,,
4882,16877989117011324167,location_4882_16877989117011324167,4882,True,,,
4883,16880419553417006591,location_4883_16880419553417006591,4883,True,,,
4884,16881303321171197454,location_4884_16881303321171197454,4884,True,,,
4885,16881893210798388598,location_4885_16881893210798388598,4885,True,,,
4886,16882403127610043051,location_4886_16882403127610043051,4886,True,,,
4887,16882972545617381136,location_4887_16882972545617381136,4887,True,,,
4888,1688439442140622029,location_4888_1688439442140622029,4888,True,,,
4889,16884795167076649538,location_4889_16884795167076649538,4889,True,,,
4890,16885353578195116285,location_4890_16885353578195116285,4890,True,,,
4891,16885746148430476000,location_4891_16885746148430476000,4891,True,,,
4892,16886635569085819251,location_4892_16886635569085819251,4892,True,,,
4893,16886762498730185410,location_4893_16886762498730185410,4893,True,,,
4894,16887138531703163457,location_4894_16887138531703163457,4894,True,,,
4895,16888690597626365211,location_4895_16888690597626365211,4895,True,,,
4896,1688894238573776630,location_4896_1688894238573776630,4896,True,,,
4897,16890800455647462861,location_4897_16890800455647462861,4897,True,,,
4898,16893534010276418727,location_4898_16893534010276418727,4898,True,,,
4899,16893541500125054993,location_4899_16893541500125054993,4899,True,,,
4900,1689400161982522770,location_4900_1689400161982522770,4900,True,,,
4901,16896596808709228345,location_4901_16896596808709228345,4901,True,,,
4902,16898365277561537764,location_4902_16898365277561537764,4902,True,,,
4903,16899473495657972974,location_4903_16899473495657972974,4903,True,,,
4904,16901257101498259349,location_4904_16901257101498259349,4904,True,,,
4905,16901634074691030971,location_4905_16901634074691030971,4905,True,,,
4906,16903444517791336647,location_4906_16903444517791336647,4906,True,,,
4907,1690380901304298543,location_4907_1690380901304298543,4907,True,,,
4908,16904572837730220639,location_4908_16904572837730220639,4908,True,,,
4909,16905001701074830690,location_4909_16905001701074830690,4909,True,,,
4910,16906348585471281657,location_4910_16906348585471281657,4910,True,,,
4911,16906354575915977335,location_4911_16906354575915977335,4911,True,,,
4912,1690668854909850316,location_4912_1690668854909850316,4912,True,,,
4913,16906988746063105843,location_4913_16906988746063105843,4913,True,,,
4914,16908679975265092505,location_4914_16908679975265092505,4914,True,,,
4915,1691277635195115082,location_4915_1691277635195115082,4915,True,,,
4916,16913766244443927323,location_4916_16913766244443927323,4916,True,,,
4917,1691442753839285524,location_4917_1691442753839285524,4917,True,,,
4918,16916578808383664459,location_4918_16916578808383664459,4918,True,,,
4919,16917833595719775614,location_4919_16917833595719775614,4919,True,,,
4920,16919167419109279662,location_4920_16919167419109279662,4920,True,,,
4921,16925009679502285212,location_4921_16925009679502285212,4921,True,,,
4922,16925667869786513661,location_4922_16925667869786513661,4922,True,,,
4923,16926316490770752366,location_4923_16926316490770752366,4923,True,,,
4924,16928119254765334149,location_4924_16928119254765334149,4924,True,,,
4925,16928256343621613504,location_4925_16928256343621613504,4925,True,,,
4926,16932062764049166816,location_4926_16932062764049166816,4926,True,,,
4927,16933812276321074168,location_4927_16933812276321074168,4927,True,,,
4928,16936006598689107403,location_4928_16936006598689107403,4928,True,,,
4929,16939108655405263295,location_4929_16939108655405263295,4929,True,,,
4930,16940039460746138121,location_4930_16940039460746138121,4930,True,,,
4931,16943206852254951786,location_4931_16943206852254951786,4931,True,,,
4932,16944700997678685617,location_4932_16944700997678685617,4932,True,,,
4933,16946030021019038424,location_4933_16946030021019038424,4933,True,,,
4934,16946623195012682489,location_4934_16946623195012682489,4934,True,,,
4935,16952269062787857249,location_4935_16952269062787857249,4935,True,,,
4936,16953547296870562083,location_4936_16953547296870562083,4936,True,,,
4937,1695636157994586095,location_4937_1695636157994586095,4937,True,,,
4938,16956503884272204801,location_4938_16956503884272204801,4938,True,,,
4939,16958101641004396609,location_4939_16958101641004396609,4939,True,,,
4940,16958567011726155169,location_4940_16958567011726155169,4940,True,,,
4941,16958905210483313601,location_4941_16958905210483313601,4941,True,,,
4942,16960048961359834404,location_4942_16960048961359834404,4942,True,,,
4943,16961173557331802060,location_4943_16961173557331802060,4943,True,,,
4944,16969071745715433521,location_4944_16969071745715433521,4944,True,,,
4945,16972635515566943780,location_4945_16972635515566943780,4945,True,,,
4946,16974810016144860581,location_4946_16974810016144860581,4946,True,,,
4947,16974903600897029320,location_4947_16974903600897029320,4947,True,,,
4948,16975199173349813281,location_4948_16975199173349813281,4948,True,,,
4949,16975503796409490210,location_4949_16975503796409490210,4949,True,,,
4950,16977318546382901693,location_4950_16977318546382901693,4950,True,,,
4951,16980016190709564394,location_4951_16980016190709564394,4951,True,,,
4952,16980469193214544791,location_4952_16980469193214544791,4952,True,,,
4953,16980990187796628068,location_4953_16980990187796628068,4953,True,,,
4954,1698454140171556552,location_4954_1698454140171556552,4954,True,,,
4955,16985393978226239096,location_4955_16985393978226239096,4955,True,,,
4956,16986669724861375701,location_4956_16986669724861375701,4956,True,,,
4957,1698674654088866331,location_4957_1698674654088866331,4957,True,,,
4958,1698736066733511571,location_4958_1698736066733511571,4958,True,,,
4959,16988501539261400142,location_4959_16988501539261400142,4959,True,,,
4960,16988975970695880372,location_4960_16988975970695880372,4960,True,,,
4961,16992657188204282098,location_4961_16992657188204282098,4961,True,,,
4962,16993973782805637817,location_4962_16993973782805637817,4962,True,,,
4963,16994467979312595868,location_4963_16994467979312595868,4963,True,,,
4964,16995635366317025410,location_4964_16995635366317025410,4964,True,,,
4965,16996253735980642668,location_4965_16996253735980642668,4965,True,,,
4966,1699651848160702383,location_4966_1699651848160702383,4966,True,,,
4967,16997844475593672120,location_4967_16997844475593672120,4967,True,,,
4968,17003141915532263111,location_4968_17003141915532263111,4968,True,,,
4969,17004089517313001067,location_4969_17004089517313001067,4969,True,,,
4970,17004330576318887328,location_4970_17004330576318887328,4970,True,,,
4971,17004817203475535090,location_4971_17004817203475535090,4971,True,,,
4972,1700982729134467543,location_4972_1700982729134467543,4972,True,,,
4973,17013797881635981066,location_4973_17013797881635981066,4973,True,,,
4974,17014775543628817397,location_4974_17014775543628817397,4974,True,,,
4975,17015274660934335122,location_4975_17015274660934335122,4975,True,,,
4976,17016320152474312499,location_4976_17016320152474312499,4976,True,,,
4977,17017665437097657950,location_4977_17017665437097657950,4977,True,,,
4978,17022838188181096046,location_4978_17022838188181096046,4978,True,,,
4979,17025313677896752365,location_4979_17025313677896752365,4979,True,,,
4980,17029537621017446614,location_4980_17029537621017446614,4980,True,,,
4981,17030431049043694993,location_4981_17030431049043694993,4981,True,,,
4982,17030460600858782979,location_4982_17030460600858782979,4982,True,,,
4983,17030798552435838797,location_4983_17030798552435838797,4983,True,,,
4984,17031914545661991376,location_4984_17031914545661991376,4984,True,,,
4985,17033407299342569308,location_4985_17033407299342569308,4985,True,,,
4986,17034393811252293560,location_4986_17034393811252293560,4986,True,,,
4987,17036657832656857377,location_4987_17036657832656857377,4987,True,,,
4988,1703821429401275224,location_4988_1703821429401275224,4988,True,,,
4989,17038214684616414575,location_4989_17038214684616414575,4989,True,,,
4990,17039779317643171759,location_4990_17039779317643171759,4990,True,,,
4991,17042054112043769143,location_4991_17042054112043769143,4991,True,,,
4992,17042792318182253740,location_4992_17042792318182253740,4992,True,,,
4993,17044785129445890475,location_4993_17044785129445890475,4993,True,,,
4994,17044976081226241714,location_4994_17044976081226241714,4994,True,,,
4995,17044982442045065089,location_4995_17044982442045065089,4995,True,,,
4996,17047590502433996002,location_4996_17047590502433996002,4996,True,,,
4997,17049878346205898920,location_4997_17049878346205898920,4997,True,,,
4998,17050791910772893808,location_4998_17050791910772893808,4998,True,,,
4999,17053338111723872098,location_4999_17053338111723872098,4999,True,,,
5000,17054201431610464650,location_5000_17054201431610464650,5000,True,,,
5001,17054996218268257480,location_5001_17054996218268257480,5001,True,,,
5002,17055629494103781204,location_5002_17055629494103781204,5002,True,,,
5003,17056081605849496994,location_5003_17056081605849496994,5003,True,,,
5004,17056629068931217855,location_5004_17056629068931217855,5004,True,,,
5005,17059274161627172797,location_5005_17059274161627172797,5005,True,,,
5006,17061346303006426513,location_5006_17061346303006426513,5006,True,,,
5007,17061354611564562170,location_5007_17061354611564562170,5007,True,,,
5008,17061647278274829344,location_5008_17061647278274829344,5008,True,,,
5009,17062541980404256756,location_5009_17062541980404256756,5009,True,,,
5010,17063466093138104855,location_5010_17063466093138104855,5010,True,,,
5011,17063707866017204435,location_5011_17063707866017204435,5011,True,,,
5012,17066126326700886730,location_5012_17066126326700886730,5012,True,,,
5013,17069856850679249209,location_5013_17069856850679249209,5013,True,,,
5014,17069874595013709043,location_5014_17069874595013709043,5014,True,,,
5015,17069941849778858487,location_5015_17069941849778858487,5015,True,,,
5016,1707442229312874267,location_5016_1707442229312874267,5016,True,,,
5017,17074796161269280734,location_5017_17074796161269280734,5017,True,,,
5018,17075246250915645621,location_5018_17075246250915645621,5018,True,,,
5019,17079432179190358755,location_5019_17079432179190358755,5019,True,,,
5020,1708037123328205192,location_5020_1708037123328205192,5020,True,,,
5021,17081356169353852430,location_5021_17081356169353852430,5021,True,,,
5022,17082909968832868076,location_5022_17082909968832868076,5022,True,,,
5023,17083931049167801022,location_5023_17083931049167801022,5023,True,,,
5024,17085479857720894176,location_5024_17085479857720894176,5024,True,,,
5025,17087483438085044850,location_5025_17087483438085044850,5025,True,,,
5026,17089936306391018318,location_5026_17089936306391018318,5026,True,,,
5027,17094905724724717039,location_5027_17094905724724717039,5027,True,,,
5028,17095000268972730075,location_5028_17095000268972730075,5028,True,,,
5029,17096862623177004945,location_5029_17096862623177004945,5029,True,,,
5030,17097029741836867088,location_5030_17097029741836867088,5030,True,,,
5031,17098114492056661983,location_5031_17098114492056661983,5031,True,,,
5032,17098187534384433600,location_5032_17098187534384433600,5032,True,,,
5033,17098322545264206739,location_5033_17098322545264206739,5033,True,,,
5034,17099987497193724583,location_5034_17099987497193724583,5034,True,,,
5035,17100487707136621527,location_5035_17100487707136621527,5035,True,,,
5036,17101188785286372639,location_5036_17101188785286372639,5036,True,,,
5037,17106643926494958703,location_5037_17106643926494958703,5037,True,,,
5038,17107413382541276128,location_5038_17107413382541276128,5038,True,,,
5039,17107502335517445044,location_5039_17107502335517445044,5039,True,,,
5040,17109368343229377203,location_5040_17109368343229377203,5040,True,,,
5041,17109812544938917040,location_5041_17109812544938917040,5041,True,,,
5042,17111639495450054252,location_5042_17111639495450054252,5042,True,,,
5043,17116810886847203624,location_5043_17116810886847203624,5043,True,,,
5044,17116896024935859957,location_5044_17116896024935859957,5044,True,,,
5045,17117431733785272444,location_5045_17117431733785272444,5045,True,,,
5046,17117516440308810067,location_5046_17117516440308810067,5046,True,,,
5047,1711978014914149670,location_5047_1711978014914149670,5047,True,,,
5048,17120405989156314048,location_5048_17120405989156314048,5048,True,,,
5049,17120627443533121720,location_5049_17120627443533121720,5049,True,,,
5050,17122672393823718684,location_5050_17122672393823718684,5050,True,,,
5051,17122941519955946052,location_5051_17122941519955946052,5051,True,,,
5052,17123808832996141247,location_5052_17123808832996141247,5052,True,,,
5053,17129907346711032700,location_5053_17129907346711032700,5053,True,,,
5054,17132499875093005132,location_5054_17132499875093005132,5054,True,,,
5055,17133654341653682678,location_5055_17133654341653682678,5055,True,,,
5056,17135874954389551538,location_5056_17135874954389551538,5056,True,,,
5057,17136354561967928996,location_5057_17136354561967928996,5057,True,,,
5058,17137001042165384517,location_5058_17137001042165384517,5058,True,,,
5059,17140177232721558294,location_5059_17140177232721558294,5059,True,,,
5060,17140320790585252971,location_5060_17140320790585252971,5060,True,,,
5061,1714184983223354811,location_5061_1714184983223354811,5061,True,,,
5062,17142887770323268263,location_5062_17142887770323268263,5062,True,,,
5063,17143135970466558888,location_5063_17143135970466558888,5063,True,,,
5064,17146798525538204086,location_5064_17146798525538204086,5064,True,,,
5065,17149535410553597896,location_5065_17149535410553597896,5065,True,,,
5066,17149927530751203745,location_5066_17149927530751203745,5066,True,,,
5067,17150302914277065797,location_5067_17150302914277065797,5067,True,,,
5068,17155668360575242131,location_5068_17155668360575242131,5068,True,,,
5069,1715766395701233750,location_5069_1715766395701233750,5069,True,,,
5070,17159059797512450957,location_5070_17159059797512450957,5070,True,,,
5071,17160145448591719448,location_5071_17160145448591719448,5071,True,,,
5072,17160384548139040017,location_5072_17160384548139040017,5072,True,,,
5073,17160716386566098778,location_5073_17160716386566098778,5073,True,,,
5074,17160963145780817313,location_5074_17160963145780817313,5074,True,,,
5075,17161091495037491756,location_5075_17161091495037491756,5075,True,,,
5076,17161797604806671645,location_5076_17161797604806671645,5076,True,,,
5077,1716319986582286347,location_5077_1716319986582286347,5077,True,,,
5078,17163386823749458830,location_5078_17163386823749458830,5078,True,,,
5079,17163705552637705784,location_5079_17163705552637705784,5079,True,,,
5080,17163986439956808311,location_5080_17163986439956808311,5080,True,,,
5081,17164032961672401841,location_5081_17164032961672401841,5081,True,,,
5082,17165632406880329563,location_5082_17165632406880329563,5082,True,,,
5083,17168414127398420188,location_5083_17168414127398420188,5083,True,,,
5084,17168462554930152454,location_5084_17168462554930152454,5084,True,,,
5085,17169764887851908357,location_5085_17169764887851908357,5085,True,,,
5086,17170962887037464423,location_5086_17170962887037464423,5086,True,,,
5087,17171005475539713652,location_5087_17171005475539713652,5087,True,,,
5088,17171315834007347992,location_5088_17171315834007347992,5088,True,,,
5089,17172891198422690130,location_5089_17172891198422690130,5089,True,,,
5090,17174164534075852570,location_5090_17174164534075852570,5090,True,,,
5091,17175554773692772009,location_5091_17175554773692772009,5091,True,,,
5092,17176000055760820634,location_5092_17176000055760820634,5092,True,,,
5093,17177985276998777608,location_5093_17177985276998777608,5093,True,,,
5094,17178057450125874036,location_5094_17178057450125874036,5094,True,,,
5095,1718717800452444109,location_5095_1718717800452444109,5095,True,,,
5096,17189568245724083896,location_5096_17189568245724083896,5096,True,,,
5097,17194699430067788588,location_5097_17194699430067788588,5097,True,,,
5098,17196500264263823945,location_5098_17196500264263823945,5098,True,,,
5099,17202253647932648369,location_5099_17202253647932648369,5099,True,,,
5100,17208173024744045327,location_5100_17208173024744045327,5100,True,,,
5101,172087064988540286,location_5101_172087064988540286,5101,True,,,
5102,17212026224979052700,location_5102_17212026224979052700,5102,True,,,
5103,17212672084490201810,location_5103_17212672084490201810,5103,True,,,
5104,17213086096002218524,location_5104_17213086096002218524,5104,True,,,
5105,17214720156144186092,location_5105_17214720156144186092,5105,True,,,
5106,17214735071947896127,location_5106_17214735071947896127,5106,True,,,
5107,17216130192837856366,location_5107_17216130192837856366,5107,True,,,
5108,1721699463836410818,location_5108_1721699463836410818,5108,True,,,
5109,17217139290022757641,location_5109_17217139290022757641,5109,True,,,
5110,17218524189539990488,location_5110_17218524189539990488,5110,True,,,
5111,17218743519451575402,location_5111_17218743519451575402,5111,True,,,
5112,1721958281104347935,location_5112_1721958281104347935,5112,True,,,
5113,17221805714042700672,location_5113_17221805714042700672,5113,True,,,
5114,17222682738896401326,location_5114_17222682738896401326,5114,True,,,
5115,17224519642102445581,location_5115_17224519642102445581,5115,True,,,
5116,17229772628719764551,location_5116_17229772628719764551,5116,True,,,
5117,17231192389215042974,location_5117_17231192389215042974,5117,True,,,
5118,17232176138048316994,location_5118_17232176138048316994,5118,True,,,
5119,17232237690654785978,location_5119_17232237690654785978,5119,True,,,
5120,17232902197975901281,location_5120_17232902197975901281,5120,True,,,
5121,17234531061027401748,location_5121_17234531061027401748,5121,True,,,
5122,1723559268257191771,location_5122_1723559268257191771,5122,True,,,
5123,17238563979875008641,location_5123_17238563979875008641,5123,True,,,
5124,17239146621538037068,location_5124_17239146621538037068,5124,True,,,
5125,17239155518732556802,location_5125_17239155518732556802,5125,True,,,
5126,1723989576901317611,location_5126_1723989576901317611,5126,True,,,
5127,17242329893799948370,location_5127_17242329893799948370,5127,True,,,
5128,17242688692564779426,location_5128_17242688692564779426,5128,True,,,
5129,17245746042174856702,location_5129_17245746042174856702,5129,True,,,
5130,1724587316148620548,location_5130_1724587316148620548,5130,True,,,
5131,17246207253400632527,location_5131_17246207253400632527,5131,True,,,
5132,17246579302027597856,location_5132_17246579302027597856,5132,True,,,
5133,17247795494826609259,location_5133_17247795494826609259,5133,True,,,
5134,17250751825264738316,location_5134_17250751825264738316,5134,True,,,
5135,17251891191356372850,location_5135_17251891191356372850,5135,True,,,
5136,17252314351118739495,location_5136_17252314351118739495,5136,True,,,
5137,17252758251735669376,location_5137_17252758251735669376,5137,True,,,
5138,17253088043669231529,location_5138_17253088043669231529,5138,True,,,
5139,17254633199609315494,location_5139_17254633199609315494,5139,True,,,
5140,17255563049307553775,location_5140_17255563049307553775,5140,True,,,
5141,17258140573432377843,location_5141_17258140573432377843,5141,True,,,
5142,17260286528809056621,location_5142_17260286528809056621,5142,True,,,
5143,17260535340423481361,location_5143_17260535340423481361,5143,True,,,
5144,17262688886684507837,location_5144_17262688886684507837,5144,True,,,
5145,17265515181675198182,location_5145_17265515181675198182,5145,True,,,
5146,17266051569342304332,location_5146_17266051569342304332,5146,True,,,
5147,17266173547410849563,location_5147_17266173547410849563,5147,True,,,
5148,17266880677858293972,location_5148_17266880677858293972,5148,True,,,
5149,17267971179244679365,location_5149_17267971179244679365,5149,True,,,
5150,17268665654978541916,location_5150_17268665654978541916,5150,True,,,
5151,17268725181513504989,location_5151_17268725181513504989,5151,True,,,
5152,17269019175759679635,location_5152_17269019175759679635,5152,True,,,
5153,17269821136732748749,location_5153_17269821136732748749,5153,True,,,
5154,17274244264992872863,location_5154_17274244264992872863,5154,True,,,
5155,17276445630417190404,location_5155_17276445630417190404,5155,True,,,
5156,17279063909790289615,location_5156_17279063909790289615,5156,True,,,
5157,17280762159753498849,location_5157_17280762159753498849,5157,True,,,
5158,17284770837200280421,location_5158_17284770837200280421,5158,True,,,
5159,17286422520376716499,location_5159_17286422520376716499,5159,True,,,
5160,17287156671899498279,location_5160_17287156671899498279,5160,True,,,
5161,17288317352071889923,location_5161_17288317352071889923,5161,True,,,
5162,1728922434062798719,location_5162_1728922434062798719,5162,True,,,
5163,17290493820988970883,location_5163_17290493820988970883,5163,True,,,
5164,17293460198893862931,location_5164_17293460198893862931,5164,True,,,
5165,17295783564425182086,location_5165_17295783564425182086,5165,True,,,
5166,17296060454939275700,location_5166_17296060454939275700,5166,True,,,
5167,17296616430385074524,location_5167_17296616430385074524,5167,True,,,
5168,17297147936221600480,location_5168_17297147936221600480,5168,True,,,
5169,17298572225576273263,location_5169_17298572225576273263,5169,True,,,
5170,1729885392244777031,location_5170_1729885392244777031,5170,True,,,
5171,17299859426144681521,location_5171_17299859426144681521,5171,True,,,
5172,17301393042297286321,location_5172_17301393042297286321,5172,True,,,
5173,17301616999857498716,location_5173_17301616999857498716,5173,True,,,
5174,17302007009153967591,location_5174_17302007009153967591,5174,True,,,
5175,17302388205155047392,location_5175_17302388205155047392,5175,True,,,
5176,1730331539074028716,location_5176_1730331539074028716,5176,True,,,
5177,17303673265999594137,location_5177_17303673265999594137,5177,True,,,
5178,17303851055145482714,location_5178_17303851055145482714,5178,True,,,
5179,17305659345405897492,location_5179_17305659345405897492,5179,True,,,
5180,17306147742765977890,location_5180_17306147742765977890,5180,True,,,
5181,17306430251226553720,location_5181_17306430251226553720,5181,True,,,
5182,17308310081995957433,location_5182_17308310081995957433,5182,True,,,
5183,17309945371933427318,location_5183_17309945371933427318,5183,True,,,
5184,17314191708210752913,location_5184_17314191708210752913,5184,True,,,
5185,17321989192180985495,location_5185_17321989192180985495,5185,True,,,
5186,17323277600664180727,location_5186_17323277600664180727,5186,True,,,
5187,17326625394750192340,location_5187_17326625394750192340,5187,True,,,
5188,1732714167268020201,location_5188_1732714167268020201,5188,True,,,
5189,17327483672846544892,location_5189_17327483672846544892,5189,True,,,
5190,17329963644266101318,location_5190_17329963644266101318,5190,True,,,
5191,17334768930855737224,location_5191_17334768930855737224,5191,True,,,
5192,17335623950473637708,location_5192_17335623950473637708,5192,True,,,
5193,17338309060802008194,location_5193_17338309060802008194,5193,True,,,
5194,17340062466541339992,location_5194_17340062466541339992,5194,True,,,
5195,17342400908964451341,location_5195_17342400908964451341,5195,True,,,
5196,17343884627078893089,location_5196_17343884627078893089,5196,True,,,
5197,17345247222828994602,location_5197_17345247222828994602,5197,True,,,
5198,17345845699762918590,location_5198_17345845699762918590,5198,True,,,
5199,17349005421117432217,location_5199_17349005421117432217,5199,True,,,
5200,17350059251794918853,location_5200_17350059251794918853,5200,True,,,
5201,17350539456840287927,location_5201_17350539456840287927,5201,True,,,
5202,17350668023685262130,location_5202_17350668023685262130,5202,True,,,
5203,17351141273031079893,location_5203_17351141273031079893,5203,True,,,
5204,17354039516077484455,location_5204_17354039516077484455,5204,True,,,
5205,17354534866773260798,location_5205_17354534866773260798,5205,True,,,
5206,17354620069458723424,location_5206_17354620069458723424,5206,True,,,
5207,17354745098773790667,location_5207_17354745098773790667,5207,True,,,
5208,17358838342310661959,location_5208_17358838342310661959,5208,True,,,
5209,17359460624942160092,location_5209_17359460624942160092,5209,True,,,
5210,17359763034314725129,location_5210_17359763034314725129,5210,True,,,
5211,17361718942358702625,location_5211_17361718942358702625,5211,True,,,
5212,17363552414056333489,location_5212_17363552414056333489,5212,True,,,
5213,17364565620874283776,location_5213_17364565620874283776,5213,True,,,
5214,17366189395941953659,location_5214_17366189395941953659,5214,True,,,
5215,17366240214283710217,location_5215_17366240214283710217,5215,True,,,
5216,17367317009209687165,location_5216_17367317009209687165,5216,True,,,
5217,17369666695638555377,location_5217_17369666695638555377,5217,True,,,
5218,17370183742598391965,location_5218_17370183742598391965,5218,True,,,
5219,17372031437367444065,location_5219_17372031437367444065,5219,True,,,
5220,17373217495043714360,location_5220_17373217495043714360,5220,True,,,
5221,17374961571068899792,location_5221_17374961571068899792,5221,True,,,
5222,17378266073884081732,location_5222_17378266073884081732,5222,True,,,
5223,17379399802418780837,location_5223_17379399802418780837,5223,True,,,
5224,17380134655285306525,location_5224_17380134655285306525,5224,True,,,
5225,17380367326233400340,location_5225_17380367326233400340,5225,True,,,
5226,17380548767874294133,location_5226_17380548767874294133,5226,True,,,
5227,17382942679555060407,location_5227_17382942679555060407,5227,True,,,
5228,1738404767287197707,location_5228_1738404767287197707,5228,True,,,
5229,17388627353641329580,location_5229_17388627353641329580,5229,True,,,
5230,17391366081272555828,location_5230_17391366081272555828,5230,True,,,
5231,1739373081105008208,location_5231_1739373081105008208,5231,True,,,
5232,17395120741553025576,location_5232_17395120741553025576,5232,True,,,
5233,17398578182533224074,location_5233_17398578182533224074,5233,True,,,
5234,17400005335089759379,location_5234_17400005335089759379,5234,True,,,
5235,17400212688678069140,location_5235_17400212688678069140,5235,True,,,
5236,17403352384502354810,location_5236_17403352384502354810,5236,True,,,
5237,17405681230279958775,location_5237_17405681230279958775,5237,True,,,
5238,17407132458267436204,location_5238_17407132458267436204,5238,True,,,
5239,17408665471027751239,location_5239_17408665471027751239,5239,True,,,
5240,17408903744123575577,location_5240_17408903744123575577,5240,True,,,
5241,1740925115106804356,location_5241_1740925115106804356,5241,True,,,
5242,17410187357299349608,location_5242_17410187357299349608,5242,True,,,
5243,1741141880581713095,location_5243_1741141880581713095,5243,True,,,
5244,17412055317459302996,location_5244_17412055317459302996,5244,True,,,
5245,17412323349625908373,location_5245_17412323349625908373,5245,True,,,
5246,17415571638429042801,location_5246_17415571638429042801,5246,True,,,
5247,17415578606642858134,location_5247_17415578606642858134,5247,True,,,
5248,17419614293423594843,location_5248_17419614293423594843,5248,True,,,
5249,17420078706939324556,location_5249_17420078706939324556,5249,True,,,
5250,17422395397536799234,location_5250_17422395397536799234,5250,True,,,
5251,17423864579099619787,location_5251_17423864579099619787,5251,True,,,
5252,17424048481661516120,location_5252_17424048481661516120,5252,True,,,
5253,17424650012769362368,location_5253_17424650012769362368,5253,True,,,
5254,17426494530658606934,location_5254_17426494530658606934,5254,True,,,
5255,174264993386277948,location_5255_174264993386277948,5255,True,,,
5256,17426619329621672693,location_5256_17426619329621672693,5256,True,,,
5257,1742716750727098853,location_5257_1742716750727098853,5257,True,,,
5258,1742807884191698944,location_5258_1742807884191698944,5258,True,,,
5259,17428329162503034904,location_5259_17428329162503034904,5259,True,,,
5260,17429137458668362391,location_5260_17429137458668362391,5260,True,,,
5261,17429435238069462944,location_5261_17429435238069462944,5261,True,,,
5262,17431663357708315814,location_5262_17431663357708315814,5262,True,,,
5263,17432163402895859633,location_5263_17432163402895859633,5263,True,,,
5264,17433027770301143634,location_5264_17433027770301143634,5264,True,,,
5265,17434270391843426682,location_5265_17434270391843426682,5265,True,,,
5266,17434717511131198410,location_5266_17434717511131198410,5266,True,,,
5267,17434804131553381700,location_5267_17434804131553381700,5267,True,,,
5268,1743581529609022977,location_5268_1743581529609022977,5268,True,,,
5269,17436802683545666528,location_5269_17436802683545666528,5269,True,,,
5270,17436842135620396019,location_5270_17436842135620396019,5270,True,,,
5271,17438554559931743193,location_5271_17438554559931743193,5271,True,,,
5272,17439041029485513075,location_5272_17439041029485513075,5272,True,,,
5273,17445529573219457959,location_5273_17445529573219457959,5273,True,,,
5274,1744609737000656073,location_5274_1744609737000656073,5274,True,,,
5275,17446602865829699829,location_5275_17446602865829699829,5275,True,,,
5276,17447935036130428157,location_5276_17447935036130428157,5276,True,,,
5277,17453463399834427652,location_5277_17453463399834427652,5277,True,,,
5278,17453744480734877737,location_5278_17453744480734877737,5278,True,,,
5279,17453796863293725209,location_5279_17453796863293725209,5279,True,,,
5280,17454323263950485260,location_5280_17454323263950485260,5280,True,,,
5281,17454337019696247667,location_5281_17454337019696247667,5281,True,,,
5282,1745435891512867673,location_5282_1745435891512867673,5282,True,,,
5283,17454796046075589192,location_5283_17454796046075589192,5283,True,,,
5284,17456269696801460647,location_5284_17456269696801460647,5284,True,,,
5285,17458325547228759804,location_5285_17458325547228759804,5285,True,,,
5286,17460769233873211104,location_5286_17460769233873211104,5286,True,,,
5287,17461950827516727449,location_5287_17461950827516727449,5287,True,,,
5288,17462382923624731008,location_5288_17462382923624731008,5288,True,,,
5289,17462991852463763669,location_5289_17462991852463763669,5289,True,,,
5290,17463305411968264646,location_5290_17463305411968264646,5290,True,,,
5291,17463344915426793279,location_5291_17463344915426793279,5291,True,,,
5292,17466371089258441416,location_5292_17466371089258441416,5292,True,,,
5293,17466425075839404751,location_5293_17466425075839404751,5293,True,,,
5294,17466520710776667101,location_5294_17466520710776667101,5294,True,,,
5295,1746727840983630158,location_5295_1746727840983630158,5295,True,,,
5296,17467603013188872634,location_5296_17467603013188872634,5296,True,,,
5297,17469769840019908491,location_5297_17469769840019908491,5297,True,,,
5298,17470542014282635752,location_5298_17470542014282635752,5298,True,,,
5299,17470708941059541792,location_5299_17470708941059541792,5299,True,,,
5300,1747115005944912637,location_5300_1747115005944912637,5300,True,,,
5301,17472176444715685448,location_5301_17472176444715685448,5301,True,,,
5302,17472581633809830465,location_5302_17472581633809830465,5302,True,,,
5303,17474366262288655882,location_5303_17474366262288655882,5303,True,,,
5304,17476809956083493532,location_5304_17476809956083493532,5304,True,,,
5305,17477355317057119208,location_5305_17477355317057119208,5305,True,,,
5306,17478230753298708158,location_5306_17478230753298708158,5306,True,,,
5307,17479513088034041902,location_5307_17479513088034041902,5307,True,,,
5308,1748015643137093676,location_5308_1748015643137093676,5308,True,,,
5309,17482047921561966519,location_5309_17482047921561966519,5309,True,,,
5310,17482398985650547195,location_5310_17482398985650547195,5310,True,,,
5311,17482535045654516330,location_5311_17482535045654516330,5311,True,,,
5312,1748372456673868919,location_5312_1748372456673868919,5312,True,,,
5313,17484831008940335273,location_5313_17484831008940335273,5313,True,,,
5314,17485249438767253230,location_5314_17485249438767253230,5314,True,,,
5315,17485723777237531318,location_5315_17485723777237531318,5315,True,,,
5316,17486115642177563696,location_5316_17486115642177563696,5316,True,,,
5317,17486405967810452371,location_5317_17486405967810452371,5317,True,,,
5318,17486533840032132817,location_5318_17486533840032132817,5318,True,,,
5319,1748674481507211154,location_5319_1748674481507211154,5319,True,,,
5320,1748743197031537913,location_5320_1748743197031537913,5320,True,,,
5321,17487820432566302627,location_5321_17487820432566302627,5321,True,,,
5322,17489412217423525426,location_5322_17489412217423525426,5322,True,,,
5323,17498452652846632457,location_5323_17498452652846632457,5323,True,,,
5324,17503900365529313033,location_5324_17503900365529313033,5324,True,,,
5325,17504302486549255655,location_5325_17504302486549255655,5325,True,,,
5326,1750469433918286135,location_5326_1750469433918286135,5326,True,,,
5327,17504736092469136512,location_5327_17504736092469136512,5327,True,,,
5328,17505632133669569602,location_5328_17505632133669569602,5328,True,,,
5329,1750674543345083254,location_5329_1750674543345083254,5329,True,,,
5330,17507818445230562099,location_5330_17507818445230562099,5330,True,,,
5331,17508034407045850816,location_5331_17508034407045850816,5331,True,,,
5332,17508635885006934131,location_5332_17508635885006934131,5332,True,,,
5333,17510043464078646584,location_5333_17510043464078646584,5333,True,,,
5334,17512949306025325071,location_5334_17512949306025325071,5334,True,,,
5335,17514016788637852135,location_5335_17514016788637852135,5335,True,,,
5336,17514516318163127088,location_5336_17514516318163127088,5336,True,,,
5337,17515785379343913015,location_5337_17515785379343913015,5337,True,,,
5338,17518125612878350737,location_5338_17518125612878350737,5338,True,,,
5339,17519814669931901886,location_5339_17519814669931901886,5339,True,,,
5340,17520280608198830299,location_5340_17520280608198830299,5340,True,,,
5341,17522011420710621676,location_5341_17522011420710621676,5341,True,,,
5342,17522826486097869416,location_5342_17522826486097869416,5342,True,,,
5343,17523880935796353232,location_5343_17523880935796353232,5343,True,,,
5344,17524509777723670244,location_5344_17524509777723670244,5344,True,,,
5345,17524558202678896221,location_5345_17524558202678896221,5345,True,,,
5346,17531686595371003728,location_5346_17531686595371003728,5346,True,,,
5347,17533275910534932247,location_5347_17533275910534932247,5347,True,,,
5348,17534031993711784006,location_5348_17534031993711784006,5348,True,,,
5349,17534329927986627188,location_5349_17534329927986627188,5349,True,,,
5350,17535219343078584721,location_5350_17535219343078584721,5350,True,,,
5351,17535585324486973039,location_5351_17535585324486973039,5351,True,,,
5352,17537634225083639260,location_5352_17537634225083639260,5352,True,,,
5353,17539012740714066814,location_5353_17539012740714066814,5353,True,,,
5354,1754164001913958880,location_5354_1754164001913958880,5354,True,,,
5355,17541774442394385177,location_5355_17541774442394385177,5355,True,,,
5356,17543077868868125908,location_5356_17543077868868125908,5356,True,,,
5357,1754329735720862517,location_5357_1754329735720862517,5357,True,,,
5358,17543573328845206205,location_5358_17543573328845206205,5358,True,,,
5359,17544309836739225290,location_5359_17544309836739225290,5359,True,,,
5360,17545009280953106739,location_5360_17545009280953106739,5360,True,,,
5361,17545985426520598454,location_5361_17545985426520598454,5361,True,,,
5362,17546766618281878429,location_5362_17546766618281878429,5362,True,,,
5363,17548905557153080549,location_5363_17548905557153080549,5363,True,,,
5364,17549599596530907468,location_5364_17549599596530907468,5364,True,,,
5365,17550042060795872840,location_5365_17550042060795872840,5365,True,,,
5366,17552008925887427591,location_5366_17552008925887427591,5366,True,,,
5367,17552158885961665979,location_5367_17552158885961665979,5367,True,,,
5368,17555044883563295811,location_5368_17555044883563295811,5368,True,,,
5369,17555996060249012568,location_5369_17555996060249012568,5369,True,,,
5370,17557468777795344011,location_5370_17557468777795344011,5370,True,,,
5371,17557858357853539051,location_5371_17557858357853539051,5371,True,,,
5372,1755798309762224884,location_5372_1755798309762224884,5372,True,,,
5373,17560930860823182017,location_5373_17560930860823182017,5373,True,,,
5374,17562670214244223417,location_5374_17562670214244223417,5374,True,,,
5375,17562861022845293644,location_5375_17562861022845293644,5375,True,,,
5376,17566792899708371279,location_5376_17566792899708371279,5376,True,,,
5377,17569968024687624058,location_5377_17569968024687624058,5377,True,,,
5378,17571777902461273403,location_5378_17571777902461273403,5378,True,,,
5379,17573575340962814811,location_5379_17573575340962814811,5379,True,,,
5380,17573625013720882758,location_5380_17573625013720882758,5380,True,,,
5381,17574269798344925449,location_5381_17574269798344925449,5381,True,,,
5382,17575159218138389115,location_5382_17575159218138389115,5382,True,,,
5383,17575272781479611671,location_5383_17575272781479611671,5383,True,,,
5384,17576247684957186840,location_5384_17576247684957186840,5384,True,,,
5385,17580544415075143200,location_5385_17580544415075143200,5385,True,,,
5386,17582200118179685792,location_5386_17582200118179685792,5386,True,,,
5387,17583262938240042183,location_5387_17583262938240042183,5387,True,,,
5388,17586753960878005012,location_5388_17586753960878005012,5388,True,,,
5389,17591390850550354993,location_5389_17591390850550354993,5389,True,,,
5390,17591723092068344907,location_5390_17591723092068344907,5390,True,,,
5391,17591730494575799258,location_5391_17591730494575799258,5391,True,,,
5392,17593127924365812964,location_5392_17593127924365812964,5392,True,,,
5393,17593361180810753128,location_5393_17593361180810753128,5393,True,,,
5394,17593734989035923307,location_5394_17593734989035923307,5394,True,,,
5395,17594614249793469731,location_5395_17594614249793469731,5395,True,,,
5396,17596092004166584830,location_5396_17596092004166584830,5396,True,,,
5397,17597905500621727166,location_5397_17597905500621727166,5397,True,,,
5398,17598327698925626099,location_5398_17598327698925626099,5398,True,,,
5399,17598725156084790320,location_5399_17598725156084790320,5399,True,,,
5400,17598996086673946522,location_5400_17598996086673946522,5400,True,,,
5401,17599997895398684601,location_5401_17599997895398684601,5401,True,,,
5402,17600485815865766585,location_5402_17600485815865766585,5402,True,,,
5403,17601445908575263304,location_5403_17601445908575263304,5403,True,,,
5404,1760716974732049487,location_5404_1760716974732049487,5404,True,,,
5405,17607834869406938861,location_5405_17607834869406938861,5405,True,,,
5406,17608180083170250605,location_5406_17608180083170250605,5406,True,,,
5407,17608212087942899595,location_5407_17608212087942899595,5407,True,,,
5408,17608756661651693071,location_5408_17608756661651693071,5408,True,,,
5409,17611674075647525313,location_5409_17611674075647525313,5409,True,,,
5410,17614616457959437365,location_5410_17614616457959437365,5410,True,,,
5411,17617070382658483482,location_5411_17617070382658483482,5411,True,,,
5412,17617106924377726790,location_5412_17617106924377726790,5412,True,,,
5413,17617706114788021444,location_5413_17617706114788021444,5413,True,,,
5414,17620127671037529047,location_5414_17620127671037529047,5414,True,,,
5415,17620933631622105302,location_5415_17620933631622105302,5415,True,,,
5416,17622606634683189563,location_5416_17622606634683189563,5416,True,,,
5417,17623202672492882110,location_5417_17623202672492882110,5417,True,,,
5418,17623202902790156912,location_5418_17623202902790156912,5418,True,,,
5419,17624539523842329611,location_5419_17624539523842329611,5419,True,,,
5420,17631080336225112498,location_5420_17631080336225112498,5420,True,,,
5421,17631566880571881258,location_5421_17631566880571881258,5421,True,,,
5422,17634437705764217613,location_5422_17634437705764217613,5422,True,,,
5423,1763450083155907187,location_5423_1763450083155907187,5423,True,,,
5424,17634898164696014396,location_5424_17634898164696014396,5424,True,,,
5425,17635299382783696000,location_5425_17635299382783696000,5425,True,,,
5426,17635322309503808872,location_5426_17635322309503808872,5426,True,,,
5427,17635955087015828362,location_5427_17635955087015828362,5427,True,,,
5428,17636072436259575702,location_5428_17636072436259575702,5428,True,,,
5429,17636397088316586241,location_5429_17636397088316586241,5429,True,,,
5430,17636875001882173941,location_5430_17636875001882173941,5430,True,,,
5431,1763717616447004895,location_5431_1763717616447004895,5431,True,,,
5432,17638257883331396703,location_5432_17638257883331396703,5432,True,,,
5433,17639322929621332125,location_5433_17639322929621332125,5433,True,,,
5434,17639798570214770426,location_5434_17639798570214770426,5434,True,,,
5435,17640592674364420741,location_5435_17640592674364420741,5435,True,,,
5436,17640728354398960235,location_5436_17640728354398960235,5436,True,,,
5437,17644148627128828429,location_5437_17644148627128828429,5437,True,,,
5438,17646340162299601060,location_5438_17646340162299601060,5438,True,,,
5439,17647649827756800656,location_5439_17647649827756800656,5439,True,,,
5440,1764886389227268301,location_5440_1764886389227268301,5440,True,,,
5441,17654579835155798514,location_5441_17654579835155798514,5441,True,,,
5442,1765458077754995348,location_5442_1765458077754995348,5442,True,,,
5443,17655829530532173708,location_5443_17655829530532173708,5443,True,,,
5444,17656211469434798019,location_5444_17656211469434798019,5444,True,,,
5445,1765788581077579272,location_5445_1765788581077579272,5445,True,,,
5446,17658146741838096513,location_5446_17658146741838096513,5446,True,,,
5447,17659221090869483045,location_5447_17659221090869483045,5447,True,,,
5448,17662814925774335201,location_5448_17662814925774335201,5448,True,,,
5449,17662816876226054175,location_5449_17662816876226054175,5449,True,,,
5450,17663807370339890984,location_5450_17663807370339890984,5450,True,,,
5451,1766421485838293137,location_5451_1766421485838293137,5451,True,,,
5452,17665483892851961204,location_5452_17665483892851961204,5452,True,,,
5453,17669696315150454700,location_5453_17669696315150454700,5453,True,,,
5454,17670552659994238710,location_5454_17670552659994238710,5454,True,,,
5455,1767322816978501512,location_5455_1767322816978501512,5455,True,,,
5456,17673264703533121681,location_5456_17673264703533121681,5456,True,,,
5457,1767556284309319497,location_5457_1767556284309319497,5457,True,,,
5458,17675908149771148787,location_5458_17675908149771148787,5458,True,,,
5459,176760071650752344,location_5459_176760071650752344,5459,True,,,
5460,17676214707958733464,location_5460_17676214707958733464,5460,True,,,
5461,17676594596423479876,location_5461_17676594596423479876,5461,True,,,
5462,17676934442154498189,location_5462_17676934442154498189,5462,True,,,
5463,17677832671556883488,location_5463_17677832671556883488,5463,True,,,
5464,17678766676011105607,location_5464_17678766676011105607,5464,True,,,
5465,17679118912856894347,location_5465_17679118912856894347,5465,True,,,
5466,17679335034675662385,location_5466_17679335034675662385,5466,True,,,
5467,17680197372975760655,location_5467_17680197372975760655,5467,True,,,
5468,17680452165314155962,location_5468_17680452165314155962,5468,True,,,
5469,17683140852351292760,location_5469_17683140852351292760,5469,True,,,
5470,17684142500421331887,location_5470_17684142500421331887,5470,True,,,
5471,17685062244174068263,location_5471_17685062244174068263,5471,True,,,
5472,17685262000867794370,location_5472_17685262000867794370,5472,True,,,
5473,17686353905178904558,location_5473_17686353905178904558,5473,True,,,
5474,17686578673699285698,location_5474_17686578673699285698,5474,True,,,
5475,17686861645928789661,location_5475_17686861645928789661,5475,True,,,
5476,17688770639523059691,location_5476_17688770639523059691,5476,True,,,
5477,17692023086774369919,location_5477_17692023086774369919,5477,True,,,
5478,17695692270793943928,location_5478_17695692270793943928,5478,True,,,
5479,17698003592546500251,location_5479_17698003592546500251,5479,True,,,
5480,17703125891617186284,location_5480_17703125891617186284,5480,True,,,
5481,17704033373474365537,location_5481_17704033373474365537,5481,True,,,
5482,17705065944112152323,location_5482_17705065944112152323,5482,True,,,
5483,17705220593230592597,location_5483_17705220593230592597,5483,True,,,
5484,17706977431179355201,location_5484_17706977431179355201,5484,True,,,
5485,17710049211110780978,location_5485_17710049211110780978,5485,True,,,
5486,17711158703527135103,location_5486_17711158703527135103,5486,True,,,
5487,17711552980699359115,location_5487_17711552980699359115,5487,True,,,
5488,17712521502360504324,location_5488_17712521502360504324,5488,True,,,
5489,17712890043338318038,location_5489_17712890043338318038,5489,True,,,
5490,17716357311976335366,location_5490_17716357311976335366,5490,True,,,
5491,17717293796920436650,location_5491_17717293796920436650,5491,True,,,
5492,17721583808450363559,location_5492_17721583808450363559,5492,True,,,
5493,17727088501309227579,location_5493_17727088501309227579,5493,True,,,
5494,17728113983320025934,location_5494_17728113983320025934,5494,True,,,
5495,17728484161293091588,location_5495_17728484161293091588,5495,True,,,
5496,1772880634443451717,location_5496_1772880634443451717,5496,True,,,
5497,17732988455496119684,location_5497_17732988455496119684,5497,True,,,
5498,17733277001575791107,location_5498_17733277001575791107,5498,True,,,
5499,17738818445049018443,location_5499_17738818445049018443,5499,True,,,
5500,17739709279502751770,location_5500_17739709279502751770,5500,True,,,
5501,17742399513330860864,location_5501_17742399513330860864,5501,True,,,
5502,17743346145277479556,location_5502_17743346145277479556,5502,True,,,
5503,17748443607792448389,location_5503_17748443607792448389,5503,True,,,
5504,17748736795291949897,location_5504_17748736795291949897,5504,True,,,
5505,17755023827786625592,location_5505_17755023827786625592,5505,True,,,
5506,17755090097406020849,location_5506_17755090097406020849,5506,True,,,
5507,17755772955398867585,location_5507_17755772955398867585,5507,True,,,
5508,17760361583144987225,location_5508_17760361583144987225,5508,True,,,
5509,17760473805389646238,location_5509_17760473805389646238,5509,True,,,
5510,17760925466889951683,location_5510_17760925466889951683,5510,True,,,
5511,17761392200959876746,location_5511_17761392200959876746,5511,True,,,
5512,17763667849521368696,location_5512_17763667849521368696,5512,True,,,
5513,17764146266113813339,location_5513_17764146266113813339,5513,True,,,
5514,17765318083025762317,location_5514_17765318083025762317,5514,True,,,
5515,17766974339834174250,location_5515_17766974339834174250,5515,True,,,
5516,17767689079681016161,location_5516_17767689079681016161,5516,True,,,
5517,17767925148133819989,location_5517_17767925148133819989,5517,True,,,
5518,1776879259180759424,location_5518_1776879259180759424,5518,True,,,
5519,17769004997064021176,location_5519_17769004997064021176,5519,True,,,
5520,17770442376302046822,location_5520_17770442376302046822,5520,True,,,
5521,1777185214713436198,location_5521_1777185214713436198,5521,True,,,
5522,17772147776041383829,location_5522_17772147776041383829,5522,True,,,
5523,17774453791365917610,location_5523_17774453791365917610,5523,True,,,
5524,17774980563353503157,location_5524_17774980563353503157,5524,True,,,
5525,17776443571936614994,location_5525_17776443571936614994,5525,True,,,
5526,17776455641392467027,location_5526_17776455641392467027,5526,True,,,
5527,17777084864645786559,location_5527_17777084864645786559,5527,True,,,
5528,17778468336956967560,location_5528_17778468336956967560,5528,True,,,
5529,1777873000647662854,location_5529_1777873000647662854,5529,True,,,
5530,177790540013926179,location_5530_177790540013926179,5530,True,,,
5531,17785226652122205569,location_5531_17785226652122205569,5531,True,,,
5532,17786894819958717461,location_5532_17786894819958717461,5532,True,,,
5533,17788785022428647349,location_5533_17788785022428647349,5533,True,,,
5534,17792480344112152604,location_5534_17792480344112152604,5534,True,,,
5535,17793600989499627674,location_5535_17793600989499627674,5535,True,,,
5536,17794195129966480828,location_5536_17794195129966480828,5536,True,,,
5537,177949383464494793,location_5537_177949383464494793,5537,True,,,
5538,17795913859895771948,location_5538_17795913859895771948,5538,True,,,
5539,1779766870353335114,location_5539_1779766870353335114,5539,True,,,
5540,17798333293607698002,location_5540_17798333293607698002,5540,True,,,
5541,17799685560022507333,location_5541_17799685560022507333,5541,True,,,
5542,17800682050769820236,location_5542_17800682050769820236,5542,True,,,
5543,17801380527057863585,location_5543_17801380527057863585,5543,True,,,
5544,17802752152635362635,location_5544_17802752152635362635,5544,True,,,
5545,17805936003055825195,location_5545_17805936003055825195,5545,True,,,
5546,17809342228507675601,location_5546_17809342228507675601,5546,True,,,
5547,17810357128621547277,location_5547_17810357128621547277,5547,True,,,
5548,17810481285033952739,location_5548_17810481285033952739,5548,True,,,
5549,17814282234153009704,location_5549_17814282234153009704,5549,True,,,
5550,17817173117986526468,location_5550_17817173117986526468,5550,True,,,
5551,17817537733576430292,location_5551_17817537733576430292,5551,True,,,
5552,1782099193773046732,location_5552_1782099193773046732,5552,True,,,
5553,17821669614898456497,location_5553_17821669614898456497,5553,True,,,
5554,17822711101373733077,location_5554_17822711101373733077,5554,True,,,
5555,17822829909617517133,location_5555_17822829909617517133,5555,True,,,
5556,1782342915183588584,location_5556_1782342915183588584,5556,True,,,
5557,17825123912588535857,location_5557_17825123912588535857,5557,True,,,
5558,17825342737602801443,location_5558_17825342737602801443,5558,True,,,
5559,17825351069649681979,location_5559_17825351069649681979,5559,True,,,
5560,1782572871722687723,location_5560_1782572871722687723,5560,True,,,
5561,17826136206688367351,location_5561_17826136206688367351,5561,True,,,
5562,17826983880644236021,location_5562_17826983880644236021,5562,True,,,
5563,17829177982264343954,location_5563_17829177982264343954,5563,True,,,
5564,17830651353217590652,location_5564_17830651353217590652,5564,True,,,
5565,17831754203598210258,location_5565_17831754203598210258,5565,True,,,
5566,17833165871781250052,location_5566_17833165871781250052,5566,True,,,
5567,17833190688334283529,location_5567_17833190688334283529,5567,True,,,
5568,1784069081552609670,location_5568_1784069081552609670,5568,True,,,
5569,17841292551093591553,location_5569_17841292551093591553,5569,True,,,
5570,1784257262641249886,location_5570_1784257262641249886,5570,True,,,
5571,1784357145588824822,location_5571_1784357145588824822,5571,True,,,
5572,17844023991331022866,location_5572_17844023991331022866,5572,True,,,
5573,17844840617253344079,location_5573_17844840617253344079,5573,True,,,
5574,17846194448666807740,location_5574_17846194448666807740,5574,True,,,
5575,17848795683207053738,location_5575_17848795683207053738,5575,True,,,
5576,17849325459769714606,location_5576_17849325459769714606,5576,True,,,
5577,17849480241311215413,location_5577_17849480241311215413,5577,True,,,
5578,17850988910873771017,location_5578_17850988910873771017,5578,True,,,
5579,17852745897071576320,location_5579_17852745897071576320,5579,True,,,
5580,17853483548812922220,location_5580_17853483548812922220,5580,True,,,
5581,17854008825083557073,location_5581_17854008825083557073,5581,True,,,
5582,1785437245172844448,location_5582_1785437245172844448,5582,True,,,
5583,1785537711660119002,location_5583_1785537711660119002,5583,True,,,
5584,17855814788118629898,location_5584_17855814788118629898,5584,True,,,
5585,17856394723382077361,location_5585_17856394723382077361,5585,True,,,
5586,17857452310217241365,location_5586_17857452310217241365,5586,True,,,
5587,17859639236952905374,location_5587_17859639236952905374,5587,True,,,
5588,1786069858088890867,location_5588_1786069858088890867,5588,True,,,
5589,17863412056416544821,location_5589_17863412056416544821,5589,True,,,
5590,17866730796082088368,location_5590_17866730796082088368,5590,True,,,
5591,17870092754515595591,location_5591_17870092754515595591,5591,True,,,
5592,1787493652293010807,location_5592_1787493652293010807,5592,True,,,
5593,17880002449794279093,location_5593_17880002449794279093,5593,True,,,
5594,1788008546739617186,location_5594_1788008546739617186,5594,True,,,
5595,17887222976810563561,location_5595_17887222976810563561,5595,True,,,
5596,1788726210483020497,location_5596_1788726210483020497,5596,True,,,
5597,17887783149576205647,location_5597_17887783149576205647,5597,True,,,
5598,17888613680427502695,location_5598_17888613680427502695,5598,True,,,
5599,17890131968606324297,location_5599_17890131968606324297,5599,True,,,
5600,17893377090534955980,location_5600_17893377090534955980,5600,True,,,
5601,17894802450226994187,location_5601_17894802450226994187,5601,True,,,
5602,17895650897333049229,location_5602_17895650897333049229,5602,True,,,
5603,17896026890306394505,location_5603_17896026890306394505,5603,True,,,
5604,17897474830850980477,location_5604_17897474830850980477,5604,True,,,
5605,17897816529687910718,location_5605_17897816529687910718,5605,True,,,
5606,17900244034108382474,location_5606_17900244034108382474,5606,True,,,
5607,17900551021552158496,location_5607_17900551021552158496,5607,True,,,
5608,1790195786750868512,location_5608_1790195786750868512,5608,True,,,
5609,17903854312686533400,location_5609_17903854312686533400,5609,True,,,
5610,17904818141308003088,location_5610_17904818141308003088,5610,True,,,
5611,17905226500175333411,location_5611_17905226500175333411,5611,True,,,
5612,17906499634634747989,location_5612_17906499634634747989,5612,True,,,
5613,1790681654278664381,location_5613_1790681654278664381,5613,True,,,
5614,17908774473145325098,location_5614_17908774473145325098,5614,True,,,
5615,17909021881844319595,location_5615_17909021881844319595,5615,True,,,
5616,17909846508148889962,location_5616_17909846508148889962,5616,True,,,
5617,17910063826941544993,location_5617_17910063826941544993,5617,True,,,
5618,17910723620085712160,location_5618_17910723620085712160,5618,True,,,
5619,179165310096037958,location_5619_179165310096037958,5619,True,,,
5620,17918846589582348706,location_5620_17918846589582348706,5620,True,,,
5621,17918943629902161869,location_5621_17918943629902161869,5621,True,,,
5622,17920001723853693486,location_5622_17920001723853693486,5622,True,,,
5623,17922471407593796585,location_5623_17922471407593796585,5623,True,,,
5624,17923628472476088824,location_5624_17923628472476088824,5624,True,,,
5625,17928150523489744597,location_5625_17928150523489744597,5625,True,,,
5626,17928170435214920079,location_5626_17928170435214920079,5626,True,,,
5627,17928527337731653690,location_5627_17928527337731653690,5627,True,,,
5628,17928667972656102311,location_5628_17928667972656102311,5628,True,,,
5629,17928982151831793011,location_5629_17928982151831793011,5629,True,,,
5630,17929535364808085250,location_5630_17929535364808085250,5630,True,,,
5631,17929784483627827841,location_5631_17929784483627827841,5631,True,,,
5632,17930469606653203821,location_5632_17930469606653203821,5632,True,,,
5633,17931334140505191409,location_5633_17931334140505191409,5633,True,,,
5634,17933267473043216988,location_5634_17933267473043216988,5634,True,,,
5635,17936875719782000846,location_5635_17936875719782000846,5635,True,,,
5636,17937301976056222006,location_5636_17937301976056222006,5636,True,,,
5637,17938106870049052701,location_5637_17938106870049052701,5637,True,,,
5638,17939434807740088672,location_5638_17939434807740088672,5638,True,,,
5639,17940564305499121377,location_5639_17940564305499121377,5639,True,,,
5640,17942034955556268125,location_5640_17942034955556268125,5640,True,,,
5641,17942683037898298994,location_5641_17942683037898298994,5641,True,,,
5642,179442110382103181,location_5642_179442110382103181,5642,True,,,
5643,17944338698347324248,location_5643_17944338698347324248,5643,True,,,
5644,17944630619967143268,location_5644_17944630619967143268,5644,True,,,
5645,1794493291441195508,location_5645_1794493291441195508,5645,True,,,
5646,1794656537541775818,location_5646_1794656537541775818,5646,True,,,
5647,17946711107014771787,location_5647_17946711107014771787,5647,True,,,
5648,17948646912557329064,location_5648_17948646912557329064,5648,True,,,
5649,17949271897327302310,location_5649_17949271897327302310,5649,True,,,
5650,17950761576268020062,location_5650_17950761576268020062,5650,True,,,
5651,17952656899927083040,location_5651_17952656899927083040,5651,True,,,
5652,17953638446677227691,location_5652_17953638446677227691,5652,True,,,
5653,17954797427155549110,location_5653_17954797427155549110,5653,True,,,
5654,17954820469950988797,location_5654_17954820469950988797,5654,True,,,
5655,17955560359501970458,location_5655_17955560359501970458,5655,True,,,
5656,17956932836199212532,location_5656_17956932836199212532,5656,True,,,
5657,17958723206774549237,location_5657_17958723206774549237,5657,True,,,
5658,17961661225514596422,location_5658_17961661225514596422,5658,True,,,
5659,17962079486296422944,location_5659_17962079486296422944,5659,True,,,
5660,17962708923221113338,location_5660_17962708923221113338,5660,True,,,
5661,1796383105835985584,location_5661_1796383105835985584,5661,True,,,
5662,17964997550966615519,location_5662_17964997550966615519,5662,True,,,
5663,17966788895900110172,location_5663_17966788895900110172,5663,True,,,
5664,17968357082451311537,location_5664_17968357082451311537,5664,True,,,
5665,17968979019569655097,location_5665_17968979019569655097,5665,True,,,
5666,17972605590907811616,location_5666_17972605590907811616,5666,True,,,
5667,17976221601763028400,location_5667_17976221601763028400,5667,True,,,
5668,1797694933326725636,location_5668_1797694933326725636,5668,True,,,
5669,17976956080095347234,location_5669_17976956080095347234,5669,True,,,
5670,17978281007436810882,location_5670_17978281007436810882,5670,True,,,
5671,17983730292686245927,location_5671_17983730292686245927,5671,True,,,
5672,17984795175202154303,location_5672_17984795175202154303,5672,True,,,
5673,17985661740696808019,location_5673_17985661740696808019,5673,True,,,
5674,17985777701150832063,location_5674_17985777701150832063,5674,True,,,
5675,1798595469922732097,location_5675_1798595469922732097,5675,True,,,
5676,17987503113717029820,location_5676_17987503113717029820,5676,True,,,
5677,17997008652084445921,location_5677_17997008652084445921,5677,True,,,
5678,17997869493782520667,location_5678_17997869493782520667,5678,True,,,
5679,18000899488567588364,location_5679_18000899488567588364,5679,True,,,
5680,18004840586643431586,location_5680_18004840586643431586,5680,True,,,
5681,1800978103865353541,location_5681_1800978103865353541,5681,True,,,
5682,1801134612987131125,location_5682_1801134612987131125,5682,True,,,
5683,18014013619800179982,location_5683_18014013619800179982,5683,True,,,
5684,1801605715535968136,location_5684_1801605715535968136,5684,True,,,
5685,18017666885033591952,location_5685_18017666885033591952,5685,True,,,
5686,18019569246246017272,location_5686_18019569246246017272,5686,True,,,
5687,18021060945499515184,location_5687_18021060945499515184,5687,True,,,
5688,18021454839077946705,location_5688_18021454839077946705,5688,True,,,
5689,18023750048458029013,location_5689_18023750048458029013,5689,True,,,
5690,18024777723554596654,location_5690_18024777723554596654,5690,True,,,
5691,18026328870462977046,location_5691_18026328870462977046,5691,True,,,
5692,18026510075639293242,location_5692_18026510075639293242,5692,True,,,
5693,18027033500160728150,location_5693_18027033500160728150,5693,True,,,
5694,18027763417414265626,location_5694_18027763417414265626,5694,True,,,
5695,18031047912149013536,location_5695_18031047912149013536,5695,True,,,
5696,18031205242573351695,location_5696_18031205242573351695,5696,True,,,
5697,18031567117349349762,location_5697_18031567117349349762,5697,True,,,
5698,18034511822473790177,location_5698_18034511822473790177,5698,True,,,
5699,18038664037931600409,location_5699_18038664037931600409,5699,True,,,
5700,18039328612270425758,location_5700_18039328612270425758,5700,True,,,
5701,18039403647825474057,location_5701_18039403647825474057,5701,True,,,
5702,18039716136243577224,location_5702_18039716136243577224,5702,True,,,
5703,18041574816171744538,location_5703_18041574816171744538,5703,True,,,
5704,18043750598423395192,location_5704_18043750598423395192,5704,True,,,
5705,18043778714792820323,location_5705_18043778714792820323,5705,True,,,
5706,18044578430735579826,location_5706_18044578430735579826,5706,True,,,
5707,1804523807582750500,location_5707_1804523807582750500,5707,True,,,
5708,18045885312476631010,location_5708_18045885312476631010,5708,True,,,
5709,18047905868426226250,location_5709_18047905868426226250,5709,True,,,
5710,18048452741946624967,location_5710_18048452741946624967,5710,True,,,
5711,18051053603474449592,location_5711_18051053603474449592,5711,True,,,
5712,18056095464614276157,location_5712_18056095464614276157,5712,True,,,
5713,18056253605877518564,location_5713_18056253605877518564,5713,True,,,
5714,180576517449968743,location_5714_180576517449968743,5714,True,,,
5715,18061310332934252002,location_5715_18061310332934252002,5715,True,,,
5716,18062439622690203047,location_5716_18062439622690203047,5716,True,,,
5717,1806370302954870640,location_5717_1806370302954870640,5717,True,,,
5718,18063718908113391524,location_5718_18063718908113391524,5718,True,,,
5719,18065397472839076396,location_5719_18065397472839076396,5719,True,,,
5720,18067534057101538427,location_5720_18067534057101538427,5720,True,,,
5721,18069211222134858137,location_5721_18069211222134858137,5721,True,,,
5722,18076917543137663488,location_5722_18076917543137663488,5722,True,,,
5723,18077394265563966176,location_5723_18077394265563966176,5723,True,,,
5724,18077634753618262593,location_5724_18077634753618262593,5724,True,,,
5725,18079245369413866921,location_5725_18079245369413866921,5725,True,,,
5726,18079304551161992616,location_5726_18079304551161992616,5726,True,,,
5727,18081187779018681287,location_5727_18081187779018681287,5727,True,,,
5728,18084349757808602041,location_5728_18084349757808602041,5728,True,,,
5729,18088335467784803512,location_5729_18088335467784803512,5729,True,,,
5730,18088648213466036877,location_5730_18088648213466036877,5730,True,,,
5731,18088860091941435607,location_5731_18088860091941435607,5731,True,,,
5732,18089871858096792084,location_5732_18089871858096792084,5732,True,,,
5733,18090743351439168751,location_5733_18090743351439168751,5733,True,,,
5734,18092914165125064447,location_5734_18092914165125064447,5734,True,,,
5735,1809303022503732197,location_5735_1809303022503732197,5735,True,,,
5736,18093313086627607562,location_5736_18093313086627607562,5736,True,,,
5737,18095266529671681777,location_5737_18095266529671681777,5737,True,,,
5738,18095376943893378943,location_5738_18095376943893378943,5738,True,,,
5739,18100232084212026455,location_5739_18100232084212026455,5739,True,,,
5740,18100400835619999202,location_5740_18100400835619999202,5740,True,,,
5741,18100609219731240477,location_5741_18100609219731240477,5741,True,,,
5742,1810235072233041513,location_5742_1810235072233041513,5742,True,,,
5743,18103138363644488320,location_5743_18103138363644488320,5743,True,,,
5744,18103167437712418348,location_5744_18103167437712418348,5744,True,,,
5745,18103542669293144005,location_5745_18103542669293144005,5745,True,,,
5746,18104537738790613305,location_5746_18104537738790613305,5746,True,,,
5747,18107589763329278460,location_5747_18107589763329278460,5747,True,,,
5748,18107694912412744483,location_5748_18107694912412744483,5748,True,,,
5749,18108518265850018717,location_5749_18108518265850018717,5749,True,,,
5750,18110203564616371133,location_5750_18110203564616371133,5750,True,,,
5751,18112593314019836994,location_5751_18112593314019836994,5751,True,,,
5752,18113391898582704639,location_5752_18113391898582704639,5752,True,,,
5753,1811446052164748662,location_5753_1811446052164748662,5753,True,,,
5754,18115945128730586960,location_5754_18115945128730586960,5754,True,,,
5755,18117439280187288576,location_5755_18117439280187288576,5755,True,,,
5756,18118737276848082651,location_5756_18118737276848082651,5756,True,,,
5757,18122737173302977499,location_5757_18122737173302977499,5757,True,,,
5758,18123982531002181176,location_5758_18123982531002181176,5758,True,,,
5759,18126279548065818344,location_5759_18126279548065818344,5759,True,,,
5760,18126335088410726338,location_5760_18126335088410726338,5760,True,,,
5761,18128340128107810321,location_5761_18128340128107810321,5761,True,,,
5762,18131478414419206854,location_5762_18131478414419206854,5762,True,,,
5763,18132398299035225322,location_5763_18132398299035225322,5763,True,,,
5764,18133453403186863398,location_5764_18133453403186863398,5764,True,,,
5765,181338802138550759,location_5765_181338802138550759,5765,True,,,
5766,18134581906722600152,location_5766_18134581906722600152,5766,True,,,
5767,18134919917499706495,location_5767_18134919917499706495,5767,True,,,
5768,18135418838757637709,location_5768_18135418838757637709,5768,True,,,
5769,18136105793054911745,location_5769_18136105793054911745,5769,True,,,
5770,1813702046099068318,location_5770_1813702046099068318,5770,True,,,
5771,18137277546107901073,location_5771_18137277546107901073,5771,True,,,
5772,18138078299031962649,location_5772_18138078299031962649,5772,True,,,
5773,18139523410734154391,location_5773_18139523410734154391,5773,True,,,
5774,18140680472816534293,location_5774_18140680472816534293,5774,True,,,
5775,18140992283592146467,location_5775_18140992283592146467,5775,True,,,
5776,18141750067576392894,location_5776_18141750067576392894,5776,True,,,
5777,18144668622572291390,location_5777_18144668622572291390,5777,True,,,
5778,18144988994042856012,location_5778_18144988994042856012,5778,True,,,
5779,18147832857556154998,location_5779_18147832857556154998,5779,True,,,
5780,18149950941937324646,location_5780_18149950941937324646,5780,True,,,
5781,18150990319159235727,location_5781_18150990319159235727,5781,True,,,
5782,18151726371848721320,location_5782_18151726371848721320,5782,True,,,
5783,18151941771487700511,location_5783_18151941771487700511,5783,True,,,
5784,1815210792963958711,location_5784_1815210792963958711,5784,True,,,
5785,18152216790183943724,location_5785_18152216790183943724,5785,True,,,
5786,18157087476208514067,location_5786_18157087476208514067,5786,True,,,
5787,18158903074533772666,location_5787_18158903074533772666,5787,True,,,
5788,18161260339420169438,location_5788_18161260339420169438,5788,True,,,
5789,18163352281129722837,location_5789_18163352281129722837,5789,True,,,
5790,18164966118578981570,location_5790_18164966118578981570,5790,True,,,
5791,18165157721085432106,location_5791_18165157721085432106,5791,True,,,
5792,18165709208347269938,location_5792_18165709208347269938,5792,True,,,
5793,18167143621365330844,location_5793_18167143621365330844,5793,True,,,
5794,18167574156294695932,location_5794_18167574156294695932,5794,True,,,
5795,18167600729622107273,location_5795_18167600729622107273,5795,True,,,
5796,18167856843037502647,location_5796_18167856843037502647,5796,True,,,
5797,18171999964189308944,location_5797_18171999964189308944,5797,True,,,
5798,1817309474224443643,location_5798_1817309474224443643,5798,True,,,
5799,18173745241450652977,location_5799_18173745241450652977,5799,True,,,
5800,18173944549640795901,location_5800_18173944549640795901,5800,True,,,
5801,18175002165103082101,location_5801_18175002165103082101,5801,True,,,
5802,18176470108100965112,location_5802_18176470108100965112,5802,True,,,
5803,18178101806592969986,location_5803_18178101806592969986,5803,True,,,
5804,18179019010639253424,location_5804_18179019010639253424,5804,True,,,
5805,18180208031797791828,location_5805_18180208031797791828,5805,True,,,
5806,18180451180916025026,location_5806_18180451180916025026,5806,True,,,
5807,18183745117783513271,location_5807_18183745117783513271,5807,True,,,
5808,18184523468270005225,location_5808_18184523468270005225,5808,True,,,
5809,18185587532332041652,location_5809_18185587532332041652,5809,True,,,
5810,18187234598883369561,location_5810_18187234598883369561,5810,True,,,
5811,18189702485268188403,location_5811_18189702485268188403,5811,True,,,
5812,18189897760289643833,location_5812_18189897760289643833,5812,True,,,
5813,18189967787049486804,location_5813_18189967787049486804,5813,True,,,
5814,18194998650199537493,location_5814_18194998650199537493,5814,True,,,
5815,1819610840623537543,location_5815_1819610840623537543,5815,True,,,
5816,18198913013107014402,location_5816_18198913013107014402,5816,True,,,
5817,18199009726528102508,location_5817_18199009726528102508,5817,True,,,
5818,18199501439910965423,location_5818_18199501439910965423,5818,True,,,
5819,18202356621596743070,location_5819_18202356621596743070,5819,True,,,
5820,18206841244914360592,location_5820_18206841244914360592,5820,True,,,
5821,18207322735788891338,location_5821_18207322735788891338,5821,True,,,
5822,18207811208590631345,location_5822_18207811208590631345,5822,True,,,
5823,1820943673096120495,location_5823_1820943673096120495,5823,True,,,
5824,18210336446403375158,location_5824_18210336446403375158,5824,True,,,
5825,18213609810705319466,location_5825_18213609810705319466,5825,True,,,
5826,18214667279916081475,location_5826_18214667279916081475,5826,True,,,
5827,18215221314709393519,location_5827_18215221314709393519,5827,True,,,
5828,1821964226740100533,location_5828_1821964226740100533,5828,True,,,
5829,18219644782761962295,location_5829_18219644782761962295,5829,True,,,
5830,18219821155471649608,location_5830_18219821155471649608,5830,True,,,
5831,18222407752085702893,location_5831_18222407752085702893,5831,True,,,
5832,18222717611512467450,location_5832_18222717611512467450,5832,True,,,
5833,18223687256694964002,location_5833_18223687256694964002,5833,True,,,
5834,18225995573285773418,location_5834_18225995573285773418,5834,True,,,
5835,18227169227985513826,location_5835_18227169227985513826,5835,True,,,
5836,1822931138889415251,location_5836_1822931138889415251,5836,True,,,
5837,1823123937721392472,location_5837_1823123937721392472,5837,True,,,
5838,18232201731887989846,location_5838_18232201731887989846,5838,True,,,
5839,18233374577472236135,location_5839_18233374577472236135,5839,True,,,
5840,18233978758505935769,location_5840_18233978758505935769,5840,True,,,
5841,18235654960741683063,location_5841_18235654960741683063,5841,True,,,
5842,18236350586239458742,location_5842_18236350586239458742,5842,True,,,
5843,18238981100985644260,location_5843_18238981100985644260,5843,True,,,
5844,18241265869826284240,location_5844_18241265869826284240,5844,True,,,
5845,18242470736147122399,location_5845_18242470736147122399,5845,True,,,
5846,18242828910834285490,location_5846_18242828910834285490,5846,True,,,
5847,1824713166992743516,location_5847_1824713166992743516,5847,True,,,
5848,18247702052770151289,location_5848_18247702052770151289,5848,True,,,
5849,1824987937030301867,location_5849_1824987937030301867,5849,True,,,
5850,18250593383398500182,location_5850_18250593383398500182,5850,True,,,
5851,18253239297655923510,location_5851_18253239297655923510,5851,True,,,
5852,18254478066250125115,location_5852_18254478066250125115,5852,True,,,
5853,18254983474276430369,location_5853_18254983474276430369,5853,True,,,
5854,18255257141361555032,location_5854_18255257141361555032,5854,True,,,
5855,18256942333444290247,location_5855_18256942333444290247,5855,True,,,
5856,18258474314656794062,location_5856_18258474314656794062,5856,True,,,
5857,18260118691820146536,location_5857_18260118691820146536,5857,True,,,
5858,18260348692859072581,location_5858_18260348692859072581,5858,True,,,
5859,18260714209066328683,location_5859_18260714209066328683,5859,True,,,
5860,18262543615225643012,location_5860_18262543615225643012,5860,True,,,
5861,1826348586089873139,location_5861_1826348586089873139,5861,True,,,
5862,18264493996322625739,location_5862_18264493996322625739,5862,True,,,
5863,18265057162049837297,location_5863_18265057162049837297,5863,True,,,
5864,18265550231030996136,location_5864_18265550231030996136,5864,True,,,
5865,1826616949767961492,location_5865_1826616949767961492,5865,True,,,
5866,18266456314489039821,location_5866_18266456314489039821,5866,True,,,
5867,18266594175950469141,location_5867_18266594175950469141,5867,True,,,
5868,18267628251079899999,location_5868_18267628251079899999,5868,True,,,
5869,18267790552974884052,location_5869_18267790552974884052,5869,True,,,
5870,18268478704670245568,location_5870_18268478704670245568,5870,True,,,
5871,18268964656160109479,location_5871_18268964656160109479,5871,True,,,
5872,18269328142028442829,location_5872_18269328142028442829,5872,True,,,
5873,18271915742010296156,location_5873_18271915742010296156,5873,True,,,
5874,18272407078278412024,location_5874_18272407078278412024,5874,True,,,
5875,18272841720828318124,location_5875_18272841720828318124,5875,True,,,
5876,1827643044073894182,location_5876_1827643044073894182,5876,True,,,
5877,18280020850207184839,location_5877_18280020850207184839,5877,True,,,
5878,18280205155720926145,location_5878_18280205155720926145,5878,True,,,
5879,18282306412552208059,location_5879_18282306412552208059,5879,True,,,
5880,18282339225055459508,location_5880_18282339225055459508,5880,True,,,
5881,18283549039778543362,location_5881_18283549039778543362,5881,True,,,
5882,18284360637075841412,location_5882_18284360637075841412,5882,True,,,
5883,18285163122969195583,location_5883_18285163122969195583,5883,True,,,
5884,18285173051201662411,location_5884_18285173051201662411,5884,True,,,
5885,18286341463040405507,location_5885_18286341463040405507,5885,True,,,
5886,18287249615640863177,location_5886_18287249615640863177,5886,True,,,
5887,18287494860372998633,location_5887_18287494860372998633,5887,True,,,
5888,18289715098619250242,location_5888_18289715098619250242,5888,True,,,
5889,18290841402841962534,location_5889_18290841402841962534,5889,True,,,
5890,18292089584522054664,location_5890_18292089584522054664,5890,True,,,
5891,1829490800008601986,location_5891_1829490800008601986,5891,True,,,
5892,18297286509056212280,location_5892_18297286509056212280,5892,True,,,
5893,18297288674223227862,location_5893_18297288674223227862,5893,True,,,
5894,18298741637800034863,location_5894_18298741637800034863,5894,True,,,
5895,18300618289679669995,location_5895_18300618289679669995,5895,True,,,
5896,18301155802397007776,location_5896_18301155802397007776,5896,True,,,
5897,18301794402400213315,location_5897_18301794402400213315,5897,True,,,
5898,18304995891050918822,location_5898_18304995891050918822,5898,True,,,
5899,18307776775552505125,location_5899_18307776775552505125,5899,True,,,
5900,18309130493966714738,location_5900_18309130493966714738,5900,True,,,
5901,18310244188551194091,location_5901_18310244188551194091,5901,True,,,
5902,18310355711921549312,location_5902_18310355711921549312,5902,True,,,
5903,18311097593779175017,location_5903_18311097593779175017,5903,True,,,
5904,18312027823760096535,location_5904_18312027823760096535,5904,True,,,
5905,18313208266470304104,location_5905_18313208266470304104,5905,True,,,
5906,18313221303564574955,location_5906_18313221303564574955,5906,True,,,
5907,18313226942388431923,location_5907_18313226942388431923,5907,True,,,
5908,18313300194031515856,location_5908_18313300194031515856,5908,True,,,
5909,18313706035556685996,location_5909_18313706035556685996,5909,True,,,
5910,18313725659759346064,location_5910_18313725659759346064,5910,True,,,
5911,18314242864144600619,location_5911_18314242864144600619,5911,True,,,
5912,18315803365434798625,location_5912_18315803365434798625,5912,True,,,
5913,18315937813214210575,location_5913_18315937813214210575,5913,True,,,
5914,18317145896104762007,location_5914_18317145896104762007,5914,True,,,
5915,18318331961637371455,location_5915_18318331961637371455,5915,True,,,
5916,18318861923967890093,location_5916_18318861923967890093,5916,True,,,
5917,18319593037353737328,location_5917_18319593037353737328,5917,True,,,
5918,18319794294898391703,location_5918_18319794294898391703,5918,True,,,
5919,1832114279843227555,location_5919_1832114279843227555,5919,True,,,
5920,18322953860549627473,location_5920_18322953860549627473,5920,True,,,
5921,18324816730844409605,location_5921_18324816730844409605,5921,True,,,
5922,18325399337712201032,location_5922_18325399337712201032,5922,True,,,
5923,18326566770330961359,location_5923_18326566770330961359,5923,True,,,
5924,18327397003128506909,location_5924_18327397003128506909,5924,True,,,
5925,18328683239405383792,location_5925_18328683239405383792,5925,True,,,
5926,18329764840909052898,location_5926_18329764840909052898,5926,True,,,
5927,1833116286537101078,location_5927_1833116286537101078,5927,True,,,
5928,18333003366468386098,location_5928_18333003366468386098,5928,True,,,
5929,18336231808958557727,location_5929_18336231808958557727,5929,True,,,
5930,18336447247388982817,location_5930_18336447247388982817,5930,True,,,
5931,18339376225436908109,location_5931_18339376225436908109,5931,True,,,
5932,18341593480218786131,location_5932_18341593480218786131,5932,True,,,
5933,18346458550705344359,location_5933_18346458550705344359,5933,True,,,
5934,18348898348684743285,location_5934_18348898348684743285,5934,True,,,
5935,18349836821711903208,location_5935_18349836821711903208,5935,True,,,
5936,18350391654426138727,location_5936_18350391654426138727,5936,True,,,
5937,18350613101993536673,location_5937_18350613101993536673,5937,True,,,
5938,18357357777448339116,location_5938_18357357777448339116,5938,True,,,
5939,18359510245912641839,location_5939_18359510245912641839,5939,True,,,
5940,18359514430283638096,location_5940_18359514430283638096,5940,True,,,
5941,18359769105223662330,location_5941_18359769105223662330,5941,True,,,
5942,18361525304361823618,location_5942_18361525304361823618,5942,True,,,
5943,18362486790259538611,location_5943_18362486790259538611,5943,True,,,
5944,18362676616721855424,location_5944_18362676616721855424,5944,True,,,
5945,18362679221860587837,location_5945_18362679221860587837,5945,True,,,
5946,18363968437966429536,location_5946_18363968437966429536,5946,True,,,
5947,18367186723531185405,location_5947_18367186723531185405,5947,True,,,
5948,18369294808142834603,location_5948_18369294808142834603,5948,True,,,
5949,18369536050045062218,location_5949_18369536050045062218,5949,True,,,
5950,18371630695367913314,location_5950_18371630695367913314,5950,True,,,
5951,1837351388776763635,location_5951_1837351388776763635,5951,True,,,
5952,18374006027480368468,location_5952_18374006027480368468,5952,True,,,
5953,18374351773230007015,location_5953_18374351773230007015,5953,True,,,
5954,18374944734846196795,location_5954_18374944734846196795,5954,True,,,
5955,18375405365837452190,location_5955_18375405365837452190,5955,True,,,
5956,18376649197145407756,location_5956_18376649197145407756,5956,True,,,
5957,18376986972360138194,location_5957_18376986972360138194,5957,True,,,
5958,18377304938244053012,location_5958_18377304938244053012,5958,True,,,
5959,18379729616959209372,location_5959_18379729616959209372,5959,True,,,
5960,18380263781065361775,location_5960_18380263781065361775,5960,True,,,
5961,183824650459381472,location_5961_183824650459381472,5961,True,,,
5962,18382665625799390303,location_5962_18382665625799390303,5962,True,,,
5963,18384545142894172813,location_5963_18384545142894172813,5963,True,,,
5964,18385377142974699602,location_5964_18385377142974699602,5964,True,,,
5965,18385558565448893225,location_5965_18385558565448893225,5965,True,,,
5966,18386009634845933969,location_5966_18386009634845933969,5966,True,,,
5967,18386768773628399677,location_5967_18386768773628399677,5967,True,,,
5968,18387106188091806626,location_5968_18387106188091806626,5968,True,,,
5969,18387111484526478417,location_5969_18387111484526478417,5969,True,,,
5970,18387632710080874797,location_5970_18387632710080874797,5970,True,,,
5971,18389462220459713385,location_5971_18389462220459713385,5971,True,,,
5972,18389614329600179264,location_5972_18389614329600179264,5972,True,,,
5973,18390074726722330770,location_5973_18390074726722330770,5973,True,,,
5974,18391272994904426459,location_5974_18391272994904426459,5974,True,,,
5975,1839259322449900335,location_5975_1839259322449900335,5975,True,,,
5976,1839468307503146725,location_5976_1839468307503146725,5976,True,,,
5977,18395031068186108048,location_5977_18395031068186108048,5977,True,,,
5978,18396111742964649824,location_5978_18396111742964649824,5978,True,,,
5979,18396825645596132850,location_5979_18396825645596132850,5979,True,,,
5980,18397439299407262350,location_5980_18397439299407262350,5980,True,,,
5981,18398641975881255757,location_5981_18398641975881255757,5981,True,,,
5982,18398758068645955125,location_5982_18398758068645955125,5982,True,,,
5983,18400154629569730933,location_5983_18400154629569730933,5983,True,,,
5984,18401995673740765397,location_5984_18401995673740765397,5984,True,,,
5985,18406384181690146650,location_5985_18406384181690146650,5985,True,,,
5986,18406872848825326380,location_5986_18406872848825326380,5986,True,,,
5987,18407648437196329030,location_5987_18407648437196329030,5987,True,,,
5988,1840852329945036343,location_5988_1840852329945036343,5988,True,,,
5989,18408879587434979922,location_5989_18408879587434979922,5989,True,,,
5990,18408970031061427874,location_5990_18408970031061427874,5990,True,,,
5991,18410213053770639368,location_5991_18410213053770639368,5991,True,,,
5992,18410627389768676525,location_5992_18410627389768676525,5992,True,,,
5993,18412936876627845194,location_5993_18412936876627845194,5993,True,,,
5994,1841583760899457919,location_5994_1841583760899457919,5994,True,,,
5995,18418833075438367162,location_5995_18418833075438367162,5995,True,,,
5996,18419866507782079273,location_5996_18419866507782079273,5996,True,,,
5997,18420030777515147384,location_5997_18420030777515147384,5997,True,,,
5998,18420279097084097019,location_5998_18420279097084097019,5998,True,,,
5999,18420839678934628237,location_5999_18420839678934628237,5999,True,,,
6000,18421890253916280072,location_6000_18421890253916280072,6000,True,,,
6001,18423311762728129356,location_6001_18423311762728129356,6001,True,,,
6002,18424595644168385281,location_6002_18424595644168385281,6002,True,,,
6003,18425259720105202965,location_6003_18425259720105202965,6003,True,,,
6004,18428029775890331165,location_6004_18428029775890331165,6004,True,,,
6005,18428165183621946429,location_6005_18428165183621946429,6005,True,,,
6006,18428374420763421407,location_6006_18428374420763421407,6006,True,,,
6007,18430478137024404732,location_6007_18430478137024404732,6007,True,,,
6008,18432947048951370496,location_6008_18432947048951370496,6008,True,,,
6009,18433137017245674427,location_6009_18433137017245674427,6009,True,,,
6010,18433191953523821546,location_6010_18433191953523821546,6010,True,,,
6011,18435640763331032921,location_6011_18435640763331032921,6011,True,,,
6012,18435692556095831763,location_6012_18435692556095831763,6012,True,,,
6013,18438180264471693212,location_6013_18438180264471693212,6013,True,,,
6014,18439192505580487189,location_6014_18439192505580487189,6014,True,,,
6015,18439999791991731017,location_6015_18439999791991731017,6015,True,,,
6016,18440149941970386797,location_6016_18440149941970386797,6016,True,,,
6017,1846585219589364018,location_6017_1846585219589364018,6017,True,,,
6018,1851498060731563915,location_6018_1851498060731563915,6018,True,,,
6019,1852766241711892313,location_6019_1852766241711892313,6019,True,,,
6020,1853398083143403084,location_6020_1853398083143403084,6020,True,,,
6021,1859474732890606112,location_6021_1859474732890606112,6021,True,,,
6022,1860510424934129816,location_6022_1860510424934129816,6022,True,,,
6023,186379554108156464,location_6023_186379554108156464,6023,True,,,
6024,1867984513570370647,location_6024_1867984513570370647,6024,True,,,
6025,1868156121665666931,location_6025_1868156121665666931,6025,True,,,
6026,1868940721934246134,location_6026_1868940721934246134,6026,True,,,
6027,1869580585940954460,location_6027_1869580585940954460,6027,True,,,
6028,187226291030980013,location_6028_187226291030980013,6028,True,,,
6029,1876270954314397834,location_6029_1876270954314397834,6029,True,,,
6030,187689601131363606,location_6030_187689601131363606,6030,True,,,
6031,1877386514600490996,location_6031_1877386514600490996,6031,True,,,
6032,1879619900248773693,location_6032_1879619900248773693,6032,True,,,
6033,1881031336567846548,location_6033_1881031336567846548,6033,True,,,
6034,188175978868740887,location_6034_188175978868740887,6034,True,,,
6035,1881797087061850214,location_6035_1881797087061850214,6035,True,,,
6036,1883521066540020870,location_6036_1883521066540020870,6036,True,,,
6037,1885976376098308775,location_6037_1885976376098308775,6037,True,,,
6038,1887091266839533909,location_6038_1887091266839533909,6038,True,,,
6039,1887275432878203176,location_6039_1887275432878203176,6039,True,,,
6040,1889814474889170956,location_6040_1889814474889170956,6040,True,,,
6041,1892471566087091775,location_6041_1892471566087091775,6041,True,,,
6042,1894342808365070790,location_6042_1894342808365070790,6042,True,,,
6043,1896779948127641102,location_6043_1896779948127641102,6043,True,,,
6044,1898329990300709847,location_6044_1898329990300709847,6044,True,,,
6045,1898441438316422037,location_6045_1898441438316422037,6045,True,,,
6046,1904350275142072680,location_6046_1904350275142072680,6046,True,,,
6047,1906522627950891259,location_6047_1906522627950891259,6047,True,,,
6048,1906660394988665095,location_6048_1906660394988665095,6048,True,,,
6049,1907126683460687425,location_6049_1907126683460687425,6049,True,,,
6050,1907864385709397367,location_6050_1907864385709397367,6050,True,,,
6051,19083151806673083,location_6051_19083151806673083,6051,True,,,
6052,1908922025872502778,location_6052_1908922025872502778,6052,True,,,
6053,1910280872693741797,location_6053_1910280872693741797,6053,True,,,
6054,1912147637304585713,location_6054_1912147637304585713,6054,True,,,
6055,1913033894325388444,location_6055_1913033894325388444,6055,True,,,
6056,1913791713153536526,location_6056_1913791713153536526,6056,True,,,
6057,1914455518054945013,location_6057_1914455518054945013,6057,True,,,
6058,1914785076659748508,location_6058_1914785076659748508,6058,True,,,
6059,1919266938915047369,location_6059_1919266938915047369,6059,True,,,
6060,1919522298901578878,location_6060_1919522298901578878,6060,True,,,
6061,1920945492020293272,location_6061_1920945492020293272,6061,True,,,
6062,1922252342939651857,location_6062_1922252342939651857,6062,True,,,
6063,1925179777223677239,location_6063_1925179777223677239,6063,True,,,
6064,1928381252029116277,location_6064_1928381252029116277,6064,True,,,
6065,1929252627535991492,location_6065_1929252627535991492,6065,True,,,
6066,1931230041164405227,location_6066_1931230041164405227,6066,True,,,
6067,1935711673083874901,location_6067_1935711673083874901,6067,True,,,
6068,1936503965839340110,location_6068_1936503965839340110,6068,True,,,
6069,1937487362688038921,location_6069_1937487362688038921,6069,True,,,
6070,1938104940125317623,location_6070_1938104940125317623,6070,True,,,
6071,194094518356751385,location_6071_194094518356751385,6071,True,,,
6072,1941057266196649249,location_6072_1941057266196649249,6072,True,,,
6073,1942087571326572367,location_6073_1942087571326572367,6073,True,,,
6074,1942393047309922790,location_6074_1942393047309922790,6074,True,,,
6075,1942443315787099005,location_6075_1942443315787099005,6075,True,,,
6076,1944013116079640870,location_6076_1944013116079640870,6076,True,,,
6077,1944025230544236295,location_6077_1944025230544236295,6077,True,,,
6078,1945710572530812364,location_6078_1945710572530812364,6078,True,,,
6079,194645114778604135,location_6079_194645114778604135,6079,True,,,
6080,1947470406451807619,location_6080_1947470406451807619,6080,True,,,
6081,1948749239690522419,location_6081_1948749239690522419,6081,True,,,
6082,1949245440095938586,location_6082_1949245440095938586,6082,True,,,
6083,1949960244532725542,location_6083_1949960244532725542,6083,True,,,
6084,1952585487420818284,location_6084_1952585487420818284,6084,True,,,
6085,1952747021588842524,location_6085_1952747021588842524,6085,True,,,
6086,1954283513783083460,location_6086_1954283513783083460,6086,True,,,
6087,1954837631998116231,location_6087_1954837631998116231,6087,True,,,
6088,1955486479922345468,location_6088_1955486479922345468,6088,True,,,
6089,1956385692738481902,location_6089_1956385692738481902,6089,True,,,
6090,1957373630110267401,location_6090_1957373630110267401,6090,True,,,
6091,1957698725150423541,location_6091_1957698725150423541,6091,True,,,
6092,1958541775735462002,location_6092_1958541775735462002,6092,True,,,
6093,1959619178048839634,location_6093_1959619178048839634,6093,True,,,
6094,1961425725937629390,location_6094_1961425725937629390,6094,True,,,
6095,1969610455032574778,location_6095_1969610455032574778,6095,True,,,
6096,1971003132315887417,location_6096_1971003132315887417,6096,True,,,
6097,1972746736749482083,location_6097_1972746736749482083,6097,True,,,
6098,1972940331543892005,location_6098_1972940331543892005,6098,True,,,
6099,1973977202465065758,location_6099_1973977202465065758,6099,True,,,
6100,1974076990381371625,location_6100_1974076990381371625,6100,True,,,
6101,1974345049950385832,location_6101_1974345049950385832,6101,True,,,
6102,1974604503880222154,location_6102_1974604503880222154,6102,True,,,
6103,197556463738721591,location_6103_197556463738721591,6103,True,,,
6104,1980576788090215787,location_6104_1980576788090215787,6104,True,,,
6105,1980692601234211395,location_6105_1980692601234211395,6105,True,,,
6106,1982149509952896657,location_6106_1982149509952896657,6106,True,,,
6107,1982181039519848482,location_6107_1982181039519848482,6107,True,,,
6108,1982697014407192374,location_6108_1982697014407192374,6108,True,,,
6109,1983076928835761127,location_6109_1983076928835761127,6109,True,,,
6110,1983524949381772950,location_6110_1983524949381772950,6110,True,,,
6111,1983589479797180430,location_6111_1983589479797180430,6111,True,,,
6112,1983860805463289251,location_6112_1983860805463289251,6112,True,,,
6113,1987306822265774919,location_6113_1987306822265774919,6113,True,,,
6114,1987891308177904356,location_6114_1987891308177904356,6114,True,,,
6115,198898806806679352,location_6115_198898806806679352,6115,True,,,
6116,1993127896908134783,location_6116_1993127896908134783,6116,True,,,
6117,1994650224829394378,location_6117_1994650224829394378,6117,True,,,
6118,1995549384671867092,location_6118_1995549384671867092,6118,True,,,
6119,1997505572813545185,location_6119_1997505572813545185,6119,True,,,
6120,1997717456231364847,location_6120_1997717456231364847,6120,True,,,
6121,1998442636101457579,location_6121_1998442636101457579,6121,True,,,
6122,1999546055451097986,location_6122_1999546055451097986,6122,True,,,
6123,2000566879812928176,location_6123_2000566879812928176,6123,True,,,
6124,2002094506387592088,location_6124_2002094506387592088,6124,True,,,
6125,2002584413634681267,location_6125_2002584413634681267,6125,True,,,
6126,2003446099334748341,location_6126_2003446099334748341,6126,True,,,
6127,2003991424470085880,location_6127_2003991424470085880,6127,True,,,
6128,200590814701935252,location_6128_200590814701935252,6128,True,,,
6129,2006036422319592403,location_6129_2006036422319592403,6129,True,,,
6130,2006505991297986460,location_6130_2006505991297986460,6130,True,,,
6131,2007750926971678738,location_6131_2007750926971678738,6131,True,,,
6132,2011234068359624852,location_6132_2011234068359624852,6132,True,,,
6133,201161544478657784,location_6133_201161544478657784,6133,True,,,
6134,2013043271699983922,location_6134_2013043271699983922,6134,True,,,
6135,2013112709440908864,location_6135_2013112709440908864,6135,True,,,
6136,2013694090632244840,location_6136_2013694090632244840,6136,True,,,
6137,201470902016647087,location_6137_201470902016647087,6137,True,,,
6138,2016198119839429962,location_6138_2016198119839429962,6138,True,,,
6139,2018880091345480717,location_6139_2018880091345480717,6139,True,,,
6140,2019286011604807694,location_6140_2019286011604807694,6140,True,,,
6141,2019431813796760330,location_6141_2019431813796760330,6141,True,,,
6142,2020695695658579824,location_6142_2020695695658579824,6142,True,,,
6143,2023751502523799916,location_6143_2023751502523799916,6143,True,,,
6144,2024898100460626070,location_6144_2024898100460626070,6144,True,,,
6145,2025279795240644924,location_6145_2025279795240644924,6145,True,,,
6146,20294357283308387,location_6146_20294357283308387,6146,True,,,
6147,2033411755429211405,location_6147_2033411755429211405,6147,True,,,
6148,2034883316380254420,location_6148_2034883316380254420,6148,True,,,
6149,2035025766233995827,location_6149_2035025766233995827,6149,True,,,
6150,2039137476588457506,location_6150_2039137476588457506,6150,True,,,
6151,2040071297521832535,location_6151_2040071297521832535,6151,True,,,
6152,2041069588997210767,location_6152_2041069588997210767,6152,True,,,
6153,2048152494389669109,location_6153_2048152494389669109,6153,True,,,
6154,2051336134944238711,location_6154_2051336134944238711,6154,True,,,
6155,205149724715807232,location_6155_205149724715807232,6155,True,,,
6156,2053488745298620232,location_6156_2053488745298620232,6156,True,,,
6157,2054374893553726723,location_6157_2054374893553726723,6157,True,,,
6158,2055876084799691218,location_6158_2055876084799691218,6158,True,,,
6159,2055879380985723627,location_6159_2055879380985723627,6159,True,,,
6160,2060820412693348460,location_6160_2060820412693348460,6160,True,,,
6161,2061143753563067288,location_6161_2061143753563067288,6161,True,,,
6162,2062290858717337126,location_6162_2062290858717337126,6162,True,,,
6163,2063322024847044139,location_6163_2063322024847044139,6163,True,,,
6164,2065020285596541631,location_6164_2065020285596541631,6164,True,,,
6165,2065382618494171056,location_6165_2065382618494171056,6165,True,,,
6166,2066578895312439930,location_6166_2066578895312439930,6166,True,,,
6167,2071067573346424113,location_6167_2071067573346424113,6167,True,,,
6168,2073229171623512216,location_6168_2073229171623512216,6168,True,,,
6169,2074450234306780984,location_6169_2074450234306780984,6169,True,,,
6170,2075566568844211488,location_6170_2075566568844211488,6170,True,,,
6171,2077001540246284861,location_6171_2077001540246284861,6171,True,,,
6172,2078043726212011982,location_6172_2078043726212011982,6172,True,,,
6173,2078166673693242424,location_6173_2078166673693242424,6173,True,,,
6174,208431839924175575,location_6174_208431839924175575,6174,True,,,
6175,2086186791538953864,location_6175_2086186791538953864,6175,True,,,
6176,2087029833482075683,location_6176_2087029833482075683,6176,True,,,
6177,2090635671288424954,location_6177_2090635671288424954,6177,True,,,
6178,2096549681159600892,location_6178_2096549681159600892,6178,True,,,
6179,2098160995436054517,location_6179_2098160995436054517,6179,True,,,
6180,2098845119267808258,location_6180_2098845119267808258,6180,True,,,
6181,2100645053369816349,location_6181_2100645053369816349,6181,True,,,
6182,2103674274191822716,location_6182_2103674274191822716,6182,True,,,
6183,210382300085728635,location_6183_210382300085728635,6183,True,,,
6184,2106438969539956678,location_6184_2106438969539956678,6184,True,,,
6185,2108213193614579216,location_6185_2108213193614579216,6185,True,,,
6186,211058753479448502,location_6186_211058753479448502,6186,True,,,
6187,2111295058259584621,location_6187_2111295058259584621,6187,True,,,
6188,2112978728955510950,location_6188_2112978728955510950,6188,True,,,
6189,211362208512806789,location_6189_211362208512806789,6189,True,,,
6190,2114530061632797033,location_6190_2114530061632797033,6190,True,,,
6191,2115071306114654491,location_6191_2115071306114654491,6191,True,,,
6192,2116049054918120012,location_6192_2116049054918120012,6192,True,,,
6193,2118340748881919236,location_6193_2118340748881919236,6193,True,,,
6194,2118447215394262801,location_6194_2118447215394262801,6194,True,,,
6195,2118532682092590274,location_6195_2118532682092590274,6195,True,,,
6196,2118621285742321238,location_6196_2118621285742321238,6196,True,,,
6197,2119551991592776396,location_6197_2119551991592776396,6197,True,,,
6198,2119806140523068213,location_6198_2119806140523068213,6198,True,,,
6199,2121164136062794303,location_6199_2121164136062794303,6199,True,,,
6200,2121258394935734936,location_6200_2121258394935734936,6200,True,,,
6201,2121491515968890950,location_6201_2121491515968890950,6201,True,,,
6202,2121754582866051736,location_6202_2121754582866051736,6202,True,,,
6203,2122018582887164312,location_6203_2122018582887164312,6203,True,,,
6204,2122610444517639419,location_6204_2122610444517639419,6204,True,,,
6205,2122811784175606203,location_6205_2122811784175606203,6205,True,,,
6206,2123903692631392894,location_6206_2123903692631392894,6206,True,,,
6207,2125623320619737048,location_6207_2125623320619737048,6207,True,,,
6208,2127636961940066891,location_6208_2127636961940066891,6208,True,,,
6209,2128035341480373000,location_6209_2128035341480373000,6209,True,,,
6210,2128555771120407197,location_6210_2128555771120407197,6210,True,,,
6211,2129521693770249515,location_6211_2129521693770249515,6211,True,,,
6212,2130518160178726166,location_6212_2130518160178726166,6212,True,,,
6213,2130871235352553868,location_6213_2130871235352553868,6213,True,,,
6214,2131028059815279591,location_6214_2131028059815279591,6214,True,,,
6215,2132339665006442339,location_6215_2132339665006442339,6215,True,,,
6216,2133071567102825908,location_6216_2133071567102825908,6216,True,,,
6217,2133881142707863370,location_6217_2133881142707863370,6217,True,,,
6218,2133906830118682239,location_6218_2133906830118682239,6218,True,,,
6219,2135088326248113118,location_6219_2135088326248113118,6219,True,,,
6220,2138940822478187796,location_6220_2138940822478187796,6220,True,,,
6221,2140764725379489130,location_6221_2140764725379489130,6221,True,,,
6222,2142579186621292800,location_6222_2142579186621292800,6222,True,,,
6223,2143513780246834883,location_6223_2143513780246834883,6223,True,,,
6224,2148121311018187001,location_6224_2148121311018187001,6224,True,,,
6225,2150345623589598797,location_6225_2150345623589598797,6225,True,,,
6226,2152614802545693968,location_6226_2152614802545693968,6226,True,,,
6227,2154101527040367151,location_6227_2154101527040367151,6227,True,,,
6228,2155198154468997780,location_6228_2155198154468997780,6228,True,,,
6229,2155803548598294358,location_6229_2155803548598294358,6229,True,,,
6230,2156643099524860589,location_6230_2156643099524860589,6230,True,,,
6231,2157457296729688713,location_6231_2157457296729688713,6231,True,,,
6232,2157836235150831596,location_6232_2157836235150831596,6232,True,,,
6233,2158383329462206578,location_6233_2158383329462206578,6233,True,,,
6234,2163133748373817955,location_6234_2163133748373817955,6234,True,,,
6235,2164340655029471080,location_6235_2164340655029471080,6235,True,,,
6236,2165287130368743982,location_6236_2165287130368743982,6236,True,,,
6237,2165297310473881389,location_6237_2165297310473881389,6237,True,,,
6238,2165445334338679964,location_6238_2165445334338679964,6238,True,,,
6239,2167297137899379872,location_6239_2167297137899379872,6239,True,,,
6240,2169619272114788392,location_6240_2169619272114788392,6240,True,,,
6241,2175201263073891540,location_6241_2175201263073891540,6241,True,,,
6242,2175303739122894058,location_6242_2175303739122894058,6242,True,,,
6243,2177408352938197144,location_6243_2177408352938197144,6243,True,,,
6244,2180085142875386245,location_6244_2180085142875386245,6244,True,,,
6245,2181052064456235463,location_6245_2181052064456235463,6245,True,,,
6246,2182768252026392116,location_6246_2182768252026392116,6246,True,,,
6247,2184283237015789943,location_6247_2184283237015789943,6247,True,,,
6248,2185306504898294048,location_6248_2185306504898294048,6248,True,,,
6249,2185893679093851344,location_6249_2185893679093851344,6249,True,,,
6250,2188196583938714406,location_6250_2188196583938714406,6250,True,,,
6251,2189751297604796217,location_6251_2189751297604796217,6251,True,,,
6252,2189827735400591585,location_6252_2189827735400591585,6252,True,,,
6253,2195137356837853535,location_6253_2195137356837853535,6253,True,,,
6254,2197406669125523695,location_6254_2197406669125523695,6254,True,,,
6255,2197750023684328147,location_6255_2197750023684328147,6255,True,,,
6256,219871457704054412,location_6256_219871457704054412,6256,True,,,
6257,2199223367467304095,location_6257_2199223367467304095,6257,True,,,
6258,2202305330532333205,location_6258_2202305330532333205,6258,True,,,
6259,2203632054710615628,location_6259_2203632054710615628,6259,True,,,
6260,2206926990719431494,location_6260_2206926990719431494,6260,True,,,
6261,220702833138018987,location_6261_220702833138018987,6261,True,,,
6262,2209189858139238577,location_6262_2209189858139238577,6262,True,,,
6263,2212894766085648850,location_6263_2212894766085648850,6263,True,,,
6264,2216070579886700924,location_6264_2216070579886700924,6264,True,,,
6265,2216555856154740379,location_6265_2216555856154740379,6265,True,,,
6266,2217516832681687765,location_6266_2217516832681687765,6266,True,,,
6267,2218247092042549934,location_6267_2218247092042549934,6267,True,,,
6268,2219048869652576258,location_6268_2219048869652576258,6268,True,,,
6269,2219051366751444787,location_6269_2219051366751444787,6269,True,,,
6270,2220091501644128039,location_6270_2220091501644128039,6270,True,,,
6271,2221863189430210,location_6271_2221863189430210,6271,True,,,
6272,2222437365665222746,location_6272_2222437365665222746,6272,True,,,
6273,2223965516741688873,location_6273_2223965516741688873,6273,True,,,
6274,2224664152589460950,location_6274_2224664152589460950,6274,True,,,
6275,2225286814144663796,location_6275_2225286814144663796,6275,True,,,
6276,2227783698281648899,location_6276_2227783698281648899,6276,True,,,
6277,2228026123659710624,location_6277_2228026123659710624,6277,True,,,
6278,2230998104193284383,location_6278_2230998104193284383,6278,True,,,
6279,2232188152583029955,location_6279_2232188152583029955,6279,True,,,
6280,2236959111665636505,location_6280_2236959111665636505,6280,True,,,
6281,2237618089179410215,location_6281_2237618089179410215,6281,True,,,
6282,2238540227620916587,location_6282_2238540227620916587,6282,True,,,
6283,2239673799601908612,location_6283_2239673799601908612,6283,True,,,
6284,2239706416318450858,location_6284_2239706416318450858,6284,True,,,
6285,2241777855289254508,location_6285_2241777855289254508,6285,True,,,
6286,2242370724233399886,location_6286_2242370724233399886,6286,True,,,
6287,2242422389291864806,location_6287_2242422389291864806,6287,True,,,
6288,224256445183663544,location_6288_224256445183663544,6288,True,,,
6289,2245583317015974458,location_6289_2245583317015974458,6289,True,,,
6290,2246576426242158704,location_6290_2246576426242158704,6290,True,,,
6291,2250343155607851754,location_6291_2250343155607851754,6291,True,,,
6292,2251062751869587288,location_6292_2251062751869587288,6292,True,,,
6293,2255864777813602165,location_6293_2255864777813602165,6293,True,,,
6294,2256816381409787067,location_6294_2256816381409787067,6294,True,,,
6295,225908403285221985,location_6295_225908403285221985,6295,True,,,
6296,2260189498673410904,location_6296_2260189498673410904,6296,True,,,
6297,2260761473936689623,location_6297_2260761473936689623,6297,True,,,
6298,2260828044596231460,location_6298_2260828044596231460,6298,True,,,
6299,2261954943035632984,location_6299_2261954943035632984,6299,True,,,
6300,2265727585208937822,location_6300_2265727585208937822,6300,True,,,
6301,2267386254880022050,location_6301_2267386254880022050,6301,True,,,
6302,2271023939987296020,location_6302_2271023939987296020,6302,True,,,
6303,2271146237274254164,location_6303_2271146237274254164,6303,True,,,
6304,2271227592460907065,location_6304_2271227592460907065,6304,True,,,
6305,2272835676797682915,location_6305_2272835676797682915,6305,True,,,
6306,227563836583778500,location_6306_227563836583778500,6306,True,,,
6307,227574143677248117,location_6307_227574143677248117,6307,True,,,
6308,2279568125525899851,location_6308_2279568125525899851,6308,True,,,
6309,2282359690897210826,location_6309_2282359690897210826,6309,True,,,
6310,2285789228688790936,location_6310_2285789228688790936,6310,True,,,
6311,2287182788275774486,location_6311_2287182788275774486,6311,True,,,
6312,2290792193972036849,location_6312_2290792193972036849,6312,True,,,
6313,2293366289234275970,location_6313_2293366289234275970,6313,True,,,
6314,2293832738299639466,location_6314_2293832738299639466,6314,True,,,
6315,2298614527725008540,location_6315_2298614527725008540,6315,True,,,
6316,230340606502317634,location_6316_230340606502317634,6316,True,,,
6317,2303689900672931112,location_6317_2303689900672931112,6317,True,,,
6318,230390566016991546,location_6318_230390566016991546,6318,True,,,
6319,2304114759845777141,location_6319_2304114759845777141,6319,True,,,
6320,230680742501833343,location_6320_230680742501833343,6320,True,,,
6321,2307850299619756279,location_6321_2307850299619756279,6321,True,,,
6322,2308070439648467193,location_6322_2308070439648467193,6322,True,,,
6323,2308659399262426679,location_6323_2308659399262426679,6323,True,,,
6324,2311895909638777348,location_6324_2311895909638777348,6324,True,,,
6325,2314158397832791476,location_6325_2314158397832791476,6325,True,,,
6326,2314303493318320377,location_6326_2314303493318320377,6326,True,,,
6327,2316186468906694597,location_6327_2316186468906694597,6327,True,,,
6328,2316526340267334404,location_6328_2316526340267334404,6328,True,,,
6329,2319944700296987130,location_6329_2319944700296987130,6329,True,,,
6330,2320005295159261426,location_6330_2320005295159261426,6330,True,,,
6331,2320285888138153869,location_6331_2320285888138153869,6331,True,,,
6332,2320329541074118900,location_6332_2320329541074118900,6332,True,,,
6333,2321744942643295787,location_6333_2321744942643295787,6333,True,,,
6334,2322499983612634413,location_6334_2322499983612634413,6334,True,,,
6335,2322515974761086536,location_6335_2322515974761086536,6335,True,,,
6336,2326794673152074952,location_6336_2326794673152074952,6336,True,,,
6337,2331788910332094670,location_6337_2331788910332094670,6337,True,,,
6338,2332143554324405218,location_6338_2332143554324405218,6338,True,,,
6339,2333270063605241019,location_6339_2333270063605241019,6339,True,,,
6340,2334526979368064568,location_6340_2334526979368064568,6340,True,,,
6341,2335915403567460679,location_6341_2335915403567460679,6341,True,,,
6342,2336202204879924180,location_6342_2336202204879924180,6342,True,,,
6343,2336608527861938123,location_6343_2336608527861938123,6343,True,,,
6344,2337227344328016142,location_6344_2337227344328016142,6344,True,,,
6345,234018692830384645,location_6345_234018692830384645,6345,True,,,
6346,2341393800773843555,location_6346_2341393800773843555,6346,True,,,
6347,2342726821950934104,location_6347_2342726821950934104,6347,True,,,
6348,2343066972269477279,location_6348_2343066972269477279,6348,True,,,
6349,2344242589145897315,location_6349_2344242589145897315,6349,True,,,
6350,2346198108623081317,location_6350_2346198108623081317,6350,True,,,
6351,2349848762165036165,location_6351_2349848762165036165,6351,True,,,
6352,2350008894401059669,location_6352_2350008894401059669,6352,True,,,
6353,2350261053181498763,location_6353_2350261053181498763,6353,True,,,
6354,2356842925970086399,location_6354_2356842925970086399,6354,True,,,
6355,2356867829011638865,location_6355_2356867829011638865,6355,True,,,
6356,2359998156905994908,location_6356_2359998156905994908,6356,True,,,
6357,236074135985837518,location_6357_236074135985837518,6357,True,,,
6358,2361736930868746737,location_6358_2361736930868746737,6358,True,,,
6359,2364491457762597953,location_6359_2364491457762597953,6359,True,,,
6360,2365968288976260254,location_6360_2365968288976260254,6360,True,,,
6361,2367847901176503947,location_6361_2367847901176503947,6361,True,,,
6362,2367867964546076204,location_6362_2367867964546076204,6362,True,,,
6363,2369257753354800771,location_6363_2369257753354800771,6363,True,,,
6364,2370684573002435850,location_6364_2370684573002435850,6364,True,,,
6365,2375055331200355287,location_6365_2375055331200355287,6365,True,,,
6366,2376687395810522618,location_6366_2376687395810522618,6366,True,,,
6367,2382894195295778608,location_6367_2382894195295778608,6367,True,,,
6368,2384295128030058455,location_6368_2384295128030058455,6368,True,,,
6369,2384578367525632022,location_6369_2384578367525632022,6369,True,,,
6370,2386298000947501662,location_6370_2386298000947501662,6370,True,,,
6371,2387887443762946146,location_6371_2387887443762946146,6371,True,,,
6372,2388071679332966377,location_6372_2388071679332966377,6372,True,,,
6373,2388672473562436739,location_6373_2388672473562436739,6373,True,,,
6374,2389547984222266685,location_6374_2389547984222266685,6374,True,,,
6375,2389586176176086203,location_6375_2389586176176086203,6375,True,,,
6376,2390960021906791772,location_6376_2390960021906791772,6376,True,,,
6377,2392081627752873705,location_6377_2392081627752873705,6377,True,,,
6378,2392590966021012939,location_6378_2392590966021012939,6378,True,,,
6379,2392776060818729663,location_6379_2392776060818729663,6379,True,,,
6380,239580892001002813,location_6380_239580892001002813,6380,True,,,
6381,239618220087792421,location_6381_239618220087792421,6381,True,,,
6382,2397126038730725917,location_6382_2397126038730725917,6382,True,,,
6383,239888767278457527,location_6383_239888767278457527,6383,True,,,
6384,240367614568350094,location_6384_240367614568350094,6384,True,,,
6385,2404629812659535380,location_6385_2404629812659535380,6385,True,,,
6386,2410085321745185477,location_6386_2410085321745185477,6386,True,,,
6387,2410649121903251774,location_6387_2410649121903251774,6387,True,,,
6388,2410826850279205128,location_6388_2410826850279205128,6388,True,,,
6389,2411639208731577215,location_6389_2411639208731577215,6389,True,,,
6390,2413346121892883154,location_6390_2413346121892883154,6390,True,,,
6391,2413451308906351868,location_6391_2413451308906351868,6391,True,,,
6392,2413523004460148778,location_6392_2413523004460148778,6392,True,,,
6393,2419837753896924196,location_6393_2419837753896924196,6393,True,,,
6394,242649330733046991,location_6394_242649330733046991,6394,True,,,
6395,2427651945787219834,location_6395_2427651945787219834,6395,True,,,
6396,2428335638510421194,location_6396_2428335638510421194,6396,True,,,
6397,2430183473507718684,location_6397_2430183473507718684,6397,True,,,
6398,2430779899449524642,location_6398_2430779899449524642,6398,True,,,
6399,2433569561436370674,location_6399_2433569561436370674,6399,True,,,
6400,243452269972757179,location_6400_243452269972757179,6400,True,,,
6401,2435268350463991861,location_6401_2435268350463991861,6401,True,,,
6402,2435428208432773780,location_6402_2435428208432773780,6402,True,,,
6403,2437622298746268949,location_6403_2437622298746268949,6403,True,,,
6404,2438120401506711286,location_6404_2438120401506711286,6404,True,,,
6405,2438244141665912877,location_6405_2438244141665912877,6405,True,,,
6406,2439726857799065946,location_6406_2439726857799065946,6406,True,,,
6407,2440589004794738903,location_6407_2440589004794738903,6407,True,,,
6408,2440923419008738967,location_6408_2440923419008738967,6408,True,,,
6409,2441754747651311789,location_6409_2441754747651311789,6409,True,,,
6410,2442888349885837548,location_6410_2442888349885837548,6410,True,,,
6411,2442946903528779576,location_6411_2442946903528779576,6411,True,,,
6412,2443538127661327111,location_6412_2443538127661327111,6412,True,,,
6413,2444290819392468338,location_6413_2444290819392468338,6413,True,,,
6414,2444435362608075034,location_6414_2444435362608075034,6414,True,,,
6415,2452149446039441663,location_6415_2452149446039441663,6415,True,,,
6416,2452243712704924208,location_6416_2452243712704924208,6416,True,,,
6417,2452620784915411945,location_6417_2452620784915411945,6417,True,,,
6418,2452794430057756590,location_6418_2452794430057756590,6418,True,,,
6419,2452893070631349266,location_6419_2452893070631349266,6419,True,,,
6420,2455846017974434754,location_6420_2455846017974434754,6420,True,,,
6421,2456328328024648425,location_6421_2456328328024648425,6421,True,,,
6422,2456477038945404031,location_6422_2456477038945404031,6422,True,,,
6423,2458495475229175328,location_6423_2458495475229175328,6423,True,,,
6424,2458717433907059571,location_6424_2458717433907059571,6424,True,,,
6425,2459487455971875676,location_6425_2459487455971875676,6425,True,,,
6426,2460061495688491609,location_6426_2460061495688491609,6426,True,,,
6427,2462077913197886121,location_6427_2462077913197886121,6427,True,,,
6428,2462462034108303563,location_6428_2462462034108303563,6428,True,,,
6429,2463384567009481218,location_6429_2463384567009481218,6429,True,,,
6430,2463904931907314809,location_6430_2463904931907314809,6430,True,,,
6431,2465890474243558884,location_6431_2465890474243558884,6431,True,,,
6432,246595617394986997,location_6432_246595617394986997,6432,True,,,
6433,2466920402098279400,location_6433_2466920402098279400,6433,True,,,
6434,2467818396924465313,location_6434_2467818396924465313,6434,True,,,
6435,246917796810616130,location_6435_246917796810616130,6435,True,,,
6436,2470232124879567203,location_6436_2470232124879567203,6436,True,,,
6437,247283828186128870,location_6437_247283828186128870,6437,True,,,
6438,2474273529189394588,location_6438_2474273529189394588,6438,True,,,
6439,2474321199060812894,location_6439_2474321199060812894,6439,True,,,
6440,2474678029164299037,location_6440_2474678029164299037,6440,True,,,
6441,2478019991381563021,location_6441_2478019991381563021,6441,True,,,
6442,2478304823787798550,location_6442_2478304823787798550,6442,True,,,
6443,2478783194424813213,location_6443_2478783194424813213,6443,True,,,
6444,2480490293161148879,location_6444_2480490293161148879,6444,True,,,
6445,2481896904140804882,location_6445_2481896904140804882,6445,True,,,
6446,2481940665408966881,location_6446_2481940665408966881,6446,True,,,
6447,2483957005175406555,location_6447_2483957005175406555,6447,True,,,
6448,2485237857742178756,location_6448_2485237857742178756,6448,True,,,
6449,2485617102177373380,location_6449_2485617102177373380,6449,True,,,
6450,2486472074119244974,location_6450_2486472074119244974,6450,True,,,
6451,2487058822654062935,location_6451_2487058822654062935,6451,True,,,
6452,2492357609936901045,location_6452_2492357609936901045,6452,True,,,
6453,2492975799929845317,location_6453_2492975799929845317,6453,True,,,
6454,2493312350298767228,location_6454_2493312350298767228,6454,True,,,
6455,2496289376618625098,location_6455_2496289376618625098,6455,True,,,
6456,2498164909125298165,location_6456_2498164909125298165,6456,True,,,
6457,2499658883346493024,location_6457_2499658883346493024,6457,True,,,
6458,2499957055014983321,location_6458_2499957055014983321,6458,True,,,
6459,2505945668108446656,location_6459_2505945668108446656,6459,True,,,
6460,250652482475646905,location_6460_250652482475646905,6460,True,,,
6461,2506842937216649030,location_6461_2506842937216649030,6461,True,,,
6462,2507059312059571819,location_6462_2507059312059571819,6462,True,,,
6463,2507387320817812231,location_6463_2507387320817812231,6463,True,,,
6464,2509976898554717351,location_6464_2509976898554717351,6464,True,,,
6465,2512975258132142317,location_6465_2512975258132142317,6465,True,,,
6466,2513866892992402637,location_6466_2513866892992402637,6466,True,,,
6467,2514510368783178323,location_6467_2514510368783178323,6467,True,,,
6468,251674966636900260,location_6468_251674966636900260,6468,True,,,
6469,2516928729040049125,location_6469_2516928729040049125,6469,True,,,
6470,2517531222020223095,location_6470_2517531222020223095,6470,True,,,
6471,2518909843060840130,location_6471_2518909843060840130,6471,True,,,
6472,2520469786713194041,location_6472_2520469786713194041,6472,True,,,
6473,2520993131515405732,location_6473_2520993131515405732,6473,True,,,
6474,2523565765751540014,location_6474_2523565765751540014,6474,True,,,
6475,2526923697220410632,location_6475_2526923697220410632,6475,True,,,
6476,2527475047429636437,location_6476_2527475047429636437,6476,True,,,
6477,2529347343986620804,location_6477_2529347343986620804,6477,True,,,
6478,2529488213278659637,location_6478_2529488213278659637,6478,True,,,
6479,2531516037275637285,location_6479_2531516037275637285,6479,True,,,
6480,253336347638792815,location_6480_253336347638792815,6480,True,,,
6481,2533565400888467536,location_6481_2533565400888467536,6481,True,,,
6482,2534246653070786441,location_6482_2534246653070786441,6482,True,,,
6483,2534670644663604747,location_6483_2534670644663604747,6483,True,,,
6484,2534859553176842953,location_6484_2534859553176842953,6484,True,,,
6485,2535183949507003058,location_6485_2535183949507003058,6485,True,,,
6486,253818526297892083,location_6486_253818526297892083,6486,True,,,
6487,2538489444480143495,location_6487_2538489444480143495,6487,True,,,
6488,253973785536143592,location_6488_253973785536143592,6488,True,,,
6489,2542815696483380314,location_6489_2542815696483380314,6489,True,,,
6490,2544405513355056347,location_6490_2544405513355056347,6490,True,,,
6491,254664224794598752,location_6491_254664224794598752,6491,True,,,
6492,254731192677568505,location_6492_254731192677568505,6492,True,,,
6493,2549490922605502961,location_6493_2549490922605502961,6493,True,,,
6494,255035811035754487,location_6494_255035811035754487,6494,True,,,
6495,2552038293316412379,location_6495_2552038293316412379,6495,True,,,
6496,2555020903699178520,location_6496_2555020903699178520,6496,True,,,
6497,255940167902586572,location_6497_255940167902586572,6497,True,,,
6498,2559763744980756582,location_6498_2559763744980756582,6498,True,,,
6499,2562889295645053627,location_6499_2562889295645053627,6499,True,,,
6500,2563559272821534392,location_6500_2563559272821534392,6500,True,,,
6501,2563817265178270570,location_6501_2563817265178270570,6501,True,,,
6502,2564057724979606554,location_6502_2564057724979606554,6502,True,,,
6503,2564384467877450456,location_6503_2564384467877450456,6503,True,,,
6504,2565029664158483001,location_6504_2565029664158483001,6504,True,,,
6505,2565794425021803299,location_6505_2565794425021803299,6505,True,,,
6506,2568296196966491143,location_6506_2568296196966491143,6506,True,,,
6507,2569460848437814881,location_6507_2569460848437814881,6507,True,,,
6508,2569603118450497401,location_6508_2569603118450497401,6508,True,,,
6509,2570569407994251958,location_6509_2570569407994251958,6509,True,,,
6510,2570808734611753125,location_6510_2570808734611753125,6510,True,,,
6511,2573706182054430020,location_6511_2573706182054430020,6511,True,,,
6512,2574552804073479622,location_6512_2574552804073479622,6512,True,,,
6513,2576092369195820177,location_6513_2576092369195820177,6513,True,,,
6514,2579384941656273502,location_6514_2579384941656273502,6514,True,,,
6515,2579470591216526519,location_6515_2579470591216526519,6515,True,,,
6516,2579648393363855855,location_6516_2579648393363855855,6516,True,,,
6517,2580865879839784836,location_6517_2580865879839784836,6517,True,,,
6518,2581637608388224085,location_6518_2581637608388224085,6518,True,,,
6519,2582007645118414825,location_6519_2582007645118414825,6519,True,,,
6520,2584382284099612806,location_6520_2584382284099612806,6520,True,,,
6521,2584566138982286346,location_6521_2584566138982286346,6521,True,,,
6522,2585496506460217340,location_6522_2585496506460217340,6522,True,,,
6523,2586767629431373511,location_6523_2586767629431373511,6523,True,,,
6524,2586801182262182930,location_6524_2586801182262182930,6524,True,,,
6525,258769635425678373,location_6525_258769635425678373,6525,True,,,
6526,2588592603379108485,location_6526_2588592603379108485,6526,True,,,
6527,2592258706421754859,location_6527_2592258706421754859,6527,True,,,
6528,2592592635463565102,location_6528_2592592635463565102,6528,True,,,
6529,2594908669363444909,location_6529_2594908669363444909,6529,True,,,
6530,259529010775010709,location_6530_259529010775010709,6530,True,,,
6531,2596005591800169759,location_6531_2596005591800169759,6531,True,,,
6532,2596960557222507211,location_6532_2596960557222507211,6532,True,,,
6533,2597628226823935380,location_6533_2597628226823935380,6533,True,,,
6534,2597939455778099012,location_6534_2597939455778099012,6534,True,,,
6535,2598477007063492128,location_6535_2598477007063492128,6535,True,,,
6536,2598704877970769395,location_6536_2598704877970769395,6536,True,,,
6537,2599621568561321277,location_6537_2599621568561321277,6537,True,,,
6538,25999037210107370,location_6538_25999037210107370,6538,True,,,
6539,2600674038299983404,location_6539_2600674038299983404,6539,True,,,
6540,2603082110601898588,location_6540_2603082110601898588,6540,True,,,
6541,2603822906770359547,location_6541_2603822906770359547,6541,True,,,
6542,2605178756651804992,location_6542_2605178756651804992,6542,True,,,
6543,2605397908883353861,location_6543_2605397908883353861,6543,True,,,
6544,2605683151725370430,location_6544_2605683151725370430,6544,True,,,
6545,2606132501650447401,location_6545_2606132501650447401,6545,True,,,
6546,2607005423988254507,location_6546_2607005423988254507,6546,True,,,
6547,2608375418126172390,location_6547_2608375418126172390,6547,True,,,
6548,2608727644908462891,location_6548_2608727644908462891,6548,True,,,
6549,2609254932227528039,location_6549_2609254932227528039,6549,True,,,
6550,2610536785644197863,location_6550_2610536785644197863,6550,True,,,
6551,2612059866091796580,location_6551_2612059866091796580,6551,True,,,
6552,2612873006921090250,location_6552_2612873006921090250,6552,True,,,
6553,2614454706181285569,location_6553_2614454706181285569,6553,True,,,
6554,261646295027624903,location_6554_261646295027624903,6554,True,,,
6555,2617936071831825413,location_6555_2617936071831825413,6555,True,,,
6556,2618582762442098009,location_6556_2618582762442098009,6556,True,,,
6557,2618705075166351420,location_6557_2618705075166351420,6557,True,,,
6558,2619852636826369528,location_6558_2619852636826369528,6558,True,,,
6559,262543420035925971,location_6559_262543420035925971,6559,True,,,
6560,2625886385859374853,location_6560_2625886385859374853,6560,True,,,
6561,2626342599318653683,location_6561_2626342599318653683,6561,True,,,
6562,2626833463595314375,location_6562_2626833463595314375,6562,True,,,
6563,2627405005576361681,location_6563_2627405005576361681,6563,True,,,
6564,26340434247973425,location_6564_26340434247973425,6564,True,,,
6565,2634705197922580170,location_6565_2634705197922580170,6565,True,,,
6566,26357740745293344,location_6566_26357740745293344,6566,True,,,
6567,2636538834734953988,location_6567_2636538834734953988,6567,True,,,
6568,2636774764389426669,location_6568_2636774764389426669,6568,True,,,
6569,2638297504087524075,location_6569_2638297504087524075,6569,True,,,
6570,2638323304041470772,location_6570_2638323304041470772,6570,True,,,
6571,2639059630149730053,location_6571_2639059630149730053,6571,True,,,
6572,2640008726633616788,location_6572_2640008726633616788,6572,True,,,
6573,2640195191623363531,location_6573_2640195191623363531,6573,True,,,
6574,2640515782910383503,location_6574_2640515782910383503,6574,True,,,
6575,2642747461656858476,location_6575_2642747461656858476,6575,True,,,
6576,26444429477927062,location_6576_26444429477927062,6576,True,,,
6577,2644575720144872788,location_6577_2644575720144872788,6577,True,,,
6578,2645043740697108668,location_6578_2645043740697108668,6578,True,,,
6579,2646671860914340338,location_6579_2646671860914340338,6579,True,,,
6580,2646897079905917701,location_6580_2646897079905917701,6580,True,,,
6581,2647460191239894285,location_6581_2647460191239894285,6581,True,,,
6582,2647594378448666081,location_6582_2647594378448666081,6582,True,,,
6583,2649131928909916458,location_6583_2649131928909916458,6583,True,,,
6584,2651103585078746860,location_6584_2651103585078746860,6584,True,,,
6585,265257007781825907,location_6585_265257007781825907,6585,True,,,
6586,265546882723398860,location_6586_265546882723398860,6586,True,,,
6587,2657591746543459907,location_6587_2657591746543459907,6587,True,,,
6588,2658188815136208372,location_6588_2658188815136208372,6588,True,,,
6589,2659845941733363647,location_6589_2659845941733363647,6589,True,,,
6590,2659966069494672937,location_6590_2659966069494672937,6590,True,,,
6591,2660687866295070261,location_6591_2660687866295070261,6591,True,,,
6592,2660811360820606607,location_6592_2660811360820606607,6592,True,,,
6593,2661212082770070004,location_6593_2661212082770070004,6593,True,,,
6594,2663951145543291381,location_6594_2663951145543291381,6594,True,,,
6595,2664094400905113116,location_6595_2664094400905113116,6595,True,,,
6596,2664186476269453428,location_6596_2664186476269453428,6596,True,,,
6597,2665545598068201399,location_6597_2665545598068201399,6597,True,,,
6598,2666437520990382935,location_6598_2666437520990382935,6598,True,,,
6599,2667029279805801080,location_6599_2667029279805801080,6599,True,,,
6600,2667238833718131268,location_6600_2667238833718131268,6600,True,,,
6601,2667817290778964156,location_6601_2667817290778964156,6601,True,,,
6602,2668273461986623926,location_6602_2668273461986623926,6602,True,,,
6603,2670049800695181016,location_6603_2670049800695181016,6603,True,,,
6604,2672999184112833011,location_6604_2672999184112833011,6604,True,,,
6605,2673243786650701554,location_6605_2673243786650701554,6605,True,,,
6606,267422581717274696,location_6606_267422581717274696,6606,True,,,
6607,2674364466906610620,location_6607_2674364466906610620,6607,True,,,
6608,267527400515980809,location_6608_267527400515980809,6608,True,,,
6609,267556850973166005,location_6609_267556850973166005,6609,True,,,
6610,2678473277713716812,location_6610_2678473277713716812,6610,True,,,
6611,267919956254359345,location_6611_267919956254359345,6611,True,,,
6612,2679582488199954466,location_6612_2679582488199954466,6612,True,,,
6613,2680104483891868465,location_6613_2680104483891868465,6613,True,,,
6614,2680139482776398356,location_6614_2680139482776398356,6614,True,,,
6615,2680450154257057768,location_6615_2680450154257057768,6615,True,,,
6616,2680640405548467788,location_6616_2680640405548467788,6616,True,,,
6617,2681897124125012179,location_6617_2681897124125012179,6617,True,,,
6618,2682655991791732151,location_6618_2682655991791732151,6618,True,,,
6619,2685211701139990398,location_6619_2685211701139990398,6619,True,,,
6620,2685534046658952173,location_6620_2685534046658952173,6620,True,,,
6621,2688516301297676654,location_6621_2688516301297676654,6621,True,,,
6622,2697512808145905686,location_6622_2697512808145905686,6622,True,,,
6623,2697709790525038940,location_6623_2697709790525038940,6623,True,,,
6624,2699663447359093925,location_6624_2699663447359093925,6624,True,,,
6625,2699784972704131557,location_6625_2699784972704131557,6625,True,,,
6626,2700451766805157280,location_6626_2700451766805157280,6626,True,,,
6627,2701657018333247479,location_6627_2701657018333247479,6627,True,,,
6628,2703131987469988583,location_6628_2703131987469988583,6628,True,,,
6629,2703196418856550857,location_6629_2703196418856550857,6629,True,,,
6630,2707227437616425207,location_6630_2707227437616425207,6630,True,,,
6631,2707624102120363230,location_6631_2707624102120363230,6631,True,,,
6632,2709081219735194185,location_6632_2709081219735194185,6632,True,,,
6633,2709163937690917235,location_6633_2709163937690917235,6633,True,,,
6634,2709802214786810997,location_6634_2709802214786810997,6634,True,,,
6635,271144219594794094,location_6635_271144219594794094,6635,True,,,
6636,2712610521959007889,location_6636_2712610521959007889,6636,True,,,
6637,2715214334275848576,location_6637_2715214334275848576,6637,True,,,
6638,2715280598939264997,location_6638_2715280598939264997,6638,True,,,
6639,2715803227251837299,location_6639_2715803227251837299,6639,True,,,
6640,2719232641742144446,location_6640_2719232641742144446,6640,True,,,
6641,2720569586969029773,location_6641_2720569586969029773,6641,True,,,
6642,2721185951725709380,location_6642_2721185951725709380,6642,True,,,
6643,2721401931809844732,location_6643_2721401931809844732,6643,True,,,
6644,2721416248775505461,location_6644_2721416248775505461,6644,True,,,
6645,2726870863707501119,location_6645_2726870863707501119,6645,True,,,
6646,272748569585799218,location_6646_272748569585799218,6646,True,,,
6647,2728030028374285753,location_6647_2728030028374285753,6647,True,,,
6648,2728932314353085746,location_6648_2728932314353085746,6648,True,,,
6649,2734214940370610881,location_6649_2734214940370610881,6649,True,,,
6650,2734241149454221238,location_6650_2734241149454221238,6650,True,,,
6651,2737911814966700771,location_6651_2737911814966700771,6651,True,,,
6652,2738783938958290955,location_6652_2738783938958290955,6652,True,,,
6653,2738845872020201279,location_6653_2738845872020201279,6653,True,,,
6654,2739445358852673815,location_6654_2739445358852673815,6654,True,,,
6655,2739929093008716688,location_6655_2739929093008716688,6655,True,,,
6656,2740605947905826553,location_6656_2740605947905826553,6656,True,,,
6657,2741539808910217210,location_6657_2741539808910217210,6657,True,,,
6658,274289567522463703,location_6658_274289567522463703,6658,True,,,
6659,2744028837226647813,location_6659_2744028837226647813,6659,True,,,
6660,2744118470725641900,location_6660_2744118470725641900,6660,True,,,
6661,2744952865569912299,location_6661_2744952865569912299,6661,True,,,
6662,2744981675361230347,location_6662_2744981675361230347,6662,True,,,
6663,2750496381121856736,location_6663_2750496381121856736,6663,True,,,
6664,2751792561206522112,location_6664_2751792561206522112,6664,True,,,
6665,2751963868016495553,location_6665_2751963868016495553,6665,True,,,
6666,2752571178890003766,location_6666_2752571178890003766,6666,True,,,
6667,2753651314735212420,location_6667_2753651314735212420,6667,True,,,
6668,275444461304056987,location_6668_275444461304056987,6668,True,,,
6669,275606734054562710,location_6669_275606734054562710,6669,True,,,
6670,2756533274228704285,location_6670_2756533274228704285,6670,True,,,
6671,275675626635182711,location_6671_275675626635182711,6671,True,,,
6672,2757148158086100811,location_6672_2757148158086100811,6672,True,,,
6673,2757912991597038889,location_6673_2757912991597038889,6673,True,,,
6674,2759202807981347517,location_6674_2759202807981347517,6674,True,,,
6675,2760147312050415713,location_6675_2760147312050415713,6675,True,,,
6676,2760255692745363171,location_6676_2760255692745363171,6676,True,,,
6677,276087971562540814,location_6677_276087971562540814,6677,True,,,
6678,2761710784239928902,location_6678_2761710784239928902,6678,True,,,
6679,2762608879047939420,location_6679_2762608879047939420,6679,True,,,
6680,2762937162239240925,location_6680_2762937162239240925,6680,True,,,
6681,2763810046326955711,location_6681_2763810046326955711,6681,True,,,
6682,2765491040289986679,location_6682_2765491040289986679,6682,True,,,
6683,2767938555542151856,location_6683_2767938555542151856,6683,True,,,
6684,2769154231210159312,location_6684_2769154231210159312,6684,True,,,
6685,2769369643930609169,location_6685_2769369643930609169,6685,True,,,
6686,2771043140149831518,location_6686_2771043140149831518,6686,True,,,
6687,2773030507392477800,location_6687_2773030507392477800,6687,True,,,
6688,2773611920913256912,location_6688_2773611920913256912,6688,True,,,
6689,2774004809939954610,location_6689_2774004809939954610,6689,True,,,
6690,2774999236232139039,location_6690_2774999236232139039,6690,True,,,
6691,2775395571953409579,location_6691_2775395571953409579,6691,True,,,
6692,2775967876015131330,location_6692_2775967876015131330,6692,True,,,
6693,2776288735892523474,location_6693_2776288735892523474,6693,True,,,
6694,2777759828941850805,location_6694_2777759828941850805,6694,True,,,
6695,2779861917117174664,location_6695_2779861917117174664,6695,True,,,
6696,2781164095015632251,location_6696_2781164095015632251,6696,True,,,
6697,2781695488832249759,location_6697_2781695488832249759,6697,True,,,
6698,2782904505725198484,location_6698_2782904505725198484,6698,True,,,
6699,2783373778903952851,location_6699_2783373778903952851,6699,True,,,
6700,2783487402984107298,location_6700_2783487402984107298,6700,True,,,
6701,2785243576001751524,location_6701_2785243576001751524,6701,True,,,
6702,2786571042644472220,location_6702_2786571042644472220,6702,True,,,
6703,2787441480061511454,location_6703_2787441480061511454,6703,True,,,
6704,2787481612960780251,location_6704_2787481612960780251,6704,True,,,
6705,2789461270627462027,location_6705_2789461270627462027,6705,True,,,
6706,2790342916815334231,location_6706_2790342916815334231,6706,True,,,
6707,2791298954621498854,location_6707_2791298954621498854,6707,True,,,
6708,2791380431598185961,location_6708_2791380431598185961,6708,True,,,
6709,2791890930098763410,location_6709_2791890930098763410,6709,True,,,
6710,2793340531172389406,location_6710_2793340531172389406,6710,True,,,
6711,2793818451822605289,location_6711_2793818451822605289,6711,True,,,
6712,2798766939354309390,location_6712_2798766939354309390,6712,True,,,
6713,2798769434805655334,location_6713_2798769434805655334,6713,True,,,
6714,2800539959082685202,location_6714_2800539959082685202,6714,True,,,
6715,2802050537110917278,location_6715_2802050537110917278,6715,True,,,
6716,2802515447709947652,location_6716_2802515447709947652,6716,True,,,
6717,2803121384062828219,location_6717_2803121384062828219,6717,True,,,
6718,2803677191876712188,location_6718_2803677191876712188,6718,True,,,
6719,2804832568594272295,location_6719_2804832568594272295,6719,True,,,
6720,2805356110281042417,location_6720_2805356110281042417,6720,True,,,
6721,2805912015453312867,location_6721_2805912015453312867,6721,True,,,
6722,2806567776136030101,location_6722_2806567776136030101,6722,True,,,
6723,2811594210032010306,location_6723_2811594210032010306,6723,True,,,
6724,2812014320450847829,location_6724_2812014320450847829,6724,True,,,
6725,2816012666893587181,location_6725_2816012666893587181,6725,True,,,
6726,2820960308764140776,location_6726_2820960308764140776,6726,True,,,
6727,2821501452054608911,location_6727_2821501452054608911,6727,True,,,
6728,2822388859604868590,location_6728_2822388859604868590,6728,True,,,
6729,2823953938801849178,location_6729_2823953938801849178,6729,True,,,
6730,2826695478766564991,location_6730_2826695478766564991,6730,True,,,
6731,2827003589503399906,location_6731_2827003589503399906,6731,True,,,
6732,28301500816775975,location_6732_28301500816775975,6732,True,,,
6733,2830948721780021360,location_6733_2830948721780021360,6733,True,,,
6734,2831064183558299337,location_6734_2831064183558299337,6734,True,,,
6735,2831621817374241020,location_6735_2831621817374241020,6735,True,,,
6736,2831991573892956184,location_6736_2831991573892956184,6736,True,,,
6737,2832515768476097578,location_6737_2832515768476097578,6737,True,,,
6738,2835570773788814827,location_6738_2835570773788814827,6738,True,,,
6739,2837182821539984663,location_6739_2837182821539984663,6739,True,,,
6740,2838189538918845844,location_6740_2838189538918845844,6740,True,,,
6741,2839331885299818815,location_6741_2839331885299818815,6741,True,,,
6742,2839745236118435881,location_6742_2839745236118435881,6742,True,,,
6743,2841531833543435614,location_6743_2841531833543435614,6743,True,,,
6744,2844506347072151071,location_6744_2844506347072151071,6744,True,,,
6745,2846095395316525579,location_6745_2846095395316525579,6745,True,,,
6746,2846630015034375209,location_6746_2846630015034375209,6746,True,,,
6747,2849887360013341103,location_6747_2849887360013341103,6747,True,,,
6748,2849954537614670826,location_6748_2849954537614670826,6748,True,,,
6749,2850120197684425538,location_6749_2850120197684425538,6749,True,,,
6750,2850231291620648730,location_6750_2850231291620648730,6750,True,,,
6751,2850911719492436516,location_6751_2850911719492436516,6751,True,,,
6752,2851442859108209409,location_6752_2851442859108209409,6752,True,,,
6753,2852719961052244337,location_6753_2852719961052244337,6753,True,,,
6754,285812042138883032,location_6754_285812042138883032,6754,True,,,
6755,2859090517840148045,location_6755_2859090517840148045,6755,True,,,
6756,2859519214792003542,location_6756_2859519214792003542,6756,True,,,
6757,2861017117957015641,location_6757_2861017117957015641,6757,True,,,
6758,2863086397872885034,location_6758_2863086397872885034,6758,True,,,
6759,2863846296488373434,location_6759_2863846296488373434,6759,True,,,
6760,2865449417684048327,location_6760_2865449417684048327,6760,True,,,
6761,2867062830398483761,location_6761_2867062830398483761,6761,True,,,
6762,2868083669749893220,location_6762_2868083669749893220,6762,True,,,
6763,2868631155701982713,location_6763_2868631155701982713,6763,True,,,
6764,2869377233179187814,location_6764_2869377233179187814,6764,True,,,
6765,2869601709557324074,location_6765_2869601709557324074,6765,True,,,
6766,2870621682882463020,location_6766_2870621682882463020,6766,True,,,
6767,2871571783254366703,location_6767_2871571783254366703,6767,True,,,
6768,2873549655780717608,location_6768_2873549655780717608,6768,True,,,
6769,2874863921417931390,location_6769_2874863921417931390,6769,True,,,
6770,2878157255740958887,location_6770_2878157255740958887,6770,True,,,
6771,2880343964984303180,location_6771_2880343964984303180,6771,True,,,
6772,2882255020416307375,location_6772_2882255020416307375,6772,True,,,
6773,2882258214438731304,location_6773_2882258214438731304,6773,True,,,
6774,2884207790574383017,location_6774_2884207790574383017,6774,True,,,
6775,2885717358708345359,location_6775_2885717358708345359,6775,True,,,
6776,2885996668649681266,location_6776_2885996668649681266,6776,True,,,
6777,2886719047593972469,location_6777_2886719047593972469,6777,True,,,
6778,288825484427062574,location_6778_288825484427062574,6778,True,,,
6779,2888362360291877155,location_6779_2888362360291877155,6779,True,,,
6780,2889520070155776688,location_6780_2889520070155776688,6780,True,,,
6781,2892654429321227702,location_6781_2892654429321227702,6781,True,,,
6782,2892776075604392756,location_6782_2892776075604392756,6782,True,,,
6783,2899702802308480694,location_6783_2899702802308480694,6783,True,,,
6784,2900550835013585628,location_6784_2900550835013585628,6784,True,,,
6785,2900557520836745280,location_6785_2900557520836745280,6785,True,,,
6786,2901542971933346395,location_6786_2901542971933346395,6786,True,,,
6787,2904649659149524693,location_6787_2904649659149524693,6787,True,,,
6788,2906181268188318609,location_6788_2906181268188318609,6788,True,,,
6789,2908368611115335285,location_6789_2908368611115335285,6789,True,,,
6790,2909446597071262896,location_6790_2909446597071262896,6790,True,,,
6791,2911301670390466940,location_6791_2911301670390466940,6791,True,,,
6792,2911385148009491239,location_6792_2911385148009491239,6792,True,,,
6793,2912344518495196746,location_6793_2912344518495196746,6793,True,,,
6794,2912945096032819182,location_6794_2912945096032819182,6794,True,,,
6795,2917676553890902930,location_6795_2917676553890902930,6795,True,,,
6796,2919350940079707355,location_6796_2919350940079707355,6796,True,,,
6797,2921267881857103339,location_6797_2921267881857103339,6797,True,,,
6798,2923480277720907938,location_6798_2923480277720907938,6798,True,,,
6799,2923887578554615285,location_6799_2923887578554615285,6799,True,,,
6800,2924189355575634024,location_6800_2924189355575634024,6800,True,,,
6801,2924442322977844812,location_6801_2924442322977844812,6801,True,,,
6802,2926101098826991025,location_6802_2926101098826991025,6802,True,,,
6803,2928179159721000832,location_6803_2928179159721000832,6803,True,,,
6804,2928597672783375236,location_6804_2928597672783375236,6804,True,,,
6805,2928908870141116269,location_6805_2928908870141116269,6805,True,,,
6806,293025069185697091,location_6806_293025069185697091,6806,True,,,
6807,2933425303195068243,location_6807_2933425303195068243,6807,True,,,
6808,293391505644345885,location_6808_293391505644345885,6808,True,,,
6809,2936295087714624321,location_6809_2936295087714624321,6809,True,,,
6810,2937687495917151888,location_6810_2937687495917151888,6810,True,,,
6811,2940268531414392513,location_6811_2940268531414392513,6811,True,,,
6812,2940513461294328847,location_6812_2940513461294328847,6812,True,,,
6813,294070301227702482,location_6813_294070301227702482,6813,True,,,
6814,294070604044239981,location_6814_294070604044239981,6814,True,,,
6815,2941484764858263951,location_6815_2941484764858263951,6815,True,,,
6816,2941514990671772728,location_6816_2941514990671772728,6816,True,,,
6817,2942228128188936003,location_6817_2942228128188936003,6817,True,,,
6818,2946124945469883196,location_6818_2946124945469883196,6818,True,,,
6819,2946275993377066633,location_6819_2946275993377066633,6819,True,,,
6820,2947165069369882328,location_6820_2947165069369882328,6820,True,,,
6821,2947532327530093244,location_6821_2947532327530093244,6821,True,,,
6822,2950744968351326916,location_6822_2950744968351326916,6822,True,,,
6823,2951884364283436680,location_6823_2951884364283436680,6823,True,,,
6824,2953332761597354070,location_6824_2953332761597354070,6824,True,,,
6825,2954355046189566755,location_6825_2954355046189566755,6825,True,,,
6826,2956151882170038255,location_6826_2956151882170038255,6826,True,,,
6827,2957066004956318705,location_6827_2957066004956318705,6827,True,,,
6828,2958866944988347715,location_6828_2958866944988347715,6828,True,,,
6829,2959103774776959297,location_6829_2959103774776959297,6829,True,,,
6830,2959471412260092742,location_6830_2959471412260092742,6830,True,,,
6831,2960295532603619039,location_6831_2960295532603619039,6831,True,,,
6832,2960651133403454844,location_6832_2960651133403454844,6832,True,,,
6833,2962109893606079599,location_6833_2962109893606079599,6833,True,,,
6834,2964042342670787732,location_6834_2964042342670787732,6834,True,,,
6835,2964079023543633416,location_6835_2964079023543633416,6835,True,,,
6836,2964700186412522108,location_6836_2964700186412522108,6836,True,,,
6837,2966515821635636168,location_6837_2966515821635636168,6837,True,,,
6838,2966696398883691011,location_6838_2966696398883691011,6838,True,,,
6839,2967565039705010220,location_6839_2967565039705010220,6839,True,,,
6840,2967738646577952517,location_6840_2967738646577952517,6840,True,,,
6841,2967987845940625494,location_6841_2967987845940625494,6841,True,,,
6842,2968190455605215843,location_6842_2968190455605215843,6842,True,,,
6843,2971120437159967857,location_6843_2971120437159967857,6843,True,,,
6844,2972550750737734740,location_6844_2972550750737734740,6844,True,,,
6845,2978124659429091376,location_6845_2978124659429091376,6845,True,,,
6846,2979593432930902852,location_6846_2979593432930902852,6846,True,,,
6847,2983425440927434442,location_6847_2983425440927434442,6847,True,,,
6848,2983726240964209260,location_6848_2983726240964209260,6848,True,,,
6849,2985513536338908910,location_6849_2985513536338908910,6849,True,,,
6850,2990854738146953681,location_6850_2990854738146953681,6850,True,,,
6851,299245091938948036,location_6851_299245091938948036,6851,True,,,
6852,2993111650854793852,location_6852_2993111650854793852,6852,True,,,
6853,2993148801316099037,location_6853_2993148801316099037,6853,True,,,
6854,2996032641560094083,location_6854_2996032641560094083,6854,True,,,
6855,2996499411354411232,location_6855_2996499411354411232,6855,True,,,
6856,3001506435383681166,location_6856_3001506435383681166,6856,True,,,
6857,3004368061375601437,location_6857_3004368061375601437,6857,True,,,
6858,3004540432066589042,location_6858_3004540432066589042,6858,True,,,
6859,3004591042871798903,location_6859_3004591042871798903,6859,True,,,
6860,3006170639741898677,location_6860_3006170639741898677,6860,True,,,
6861,3009402016953970932,location_6861_3009402016953970932,6861,True,,,
6862,3014420279684402327,location_6862_3014420279684402327,6862,True,,,
6863,3015762330505705330,location_6863_3015762330505705330,6863,True,,,
6864,3016165532454116052,location_6864_3016165532454116052,6864,True,,,
6865,3018169424664391756,location_6865_3018169424664391756,6865,True,,,
6866,3019062018821506254,location_6866_3019062018821506254,6866,True,,,
6867,3022241334249825472,location_6867_3022241334249825472,6867,True,,,
6868,3023176517827787823,location_6868_3023176517827787823,6868,True,,,
6869,3023999744264570003,location_6869_3023999744264570003,6869,True,,,
6870,3024745943591041952,location_6870_3024745943591041952,6870,True,,,
6871,3025347783764153774,location_6871_3025347783764153774,6871,True,,,
6872,3026599622006399002,location_6872_3026599622006399002,6872,True,,,
6873,3027275972914529827,location_6873_3027275972914529827,6873,True,,,
6874,3027714688382056822,location_6874_3027714688382056822,6874,True,,,
6875,3028083499934390352,location_6875_3028083499934390352,6875,True,,,
6876,3030472735509882490,location_6876_3030472735509882490,6876,True,,,
6877,3030949067898889486,location_6877_3030949067898889486,6877,True,,,
6878,3031131933933684718,location_6878_3031131933933684718,6878,True,,,
6879,3031935539601315808,location_6879_3031935539601315808,6879,True,,,
6880,3032749493524564112,location_6880_3032749493524564112,6880,True,,,
6881,3034931806938135742,location_6881_3034931806938135742,6881,True,,,
6882,3035222826493360433,location_6882_3035222826493360433,6882,True,,,
6883,303858071847192168,location_6883_303858071847192168,6883,True,,,
6884,3040381254898740329,location_6884_3040381254898740329,6884,True,,,
6885,3043431133414131422,location_6885_3043431133414131422,6885,True,,,
6886,304356357150866188,location_6886_304356357150866188,6886,True,,,
6887,3044327160113731372,location_6887_3044327160113731372,6887,True,,,
6888,3045948137652480609,location_6888_3045948137652480609,6888,True,,,
6889,3049403210596797555,location_6889_3049403210596797555,6889,True,,,
6890,3051443928701776129,location_6890_3051443928701776129,6890,True,,,
6891,3052365578116515673,location_6891_3052365578116515673,6891,True,,,
6892,3055458750172165441,location_6892_3055458750172165441,6892,True,,,
6893,3056088625572018821,location_6893_3056088625572018821,6893,True,,,
6894,3056529551346733783,location_6894_3056529551346733783,6894,True,,,
6895,3057165179985682969,location_6895_3057165179985682969,6895,True,,,
6896,3057860454311282291,location_6896_3057860454311282291,6896,True,,,
6897,3058745240864686483,location_6897_3058745240864686483,6897,True,,,
6898,3058952071069991764,location_6898_3058952071069991764,6898,True,,,
6899,3060754122859010055,location_6899_3060754122859010055,6899,True,,,
6900,306179888179692301,location_6900_306179888179692301,6900,True,,,
6901,306247596302359352,location_6901_306247596302359352,6901,True,,,
6902,3063894299165129289,location_6902_3063894299165129289,6902,True,,,
6903,3064588650920876762,location_6903_3064588650920876762,6903,True,,,
6904,3064633074315321588,location_6904_3064633074315321588,6904,True,,,
6905,3065574604214616581,location_6905_3065574604214616581,6905,True,,,
6906,3068927692642034888,location_6906_3068927692642034888,6906,True,,,
6907,3070044280455254593,location_6907_3070044280455254593,6907,True,,,
6908,3070544915362500096,location_6908_3070544915362500096,6908,True,,,
6909,3070968110824490158,location_6909_3070968110824490158,6909,True,,,
6910,3071413989358254254,location_6910_3071413989358254254,6910,True,,,
6911,307158884026596169,location_6911_307158884026596169,6911,True,,,
6912,3072199953689909237,location_6912_3072199953689909237,6912,True,,,
6913,3072981887918964516,location_6913_3072981887918964516,6913,True,,,
6914,307691931438268881,location_6914_307691931438268881,6914,True,,,
6915,3078639845389925764,location_6915_3078639845389925764,6915,True,,,
6916,3079519578452747897,location_6916_3079519578452747897,6916,True,,,
6917,3079658739827877021,location_6917_3079658739827877021,6917,True,,,
6918,3080229605358125082,location_6918_3080229605358125082,6918,True,,,
6919,3081625551241362827,location_6919_3081625551241362827,6919,True,,,
6920,3082129647057479898,location_6920_3082129647057479898,6920,True,,,
6921,3083179356738640526,location_6921_3083179356738640526,6921,True,,,
6922,3085136024566520238,location_6922_3085136024566520238,6922,True,,,
6923,308657646655317817,location_6923_308657646655317817,6923,True,,,
6924,3086710400038522056,location_6924_3086710400038522056,6924,True,,,
6925,3088403419006910399,location_6925_3088403419006910399,6925,True,,,
6926,3088799126787544606,location_6926_3088799126787544606,6926,True,,,
6927,3089505150525747911,location_6927_3089505150525747911,6927,True,,,
6928,3090103022687700592,location_6928_3090103022687700592,6928,True,,,
6929,3092421917994596225,location_6929_3092421917994596225,6929,True,,,
6930,3096839070488960672,location_6930_3096839070488960672,6930,True,,,
6931,3097719622869029058,location_6931_3097719622869029058,6931,True,,,
6932,309796985354525508,location_6932_309796985354525508,6932,True,,,
6933,310064816326090273,location_6933_310064816326090273,6933,True,,,
6934,3101853095138795537,location_6934_3101853095138795537,6934,True,,,
6935,3101877887889483250,location_6935_3101877887889483250,6935,True,,,
6936,3104249923365299000,location_6936_3104249923365299000,6936,True,,,
6937,3105403092358251925,location_6937_3105403092358251925,6937,True,,,
6938,3105518113100514178,location_6938_3105518113100514178,6938,True,,,
6939,3107620936123836314,location_6939_3107620936123836314,6939,True,,,
6940,3108070057495154329,location_6940_3108070057495154329,6940,True,,,
6941,3111018437184166781,location_6941_3111018437184166781,6941,True,,,
6942,3111598881711423369,location_6942_3111598881711423369,6942,True,,,
6943,3112921305600031580,location_6943_3112921305600031580,6943,True,,,
6944,3117064788575483259,location_6944_3117064788575483259,6944,True,,,
6945,3117891959060346437,location_6945_3117891959060346437,6945,True,,,
6946,3118039681823466506,location_6946_3118039681823466506,6946,True,,,
6947,3118201795028195649,location_6947_3118201795028195649,6947,True,,,
6948,312085966604563953,location_6948_312085966604563953,6948,True,,,
6949,3121447989237757821,location_6949_3121447989237757821,6949,True,,,
6950,3122994731021245150,location_6950_3122994731021245150,6950,True,,,
6951,3123818049200778216,location_6951_3123818049200778216,6951,True,,,
6952,3124128207717359562,location_6952_3124128207717359562,6952,True,,,
6953,3124713893898781602,location_6953_3124713893898781602,6953,True,,,
6954,3125298080093254055,location_6954_3125298080093254055,6954,True,,,
6955,3126379011835393120,location_6955_3126379011835393120,6955,True,,,
6956,3127526713338880033,location_6956_3127526713338880033,6956,True,,,
6957,3128091826840813990,location_6957_3128091826840813990,6957,True,,,
6958,3131820666315653739,location_6958_3131820666315653739,6958,True,,,
6959,3131851448516880295,location_6959_3131851448516880295,6959,True,,,
6960,3134283286719077196,location_6960_3134283286719077196,6960,True,,,
6961,3139903005265646,location_6961_3139903005265646,6961,True,,,
6962,3140633619825051431,location_6962_3140633619825051431,6962,True,,,
6963,3147604970021080547,location_6963_3147604970021080547,6963,True,,,
6964,3149518159408595064,location_6964_3149518159408595064,6964,True,,,
6965,3150185647252333451,location_6965_3150185647252333451,6965,True,,,
6966,3150905765808780921,location_6966_3150905765808780921,6966,True,,,
6967,3151338160843468088,location_6967_3151338160843468088,6967,True,,,
6968,3153905120331195843,location_6968_3153905120331195843,6968,True,,,
6969,3159387786168554354,location_6969_3159387786168554354,6969,True,,,
6970,3159833767807214030,location_6970_3159833767807214030,6970,True,,,
6971,3163443426313171060,location_6971_3163443426313171060,6971,True,,,
6972,316950371138329969,location_6972_316950371138329969,6972,True,,,
6973,3169571976512655831,location_6973_3169571976512655831,6973,True,,,
6974,3171584867529116028,location_6974_3171584867529116028,6974,True,,,
6975,3172866509467618489,location_6975_3172866509467618489,6975,True,,,
6976,3173347091972069572,location_6976_3173347091972069572,6976,True,,,
6977,3173607427329431032,location_6977_3173607427329431032,6977,True,,,
6978,3174786753009169865,location_6978_3174786753009169865,6978,True,,,
6979,3175316389442964485,location_6979_3175316389442964485,6979,True,,,
6980,3176181340278323223,location_6980_3176181340278323223,6980,True,,,
6981,3176349016971832364,location_6981_3176349016971832364,6981,True,,,
6982,3177232684043404358,location_6982_3177232684043404358,6982,True,,,
6983,3177380100145166055,location_6983_3177380100145166055,6983,True,,,
6984,3178092909142655770,location_6984_3178092909142655770,6984,True,,,
6985,3179365625208638185,location_6985_3179365625208638185,6985,True,,,
6986,3181118016769211141,location_6986_3181118016769211141,6986,True,,,
6987,3183511039462438710,location_6987_3183511039462438710,6987,True,,,
6988,3185494882650830524,location_6988_3185494882650830524,6988,True,,,
6989,318576765668386795,location_6989_318576765668386795,6989,True,,,
6990,3187891300653882651,location_6990_3187891300653882651,6990,True,,,
6991,3190207717881231406,location_6991_3190207717881231406,6991,True,,,
6992,3190425827192137184,location_6992_3190425827192137184,6992,True,,,
6993,3191795901863672322,location_6993_3191795901863672322,6993,True,,,
6994,3192389971854962332,location_6994_3192389971854962332,6994,True,,,
6995,3192996320462567278,location_6995_3192996320462567278,6995,True,,,
6996,3194806933623214816,location_6996_3194806933623214816,6996,True,,,
6997,3195290851956485378,location_6997_3195290851956485378,6997,True,,,
6998,319657058643690722,location_6998_319657058643690722,6998,True,,,
6999,3196980471663015532,location_6999_3196980471663015532,6999,True,,,
7000,3199203394725744855,location_7000_3199203394725744855,7000,True,,,
7001,3199797172990468977,location_7001_3199797172990468977,7001,True,,,
7002,3205716991597958744,location_7002_3205716991597958744,7002,True,,,
7003,3206303336583439504,location_7003_3206303336583439504,7003,True,,,
7004,3209762735512807253,location_7004_3209762735512807253,7004,True,,,
7005,3210872822116906336,location_7005_3210872822116906336,7005,True,,,
7006,3210985061413398307,location_7006_3210985061413398307,7006,True,,,
7007,3214851483746973000,location_7007_3214851483746973000,7007,True,,,
7008,3217018025081195057,location_7008_3217018025081195057,7008,True,,,
7009,3217664332339183269,location_7009_3217664332339183269,7009,True,,,
7010,321843375945495628,location_7010_321843375945495628,7010,True,,,
7011,3219049095808769241,location_7011_3219049095808769241,7011,True,,,
7012,321931363638444225,location_7012_321931363638444225,7012,True,,,
7013,3221790008926032965,location_7013_3221790008926032965,7013,True,,,
7014,3223030227442125950,location_7014_3223030227442125950,7014,True,,,
7015,3226644330822083656,location_7015_3226644330822083656,7015,True,,,
7016,3227316995764934293,location_7016_3227316995764934293,7016,True,,,
7017,3227681349603348688,location_7017_3227681349603348688,7017,True,,,
7018,3229944558880848070,location_7018_3229944558880848070,7018,True,,,
7019,3231045965024035385,location_7019_3231045965024035385,7019,True,,,
7020,3233136914365788383,location_7020_3233136914365788383,7020,True,,,
7021,3233844539387034,location_7021_3233844539387034,7021,True,,,
7022,3236997188606527434,location_7022_3236997188606527434,7022,True,,,
7023,32379237480865864,location_7023_32379237480865864,7023,True,,,
7024,3239628525657980829,location_7024_3239628525657980829,7024,True,,,
7025,3242024654077004366,location_7025_3242024654077004366,7025,True,,,
7026,3242517037686486675,location_7026_3242517037686486675,7026,True,,,
7027,3243993927940045345,location_7027_3243993927940045345,7027,True,,,
7028,3245254221938325971,location_7028_3245254221938325971,7028,True,,,
7029,3246334683928270972,location_7029_3246334683928270972,7029,True,,,
7030,324720630681229263,location_7030_324720630681229263,7030,True,,,
7031,3247711360996810831,location_7031_3247711360996810831,7031,True,,,
7032,3248321316508009633,location_7032_3248321316508009633,7032,True,,,
7033,3252680984408593360,location_7033_3252680984408593360,7033,True,,,
7034,3252798684101178705,location_7034_3252798684101178705,7034,True,,,
7035,3253884799490735940,location_7035_3253884799490735940,7035,True,,,
7036,3255897992108660020,location_7036_3255897992108660020,7036,True,,,
7037,3256767297928466870,location_7037_3256767297928466870,7037,True,,,
7038,3257742805438039100,location_7038_3257742805438039100,7038,True,,,
7039,3260596348617028959,location_7039_3260596348617028959,7039,True,,,
7040,3261400252232152244,location_7040_3261400252232152244,7040,True,,,
7041,3261867550522739660,location_7041_3261867550522739660,7041,True,,,
7042,3262893536308873227,location_7042_3262893536308873227,7042,True,,,
7043,3265916776829223631,location_7043_3265916776829223631,7043,True,,,
7044,3266745360652780933,location_7044_3266745360652780933,7044,True,,,
7045,3267276186699018807,location_7045_3267276186699018807,7045,True,,,
7046,3268117728563627400,location_7046_3268117728563627400,7046,True,,,
7047,3268970935525752006,location_7047_3268970935525752006,7047,True,,,
7048,3269206993249274692,location_7048_3269206993249274692,7048,True,,,
7049,3270466175922247657,location_7049_3270466175922247657,7049,True,,,
7050,327259622291625257,location_7050_327259622291625257,7050,True,,,
7051,3274411804738944025,location_7051_3274411804738944025,7051,True,,,
7052,3275296544748505179,location_7052_3275296544748505179,7052,True,,,
7053,3276028999369167867,location_7053_3276028999369167867,7053,True,,,
7054,3277377678840573358,location_7054_3277377678840573358,7054,True,,,
7055,3278853649900837685,location_7055_3278853649900837685,7055,True,,,
7056,3281076717925225947,location_7056_3281076717925225947,7056,True,,,
7057,3282012922931010958,location_7057_3282012922931010958,7057,True,,,
7058,3282667684447300343,location_7058_3282667684447300343,7058,True,,,
7059,3284575693819898359,location_7059_3284575693819898359,7059,True,,,
7060,3285078965884422344,location_7060_3285078965884422344,7060,True,,,
7061,3291123676106072626,location_7061_3291123676106072626,7061,True,,,
7062,3293497249766441121,location_7062_3293497249766441121,7062,True,,,
7063,3294311203854057559,location_7063_3294311203854057559,7063,True,,,
7064,3294719190990331867,location_7064_3294719190990331867,7064,True,,,
7065,3296593185576500542,location_7065_3296593185576500542,7065,True,,,
7066,3297779445777476500,location_7066_3297779445777476500,7066,True,,,
7067,3297959181078624283,location_7067_3297959181078624283,7067,True,,,
7068,3299583319453591195,location_7068_3299583319453591195,7068,True,,,
7069,3299722395848824799,location_7069_3299722395848824799,7069,True,,,
7070,3302465674363579374,location_7070_3302465674363579374,7070,True,,,
7071,3303051448768899721,location_7071_3303051448768899721,7071,True,,,
7072,3304156280445512283,location_7072_3304156280445512283,7072,True,,,
7073,3304673513381167658,location_7073_3304673513381167658,7073,True,,,
7074,3306225567888948254,location_7074_3306225567888948254,7074,True,,,
7075,3306431505018034346,location_7075_3306431505018034346,7075,True,,,
7076,3308847050595136206,location_7076_3308847050595136206,7076,True,,,
7077,3311189044568782600,location_7077_3311189044568782600,7077,True,,,
7078,3311222739951272846,location_7078_3311222739951272846,7078,True,,,
7079,3312428711436819045,location_7079_3312428711436819045,7079,True,,,
7080,3313362186208311014,location_7080_3313362186208311014,7080,True,,,
7081,331352512754199081,location_7081_331352512754199081,7081,True,,,
7082,3316874199814653036,location_7082_3316874199814653036,7082,True,,,
7083,3319600507549172593,location_7083_3319600507549172593,7083,True,,,
7084,332009758117604091,location_7084_332009758117604091,7084,True,,,
7085,3320282836852225344,location_7085_3320282836852225344,7085,True,,,
7086,33203083125963502,location_7086_33203083125963502,7086,True,,,
7087,3321166117770883958,location_7087_3321166117770883958,7087,True,,,
7088,3322009243893674836,location_7088_3322009243893674836,7088,True,,,
7089,3325170952091813609,location_7089_3325170952091813609,7089,True,,,
7090,3325289603419047204,location_7090_3325289603419047204,7090,True,,,
7091,3326019755820860286,location_7091_3326019755820860286,7091,True,,,
7092,332682644890535656,location_7092_332682644890535656,7092,True,,,
7093,3327140967290773430,location_7093_3327140967290773430,7093,True,,,
7094,3328818248820039048,location_7094_3328818248820039048,7094,True,,,
7095,3333233802648823957,location_7095_3333233802648823957,7095,True,,,
7096,33343590974683557,location_7096_33343590974683557,7096,True,,,
7097,3334594507811169229,location_7097_3334594507811169229,7097,True,,,
7098,3334990462247401562,location_7098_3334990462247401562,7098,True,,,
7099,3336527351329591418,location_7099_3336527351329591418,7099,True,,,
7100,3338074615274878520,location_7100_3338074615274878520,7100,True,,,
7101,3339292257043522878,location_7101_3339292257043522878,7101,True,,,
7102,3340007746384615982,location_7102_3340007746384615982,7102,True,,,
7103,3340334270660675216,location_7103_3340334270660675216,7103,True,,,
7104,3341365114620480667,location_7104_3341365114620480667,7104,True,,,
7105,3341855570622458749,location_7105_3341855570622458749,7105,True,,,
7106,3342078906776740689,location_7106_3342078906776740689,7106,True,,,
7107,3342554510461824150,location_7107_3342554510461824150,7107,True,,,
7108,334292532307691543,location_7108_334292532307691543,7108,True,,,
7109,3343216897758990687,location_7109_3343216897758990687,7109,True,,,
7110,3343545446567499641,location_7110_3343545446567499641,7110,True,,,
7111,334356250676936695,location_7111_334356250676936695,7111,True,,,
7112,3346705611002472493,location_7112_3346705611002472493,7112,True,,,
7113,3348655830614461687,location_7113_3348655830614461687,7113,True,,,
7114,3349171276872265378,location_7114_3349171276872265378,7114,True,,,
7115,3349319199714382835,location_7115_3349319199714382835,7115,True,,,
7116,3352655004536306890,location_7116_3352655004536306890,7116,True,,,
7117,335291656891154563,location_7117_335291656891154563,7117,True,,,
7118,3353135215141465608,location_7118_3353135215141465608,7118,True,,,
7119,3357251314559803689,location_7119_3357251314559803689,7119,True,,,
7120,3357531675700365532,location_7120_3357531675700365532,7120,True,,,
7121,3359422494326250044,location_7121_3359422494326250044,7121,True,,,
7122,3362805147505837568,location_7122_3362805147505837568,7122,True,,,
7123,3370310861222898890,location_7123_3370310861222898890,7123,True,,,
7124,3372541336185223029,location_7124_3372541336185223029,7124,True,,,
7125,3372768706818670498,location_7125_3372768706818670498,7125,True,,,
7126,337302538450473594,location_7126_337302538450473594,7126,True,,,
7127,3376477332519325108,location_7127_3376477332519325108,7127,True,,,
7128,3379029532733723031,location_7128_3379029532733723031,7128,True,,,
7129,3380763438064935437,location_7129_3380763438064935437,7129,True,,,
7130,338092938835818764,location_7130_338092938835818764,7130,True,,,
7131,3381147194106602548,location_7131_3381147194106602548,7131,True,,,
7132,338339146806631620,location_7132_338339146806631620,7132,True,,,
7133,338396599622896435,location_7133_338396599622896435,7133,True,,,
7134,3388811494993250086,location_7134_3388811494993250086,7134,True,,,
7135,3391070678384356774,location_7135_3391070678384356774,7135,True,,,
7136,3391843833714761899,location_7136_3391843833714761899,7136,True,,,
7137,3392235992970544693,location_7137_3392235992970544693,7137,True,,,
7138,3392823372340226515,location_7138_3392823372340226515,7138,True,,,
7139,3394354091365270774,location_7139_3394354091365270774,7139,True,,,
7140,3394947524581177760,location_7140_3394947524581177760,7140,True,,,
7141,3395034296890388064,location_7141_3395034296890388064,7141,True,,,
7142,3396170715073618818,location_7142_3396170715073618818,7142,True,,,
7143,3397679350271476517,location_7143_3397679350271476517,7143,True,,,
7144,3401489334341648242,location_7144_3401489334341648242,7144,True,,,
7145,3403071166990535838,location_7145_3403071166990535838,7145,True,,,
7146,340379761046951178,location_7146_340379761046951178,7146,True,,,
7147,3404732487348470548,location_7147_3404732487348470548,7147,True,,,
7148,3404763216627846724,location_7148_3404763216627846724,7148,True,,,
7149,3406673803921017892,location_7149_3406673803921017892,7149,True,,,
7150,3412476992492799292,location_7150_3412476992492799292,7150,True,,,
7151,3414730371119792869,location_7151_3414730371119792869,7151,True,,,
7152,3421647359257772946,location_7152_3421647359257772946,7152,True,,,
7153,3425732985305195555,location_7153_3425732985305195555,7153,True,,,
7154,3426906850438682138,location_7154_3426906850438682138,7154,True,,,
7155,3429725326038402867,location_7155_3429725326038402867,7155,True,,,
7156,3429816835104897242,location_7156_3429816835104897242,7156,True,,,
7157,343180920941331502,location_7157_343180920941331502,7157,True,,,
7158,3433085916470806163,location_7158_3433085916470806163,7158,True,,,
7159,3433276302847804341,location_7159_3433276302847804341,7159,True,,,
7160,3434620341215919278,location_7160_3434620341215919278,7160,True,,,
7161,3435695127941930194,location_7161_3435695127941930194,7161,True,,,
7162,3435749346717912374,location_7162_3435749346717912374,7162,True,,,
7163,3436342397559493422,location_7163_3436342397559493422,7163,True,,,
7164,3436455154694723277,location_7164_3436455154694723277,7164,True,,,
7165,3437541491723368320,location_7165_3437541491723368320,7165,True,,,
7166,3440127401962396086,location_7166_3440127401962396086,7166,True,,,
7167,3440871478757787824,location_7167_3440871478757787824,7167,True,,,
7168,3441726652531084589,location_7168_3441726652531084589,7168,True,,,
7169,3445445873730847048,location_7169_3445445873730847048,7169,True,,,
7170,3445569340055501532,location_7170_3445569340055501532,7170,True,,,
7171,3449631649043375495,location_7171_3449631649043375495,7171,True,,,
7172,3450575379597844888,location_7172_3450575379597844888,7172,True,,,
7173,3450884003140217522,location_7173_3450884003140217522,7173,True,,,
7174,3454674875943588595,location_7174_3454674875943588595,7174,True,,,
7175,3455872200427569146,location_7175_3455872200427569146,7175,True,,,
7176,3456392089731510144,location_7176_3456392089731510144,7176,True,,,
7177,345732174038909624,location_7177_345732174038909624,7177,True,,,
7178,3457437456248159852,location_7178_3457437456248159852,7178,True,,,
7179,34582853654437053,location_7179_34582853654437053,7179,True,,,
7180,3462839796622467683,location_7180_3462839796622467683,7180,True,,,
7181,3464054979835042612,location_7181_3464054979835042612,7181,True,,,
7182,3464638824232022434,location_7182_3464638824232022434,7182,True,,,
7183,346670366798575547,location_7183_346670366798575547,7183,True,,,
7184,3468682127304868802,location_7184_3468682127304868802,7184,True,,,
7185,3468848137903704249,location_7185_3468848137903704249,7185,True,,,
7186,3470358624205982350,location_7186_3470358624205982350,7186,True,,,
7187,3471212776879567480,location_7187_3471212776879567480,7187,True,,,
7188,3473862657193985968,location_7188_3473862657193985968,7188,True,,,
7189,3479916872767179450,location_7189_3479916872767179450,7189,True,,,
7190,3479963299115014805,location_7190_3479963299115014805,7190,True,,,
7191,3480354663354199050,location_7191_3480354663354199050,7191,True,,,
7192,3482431133306035474,location_7192_3482431133306035474,7192,True,,,
7193,348300468923198797,location_7193_348300468923198797,7193,True,,,
7194,348415833732480886,location_7194_348415833732480886,7194,True,,,
7195,348761303119133180,location_7195_348761303119133180,7195,True,,,
7196,3487648228093040475,location_7196_3487648228093040475,7196,True,,,
7197,3489913032288278579,location_7197_3489913032288278579,7197,True,,,
7198,3490301162437018584,location_7198_3490301162437018584,7198,True,,,
7199,3493746937095661284,location_7199_3493746937095661284,7199,True,,,
7200,3495017591759304370,location_7200_3495017591759304370,7200,True,,,
7201,3498687340645408810,location_7201_3498687340645408810,7201,True,,,
7202,3502970293416336726,location_7202_3502970293416336726,7202,True,,,
7203,3504090564742875522,location_7203_3504090564742875522,7203,True,,,
7204,35070822922926599,location_7204_35070822922926599,7204,True,,,
7205,3507211770581938224,location_7205_3507211770581938224,7205,True,,,
7206,3507374426711904310,location_7206_3507374426711904310,7206,True,,,
7207,3510723042995497629,location_7207_3510723042995497629,7207,True,,,
7208,3511200705417144703,location_7208_3511200705417144703,7208,True,,,
7209,3511628994034190135,location_7209_3511628994034190135,7209,True,,,
7210,3513225936531386183,location_7210_3513225936531386183,7210,True,,,
7211,3515265280152102146,location_7211_3515265280152102146,7211,True,,,
7212,351625393048091437,location_7212_351625393048091437,7212,True,,,
7213,3516792634001360137,location_7213_3516792634001360137,7213,True,,,
7214,3519432683658688116,location_7214_3519432683658688116,7214,True,,,
7215,3521710330620048774,location_7215_3521710330620048774,7215,True,,,
7216,3521983938754989084,location_7216_3521983938754989084,7216,True,,,
7217,3522823026060150532,location_7217_3522823026060150532,7217,True,,,
7218,3522870087278095780,location_7218_3522870087278095780,7218,True,,,
7219,3522997837734050102,location_7219_3522997837734050102,7219,True,,,
7220,352413567843442489,location_7220_352413567843442489,7220,True,,,
7221,3525710506371080617,location_7221_3525710506371080617,7221,True,,,
7222,3528517664249482975,location_7222_3528517664249482975,7222,True,,,
7223,3531418009963483765,location_7223_3531418009963483765,7223,True,,,
7224,3531714220360675444,location_7224_3531714220360675444,7224,True,,,
7225,3532055476009509071,location_7225_3532055476009509071,7225,True,,,
7226,3532065528321180296,location_7226_3532065528321180296,7226,True,,,
7227,3533429774868715606,location_7227_3533429774868715606,7227,True,,,
7228,3533949133419341081,location_7228_3533949133419341081,7228,True,,,
7229,3535262569961174570,location_7229_3535262569961174570,7229,True,,,
7230,353614941475958018,location_7230_353614941475958018,7230,True,,,
7231,3539259719711685425,location_7231_3539259719711685425,7231,True,,,
7232,3539723695701714996,location_7232_3539723695701714996,7232,True,,,
7233,3540073653448145050,location_7233_3540073653448145050,7233,True,,,
7234,3544766583015557105,location_7234_3544766583015557105,7234,True,,,
7235,3545213107096602818,location_7235_3545213107096602818,7235,True,,,
7236,3547320286872235666,location_7236_3547320286872235666,7236,True,,,
7237,3547381977041024474,location_7237_3547381977041024474,7237,True,,,
7238,3547552787413300946,location_7238_3547552787413300946,7238,True,,,
7239,3547828237337075046,location_7239_3547828237337075046,7239,True,,,
7240,3548971910340214178,location_7240_3548971910340214178,7240,True,,,
7241,3549885205648907319,location_7241_3549885205648907319,7241,True,,,
7242,3550056155428906532,location_7242_3550056155428906532,7242,True,,,
7243,3550792799245271900,location_7243_3550792799245271900,7243,True,,,
7244,3552672227573320264,location_7244_3552672227573320264,7244,True,,,
7245,3554205329239382026,location_7245_3554205329239382026,7245,True,,,
7246,3554651758472751463,location_7246_3554651758472751463,7246,True,,,
7247,3557692357805461832,location_7247_3557692357805461832,7247,True,,,
7248,355990034176282547,location_7248_355990034176282547,7248,True,,,
7249,3561917788800116638,location_7249_3561917788800116638,7249,True,,,
7250,3568032142096321237,location_7250_3568032142096321237,7250,True,,,
7251,3573308637293129563,location_7251_3573308637293129563,7251,True,,,
7252,3575889808790593516,location_7252_3575889808790593516,7252,True,,,
7253,3575939800603454679,location_7253_3575939800603454679,7253,True,,,
7254,3576227469642871620,location_7254_3576227469642871620,7254,True,,,
7255,3578255735970296700,location_7255_3578255735970296700,7255,True,,,
7256,3580046187541743579,location_7256_3580046187541743579,7256,True,,,
7257,3581395649064117400,location_7257_3581395649064117400,7257,True,,,
7258,3581951115902768165,location_7258_3581951115902768165,7258,True,,,
7259,3583491387911918144,location_7259_3583491387911918144,7259,True,,,
7260,3584961367814188567,location_7260_3584961367814188567,7260,True,,,
7261,3585913305719823500,location_7261_3585913305719823500,7261,True,,,
7262,3585917352457381112,location_7262_3585917352457381112,7262,True,,,
7263,3595425559658903633,location_7263_3595425559658903633,7263,True,,,
7264,3595892936352471470,location_7264_3595892936352471470,7264,True,,,
7265,3596692726851786400,location_7265_3596692726851786400,7265,True,,,
7266,359754598056026704,location_7266_359754598056026704,7266,True,,,
7267,3598462664939754767,location_7267_3598462664939754767,7267,True,,,
7268,3600440092220802632,location_7268_3600440092220802632,7268,True,,,
7269,3600641824050632019,location_7269_3600641824050632019,7269,True,,,
7270,3603197479154697277,location_7270_3603197479154697277,7270,True,,,
7271,3603824724743985333,location_7271_3603824724743985333,7271,True,,,
7272,360579860582578882,location_7272_360579860582578882,7272,True,,,
7273,3609709255321524864,location_7273_3609709255321524864,7273,True,,,
7274,3614453374180910156,location_7274_3614453374180910156,7274,True,,,
7275,3614818894237880359,location_7275_3614818894237880359,7275,True,,,
7276,3615508968594511587,location_7276_3615508968594511587,7276,True,,,
7277,3616476883482455149,location_7277_3616476883482455149,7277,True,,,
7278,3619178047159429091,location_7278_3619178047159429091,7278,True,,,
7279,3623406717323389530,location_7279_3623406717323389530,7279,True,,,
7280,3624373651139552908,location_7280_3624373651139552908,7280,True,,,
7281,3625018933422519281,location_7281_3625018933422519281,7281,True,,,
7282,3626552167109876708,location_7282_3626552167109876708,7282,True,,,
7283,3627678977416813482,location_7283_3627678977416813482,7283,True,,,
7284,3628375957020766729,location_7284_3628375957020766729,7284,True,,,
7285,362884553694873554,location_7285_362884553694873554,7285,True,,,
7286,3630903112601593602,location_7286_3630903112601593602,7286,True,,,
7287,3631886844076732246,location_7287_3631886844076732246,7287,True,,,
7288,363293857857070411,location_7288_363293857857070411,7288,True,,,
7289,3634731401921029719,location_7289_3634731401921029719,7289,True,,,
7290,3635606968456339802,location_7290_3635606968456339802,7290,True,,,
7291,3638980557632783704,location_7291_3638980557632783704,7291,True,,,
7292,3640237549289437525,location_7292_3640237549289437525,7292,True,,,
7293,3640582245801261981,location_7293_3640582245801261981,7293,True,,,
7294,3640775894077258830,location_7294_3640775894077258830,7294,True,,,
7295,3646017290523267672,location_7295_3646017290523267672,7295,True,,,
7296,3647562286795312775,location_7296_3647562286795312775,7296,True,,,
7297,3649432489985933742,location_7297_3649432489985933742,7297,True,,,
7298,3651683521738707565,location_7298_3651683521738707565,7298,True,,,
7299,365341488044777798,location_7299_365341488044777798,7299,True,,,
7300,3653673185522499587,location_7300_3653673185522499587,7300,True,,,
7301,3654936328011804852,location_7301_3654936328011804852,7301,True,,,
7302,3657114502989740350,location_7302_3657114502989740350,7302,True,,,
7303,3657335102789003901,location_7303_3657335102789003901,7303,True,,,
7304,3658506341214492871,location_7304_3658506341214492871,7304,True,,,
7305,3662516545367318405,location_7305_3662516545367318405,7305,True,,,
7306,3667137107266216702,location_7306_3667137107266216702,7306,True,,,
7307,3667783143638077433,location_7307_3667783143638077433,7307,True,,,
7308,3670956232967373803,location_7308_3670956232967373803,7308,True,,,
7309,367333330230506375,location_7309_367333330230506375,7309,True,,,
7310,3673884377252249995,location_7310_3673884377252249995,7310,True,,,
7311,3674349379318905586,location_7311_3674349379318905586,7311,True,,,
7312,3674505664989975084,location_7312_3674505664989975084,7312,True,,,
7313,3675339309614769291,location_7313_3675339309614769291,7313,True,,,
7314,3677528693942393812,location_7314_3677528693942393812,7314,True,,,
7315,3687000067991506603,location_7315_3687000067991506603,7315,True,,,
7316,3688770598768067645,location_7316_3688770598768067645,7316,True,,,
7317,368899619733468287,location_7317_368899619733468287,7317,True,,,
7318,3690287332618740566,location_7318_3690287332618740566,7318,True,,,
7319,3691409748363938689,location_7319_3691409748363938689,7319,True,,,
7320,3691650588696045821,location_7320_3691650588696045821,7320,True,,,
7321,3692268322136411958,location_7321_3692268322136411958,7321,True,,,
7322,3693154006287053195,location_7322_3693154006287053195,7322,True,,,
7323,3694692236814800656,location_7323_3694692236814800656,7323,True,,,
7324,3698689128518814450,location_7324_3698689128518814450,7324,True,,,
7325,3699367325571415348,location_7325_3699367325571415348,7325,True,,,
7326,3702208717312700649,location_7326_3702208717312700649,7326,True,,,
7327,3702642884963665109,location_7327_3702642884963665109,7327,True,,,
7328,3702933331604051400,location_7328_3702933331604051400,7328,True,,,
7329,3709959436997831457,location_7329_3709959436997831457,7329,True,,,
7330,3713711157303731769,location_7330_3713711157303731769,7330,True,,,
7331,3714873046750635843,location_7331_3714873046750635843,7331,True,,,
7332,3715296821726160664,location_7332_3715296821726160664,7332,True,,,
7333,3715381491704563789,location_7333_3715381491704563789,7333,True,,,
7334,3715721655178361692,location_7334_3715721655178361692,7334,True,,,
7335,3715859963516958628,location_7335_3715859963516958628,7335,True,,,
7336,3718268850502716117,location_7336_3718268850502716117,7336,True,,,
7337,3718825110739059034,location_7337_3718825110739059034,7337,True,,,
7338,3718941634949375614,location_7338_3718941634949375614,7338,True,,,
7339,3720862197111728033,location_7339_3720862197111728033,7339,True,,,
7340,3722603953477317566,location_7340_3722603953477317566,7340,True,,,
7341,3723778201170795815,location_7341_3723778201170795815,7341,True,,,
7342,3728276718122523785,location_7342_3728276718122523785,7342,True,,,
7343,3728447110676915305,location_7343_3728447110676915305,7343,True,,,
7344,3729329059520650283,location_7344_3729329059520650283,7344,True,,,
7345,3729525465195977184,location_7345_3729525465195977184,7345,True,,,
7346,3732812057050279701,location_7346_3732812057050279701,7346,True,,,
7347,3738000230120393810,location_7347_3738000230120393810,7347,True,,,
7348,3742916379575312029,location_7348_3742916379575312029,7348,True,,,
7349,3743112705336418814,location_7349_3743112705336418814,7349,True,,,
7350,3743134111719093853,location_7350_3743134111719093853,7350,True,,,
7351,374523926892389450,location_7351_374523926892389450,7351,True,,,
7352,3745400313561766243,location_7352_3745400313561766243,7352,True,,,
7353,3748367358504628408,location_7353_3748367358504628408,7353,True,,,
7354,3748719548214119806,location_7354_3748719548214119806,7354,True,,,
7355,3749523119429010612,location_7355_3749523119429010612,7355,True,,,
7356,3749841754958185796,location_7356_3749841754958185796,7356,True,,,
7357,3752175037076687767,location_7357_3752175037076687767,7357,True,,,
7358,3752392376965249552,location_7358_3752392376965249552,7358,True,,,
7359,3752674762644662646,location_7359_3752674762644662646,7359,True,,,
7360,3752953151284189038,location_7360_3752953151284189038,7360,True,,,
7361,375516735234599536,location_7361_375516735234599536,7361,True,,,
7362,375916318550099550,location_7362_375916318550099550,7362,True,,,
7363,3761336760371762055,location_7363_3761336760371762055,7363,True,,,
7364,3762653795815069604,location_7364_3762653795815069604,7364,True,,,
7365,3762836381253397520,location_7365_3762836381253397520,7365,True,,,
7366,3765222497475862152,location_7366_3765222497475862152,7366,True,,,
7367,3765428260683194111,location_7367_3765428260683194111,7367,True,,,
7368,3767772183319719934,location_7368_3767772183319719934,7368,True,,,
7369,3767849129566444125,location_7369_3767849129566444125,7369,True,,,
7370,3767916713230104067,location_7370_3767916713230104067,7370,True,,,
7371,3768155837678229093,location_7371_3768155837678229093,7371,True,,,
7372,3768325944728588061,location_7372_3768325944728588061,7372,True,,,
7373,376858021144267453,location_7373_376858021144267453,7373,True,,,
7374,3770321240978490067,location_7374_3770321240978490067,7374,True,,,
7375,3772069807156704849,location_7375_3772069807156704849,7375,True,,,
7376,377415911297868231,location_7376_377415911297868231,7376,True,,,
7377,3775270467912645316,location_7377_3775270467912645316,7377,True,,,
7378,3775457432722326876,location_7378_3775457432722326876,7378,True,,,
7379,3776423017355193828,location_7379_3776423017355193828,7379,True,,,
7380,3782429872065421850,location_7380_3782429872065421850,7380,True,,,
7381,3784661668649056687,location_7381_3784661668649056687,7381,True,,,
7382,3784863055541323000,location_7382_3784863055541323000,7382,True,,,
7383,3786109607155191934,location_7383_3786109607155191934,7383,True,,,
7384,3786387241605143690,location_7384_3786387241605143690,7384,True,,,
7385,3786439497612726836,location_7385_3786439497612726836,7385,True,,,
7386,3786593451600471084,location_7386_3786593451600471084,7386,True,,,
7387,3787636298871521545,location_7387_3787636298871521545,7387,True,,,
7388,3794344538144986928,location_7388_3794344538144986928,7388,True,,,
7389,3795279471350732357,location_7389_3795279471350732357,7389,True,,,
7390,3795415002375406929,location_7390_3795415002375406929,7390,True,,,
7391,3797737145342219358,location_7391_3797737145342219358,7391,True,,,
7392,3800237267336426531,location_7392_3800237267336426531,7392,True,,,
7393,3801511648014687548,location_7393_3801511648014687548,7393,True,,,
7394,3801580243520228525,location_7394_3801580243520228525,7394,True,,,
7395,3803856427263704710,location_7395_3803856427263704710,7395,True,,,
7396,3803897262008412031,location_7396_3803897262008412031,7396,True,,,
7397,3804291915608971070,location_7397_3804291915608971070,7397,True,,,
7398,3806897807467570047,location_7398_3806897807467570047,7398,True,,,
7399,380707547147301219,location_7399_380707547147301219,7399,True,,,
7400,380801822894454622,location_7400_380801822894454622,7400,True,,,
7401,3808774626698981183,location_7401_3808774626698981183,7401,True,,,
7402,3808877884552185649,location_7402_3808877884552185649,7402,True,,,
7403,3810463580044377312,location_7403_3810463580044377312,7403,True,,,
7404,3811043419842014988,location_7404_3811043419842014988,7404,True,,,
7405,3812796177440599975,location_7405_3812796177440599975,7405,True,,,
7406,3821489406774492634,location_7406_3821489406774492634,7406,True,,,
7407,3822323307660629237,location_7407_3822323307660629237,7407,True,,,
7408,3823678060854146948,location_7408_3823678060854146948,7408,True,,,
7409,3827883528862231030,location_7409_3827883528862231030,7409,True,,,
7410,382804114106477115,location_7410_382804114106477115,7410,True,,,
7411,3831665108236581689,location_7411_3831665108236581689,7411,True,,,
7412,383275479765394906,location_7412_383275479765394906,7412,True,,,
7413,3833275144948724057,location_7413_3833275144948724057,7413,True,,,
7414,3834400767677741485,location_7414_3834400767677741485,7414,True,,,
7415,383820086862642863,location_7415_383820086862642863,7415,True,,,
7416,3839235114436355057,location_7416_3839235114436355057,7416,True,,,
7417,3840387340874029188,location_7417_3840387340874029188,7417,True,,,
7418,3841956218748563266,location_7418_3841956218748563266,7418,True,,,
7419,3844546015775223876,location_7419_3844546015775223876,7419,True,,,
7420,3845583523897646096,location_7420_3845583523897646096,7420,True,,,
7421,3845598244792621613,location_7421_3845598244792621613,7421,True,,,
7422,3846609657951940186,location_7422_3846609657951940186,7422,True,,,
7423,3852775141863673605,location_7423_3852775141863673605,7423,True,,,
7424,3853421543105474591,location_7424_3853421543105474591,7424,True,,,
7425,3853584127957847140,location_7425_3853584127957847140,7425,True,,,
7426,3854626084205673799,location_7426_3854626084205673799,7426,True,,,
7427,3855585620118320878,location_7427_3855585620118320878,7427,True,,,
7428,3855734648132775068,location_7428_3855734648132775068,7428,True,,,
7429,385865083796341833,location_7429_385865083796341833,7429,True,,,
7430,3858679545091904390,location_7430_3858679545091904390,7430,True,,,
7431,3859153095823046820,location_7431_3859153095823046820,7431,True,,,
7432,3865053499228424352,location_7432_3865053499228424352,7432,True,,,
7433,3865878572653608919,location_7433_3865878572653608919,7433,True,,,
7434,3866827159078297179,location_7434_3866827159078297179,7434,True,,,
7435,3867862336667339643,location_7435_3867862336667339643,7435,True,,,
7436,386949564986543433,location_7436_386949564986543433,7436,True,,,
7437,3870810795594829050,location_7437_3870810795594829050,7437,True,,,
7438,3871494413433970773,location_7438_3871494413433970773,7438,True,,,
7439,3876591344402133958,location_7439_3876591344402133958,7439,True,,,
7440,3879443780372851216,location_7440_3879443780372851216,7440,True,,,
7441,3879725342298998605,location_7441_3879725342298998605,7441,True,,,
7442,3880572849372707415,location_7442_3880572849372707415,7442,True,,,
7443,3882255210980657730,location_7443_3882255210980657730,7443,True,,,
7444,3883165917250677553,location_7444_3883165917250677553,7444,True,,,
7445,3884976955443272375,location_7445_3884976955443272375,7445,True,,,
7446,3886038486574530134,location_7446_3886038486574530134,7446,True,,,
7447,3886853149446385143,location_7447_3886853149446385143,7447,True,,,
7448,3888574158454150358,location_7448_3888574158454150358,7448,True,,,
7449,3891084857098362806,location_7449_3891084857098362806,7449,True,,,
7450,3891524353887002352,location_7450_3891524353887002352,7450,True,,,
7451,3894480783140452073,location_7451_3894480783140452073,7451,True,,,
7452,3896515120355968049,location_7452_3896515120355968049,7452,True,,,
7453,3897368843249764077,location_7453_3897368843249764077,7453,True,,,
7454,3898648386790033813,location_7454_3898648386790033813,7454,True,,,
7455,3899707012891019224,location_7455_3899707012891019224,7455,True,,,
7456,3900364657922641699,location_7456_3900364657922641699,7456,True,,,
7457,3901066760564989091,location_7457_3901066760564989091,7457,True,,,
7458,3905670043472510488,location_7458_3905670043472510488,7458,True,,,
7459,3906815538084372,location_7459_3906815538084372,7459,True,,,
7460,3906889119957030153,location_7460_3906889119957030153,7460,True,,,
7461,3906995415162022840,location_7461_3906995415162022840,7461,True,,,
7462,3907194770622150939,location_7462_3907194770622150939,7462,True,,,
7463,3909572907279725877,location_7463_3909572907279725877,7463,True,,,
7464,3909877393475870300,location_7464_3909877393475870300,7464,True,,,
7465,391061207563225464,location_7465_391061207563225464,7465,True,,,
7466,3910723424385774339,location_7466_3910723424385774339,7466,True,,,
7467,3911414935903508647,location_7467_3911414935903508647,7467,True,,,
7468,3911427218544595265,location_7468_3911427218544595265,7468,True,,,
7469,3913910958595354647,location_7469_3913910958595354647,7469,True,,,
7470,3916542282557715339,location_7470_3916542282557715339,7470,True,,,
7471,3916808627821691335,location_7471_3916808627821691335,7471,True,,,
7472,3919256613572058776,location_7472_3919256613572058776,7472,True,,,
7473,3921467477639534300,location_7473_3921467477639534300,7473,True,,,
7474,3923105115714945222,location_7474_3923105115714945222,7474,True,,,
7475,3926042992734706,location_7475_3926042992734706,7475,True,,,
7476,3926247567228957258,location_7476_3926247567228957258,7476,True,,,
7477,3931190070937875533,location_7477_3931190070937875533,7477,True,,,
7478,3931309331924796633,location_7478_3931309331924796633,7478,True,,,
7479,3931856198220122283,location_7479_3931856198220122283,7479,True,,,
7480,3933345869532925690,location_7480_3933345869532925690,7480,True,,,
7481,3933925909605206355,location_7481_3933925909605206355,7481,True,,,
7482,3933973179852097917,location_7482_3933973179852097917,7482,True,,,
7483,3935582203888740750,location_7483_3935582203888740750,7483,True,,,
7484,3937088722547529507,location_7484_3937088722547529507,7484,True,,,
7485,3937506773214368234,location_7485_3937506773214368234,7485,True,,,
7486,3939037702144386417,location_7486_3939037702144386417,7486,True,,,
7487,3940534675488465463,location_7487_3940534675488465463,7487,True,,,
7488,39409887396195981,location_7488_39409887396195981,7488,True,,,
7489,39429160471652206,location_7489_39429160471652206,7489,True,,,
7490,3943285862579583406,location_7490_3943285862579583406,7490,True,,,
7491,3948524248287641282,location_7491_3948524248287641282,7491,True,,,
7492,3948804572557315553,location_7492_3948804572557315553,7492,True,,,
7493,3955435425806294601,location_7493_3955435425806294601,7493,True,,,
7494,3958702289241857552,location_7494_3958702289241857552,7494,True,,,
7495,3960179216682452754,location_7495_3960179216682452754,7495,True,,,
7496,3960708923349822148,location_7496_3960708923349822148,7496,True,,,
7497,3960977317067776121,location_7497_3960977317067776121,7497,True,,,
7498,3964330063452775036,location_7498_3964330063452775036,7498,True,,,
7499,3964556970519084671,location_7499_3964556970519084671,7499,True,,,
7500,3964877201356729559,location_7500_3964877201356729559,7500,True,,,
7501,3966257136592669144,location_7501_3966257136592669144,7501,True,,,
7502,3966778920049343961,location_7502_3966778920049343961,7502,True,,,
7503,3968431705417104689,location_7503_3968431705417104689,7503,True,,,
7504,3968729084064636692,location_7504_3968729084064636692,7504,True,,,
7505,3970058570117504617,location_7505_3970058570117504617,7505,True,,,
7506,3971122348549582539,location_7506_3971122348549582539,7506,True,,,
7507,3971162224497929680,location_7507_3971162224497929680,7507,True,,,
7508,3971988616554185784,location_7508_3971988616554185784,7508,True,,,
7509,39726106874929675,location_7509_39726106874929675,7509,True,,,
7510,3975885597809890068,location_7510_3975885597809890068,7510,True,,,
7511,39766340621071019,location_7511_39766340621071019,7511,True,,,
7512,3977703857474673400,location_7512_3977703857474673400,7512,True,,,
7513,3978986873319043806,location_7513_3978986873319043806,7513,True,,,
7514,3981548484423349603,location_7514_3981548484423349603,7514,True,,,
7515,3982370234342597957,location_7515_3982370234342597957,7515,True,,,
7516,3983398256908126962,location_7516_3983398256908126962,7516,True,,,
7517,3983480147241295266,location_7517_3983480147241295266,7517,True,,,
7518,3985436705968226514,location_7518_3985436705968226514,7518,True,,,
7519,3987958719202713579,location_7519_3987958719202713579,7519,True,,,
7520,3989953475340686177,location_7520_3989953475340686177,7520,True,,,
7521,3990535541274791602,location_7521_3990535541274791602,7521,True,,,
7522,3991249906186172267,location_7522_3991249906186172267,7522,True,,,
7523,39919728162569431,location_7523_39919728162569431,7523,True,,,
7524,3994026388182116695,location_7524_3994026388182116695,7524,True,,,
7525,3994075362471349799,location_7525_3994075362471349799,7525,True,,,
7526,3996153871349681990,location_7526_3996153871349681990,7526,True,,,
7527,3998397186204025436,location_7527_3998397186204025436,7527,True,,,
7528,3999699604198213121,location_7528_3999699604198213121,7528,True,,,
7529,4000088336359390240,location_7529_4000088336359390240,7529,True,,,
7530,4002605827438619192,location_7530_4002605827438619192,7530,True,,,
7531,4003545096997345682,location_7531_4003545096997345682,7531,True,,,
7532,4005308406619434467,location_7532_4005308406619434467,7532,True,,,
7533,4008990164046783624,location_7533_4008990164046783624,7533,True,,,
7534,4010855457655848575,location_7534_4010855457655848575,7534,True,,,
7535,4013416482508136817,location_7535_4013416482508136817,7535,True,,,
7536,4014948134651522811,location_7536_4014948134651522811,7536,True,,,
7537,4016241549277346287,location_7537_4016241549277346287,7537,True,,,
7538,4016703413443882073,location_7538_4016703413443882073,7538,True,,,
7539,4017198741012950362,location_7539_4017198741012950362,7539,True,,,
7540,401902636295938044,location_7540_401902636295938044,7540,True,,,
7541,4019092880548536383,location_7541_4019092880548536383,7541,True,,,
7542,4019140167383451587,location_7542_4019140167383451587,7542,True,,,
7543,4020933382613607698,location_7543_4020933382613607698,7543,True,,,
7544,4022389042036003537,location_7544_4022389042036003537,7544,True,,,
7545,4024739215234982830,location_7545_4024739215234982830,7545,True,,,
7546,4025028724827099929,location_7546_4025028724827099929,7546,True,,,
7547,4026510947694432689,location_7547_4026510947694432689,7547,True,,,
7548,4026586519173571570,location_7548_4026586519173571570,7548,True,,,
7549,4028941753044204309,location_7549_4028941753044204309,7549,True,,,
7550,4028968202174069237,location_7550_4028968202174069237,7550,True,,,
7551,4031436365004108953,location_7551_4031436365004108953,7551,True,,,
7552,4035233791877766597,location_7552_4035233791877766597,7552,True,,,
7553,4038601431348650679,location_7553_4038601431348650679,7553,True,,,
7554,404164371154657387,location_7554_404164371154657387,7554,True,,,
7555,4042156979045722393,location_7555_4042156979045722393,7555,True,,,
7556,4042477349600681427,location_7556_4042477349600681427,7556,True,,,
7557,404514796519340422,location_7557_404514796519340422,7557,True,,,
7558,404557144317996362,location_7558_404557144317996362,7558,True,,,
7559,4046977793409924309,location_7559_4046977793409924309,7559,True,,,
7560,4047576094090153292,location_7560_4047576094090153292,7560,True,,,
7561,4047746072624855519,location_7561_4047746072624855519,7561,True,,,
7562,4048924070206958660,location_7562_4048924070206958660,7562,True,,,
7563,4052472736625451280,location_7563_4052472736625451280,7563,True,,,
7564,4055022689580641235,location_7564_4055022689580641235,7564,True,,,
7565,4059193265649180975,location_7565_4059193265649180975,7565,True,,,
7566,4060626810252572394,location_7566_4060626810252572394,7566,True,,,
7567,4061137884645949848,location_7567_4061137884645949848,7567,True,,,
7568,4065799931043123759,location_7568_4065799931043123759,7568,True,,,
7569,4066019106364157240,location_7569_4066019106364157240,7569,True,,,
7570,4067886315943938922,location_7570_4067886315943938922,7570,True,,,
7571,4069087825347746329,location_7571_4069087825347746329,7571,True,,,
7572,4072308392393491981,location_7572_4072308392393491981,7572,True,,,
7573,4073587020346645038,location_7573_4073587020346645038,7573,True,,,
7574,4076422451108037277,location_7574_4076422451108037277,7574,True,,,
7575,4077078011214005059,location_7575_4077078011214005059,7575,True,,,
7576,4078178998085109405,location_7576_4078178998085109405,7576,True,,,
7577,4078915452912088947,location_7577_4078915452912088947,7577,True,,,
7578,4080572447970730334,location_7578_4080572447970730334,7578,True,,,
7579,4082020401929624564,location_7579_4082020401929624564,7579,True,,,
7580,408314130691741134,location_7580_408314130691741134,7580,True,,,
7581,4083402858253004646,location_7581_4083402858253004646,7581,True,,,
7582,4084055695983172577,location_7582_4084055695983172577,7582,True,,,
7583,4085173938071215206,location_7583_4085173938071215206,7583,True,,,
7584,4088021880070110401,location_7584_4088021880070110401,7584,True,,,
7585,4089736998294658377,location_7585_4089736998294658377,7585,True,,,
7586,4090366478112527935,location_7586_4090366478112527935,7586,True,,,
7587,4092257299890515849,location_7587_4092257299890515849,7587,True,,,
7588,4093738361893023172,location_7588_4093738361893023172,7588,True,,,
7589,4094616790478272785,location_7589_4094616790478272785,7589,True,,,
7590,4094670218312764174,location_7590_4094670218312764174,7590,True,,,
7591,4095643083277279532,location_7591_4095643083277279532,7591,True,,,
7592,4097306809354980960,location_7592_4097306809354980960,7592,True,,,
7593,4097548955365077343,location_7593_4097548955365077343,7593,True,,,
7594,4098861577628030611,location_7594_4098861577628030611,7594,True,,,
7595,4100116060456111194,location_7595_4100116060456111194,7595,True,,,
7596,4100596168709841097,location_7596_4100596168709841097,7596,True,,,
7597,4101810909190109379,location_7597_4101810909190109379,7597,True,,,
7598,4103878743356252053,location_7598_4103878743356252053,7598,True,,,
7599,4104804372848214347,location_7599_4104804372848214347,7599,True,,,
7600,410584627199461081,location_7600_410584627199461081,7600,True,,,
7601,4107652879691029580,location_7601_4107652879691029580,7601,True,,,
7602,410888494619196730,location_7602_410888494619196730,7602,True,,,
7603,4110158874456549456,location_7603_4110158874456549456,7603,True,,,
7604,4110817523211686334,location_7604_4110817523211686334,7604,True,,,
7605,4111598536138724845,location_7605_4111598536138724845,7605,True,,,
7606,4113160881056252324,location_7606_4113160881056252324,7606,True,,,
7607,4114566317671385634,location_7607_4114566317671385634,7607,True,,,
7608,4118313996572741823,location_7608_4118313996572741823,7608,True,,,
7609,4119902338092216343,location_7609_4119902338092216343,7609,True,,,
7610,412088205067407615,location_7610_412088205067407615,7610,True,,,
7611,4121314105191666651,location_7611_4121314105191666651,7611,True,,,
7612,4124096300816956747,location_7612_4124096300816956747,7612,True,,,
7613,4124244283560019024,location_7613_4124244283560019024,7613,True,,,
7614,4125269809749483934,location_7614_4125269809749483934,7614,True,,,
7615,412547114841298372,location_7615_412547114841298372,7615,True,,,
7616,4126834369152654667,location_7616_4126834369152654667,7616,True,,,
7617,4126939565099379567,location_7617_4126939565099379567,7617,True,,,
7618,4128721488845000762,location_7618_4128721488845000762,7618,True,,,
7619,4128723890366102482,location_7619_4128723890366102482,7619,True,,,
7620,4130304832710607257,location_7620_4130304832710607257,7620,True,,,
7621,4130930888692765720,location_7621_4130930888692765720,7621,True,,,
7622,4131393620299698888,location_7622_4131393620299698888,7622,True,,,
7623,4132092908639787980,location_7623_4132092908639787980,7623,True,,,
7624,4136563591986884678,location_7624_4136563591986884678,7624,True,,,
7625,4136654462888298432,location_7625_4136654462888298432,7625,True,,,
7626,4137318121600962348,location_7626_4137318121600962348,7626,True,,,
7627,4137523875787338195,location_7627_4137523875787338195,7627,True,,,
7628,4137722589777706235,location_7628_4137722589777706235,7628,True,,,
7629,4139789041121587646,location_7629_4139789041121587646,7629,True,,,
7630,4142378514006121448,location_7630_4142378514006121448,7630,True,,,
7631,4142432192682554589,location_7631_4142432192682554589,7631,True,,,
7632,4144141183282584173,location_7632_4144141183282584173,7632,True,,,
7633,4144402941602130799,location_7633_4144402941602130799,7633,True,,,
7634,4144934999241587612,location_7634_4144934999241587612,7634,True,,,
7635,4146310658344811420,location_7635_4146310658344811420,7635,True,,,
7636,4149058744866190725,location_7636_4149058744866190725,7636,True,,,
7637,4149610215192013634,location_7637_4149610215192013634,7637,True,,,
7638,4149681456891585957,location_7638_4149681456891585957,7638,True,,,
7639,4150390256577106024,location_7639_4150390256577106024,7639,True,,,
7640,415088278791121762,location_7640_415088278791121762,7640,True,,,
7641,4150910324259419689,location_7641_4150910324259419689,7641,True,,,
7642,4151525243303117403,location_7642_4151525243303117403,7642,True,,,
7643,4151564144266798803,location_7643_4151564144266798803,7643,True,,,
7644,4155923029881290996,location_7644_4155923029881290996,7644,True,,,
7645,4159150919735232641,location_7645_4159150919735232641,7645,True,,,
7646,4159676918188956756,location_7646_4159676918188956756,7646,True,,,
7647,4160332762760396537,location_7647_4160332762760396537,7647,True,,,
7648,4161047375060470268,location_7648_4161047375060470268,7648,True,,,
7649,4165422828880278123,location_7649_4165422828880278123,7649,True,,,
7650,4168627345737713941,location_7650_4168627345737713941,7650,True,,,
7651,4169581008181840518,location_7651_4169581008181840518,7651,True,,,
7652,4170356521134783658,location_7652_4170356521134783658,7652,True,,,
7653,4172324396297328154,location_7653_4172324396297328154,7653,True,,,
7654,4173387161044828041,location_7654_4173387161044828041,7654,True,,,
7655,4175194505271322798,location_7655_4175194505271322798,7655,True,,,
7656,4176224299214835672,location_7656_4176224299214835672,7656,True,,,
7657,417633686521808948,location_7657_417633686521808948,7657,True,,,
7658,4178175357862244915,location_7658_4178175357862244915,7658,True,,,
7659,4180427643693622031,location_7659_4180427643693622031,7659,True,,,
7660,4182129504723025093,location_7660_4182129504723025093,7660,True,,,
7661,4182658671480201609,location_7661_4182658671480201609,7661,True,,,
7662,4182982926646811729,location_7662_4182982926646811729,7662,True,,,
7663,4189651828838019537,location_7663_4189651828838019537,7663,True,,,
7664,4191851286111391433,location_7664_4191851286111391433,7664,True,,,
7665,4194567930345608349,location_7665_4194567930345608349,7665,True,,,
7666,4196346676451508628,location_7666_4196346676451508628,7666,True,,,
7667,4197762304542557044,location_7667_4197762304542557044,7667,True,,,
7668,4198169338024439156,location_7668_4198169338024439156,7668,True,,,
7669,4200520543799866797,location_7669_4200520543799866797,7669,True,,,
7670,4203052146308886582,location_7670_4203052146308886582,7670,True,,,
7671,4204811360200514661,location_7671_4204811360200514661,7671,True,,,
7672,4205846784162279587,location_7672_4205846784162279587,7672,True,,,
7673,4214759790467901553,location_7673_4214759790467901553,7673,True,,,
7674,4215203744160824120,location_7674_4215203744160824120,7674,True,,,
7675,4225972227337962003,location_7675_4225972227337962003,7675,True,,,
7676,4230911844100343953,location_7676_4230911844100343953,7676,True,,,
7677,423163730916127974,location_7677_423163730916127974,7677,True,,,
7678,4232250429847444407,location_7678_4232250429847444407,7678,True,,,
7679,4234132287427296863,location_7679_4234132287427296863,7679,True,,,
7680,4234899289331045086,location_7680_4234899289331045086,7680,True,,,
7681,4236406303356731573,location_7681_4236406303356731573,7681,True,,,
7682,4238480432480320220,location_7682_4238480432480320220,7682,True,,,
7683,4240049085240947582,location_7683_4240049085240947582,7683,True,,,
7684,4240632777541152037,location_7684_4240632777541152037,7684,True,,,
7685,4241796124300416642,location_7685_4241796124300416642,7685,True,,,
7686,4244672460985049638,location_7686_4244672460985049638,7686,True,,,
7687,4245011425606493253,location_7687_4245011425606493253,7687,True,,,
7688,424539287362338636,location_7688_424539287362338636,7688,True,,,
7689,4245723351840013128,location_7689_4245723351840013128,7689,True,,,
7690,4246082787034275406,location_7690_4246082787034275406,7690,True,,,
7691,4246974404110247143,location_7691_4246974404110247143,7691,True,,,
7692,424921240376861520,location_7692_424921240376861520,7692,True,,,
7693,4252821913777826718,location_7693_4252821913777826718,7693,True,,,
7694,4253322340697508994,location_7694_4253322340697508994,7694,True,,,
7695,4256471074428592394,location_7695_4256471074428592394,7695,True,,,
7696,4257352007390737141,location_7696_4257352007390737141,7696,True,,,
7697,4258578536167148774,location_7697_4258578536167148774,7697,True,,,
7698,4259367054448723961,location_7698_4259367054448723961,7698,True,,,
7699,4261494344577866268,location_7699_4261494344577866268,7699,True,,,
7700,4263810682235977403,location_7700_4263810682235977403,7700,True,,,
7701,4265207061921900571,location_7701_4265207061921900571,7701,True,,,
7702,4266363842234556784,location_7702_4266363842234556784,7702,True,,,
7703,4269047537472112344,location_7703_4269047537472112344,7703,True,,,
7704,4275730597184860733,location_7704_4275730597184860733,7704,True,,,
7705,4276441466124090990,location_7705_4276441466124090990,7705,True,,,
7706,4277542011509643735,location_7706_4277542011509643735,7706,True,,,
7707,4278010945286719581,location_7707_4278010945286719581,7707,True,,,
7708,4280422705683350710,location_7708_4280422705683350710,7708,True,,,
7709,4281908844748666293,location_7709_4281908844748666293,7709,True,,,
7710,4282481396215149955,location_7710_4282481396215149955,7710,True,,,
7711,4284437143388434982,location_7711_4284437143388434982,7711,True,,,
7712,428551555831029635,location_7712_428551555831029635,7712,True,,,
7713,4285546973476085993,location_7713_4285546973476085993,7713,True,,,
7714,4288359779275144070,location_7714_4288359779275144070,7714,True,,,
7715,4289698384624924164,location_7715_4289698384624924164,7715,True,,,
7716,4290065778632228924,location_7716_4290065778632228924,7716,True,,,
7717,4291578632494302727,location_7717_4291578632494302727,7717,True,,,
7718,4293930581425800283,location_7718_4293930581425800283,7718,True,,,
7719,4301860572577414798,location_7719_4301860572577414798,7719,True,,,
7720,4302953672291468478,location_7720_4302953672291468478,7720,True,,,
7721,4304532018666111984,location_7721_4304532018666111984,7721,True,,,
7722,4306569705508470866,location_7722_4306569705508470866,7722,True,,,
7723,4306934852258300234,location_7723_4306934852258300234,7723,True,,,
7724,4307399038463495286,location_7724_4307399038463495286,7724,True,,,
7725,4311634384053986821,location_7725_4311634384053986821,7725,True,,,
7726,4311937335406356007,location_7726_4311937335406356007,7726,True,,,
7727,4313012778868097517,location_7727_4313012778868097517,7727,True,,,
7728,4316061371616233727,location_7728_4316061371616233727,7728,True,,,
7729,4317991595740499542,location_7729_4317991595740499542,7729,True,,,
7730,432156625276645169,location_7730_432156625276645169,7730,True,,,
7731,4321695896915336206,location_7731_4321695896915336206,7731,True,,,
7732,4322157044626977948,location_7732_4322157044626977948,7732,True,,,
7733,4323518077341965685,location_7733_4323518077341965685,7733,True,,,
7734,4325404278923993895,location_7734_4325404278923993895,7734,True,,,
7735,4329257756926809917,location_7735_4329257756926809917,7735,True,,,
7736,4330739471804715385,location_7736_4330739471804715385,7736,True,,,
7737,4332505305431961736,location_7737_4332505305431961736,7737,True,,,
7738,4336030202438315155,location_7738_4336030202438315155,7738,True,,,
7739,4336262646030482580,location_7739_4336262646030482580,7739,True,,,
7740,4337693804907234746,location_7740_4337693804907234746,7740,True,,,
7741,4338600630443009677,location_7741_4338600630443009677,7741,True,,,
7742,4342154178540824400,location_7742_4342154178540824400,7742,True,,,
7743,4344486179983799770,location_7743_4344486179983799770,7743,True,,,
7744,4345175624850543139,location_7744_4345175624850543139,7744,True,,,
7745,4346241210009798708,location_7745_4346241210009798708,7745,True,,,
7746,4348878151895877331,location_7746_4348878151895877331,7746,True,,,
7747,4351145123752944521,location_7747_4351145123752944521,7747,True,,,
7748,4351854245959013096,location_7748_4351854245959013096,7748,True,,,
7749,4352120986065405754,location_7749_4352120986065405754,7749,True,,,
7750,4355924828644860106,location_7750_4355924828644860106,7750,True,,,
7751,4358989908975929432,location_7751_4358989908975929432,7751,True,,,
7752,4359140910988531845,location_7752_4359140910988531845,7752,True,,,
7753,436136924967484649,location_7753_436136924967484649,7753,True,,,
7754,4363469370575376848,location_7754_4363469370575376848,7754,True,,,
7755,4364677247753762086,location_7755_4364677247753762086,7755,True,,,
7756,4367730191107701133,location_7756_4367730191107701133,7756,True,,,
7757,4369960147336840714,location_7757_4369960147336840714,7757,True,,,
7758,4372454463699565083,location_7758_4372454463699565083,7758,True,,,
7759,4374622464766862309,location_7759_4374622464766862309,7759,True,,,
7760,4375833814168100242,location_7760_4375833814168100242,7760,True,,,
7761,4376881403379067150,location_7761_4376881403379067150,7761,True,,,
7762,4378269585947565488,location_7762_4378269585947565488,7762,True,,,
7763,4380112043807066791,location_7763_4380112043807066791,7763,True,,,
7764,4381614002116026371,location_7764_4381614002116026371,7764,True,,,
7765,4383552489837828953,location_7765_4383552489837828953,7765,True,,,
7766,4384233852386850172,location_7766_4384233852386850172,7766,True,,,
7767,4384331699908141160,location_7767_4384331699908141160,7767,True,,,
7768,438903062721815296,location_7768_438903062721815296,7768,True,,,
7769,4390699327943030435,location_7769_4390699327943030435,7769,True,,,
7770,4391051979619976589,location_7770_4391051979619976589,7770,True,,,
7771,439158501934073309,location_7771_439158501934073309,7771,True,,,
7772,439258168657581211,location_7772_439258168657581211,7772,True,,,
7773,43936565450071764,location_7773_43936565450071764,7773,True,,,
7774,4393920199847936967,location_7774_4393920199847936967,7774,True,,,
7775,4394950016096294061,location_7775_4394950016096294061,7775,True,,,
7776,439748574555652479,location_7776_439748574555652479,7776,True,,,
7777,4397690955684952194,location_7777_4397690955684952194,7777,True,,,
7778,4398029104936313375,location_7778_4398029104936313375,7778,True,,,
7779,4400685462590730222,location_7779_4400685462590730222,7779,True,,,
7780,4400785819815443350,location_7780_4400785819815443350,7780,True,,,
7781,4401004562731060576,location_7781_4401004562731060576,7781,True,,,
7782,4401667698556331482,location_7782_4401667698556331482,7782,True,,,
7783,4403942668175494211,location_7783_4403942668175494211,7783,True,,,
7784,4404748139151914688,location_7784_4404748139151914688,7784,True,,,
7785,4408875953396573971,location_7785_4408875953396573971,7785,True,,,
7786,4411134461933884285,location_7786_4411134461933884285,7786,True,,,
7787,4411378102011707886,location_7787_4411378102011707886,7787,True,,,
7788,4411772790778608384,location_7788_4411772790778608384,7788,True,,,
7789,4413702724527482270,location_7789_4413702724527482270,7789,True,,,
7790,4413739114420716266,location_7790_4413739114420716266,7790,True,,,
7791,4417051499006654416,location_7791_4417051499006654416,7791,True,,,
7792,4417794627206440231,location_7792_4417794627206440231,7792,True,,,
7793,4421602586363498410,location_7793_4421602586363498410,7793,True,,,
7794,4422219160035440969,location_7794_4422219160035440969,7794,True,,,
7795,4424149266696628976,location_7795_4424149266696628976,7795,True,,,
7796,442724044926496040,location_7796_442724044926496040,7796,True,,,
7797,442727405045102408,location_7797_442727405045102408,7797,True,,,
7798,4427322830157696595,location_7798_4427322830157696595,7798,True,,,
7799,4429091723504402541,location_7799_4429091723504402541,7799,True,,,
7800,4429446587346471542,location_7800_4429446587346471542,7800,True,,,
7801,4430210327332528818,location_7801_4430210327332528818,7801,True,,,
7802,4430275675840246018,location_7802_4430275675840246018,7802,True,,,
7803,4431611141370628177,location_7803_4431611141370628177,7803,True,,,
7804,4432266206099521229,location_7804_4432266206099521229,7804,True,,,
7805,4433696726820049394,location_7805_4433696726820049394,7805,True,,,
7806,4435172237534241650,location_7806_4435172237534241650,7806,True,,,
7807,4437629398442065937,location_7807_4437629398442065937,7807,True,,,
7808,4438109767233895938,location_7808_4438109767233895938,7808,True,,,
7809,4438463063150344636,location_7809_4438463063150344636,7809,True,,,
7810,4439640815247825039,location_7810_4439640815247825039,7810,True,,,
7811,444035787039979782,location_7811_444035787039979782,7811,True,,,
7812,4442046178973840078,location_7812_4442046178973840078,7812,True,,,
7813,4443438479775607512,location_7813_4443438479775607512,7813,True,,,
7814,444486751225904621,location_7814_444486751225904621,7814,True,,,
7815,4445684177470411087,location_7815_4445684177470411087,7815,True,,,
7816,4450757664694947723,location_7816_4450757664694947723,7816,True,,,
7817,4452672368087596042,location_7817_4452672368087596042,7817,True,,,
7818,4453725688523437213,location_7818_4453725688523437213,7818,True,,,
7819,4456357752510266183,location_7819_4456357752510266183,7819,True,,,
7820,4460783703866200548,location_7820_4460783703866200548,7820,True,,,
7821,446205253292143403,location_7821_446205253292143403,7821,True,,,
7822,4466954818799911567,location_7822_4466954818799911567,7822,True,,,
7823,4468212066878450877,location_7823_4468212066878450877,7823,True,,,
7824,4473218571421099514,location_7824_4473218571421099514,7824,True,,,
7825,4473226776448713234,location_7825_4473226776448713234,7825,True,,,
7826,4474025761128595689,location_7826_4474025761128595689,7826,True,,,
7827,4475463356544271079,location_7827_4475463356544271079,7827,True,,,
7828,4475513210853196928,location_7828_4475513210853196928,7828,True,,,
7829,4476689862867528253,location_7829_4476689862867528253,7829,True,,,
7830,4478779115323671209,location_7830_4478779115323671209,7830,True,,,
7831,4479974376967591375,location_7831_4479974376967591375,7831,True,,,
7832,4480283639657879904,location_7832_4480283639657879904,7832,True,,,
7833,44808707651734543,location_7833_44808707651734543,7833,True,,,
7834,4481268654669495757,location_7834_4481268654669495757,7834,True,,,
7835,4485186644683441449,location_7835_4485186644683441449,7835,True,,,
7836,4485538016060072800,location_7836_4485538016060072800,7836,True,,,
7837,4485630553853632292,location_7837_4485630553853632292,7837,True,,,
7838,4489667656322679040,location_7838_4489667656322679040,7838,True,,,
7839,4491527797758626201,location_7839_4491527797758626201,7839,True,,,
7840,4497184062594506521,location_7840_4497184062594506521,7840,True,,,
7841,4498626595090894293,location_7841_4498626595090894293,7841,True,,,
7842,4499513748923678223,location_7842_4499513748923678223,7842,True,,,
7843,4500489065180313252,location_7843_4500489065180313252,7843,True,,,
7844,4500855792253523582,location_7844_4500855792253523582,7844,True,,,
7845,4501261752165909685,location_7845_4501261752165909685,7845,True,,,
7846,4503745912449768671,location_7846_4503745912449768671,7846,True,,,
7847,4504015666398005531,location_7847_4504015666398005531,7847,True,,,
7848,4504332932243058855,location_7848_4504332932243058855,7848,True,,,
7849,4504772743304822169,location_7849_4504772743304822169,7849,True,,,
7850,4505345138622530306,location_7850_4505345138622530306,7850,True,,,
7851,4505836100752804583,location_7851_4505836100752804583,7851,True,,,
7852,4505876380693968692,location_7852_4505876380693968692,7852,True,,,
7853,4506165567623398613,location_7853_4506165567623398613,7853,True,,,
7854,4506480852497694199,location_7854_4506480852497694199,7854,True,,,
7855,4508009215197777366,location_7855_4508009215197777366,7855,True,,,
7856,4508317468147404308,location_7856_4508317468147404308,7856,True,,,
7857,45088852757867312,location_7857_45088852757867312,7857,True,,,
7858,4509550883298533163,location_7858_4509550883298533163,7858,True,,,
7859,4510098796637578872,location_7859_4510098796637578872,7859,True,,,
7860,4512850143358721552,location_7860_4512850143358721552,7860,True,,,
7861,4513077629058641772,location_7861_4513077629058641772,7861,True,,,
7862,4513124500163265901,location_7862_4513124500163265901,7862,True,,,
7863,4515086900378806884,location_7863_4515086900378806884,7863,True,,,
7864,4517221257189108281,location_7864_4517221257189108281,7864,True,,,
7865,4518934870602014930,location_7865_4518934870602014930,7865,True,,,
7866,4522263062508562836,location_7866_4522263062508562836,7866,True,,,
7867,4524165654885339384,location_7867_4524165654885339384,7867,True,,,
7868,4524935892660273613,location_7868_4524935892660273613,7868,True,,,
7869,4526184211472407996,location_7869_4526184211472407996,7869,True,,,
7870,4526273251628619837,location_7870_4526273251628619837,7870,True,,,
7871,4527658652320140568,location_7871_4527658652320140568,7871,True,,,
7872,4527801453361064685,location_7872_4527801453361064685,7872,True,,,
7873,453045678769039203,location_7873_453045678769039203,7873,True,,,
7874,4530852404415958598,location_7874_4530852404415958598,7874,True,,,
7875,4530906919495590568,location_7875_4530906919495590568,7875,True,,,
7876,4533995194687452125,location_7876_4533995194687452125,7876,True,,,
7877,4536200370046098700,location_7877_4536200370046098700,7877,True,,,
7878,4536610185733208920,location_7878_4536610185733208920,7878,True,,,
7879,4537683457057567254,location_7879_4537683457057567254,7879,True,,,
7880,4539479510936476539,location_7880_4539479510936476539,7880,True,,,
7881,4540061810796568787,location_7881_4540061810796568787,7881,True,,,
7882,4543005176150190370,location_7882_4543005176150190370,7882,True,,,
7883,454743037575069476,location_7883_454743037575069476,7883,True,,,
7884,4551056258403781400,location_7884_4551056258403781400,7884,True,,,
7885,4551463719991813115,location_7885_4551463719991813115,7885,True,,,
7886,4551979115639268418,location_7886_4551979115639268418,7886,True,,,
7887,4553195023411839278,location_7887_4553195023411839278,7887,True,,,
7888,4554975673707289742,location_7888_4554975673707289742,7888,True,,,
7889,4556474742799896398,location_7889_4556474742799896398,7889,True,,,
7890,455735315404145096,location_7890_455735315404145096,7890,True,,,
7891,4560184024097970728,location_7891_4560184024097970728,7891,True,,,
7892,4560429313957419045,location_7892_4560429313957419045,7892,True,,,
7893,4563912049612323079,location_7893_4563912049612323079,7893,True,,,
7894,4568722449192776455,location_7894_4568722449192776455,7894,True,,,
7895,4568783118538979272,location_7895_4568783118538979272,7895,True,,,
7896,4568928271310572231,location_7896_4568928271310572231,7896,True,,,
7897,4572199546191196794,location_7897_4572199546191196794,7897,True,,,
7898,4573370846673675796,location_7898_4573370846673675796,7898,True,,,
7899,4574249302809649915,location_7899_4574249302809649915,7899,True,,,
7900,4575428739753746823,location_7900_4575428739753746823,7900,True,,,
7901,4578890913514285329,location_7901_4578890913514285329,7901,True,,,
7902,4579043133510747174,location_7902_4579043133510747174,7902,True,,,
7903,45795657750688572,location_7903_45795657750688572,7903,True,,,
7904,458001256654563431,location_7904_458001256654563431,7904,True,,,
7905,4580142036291567944,location_7905_4580142036291567944,7905,True,,,
7906,4581275638427935579,location_7906_4581275638427935579,7906,True,,,
7907,4582795173862898229,location_7907_4582795173862898229,7907,True,,,
7908,4583283013791225417,location_7908_4583283013791225417,7908,True,,,
7909,4583381676087655791,location_7909_4583381676087655791,7909,True,,,
7910,4583600400483188547,location_7910_4583600400483188547,7910,True,,,
7911,4583635371439606142,location_7911_4583635371439606142,7911,True,,,
7912,459012299419955323,location_7912_459012299419955323,7912,True,,,
7913,4591773985272435241,location_7913_4591773985272435241,7913,True,,,
7914,4592524137040455434,location_7914_4592524137040455434,7914,True,,,
7915,4595628327671836493,location_7915_4595628327671836493,7915,True,,,
7916,4598736338002697545,location_7916_4598736338002697545,7916,True,,,
7917,4598742278093114491,location_7917_4598742278093114491,7917,True,,,
7918,4599564352219841848,location_7918_4599564352219841848,7918,True,,,
7919,4599574598586250532,location_7919_4599574598586250532,7919,True,,,
7920,4599759151508060193,location_7920_4599759151508060193,7920,True,,,
7921,4600072186104276262,location_7921_4600072186104276262,7921,True,,,
7922,4600678675160649494,location_7922_4600678675160649494,7922,True,,,
7923,4601377099258716402,location_7923_4601377099258716402,7923,True,,,
7924,460226941872580829,location_7924_460226941872580829,7924,True,,,
7925,4604564142025074509,location_7925_4604564142025074509,7925,True,,,
7926,4605792535583853602,location_7926_4605792535583853602,7926,True,,,
7927,4606209920000959733,location_7927_4606209920000959733,7927,True,,,
7928,460943743247734833,location_7928_460943743247734833,7928,True,,,
7929,4611678479228828451,location_7929_4611678479228828451,7929,True,,,
7930,4612792720161868309,location_7930_4612792720161868309,7930,True,,,
7931,4613718124211343170,location_7931_4613718124211343170,7931,True,,,
7932,461412268783280487,location_7932_461412268783280487,7932,True,,,
7933,4614378733498322565,location_7933_4614378733498322565,7933,True,,,
7934,4614408350583539275,location_7934_4614408350583539275,7934,True,,,
7935,4614706776198023359,location_7935_4614706776198023359,7935,True,,,
7936,4614751889841497468,location_7936_4614751889841497468,7936,True,,,
7937,4617974264926161169,location_7937_4617974264926161169,7937,True,,,
7938,4618521160967981014,location_7938_4618521160967981014,7938,True,,,
7939,461932283334828268,location_7939_461932283334828268,7939,True,,,
7940,4620480370133541659,location_7940_4620480370133541659,7940,True,,,
7941,4621091248876359394,location_7941_4621091248876359394,7941,True,,,
7942,4621485556860215632,location_7942_4621485556860215632,7942,True,,,
7943,4623924877472842020,location_7943_4623924877472842020,7943,True,,,
7944,4625904041636139763,location_7944_4625904041636139763,7944,True,,,
7945,4626240050905324179,location_7945_4626240050905324179,7945,True,,,
7946,4626987123223106946,location_7946_4626987123223106946,7946,True,,,
7947,4627055729964109260,location_7947_4627055729964109260,7947,True,,,
7948,46294784684191410,location_7948_46294784684191410,7948,True,,,
7949,4629719810735363791,location_7949_4629719810735363791,7949,True,,,
7950,4630795268289466765,location_7950_4630795268289466765,7950,True,,,
7951,4632724963851609046,location_7951_4632724963851609046,7951,True,,,
7952,4634606161503052843,location_7952_4634606161503052843,7952,True,,,
7953,4636648848972454680,location_7953_4636648848972454680,7953,True,,,
7954,4646681633040542337,location_7954_4646681633040542337,7954,True,,,
7955,464686166790386216,location_7955_464686166790386216,7955,True,,,
7956,4648098175885832908,location_7956_4648098175885832908,7956,True,,,
7957,4653492011221782823,location_7957_4653492011221782823,7957,True,,,
7958,4658342974794692352,location_7958_4658342974794692352,7958,True,,,
7959,4659928545788900340,location_7959_4659928545788900340,7959,True,,,
7960,4664714083226764901,location_7960_4664714083226764901,7960,True,,,
7961,4665180471787863032,location_7961_4665180471787863032,7961,True,,,
7962,4665288546595739259,location_7962_4665288546595739259,7962,True,,,
7963,4665749766383587525,location_7963_4665749766383587525,7963,True,,,
7964,4669437126686453830,location_7964_4669437126686453830,7964,True,,,
7965,4670619977952081383,location_7965_4670619977952081383,7965,True,,,
7966,4673236463226106488,location_7966_4673236463226106488,7966,True,,,
7967,4674730565322157503,location_7967_4674730565322157503,7967,True,,,
7968,4676074656253767434,location_7968_4676074656253767434,7968,True,,,
7969,4676347233880889269,location_7969_4676347233880889269,7969,True,,,
7970,4677680718397872643,location_7970_4677680718397872643,7970,True,,,
7971,4679670147084816789,location_7971_4679670147084816789,7971,True,,,
7972,468009026435307428,location_7972_468009026435307428,7972,True,,,
7973,4680289600782384057,location_7973_4680289600782384057,7973,True,,,
7974,4681287787969122264,location_7974_4681287787969122264,7974,True,,,
7975,4682270774032095408,location_7975_4682270774032095408,7975,True,,,
7976,468348246251625274,location_7976_468348246251625274,7976,True,,,
7977,4684108885926656555,location_7977_4684108885926656555,7977,True,,,
7978,4685620764812918051,location_7978_4685620764812918051,7978,True,,,
7979,4685768745430123655,location_7979_4685768745430123655,7979,True,,,
7980,468898739893688608,location_7980_468898739893688608,7980,True,,,
7981,4689249759704373838,location_7981_4689249759704373838,7981,True,,,
7982,4691080707709478500,location_7982_4691080707709478500,7982,True,,,
7983,4691333854102978043,location_7983_4691333854102978043,7983,True,,,
7984,4695448105235230032,location_7984_4695448105235230032,7984,True,,,
7985,4695613168219766468,location_7985_4695613168219766468,7985,True,,,
7986,4696758382883120737,location_7986_4696758382883120737,7986,True,,,
7987,4700529996982674453,location_7987_4700529996982674453,7987,True,,,
7988,4700849745819294656,location_7988_4700849745819294656,7988,True,,,
7989,4702477606504730997,location_7989_4702477606504730997,7989,True,,,
7990,4703776872359494665,location_7990_4703776872359494665,7990,True,,,
7991,4704221401563688741,location_7991_4704221401563688741,7991,True,,,
7992,4705472764144196275,location_7992_4705472764144196275,7992,True,,,
7993,4705647702745124027,location_7993_4705647702745124027,7993,True,,,
7994,4705759289633119094,location_7994_4705759289633119094,7994,True,,,
7995,4706184789223055453,location_7995_4706184789223055453,7995,True,,,
7996,4710282164425322692,location_7996_4710282164425322692,7996,True,,,
7997,4710305637549469331,location_7997_4710305637549469331,7997,True,,,
7998,4711569685842293629,location_7998_4711569685842293629,7998,True,,,
7999,4713287014253239300,location_7999_4713287014253239300,7999,True,,,
8000,4716536045109074238,location_8000_4716536045109074238,8000,True,,,
8001,4716909335360394040,location_8001_4716909335360394040,8001,True,,,
8002,4718521506295433259,location_8002_4718521506295433259,8002,True,,,
8003,4721025463902731881,location_8003_4721025463902731881,8003,True,,,
8004,4721248150469751690,location_8004_4721248150469751690,8004,True,,,
8005,4722238386390213272,location_8005_4722238386390213272,8005,True,,,
8006,4725456766724796218,location_8006_4725456766724796218,8006,True,,,
8007,4727583046298167088,location_8007_4727583046298167088,8007,True,,,
8008,4729823740842012701,location_8008_4729823740842012701,8008,True,,,
8009,4731322764246372492,location_8009_4731322764246372492,8009,True,,,
8010,4734318190917016569,location_8010_4734318190917016569,8010,True,,,
8011,4736059309624369536,location_8011_4736059309624369536,8011,True,,,
8012,4739451140015138428,location_8012_4739451140015138428,8012,True,,,
8013,4739753097138504175,location_8013_4739753097138504175,8013,True,,,
8014,4740328148259503776,location_8014_4740328148259503776,8014,True,,,
8015,474075031004535766,location_8015_474075031004535766,8015,True,,,
8016,4741250485178886339,location_8016_4741250485178886339,8016,True,,,
8017,4742796448003126693,location_8017_4742796448003126693,8017,True,,,
8018,4742848479842955978,location_8018_4742848479842955978,8018,True,,,
8019,4743505337466406267,location_8019_4743505337466406267,8019,True,,,
8020,4745132082656842035,location_8020_4745132082656842035,8020,True,,,
8021,4746538024614921455,location_8021_4746538024614921455,8021,True,,,
8022,4748317747027305049,location_8022_4748317747027305049,8022,True,,,
8023,4751570785297306601,location_8023_4751570785297306601,8023,True,,,
8024,4752104546394469378,location_8024_4752104546394469378,8024,True,,,
8025,4752246517807237384,location_8025_4752246517807237384,8025,True,,,
8026,4752653813439644281,location_8026_4752653813439644281,8026,True,,,
8027,4753273538277800127,location_8027_4753273538277800127,8027,True,,,
8028,4755676334592514744,location_8028_4755676334592514744,8028,True,,,
8029,4757596637867988503,location_8029_4757596637867988503,8029,True,,,
8030,4758115017857678588,location_8030_4758115017857678588,8030,True,,,
8031,4759112734295937186,location_8031_4759112734295937186,8031,True,,,
8032,4759567041356453579,location_8032_4759567041356453579,8032,True,,,
8033,4761182680368172585,location_8033_4761182680368172585,8033,True,,,
8034,4761255477448189184,location_8034_4761255477448189184,8034,True,,,
8035,4761908769890106993,location_8035_4761908769890106993,8035,True,,,
8036,4762170198676518441,location_8036_4762170198676518441,8036,True,,,
8037,4764975650515127659,location_8037_4764975650515127659,8037,True,,,
8038,4765043023753984104,location_8038_4765043023753984104,8038,True,,,
8039,4765434351852255935,location_8039_4765434351852255935,8039,True,,,
8040,4768220938039584155,location_8040_4768220938039584155,8040,True,,,
8041,4768950916849989897,location_8041_4768950916849989897,8041,True,,,
8042,4770207887817708097,location_8042_4770207887817708097,8042,True,,,
8043,4771198751231397599,location_8043_4771198751231397599,8043,True,,,
8044,4772989707390509114,location_8044_4772989707390509114,8044,True,,,
8045,4777013314109107915,location_8045_4777013314109107915,8045,True,,,
8046,4780605561387358855,location_8046_4780605561387358855,8046,True,,,
8047,4780856892784063255,location_8047_4780856892784063255,8047,True,,,
8048,4781562680855129118,location_8048_4781562680855129118,8048,True,,,
8049,4782986515261756163,location_8049_4782986515261756163,8049,True,,,
8050,4788340971785606525,location_8050_4788340971785606525,8050,True,,,
8051,478874036186097373,location_8051_478874036186097373,8051,True,,,
8052,4788833581720656626,location_8052_4788833581720656626,8052,True,,,
8053,4789716502411729897,location_8053_4789716502411729897,8053,True,,,
8054,4790830782261907555,location_8054_4790830782261907555,8054,True,,,
8055,4791320490096667125,location_8055_4791320490096667125,8055,True,,,
8056,4791667179305290359,location_8056_4791667179305290359,8056,True,,,
8057,4791931779348720008,location_8057_4791931779348720008,8057,True,,,
8058,4795711139787527552,location_8058_4795711139787527552,8058,True,,,
8059,479615829123364033,location_8059_479615829123364033,8059,True,,,
8060,4801039702306923864,location_8060_4801039702306923864,8060,True,,,
8061,4802550432762429216,location_8061_4802550432762429216,8061,True,,,
8062,4803657149046807384,location_8062_4803657149046807384,8062,True,,,
8063,4807549086542255640,location_8063_4807549086542255640,8063,True,,,
8064,481031246587853282,location_8064_481031246587853282,8064,True,,,
8065,4812925452384083783,location_8065_4812925452384083783,8065,True,,,
8066,4813860665255580217,location_8066_4813860665255580217,8066,True,,,
8067,4815205519778569966,location_8067_4815205519778569966,8067,True,,,
8068,4816566521439617814,location_8068_4816566521439617814,8068,True,,,
8069,4817269246528143210,location_8069_4817269246528143210,8069,True,,,
8070,4817600581072331150,location_8070_4817600581072331150,8070,True,,,
8071,4817852973470372635,location_8071_4817852973470372635,8071,True,,,
8072,4818684375279295666,location_8072_4818684375279295666,8072,True,,,
8073,4819547789231444883,location_8073_4819547789231444883,8073,True,,,
8074,4821054054402517300,location_8074_4821054054402517300,8074,True,,,
8075,4821743790184340497,location_8075_4821743790184340497,8075,True,,,
8076,4824316979839657693,location_8076_4824316979839657693,8076,True,,,
8077,4825168937707165038,location_8077_4825168937707165038,8077,True,,,
8078,4827373872752881503,location_8078_4827373872752881503,8078,True,,,
8079,4828919635604199688,location_8079_4828919635604199688,8079,True,,,
8080,4829182267212008705,location_8080_4829182267212008705,8080,True,,,
8081,4830274589341815381,location_8081_4830274589341815381,8081,True,,,
8082,4833980778117259810,location_8082_4833980778117259810,8082,True,,,
8083,4833986860466232468,location_8083_4833986860466232468,8083,True,,,
8084,4835334428139701672,location_8084_4835334428139701672,8084,True,,,
8085,4835590964788256540,location_8085_4835590964788256540,8085,True,,,
8086,4837142537824633494,location_8086_4837142537824633494,8086,True,,,
8087,4838244020867422172,location_8087_4838244020867422172,8087,True,,,
8088,4842073804340597662,location_8088_4842073804340597662,8088,True,,,
8089,4842447582047882228,location_8089_4842447582047882228,8089,True,,,
8090,4842849024622539800,location_8090_4842849024622539800,8090,True,,,
8091,4847127276053637929,location_8091_4847127276053637929,8091,True,,,
8092,4848598853535494633,location_8092_4848598853535494633,8092,True,,,
8093,4850062718226300890,location_8093_4850062718226300890,8093,True,,,
8094,4850851980427153327,location_8094_4850851980427153327,8094,True,,,
8095,4851325856425772218,location_8095_4851325856425772218,8095,True,,,
8096,4851448425168133772,location_8096_4851448425168133772,8096,True,,,
8097,4852003438330910203,location_8097_4852003438330910203,8097,True,,,
8098,4860398606321304949,location_8098_4860398606321304949,8098,True,,,
8099,4861094701668532770,location_8099_4861094701668532770,8099,True,,,
8100,4864329224401290174,location_8100_4864329224401290174,8100,True,,,
8101,4864860182241837548,location_8101_4864860182241837548,8101,True,,,
8102,4865994015116826853,location_8102_4865994015116826853,8102,True,,,
8103,4866214940003770897,location_8103_4866214940003770897,8103,True,,,
8104,4867088331326890733,location_8104_4867088331326890733,8104,True,,,
8105,4868470952305244361,location_8105_4868470952305244361,8105,True,,,
8106,4872553814188051658,location_8106_4872553814188051658,8106,True,,,
8107,4875164696350291232,location_8107_4875164696350291232,8107,True,,,
8108,4877661961281427705,location_8108_4877661961281427705,8108,True,,,
8109,4883589116655340630,location_8109_4883589116655340630,8109,True,,,
8110,4886892408594179881,location_8110_4886892408594179881,8110,True,,,
8111,4887508004947584122,location_8111_4887508004947584122,8111,True,,,
8112,4888517375242222649,location_8112_4888517375242222649,8112,True,,,
8113,4889568293819526513,location_8113_4889568293819526513,8113,True,,,
8114,4891322763351453865,location_8114_4891322763351453865,8114,True,,,
8115,4893030621056386169,location_8115_4893030621056386169,8115,True,,,
8116,4893574236244620796,location_8116_4893574236244620796,8116,True,,,
8117,4894152026597759527,location_8117_4894152026597759527,8117,True,,,
8118,4895798450168092109,location_8118_4895798450168092109,8118,True,,,
8119,4898966121994210999,location_8119_4898966121994210999,8119,True,,,
8120,4900320951662470765,location_8120_4900320951662470765,8120,True,,,
8121,4900361188525280796,location_8121_4900361188525280796,8121,True,,,
8122,4902399635694040974,location_8122_4902399635694040974,8122,True,,,
8123,4902889065979707542,location_8123_4902889065979707542,8123,True,,,
8124,4905018457158166834,location_8124_4905018457158166834,8124,True,,,
8125,4905075968724876894,location_8125_4905075968724876894,8125,True,,,
8126,4907174372539557807,location_8126_4907174372539557807,8126,True,,,
8127,4909733115322982822,location_8127_4909733115322982822,8127,True,,,
8128,4910633400072640212,location_8128_4910633400072640212,8128,True,,,
8129,4911178085793884416,location_8129_4911178085793884416,8129,True,,,
8130,4911740415219972776,location_8130_4911740415219972776,8130,True,,,
8131,4918620440643507016,location_8131_4918620440643507016,8131,True,,,
8132,491995699857801620,location_8132_491995699857801620,8132,True,,,
8133,492272341364944923,location_8133_492272341364944923,8133,True,,,
8134,4923134814286255992,location_8134_4923134814286255992,8134,True,,,
8135,4923483565909135723,location_8135_4923483565909135723,8135,True,,,
8136,4927874948932757453,location_8136_4927874948932757453,8136,True,,,
8137,4927892673447121486,location_8137_4927892673447121486,8137,True,,,
8138,4928325366929982258,location_8138_4928325366929982258,8138,True,,,
8139,4928544704272955260,location_8139_4928544704272955260,8139,True,,,
8140,4929494948988066628,location_8140_4929494948988066628,8140,True,,,
8141,4934169051314182073,location_8141_4934169051314182073,8141,True,,,
8142,4934706397847971205,location_8142_4934706397847971205,8142,True,,,
8143,4934763457464453379,location_8143_4934763457464453379,8143,True,,,
8144,4935066441184911089,location_8144_4935066441184911089,8144,True,,,
8145,4936258581378327365,location_8145_4936258581378327365,8145,True,,,
8146,4936296359648341481,location_8146_4936296359648341481,8146,True,,,
8147,4936760970572472604,location_8147_4936760970572472604,8147,True,,,
8148,4937960107483029573,location_8148_4937960107483029573,8148,True,,,
8149,4939795708781428792,location_8149_4939795708781428792,8149,True,,,
8150,4940057054254408343,location_8150_4940057054254408343,8150,True,,,
8151,4940585068302020163,location_8151_4940585068302020163,8151,True,,,
8152,4941327913199749941,location_8152_4941327913199749941,8152,True,,,
8153,4942083325006061762,location_8153_4942083325006061762,8153,True,,,
8154,4942942872141245210,location_8154_4942942872141245210,8154,True,,,
8155,4945120199265832804,location_8155_4945120199265832804,8155,True,,,
8156,4947062818918133739,location_8156_4947062818918133739,8156,True,,,
8157,4949439678504323459,location_8157_4949439678504323459,8157,True,,,
8158,4950523664013267633,location_8158_4950523664013267633,8158,True,,,
8159,4951068089407953851,location_8159_4951068089407953851,8159,True,,,
8160,4951164950577469656,location_8160_4951164950577469656,8160,True,,,
8161,4951732350777475947,location_8161_4951732350777475947,8161,True,,,
8162,4952057924910407840,location_8162_4952057924910407840,8162,True,,,
8163,4953935388656475543,location_8163_4953935388656475543,8163,True,,,
8164,4959296736831506161,location_8164_4959296736831506161,8164,True,,,
8165,4961004942154476663,location_8165_4961004942154476663,8165,True,,,
8166,4963093357448195923,location_8166_4963093357448195923,8166,True,,,
8167,496685378744345872,location_8167_496685378744345872,8167,True,,,
8168,4966959699445204603,location_8168_4966959699445204603,8168,True,,,
8169,4967159190357224892,location_8169_4967159190357224892,8169,True,,,
8170,4969588994232581171,location_8170_4969588994232581171,8170,True,,,
8171,4969977685945467071,location_8171_4969977685945467071,8171,True,,,
8172,4970450103489918341,location_8172_4970450103489918341,8172,True,,,
8173,4970888805717194936,location_8173_4970888805717194936,8173,True,,,
8174,4977230287817251840,location_8174_4977230287817251840,8174,True,,,
8175,4977684503971842973,location_8175_4977684503971842973,8175,True,,,
8176,4977792845705257803,location_8176_4977792845705257803,8176,True,,,
8177,4980990107953474098,location_8177_4980990107953474098,8177,True,,,
8178,4982957242083651326,location_8178_4982957242083651326,8178,True,,,
8179,4983066612098525581,location_8179_4983066612098525581,8179,True,,,
8180,4983308050949756915,location_8180_4983308050949756915,8180,True,,,
8181,4983583354696238346,location_8181_4983583354696238346,8181,True,,,
8182,4984185715459867927,location_8182_4984185715459867927,8182,True,,,
8183,4988405437261950610,location_8183_4988405437261950610,8183,True,,,
8184,4989167679778803441,location_8184_4989167679778803441,8184,True,,,
8185,498977387504111739,location_8185_498977387504111739,8185,True,,,
8186,4990058255967621807,location_8186_4990058255967621807,8186,True,,,
8187,4991598097109838338,location_8187_4991598097109838338,8187,True,,,
8188,4992673675656059959,location_8188_4992673675656059959,8188,True,,,
8189,4992766666664640992,location_8189_4992766666664640992,8189,True,,,
8190,499384328797882437,location_8190_499384328797882437,8190,True,,,
8191,499638754131067323,location_8191_499638754131067323,8191,True,,,
8192,4996741631202857837,location_8192_4996741631202857837,8192,True,,,
8193,4997470363194961203,location_8193_4997470363194961203,8193,True,,,
8194,4998057108995453108,location_8194_4998057108995453108,8194,True,,,
8195,4999706822969106593,location_8195_4999706822969106593,8195,True,,,
8196,500202168191671673,location_8196_500202168191671673,8196,True,,,
8197,5002146495411210095,location_8197_5002146495411210095,8197,True,,,
8198,500271936634504554,location_8198_500271936634504554,8198,True,,,
8199,5003078300448646744,location_8199_5003078300448646744,8199,True,,,
8200,5007834818552084825,location_8200_5007834818552084825,8200,True,,,
8201,5008377101183035663,location_8201_5008377101183035663,8201,True,,,
8202,501149677765812358,location_8202_501149677765812358,8202,True,,,
8203,5013176950806912766,location_8203_5013176950806912766,8203,True,,,
8204,50146530259216231,location_8204_50146530259216231,8204,True,,,
8205,5014684148691687379,location_8205_5014684148691687379,8205,True,,,
8206,5015543321718478091,location_8206_5015543321718478091,8206,True,,,
8207,5015675177472243703,location_8207_5015675177472243703,8207,True,,,
8208,5015746474650011470,location_8208_5015746474650011470,8208,True,,,
8209,5016578974338928909,location_8209_5016578974338928909,8209,True,,,
8210,5016780462094425336,location_8210_5016780462094425336,8210,True,,,
8211,5017576453301982631,location_8211_5017576453301982631,8211,True,,,
8212,5017919517662970202,location_8212_5017919517662970202,8212,True,,,
8213,5017926634341110224,location_8213_5017926634341110224,8213,True,,,
8214,5019447824312539638,location_8214_5019447824312539638,8214,True,,,
8215,5020162894193220820,location_8215_5020162894193220820,8215,True,,,
8216,5021581307884915333,location_8216_5021581307884915333,8216,True,,,
8217,5022079952614668896,location_8217_5022079952614668896,8217,True,,,
8218,5023277857611279563,location_8218_5023277857611279563,8218,True,,,
8219,5023826383020979536,location_8219_5023826383020979536,8219,True,,,
8220,5025154369314186911,location_8220_5025154369314186911,8220,True,,,
8221,502559969274951612,location_8221_502559969274951612,8221,True,,,
8222,5027930942845392606,location_8222_5027930942845392606,8222,True,,,
8223,5031358047091443155,location_8223_5031358047091443155,8223,True,,,
8224,504109764957319735,location_8224_504109764957319735,8224,True,,,
8225,5044068911542773347,location_8225_5044068911542773347,8225,True,,,
8226,5044593768479469943,location_8226_5044593768479469943,8226,True,,,
8227,504764825299183030,location_8227_504764825299183030,8227,True,,,
8228,5048274332913362097,location_8228_5048274332913362097,8228,True,,,
8229,5048509772976425530,location_8229_5048509772976425530,8229,True,,,
8230,5048874302808631958,location_8230_5048874302808631958,8230,True,,,
8231,5049145914668014511,location_8231_5049145914668014511,8231,True,,,
8232,5052118944665770555,location_8232_5052118944665770555,8232,True,,,
8233,5053365691463968858,location_8233_5053365691463968858,8233,True,,,
8234,5054124335449458913,location_8234_5054124335449458913,8234,True,,,
8235,5054708448218865995,location_8235_5054708448218865995,8235,True,,,
8236,5054815067200466363,location_8236_5054815067200466363,8236,True,,,
8237,5056331181236380619,location_8237_5056331181236380619,8237,True,,,
8238,5056756368171792481,location_8238_5056756368171792481,8238,True,,,
8239,5059513860268422980,location_8239_5059513860268422980,8239,True,,,
8240,5060634900666164371,location_8240_5060634900666164371,8240,True,,,
8241,5061164755778168236,location_8241_5061164755778168236,8241,True,,,
8242,5061558811733519613,location_8242_5061558811733519613,8242,True,,,
8243,5064272350776466524,location_8243_5064272350776466524,8243,True,,,
8244,506466575246578065,location_8244_506466575246578065,8244,True,,,
8245,506755211290656261,location_8245_506755211290656261,8245,True,,,
8246,5070111468499823081,location_8246_5070111468499823081,8246,True,,,
8247,5075546195895564283,location_8247_5075546195895564283,8247,True,,,
8248,5077376608582203864,location_8248_5077376608582203864,8248,True,,,
8249,5080279445063197197,location_8249_5080279445063197197,8249,True,,,
8250,5080766471147116897,location_8250_5080766471147116897,8250,True,,,
8251,5082256190026820762,location_8251_5082256190026820762,8251,True,,,
8252,5083454429882155018,location_8252_5083454429882155018,8252,True,,,
8253,5083710723268594635,location_8253_5083710723268594635,8253,True,,,
8254,5085149034280346110,location_8254_5085149034280346110,8254,True,,,
8255,5085226300919879440,location_8255_5085226300919879440,8255,True,,,
8256,5085758966148087534,location_8256_5085758966148087534,8256,True,,,
8257,5087098766780632254,location_8257_5087098766780632254,8257,True,,,
8258,5088125478691394059,location_8258_5088125478691394059,8258,True,,,
8259,5089960356851434702,location_8259_5089960356851434702,8259,True,,,
8260,5092034950680805660,location_8260_5092034950680805660,8260,True,,,
8261,5093380957616443438,location_8261_5093380957616443438,8261,True,,,
8262,509471505697478378,location_8262_509471505697478378,8262,True,,,
8263,5095957798111109028,location_8263_5095957798111109028,8263,True,,,
8264,5096146451189614770,location_8264_5096146451189614770,8264,True,,,
8265,509710107011294881,location_8265_509710107011294881,8265,True,,,
8266,5099212599737924297,location_8266_5099212599737924297,8266,True,,,
8267,5099301583135192874,location_8267_5099301583135192874,8267,True,,,
8268,5099687128700145624,location_8268_5099687128700145624,8268,True,,,
8269,5100282437470991167,location_8269_5100282437470991167,8269,True,,,
8270,5101920035099664502,location_8270_5101920035099664502,8270,True,,,
8271,5102448220555226571,location_8271_5102448220555226571,8271,True,,,
8272,5104303186838651007,location_8272_5104303186838651007,8272,True,,,
8273,5104993669874248139,location_8273_5104993669874248139,8273,True,,,
8274,5106122279964481465,location_8274_5106122279964481465,8274,True,,,
8275,5106485103938142256,location_8275_5106485103938142256,8275,True,,,
8276,5108026627446693085,location_8276_5108026627446693085,8276,True,,,
8277,5111620622254777539,location_8277_5111620622254777539,8277,True,,,
8278,5111872545315582519,location_8278_5111872545315582519,8278,True,,,
8279,5114146939721600473,location_8279_5114146939721600473,8279,True,,,
8280,5114882794730292084,location_8280_5114882794730292084,8280,True,,,
8281,511600984549940995,location_8281_511600984549940995,8281,True,,,
8282,5116467025869820777,location_8282_5116467025869820777,8282,True,,,
8283,5117625326843558503,location_8283_5117625326843558503,8283,True,,,
8284,5118622411416820787,location_8284_5118622411416820787,8284,True,,,
8285,5118645743960701190,location_8285_5118645743960701190,8285,True,,,
8286,5119714718989309643,location_8286_5119714718989309643,8286,True,,,
8287,5120464422655593486,location_8287_5120464422655593486,8287,True,,,
8288,512073387048818503,location_8288_512073387048818503,8288,True,,,
8289,5121673440913402493,location_8289_5121673440913402493,8289,True,,,
8290,5122792011079533695,location_8290_5122792011079533695,8290,True,,,
8291,512416766570348313,location_8291_512416766570348313,8291,True,,,
8292,5124373749425334351,location_8292_5124373749425334351,8292,True,,,
8293,5127568147130840897,location_8293_5127568147130840897,8293,True,,,
8294,5129062453890107867,location_8294_5129062453890107867,8294,True,,,
8295,512942012043183293,location_8295_512942012043183293,8295,True,,,
8296,5129706484464171678,location_8296_5129706484464171678,8296,True,,,
8297,5130497419229901145,location_8297_5130497419229901145,8297,True,,,
8298,5133082442387020448,location_8298_5133082442387020448,8298,True,,,
8299,513398054623238189,location_8299_513398054623238189,8299,True,,,
8300,5134583695344650604,location_8300_5134583695344650604,8300,True,,,
8301,5137193279446756950,location_8301_5137193279446756950,8301,True,,,
8302,5137572295071797132,location_8302_5137572295071797132,8302,True,,,
8303,5137589344413249609,location_8303_5137589344413249609,8303,True,,,
8304,5137751152046787601,location_8304_5137751152046787601,8304,True,,,
8305,5140104995859378006,location_8305_5140104995859378006,8305,True,,,
8306,514301817056961175,location_8306_514301817056961175,8306,True,,,
8307,5145009474227582016,location_8307_5145009474227582016,8307,True,,,
8308,5146829085735060938,location_8308_5146829085735060938,8308,True,,,
8309,5148956515297567518,location_8309_5148956515297567518,8309,True,,,
8310,5149846804049927170,location_8310_5149846804049927170,8310,True,,,
8311,5150722917214661487,location_8311_5150722917214661487,8311,True,,,
8312,5153507136132914823,location_8312_5153507136132914823,8312,True,,,
8313,5154388962955509221,location_8313_5154388962955509221,8313,True,,,
8314,5155734372764649601,location_8314_5155734372764649601,8314,True,,,
8315,5157822489810445728,location_8315_5157822489810445728,8315,True,,,
8316,5160302427701996809,location_8316_5160302427701996809,8316,True,,,
8317,5161345747075398390,location_8317_5161345747075398390,8317,True,,,
8318,5162443224786570565,location_8318_5162443224786570565,8318,True,,,
8319,516258270810137805,location_8319_516258270810137805,8319,True,,,
8320,5163471154600044530,location_8320_5163471154600044530,8320,True,,,
8321,516452116503593413,location_8321_516452116503593413,8321,True,,,
8322,5164956082457132545,location_8322_5164956082457132545,8322,True,,,
8323,5167114170756882565,location_8323_5167114170756882565,8323,True,,,
8324,5167241102830243444,location_8324_5167241102830243444,8324,True,,,
8325,5169239771679593439,location_8325_5169239771679593439,8325,True,,,
8326,5172331267195971544,location_8326_5172331267195971544,8326,True,,,
8327,5173811408062260276,location_8327_5173811408062260276,8327,True,,,
8328,5175139060044626230,location_8328_5175139060044626230,8328,True,,,
8329,5176563241889058943,location_8329_5176563241889058943,8329,True,,,
8330,5180495759164205549,location_8330_5180495759164205549,8330,True,,,
8331,5183457428711283686,location_8331_5183457428711283686,8331,True,,,
8332,5184105738437145398,location_8332_5184105738437145398,8332,True,,,
8333,5184635967837671921,location_8333_5184635967837671921,8333,True,,,
8334,5188883664611222333,location_8334_5188883664611222333,8334,True,,,
8335,5188951379759747777,location_8335_5188951379759747777,8335,True,,,
8336,5192710536618670698,location_8336_5192710536618670698,8336,True,,,
8337,5194603829754735650,location_8337_5194603829754735650,8337,True,,,
8338,5194688225799871231,location_8338_5194688225799871231,8338,True,,,
8339,5195855960621835445,location_8339_5195855960621835445,8339,True,,,
8340,5195931133272801901,location_8340_5195931133272801901,8340,True,,,
8341,5199643337300428874,location_8341_5199643337300428874,8341,True,,,
8342,520002508278943165,location_8342_520002508278943165,8342,True,,,
8343,5200256866357219691,location_8343_5200256866357219691,8343,True,,,
8344,5200342369214504321,location_8344_5200342369214504321,8344,True,,,
8345,5200534032277076163,location_8345_5200534032277076163,8345,True,,,
8346,5201809479893702272,location_8346_5201809479893702272,8346,True,,,
8347,5204674009535801782,location_8347_5204674009535801782,8347,True,,,
8348,5206885200103670065,location_8348_5206885200103670065,8348,True,,,
8349,5207225678097813896,location_8349_5207225678097813896,8349,True,,,
8350,5208586553440188162,location_8350_5208586553440188162,8350,True,,,
8351,5209180355059183792,location_8351_5209180355059183792,8351,True,,,
8352,520935888098869925,location_8352_520935888098869925,8352,True,,,
8353,5209611166466221129,location_8353_5209611166466221129,8353,True,,,
8354,521101416871035898,location_8354_521101416871035898,8354,True,,,
8355,5211483633648332185,location_8355_5211483633648332185,8355,True,,,
8356,5213627289191583814,location_8356_5213627289191583814,8356,True,,,
8357,5215015563415522420,location_8357_5215015563415522420,8357,True,,,
8358,5217112384539678128,location_8358_5217112384539678128,8358,True,,,
8359,5217196025634581671,location_8359_5217196025634581671,8359,True,,,
8360,5217278799503363242,location_8360_5217278799503363242,8360,True,,,
8361,5218418992120987731,location_8361_5218418992120987731,8361,True,,,
8362,5221663430190895778,location_8362_5221663430190895778,8362,True,,,
8363,5223178378907491564,location_8363_5223178378907491564,8363,True,,,
8364,5223353600674830155,location_8364_5223353600674830155,8364,True,,,
8365,522527910591914948,location_8365_522527910591914948,8365,True,,,
8366,5226009718290003874,location_8366_5226009718290003874,8366,True,,,
8367,5227393622976716603,location_8367_5227393622976716603,8367,True,,,
8368,5229363824212403207,location_8368_5229363824212403207,8368,True,,,
8369,52294687470761090,location_8369_52294687470761090,8369,True,,,
8370,5230735988548994764,location_8370_5230735988548994764,8370,True,,,
8371,523117037070659350,location_8371_523117037070659350,8371,True,,,
8372,5235512316147736797,location_8372_5235512316147736797,8372,True,,,
8373,5236377088176745642,location_8373_5236377088176745642,8373,True,,,
8374,5236950680209950166,location_8374_5236950680209950166,8374,True,,,
8375,5238050393579484189,location_8375_5238050393579484189,8375,True,,,
8376,5238109087835376748,location_8376_5238109087835376748,8376,True,,,
8377,5238510524617430143,location_8377_5238510524617430143,8377,True,,,
8378,5238572400993802361,location_8378_5238572400993802361,8378,True,,,
8379,5239807412692091982,location_8379_5239807412692091982,8379,True,,,
8380,524128598382178458,location_8380_524128598382178458,8380,True,,,
8381,5242524635722079830,location_8381_5242524635722079830,8381,True,,,
8382,5246488051553712455,location_8382_5246488051553712455,8382,True,,,
8383,524766127289686857,location_8383_524766127289686857,8383,True,,,
8384,5250684661067214141,location_8384_5250684661067214141,8384,True,,,
8385,5252243239890080103,location_8385_5252243239890080103,8385,True,,,
8386,525525987134330325,location_8386_525525987134330325,8386,True,,,
8387,5255757348395640680,location_8387_5255757348395640680,8387,True,,,
8388,5256833199833286338,location_8388_5256833199833286338,8388,True,,,
8389,5260376297182927966,location_8389_5260376297182927966,8389,True,,,
8390,5262011872731270109,location_8390_5262011872731270109,8390,True,,,
8391,5262382172729435121,location_8391_5262382172729435121,8391,True,,,
8392,5264056722580770419,location_8392_5264056722580770419,8392,True,,,
8393,5264447922674733461,location_8393_5264447922674733461,8393,True,,,
8394,5264582831308146286,location_8394_5264582831308146286,8394,True,,,
8395,5264592579668768837,location_8395_5264592579668768837,8395,True,,,
8396,5265925654497973887,location_8396_5265925654497973887,8396,True,,,
8397,5266171176288907263,location_8397_5266171176288907263,8397,True,,,
8398,5266835026233825456,location_8398_5266835026233825456,8398,True,,,
8399,5266949004398565414,location_8399_5266949004398565414,8399,True,,,
8400,5267035138249173467,location_8400_5267035138249173467,8400,True,,,
8401,5267342477429400364,location_8401_5267342477429400364,8401,True,,,
8402,5268040577523168365,location_8402_5268040577523168365,8402,True,,,
8403,5270009727566213329,location_8403_5270009727566213329,8403,True,,,
8404,527566676050849164,location_8404_527566676050849164,8404,True,,,
8405,5276019143356509161,location_8405_5276019143356509161,8405,True,,,
8406,5276135069425031979,location_8406_5276135069425031979,8406,True,,,
8407,5276250620898996097,location_8407_5276250620898996097,8407,True,,,
8408,5277973328382919192,location_8408_5277973328382919192,8408,True,,,
8409,5280945538532059814,location_8409_5280945538532059814,8409,True,,,
8410,5281399079578423299,location_8410_5281399079578423299,8410,True,,,
8411,5282046832556886804,location_8411_5282046832556886804,8411,True,,,
8412,5283015299042603227,location_8412_5283015299042603227,8412,True,,,
8413,5293369926366017575,location_8413_5293369926366017575,8413,True,,,
8414,529346358256275219,location_8414_529346358256275219,8414,True,,,
8415,529483610020715527,location_8415_529483610020715527,8415,True,,,
8416,5294989695457579372,location_8416_5294989695457579372,8416,True,,,
8417,529923804992306431,location_8417_529923804992306431,8417,True,,,
8418,5299978840379464572,location_8418_5299978840379464572,8418,True,,,
8419,5301507661030043715,location_8419_5301507661030043715,8419,True,,,
8420,530154577974714923,location_8420_530154577974714923,8420,True,,,
8421,530173302581944108,location_8421_530173302581944108,8421,True,,,
8422,5302975053418571771,location_8422_5302975053418571771,8422,True,,,
8423,5313124400352764891,location_8423_5313124400352764891,8423,True,,,
8424,5313690525141986749,location_8424_5313690525141986749,8424,True,,,
8425,5315280932519717170,location_8425_5315280932519717170,8425,True,,,
8426,5317584131987743276,location_8426_5317584131987743276,8426,True,,,
8427,5318750467515025989,location_8427_5318750467515025989,8427,True,,,
8428,5319730226836271298,location_8428_5319730226836271298,8428,True,,,
8429,5320806711946544467,location_8429_5320806711946544467,8429,True,,,
8430,5321236515296662189,location_8430_5321236515296662189,8430,True,,,
8431,5322281225098997393,location_8431_5322281225098997393,8431,True,,,
8432,5328386126169766422,location_8432_5328386126169766422,8432,True,,,
8433,5328563886718348953,location_8433_5328563886718348953,8433,True,,,
8434,5329032722022894917,location_8434_5329032722022894917,8434,True,,,
8435,533232715845823721,location_8435_533232715845823721,8435,True,,,
8436,5333753944897204668,location_8436_5333753944897204668,8436,True,,,
8437,5334731233780472,location_8437_5334731233780472,8437,True,,,
8438,5334801095262694626,location_8438_5334801095262694626,8438,True,,,
8439,533526314307815704,location_8439_533526314307815704,8439,True,,,
8440,5335368420042192789,location_8440_5335368420042192789,8440,True,,,
8441,533598569090119858,location_8441_533598569090119858,8441,True,,,
8442,5338155237700485096,location_8442_5338155237700485096,8442,True,,,
8443,5341816562408542882,location_8443_5341816562408542882,8443,True,,,
8444,5342450009649999450,location_8444_5342450009649999450,8444,True,,,
8445,5342911464187968731,location_8445_5342911464187968731,8445,True,,,
8446,5346581455618242196,location_8446_5346581455618242196,8446,True,,,
8447,5346786292062816968,location_8447_5346786292062816968,8447,True,,,
8448,5348006389536275441,location_8448_5348006389536275441,8448,True,,,
8449,5348767732464887135,location_8449_5348767732464887135,8449,True,,,
8450,5348911005088284975,location_8450_5348911005088284975,8450,True,,,
8451,5349691423837450253,location_8451_5349691423837450253,8451,True,,,
8452,5350043835624537414,location_8452_5350043835624537414,8452,True,,,
8453,5350713207851036428,location_8453_5350713207851036428,8453,True,,,
8454,5351459632712748393,location_8454_5351459632712748393,8454,True,,,
8455,5351663240314733092,location_8455_5351663240314733092,8455,True,,,
8456,5358041027767701518,location_8456_5358041027767701518,8456,True,,,
8457,5358336235939116800,location_8457_5358336235939116800,8457,True,,,
8458,5358471278510882525,location_8458_5358471278510882525,8458,True,,,
8459,5358981185201545222,location_8459_5358981185201545222,8459,True,,,
8460,5359641282953000438,location_8460_5359641282953000438,8460,True,,,
8461,5359945597300351927,location_8461_5359945597300351927,8461,True,,,
8462,5360634738528170503,location_8462_5360634738528170503,8462,True,,,
8463,5361946977991928627,location_8463_5361946977991928627,8463,True,,,
8464,5371907616434332412,location_8464_5371907616434332412,8464,True,,,
8465,5372487619318439446,location_8465_5372487619318439446,8465,True,,,
8466,5373362771381406612,location_8466_5373362771381406612,8466,True,,,
8467,5376229591064183686,location_8467_5376229591064183686,8467,True,,,
8468,5379907659132628229,location_8468_5379907659132628229,8468,True,,,
8469,5380887579714824330,location_8469_5380887579714824330,8469,True,,,
8470,538204303894939534,location_8470_538204303894939534,8470,True,,,
8471,5382148365085685985,location_8471_5382148365085685985,8471,True,,,
8472,5382423781315843538,location_8472_5382423781315843538,8472,True,,,
8473,5383975216586076746,location_8473_5383975216586076746,8473,True,,,
8474,5384277032562808893,location_8474_5384277032562808893,8474,True,,,
8475,5384586358533372970,location_8475_5384586358533372970,8475,True,,,
8476,5388356288377426134,location_8476_5388356288377426134,8476,True,,,
8477,539198508058407694,location_8477_539198508058407694,8477,True,,,
8478,5394018333094161533,location_8478_5394018333094161533,8478,True,,,
8479,5394162749671336095,location_8479_5394162749671336095,8479,True,,,
8480,5395358784044692394,location_8480_5395358784044692394,8480,True,,,
8481,5395741772797209815,location_8481_5395741772797209815,8481,True,,,
8482,5396014185025192333,location_8482_5396014185025192333,8482,True,,,
8483,5396631264926319219,location_8483_5396631264926319219,8483,True,,,
8484,5397169829891055910,location_8484_5397169829891055910,8484,True,,,
8485,539915730151285696,location_8485_539915730151285696,8485,True,,,
8486,5400366783687880944,location_8486_5400366783687880944,8486,True,,,
8487,5404041655474602495,location_8487_5404041655474602495,8487,True,,,
8488,5405088268675553580,location_8488_5405088268675553580,8488,True,,,
8489,5407797208407700387,location_8489_5407797208407700387,8489,True,,,
8490,5408153715562091073,location_8490_5408153715562091073,8490,True,,,
8491,5408755986753441960,location_8491_5408755986753441960,8491,True,,,
8492,5410524763873895196,location_8492_5410524763873895196,8492,True,,,
8493,541168757008043445,location_8493_541168757008043445,8493,True,,,
8494,5412293778826690934,location_8494_5412293778826690934,8494,True,,,
8495,5414056890582174633,location_8495_5414056890582174633,8495,True,,,
8496,5414293049326055596,location_8496_5414293049326055596,8496,True,,,
8497,5416153562102095254,location_8497_5416153562102095254,8497,True,,,
8498,5417439887040844979,location_8498_5417439887040844979,8498,True,,,
8499,5419089772411591454,location_8499_5419089772411591454,8499,True,,,
8500,5419484853485224377,location_8500_5419484853485224377,8500,True,,,
8501,5420341590825948782,location_8501_5420341590825948782,8501,True,,,
8502,5420934411901031359,location_8502_5420934411901031359,8502,True,,,
8503,542103771699143062,location_8503_542103771699143062,8503,True,,,
8504,5422622136382921649,location_8504_5422622136382921649,8504,True,,,
8505,5425084782833180919,location_8505_5425084782833180919,8505,True,,,
8506,542678777670208794,location_8506_542678777670208794,8506,True,,,
8507,542691358075549418,location_8507_542691358075549418,8507,True,,,
8508,5430003132567130556,location_8508_5430003132567130556,8508,True,,,
8509,5430318874096981463,location_8509_5430318874096981463,8509,True,,,
8510,5433723823942836985,location_8510_5433723823942836985,8510,True,,,
8511,5435973295415862190,location_8511_5435973295415862190,8511,True,,,
8512,5437619579132236278,location_8512_5437619579132236278,8512,True,,,
8513,543873613715581252,location_8513_543873613715581252,8513,True,,,
8514,5441963003033206405,location_8514_5441963003033206405,8514,True,,,
8515,5443181678268469842,location_8515_5443181678268469842,8515,True,,,
8516,5444377066147998284,location_8516_5444377066147998284,8516,True,,,
8517,5445717469198224857,location_8517_5445717469198224857,8517,True,,,
8518,5446051820856189131,location_8518_5446051820856189131,8518,True,,,
8519,5448707312142967407,location_8519_5448707312142967407,8519,True,,,
8520,5448881039894306752,location_8520_5448881039894306752,8520,True,,,
8521,5453199350491301749,location_8521_5453199350491301749,8521,True,,,
8522,545396999240934909,location_8522_545396999240934909,8522,True,,,
8523,5454291159449196113,location_8523_5454291159449196113,8523,True,,,
8524,5462492777419449563,location_8524_5462492777419449563,8524,True,,,
8525,5462907786211526262,location_8525_5462907786211526262,8525,True,,,
8526,5463110668918256185,location_8526_5463110668918256185,8526,True,,,
8527,5463792236737595692,location_8527_5463792236737595692,8527,True,,,
8528,5464761389741008839,location_8528_5464761389741008839,8528,True,,,
8529,5466934552288295077,location_8529_5466934552288295077,8529,True,,,
8530,5469224986194263088,location_8530_5469224986194263088,8530,True,,,
8531,547054608412774281,location_8531_547054608412774281,8531,True,,,
8532,5470865749309865097,location_8532_5470865749309865097,8532,True,,,
8533,5473008236902641307,location_8533_5473008236902641307,8533,True,,,
8534,5473975422387734354,location_8534_5473975422387734354,8534,True,,,
8535,5476763452352402539,location_8535_5476763452352402539,8535,True,,,
8536,5478649325974687507,location_8536_5478649325974687507,8536,True,,,
8537,5478753157681745705,location_8537_5478753157681745705,8537,True,,,
8538,5479536690281594567,location_8538_5479536690281594567,8538,True,,,
8539,5481076270884123653,location_8539_5481076270884123653,8539,True,,,
8540,5484846215839676889,location_8540_5484846215839676889,8540,True,,,
8541,5488252094258553099,location_8541_5488252094258553099,8541,True,,,
8542,5489143979240460213,location_8542_5489143979240460213,8542,True,,,
8543,5492699152517815944,location_8543_5492699152517815944,8543,True,,,
8544,5493703847617942934,location_8544_5493703847617942934,8544,True,,,
8545,5493800735211818256,location_8545_5493800735211818256,8545,True,,,
8546,5495003092100205730,location_8546_5495003092100205730,8546,True,,,
8547,5498219175961417969,location_8547_5498219175961417969,8547,True,,,
8548,5501466006493489100,location_8548_5501466006493489100,8548,True,,,
8549,5502604703873067718,location_8549_5502604703873067718,8549,True,,,
8550,5504101793124468832,location_8550_5504101793124468832,8550,True,,,
8551,5505655267129737747,location_8551_5505655267129737747,8551,True,,,
8552,5506279675795097678,location_8552_5506279675795097678,8552,True,,,
8553,5506282023099727283,location_8553_5506282023099727283,8553,True,,,
8554,5506749735156070568,location_8554_5506749735156070568,8554,True,,,
8555,5506979990176280607,location_8555_5506979990176280607,8555,True,,,
8556,5509023844487085815,location_8556_5509023844487085815,8556,True,,,
8557,5510258501636975600,location_8557_5510258501636975600,8557,True,,,
8558,5512481558526976326,location_8558_5512481558526976326,8558,True,,,
8559,5512530438075304917,location_8559_5512530438075304917,8559,True,,,
8560,5514573982850155746,location_8560_5514573982850155746,8560,True,,,
8561,551669280933866888,location_8561_551669280933866888,8561,True,,,
8562,5517600234523504053,location_8562_5517600234523504053,8562,True,,,
8563,5518715152560177163,location_8563_5518715152560177163,8563,True,,,
8564,5519219255003046627,location_8564_5519219255003046627,8564,True,,,
8565,5522417265044234131,location_8565_5522417265044234131,8565,True,,,
8566,5522810937346452426,location_8566_5522810937346452426,8566,True,,,
8567,5523600132182118084,location_8567_5523600132182118084,8567,True,,,
8568,5524693624790692241,location_8568_5524693624790692241,8568,True,,,
8569,5525679643857149045,location_8569_5525679643857149045,8569,True,,,
8570,5530965665397509104,location_8570_5530965665397509104,8570,True,,,
8571,5532276751695866628,location_8571_5532276751695866628,8571,True,,,
8572,5533396667050718899,location_8572_5533396667050718899,8572,True,,,
8573,5533587533985423279,location_8573_5533587533985423279,8573,True,,,
8574,5534573961026348418,location_8574_5534573961026348418,8574,True,,,
8575,5537917074715350211,location_8575_5537917074715350211,8575,True,,,
8576,553929008422928612,location_8576_553929008422928612,8576,True,,,
8577,5539416246655032131,location_8577_5539416246655032131,8577,True,,,
8578,5539974307301859763,location_8578_5539974307301859763,8578,True,,,
8579,5541285952333112639,location_8579_5541285952333112639,8579,True,,,
8580,554159125276485840,location_8580_554159125276485840,8580,True,,,
8581,554566317576494664,location_8581_554566317576494664,8581,True,,,
8582,5546448590683738994,location_8582_5546448590683738994,8582,True,,,
8583,5546492059279643512,location_8583_5546492059279643512,8583,True,,,
8584,5548926677925597653,location_8584_5548926677925597653,8584,True,,,
8585,5549024915836923331,location_8585_5549024915836923331,8585,True,,,
8586,5549662487462223162,location_8586_5549662487462223162,8586,True,,,
8587,5549922182036166760,location_8587_5549922182036166760,8587,True,,,
8588,5551494188643585880,location_8588_5551494188643585880,8588,True,,,
8589,5553080731060623305,location_8589_5553080731060623305,8589,True,,,
8590,5555550997883094212,location_8590_5555550997883094212,8590,True,,,
8591,5555654419432745821,location_8591_5555654419432745821,8591,True,,,
8592,5555942632030092278,location_8592_5555942632030092278,8592,True,,,
8593,555754520974241928,location_8593_555754520974241928,8593,True,,,
8594,5560635139383359507,location_8594_5560635139383359507,8594,True,,,
8595,5561192442033320426,location_8595_5561192442033320426,8595,True,,,
8596,5563275052421400084,location_8596_5563275052421400084,8596,True,,,
8597,5563671524114531782,location_8597_5563671524114531782,8597,True,,,
8598,5564181212389042362,location_8598_5564181212389042362,8598,True,,,
8599,5565470911331177111,location_8599_5565470911331177111,8599,True,,,
8600,5565631880263260076,location_8600_5565631880263260076,8600,True,,,
8601,5565808077447729388,location_8601_5565808077447729388,8601,True,,,
8602,5566526256496094616,location_8602_5566526256496094616,8602,True,,,
8603,5567022528303613546,location_8603_5567022528303613546,8603,True,,,
8604,5567204251374510826,location_8604_5567204251374510826,8604,True,,,
8605,5567890927778543729,location_8605_5567890927778543729,8605,True,,,
8606,5568596347047390880,location_8606_5568596347047390880,8606,True,,,
8607,5569235276695359237,location_8607_5569235276695359237,8607,True,,,
8608,5570714695147469294,location_8608_5570714695147469294,8608,True,,,
8609,5570812208254901848,location_8609_5570812208254901848,8609,True,,,
8610,5571005785175421895,location_8610_5571005785175421895,8610,True,,,
8611,5573006080305571473,location_8611_5573006080305571473,8611,True,,,
8612,5573481214067587923,location_8612_5573481214067587923,8612,True,,,
8613,5576340413396582180,location_8613_5576340413396582180,8613,True,,,
8614,5579052714680837821,location_8614_5579052714680837821,8614,True,,,
8615,5579128689960597952,location_8615_5579128689960597952,8615,True,,,
8616,5579719189101767867,location_8616_5579719189101767867,8616,True,,,
8617,5580860269344860010,location_8617_5580860269344860010,8617,True,,,
8618,5581132971984918442,location_8618_5581132971984918442,8618,True,,,
8619,558147572988582440,location_8619_558147572988582440,8619,True,,,
8620,5581959496831059999,location_8620_5581959496831059999,8620,True,,,
8621,5582050581084229471,location_8621_5582050581084229471,8621,True,,,
8622,5582377070410857536,location_8622_5582377070410857536,8622,True,,,
8623,5583063904645702016,location_8623_5583063904645702016,8623,True,,,
8624,5584118432120566885,location_8624_5584118432120566885,8624,True,,,
8625,5585714412366951340,location_8625_5585714412366951340,8625,True,,,
8626,5586096317685036525,location_8626_5586096317685036525,8626,True,,,
8627,5587685474404220858,location_8627_5587685474404220858,8627,True,,,
8628,5588098557974357425,location_8628_5588098557974357425,8628,True,,,
8629,5588117656106732244,location_8629_5588117656106732244,8629,True,,,
8630,5589259862562498338,location_8630_5589259862562498338,8630,True,,,
8631,5594234764381320339,location_8631_5594234764381320339,8631,True,,,
8632,5594731998389278939,location_8632_5594731998389278939,8632,True,,,
8633,5597725129921648092,location_8633_5597725129921648092,8633,True,,,
8634,5597777124414865833,location_8634_5597777124414865833,8634,True,,,
8635,5599793856828482002,location_8635_5599793856828482002,8635,True,,,
8636,5600757094597304280,location_8636_5600757094597304280,8636,True,,,
8637,5600879089118766609,location_8637_5600879089118766609,8637,True,,,
8638,5601902258018103561,location_8638_5601902258018103561,8638,True,,,
8639,5602605367335769308,location_8639_5602605367335769308,8639,True,,,
8640,5603415196074596513,location_8640_5603415196074596513,8640,True,,,
8641,5607481584155701211,location_8641_5607481584155701211,8641,True,,,
8642,560890473281222808,location_8642_560890473281222808,8642,True,,,
8643,5609599210879673086,location_8643_5609599210879673086,8643,True,,,
8644,5610291794243980564,location_8644_5610291794243980564,8644,True,,,
8645,5612479692875567084,location_8645_5612479692875567084,8645,True,,,
8646,5612693259312436729,location_8646_5612693259312436729,8646,True,,,
8647,5612828189714727412,location_8647_5612828189714727412,8647,True,,,
8648,5613224039261083311,location_8648_5613224039261083311,8648,True,,,
8649,5613822041537970576,location_8649_5613822041537970576,8649,True,,,
8650,5615129303342567594,location_8650_5615129303342567594,8650,True,,,
8651,5615283052738017722,location_8651_5615283052738017722,8651,True,,,
8652,5615556371565540112,location_8652_5615556371565540112,8652,True,,,
8653,5616643572141307676,location_8653_5616643572141307676,8653,True,,,
8654,5618262381141209189,location_8654_5618262381141209189,8654,True,,,
8655,5618853862063107109,location_8655_5618853862063107109,8655,True,,,
8656,5619358979229932711,location_8656_5619358979229932711,8656,True,,,
8657,562135201851202177,location_8657_562135201851202177,8657,True,,,
8658,5621384065920569007,location_8658_5621384065920569007,8658,True,,,
8659,5621651558793805136,location_8659_5621651558793805136,8659,True,,,
8660,5624208463644510491,location_8660_5624208463644510491,8660,True,,,
8661,5626320514700789482,location_8661_5626320514700789482,8661,True,,,
8662,5626783142621064522,location_8662_5626783142621064522,8662,True,,,
8663,5631877721675744646,location_8663_5631877721675744646,8663,True,,,
8664,5631922312518841698,location_8664_5631922312518841698,8664,True,,,
8665,5633383626495208602,location_8665_5633383626495208602,8665,True,,,
8666,5634027506345801433,location_8666_5634027506345801433,8666,True,,,
8667,5636837374803925755,location_8667_5636837374803925755,8667,True,,,
8668,5637283780675796097,location_8668_5637283780675796097,8668,True,,,
8669,5639471996499944192,location_8669_5639471996499944192,8669,True,,,
8670,5640590063585888482,location_8670_5640590063585888482,8670,True,,,
8671,5640608605338862759,location_8671_5640608605338862759,8671,True,,,
8672,5641684990645700415,location_8672_5641684990645700415,8672,True,,,
8673,564260930606643459,location_8673_564260930606643459,8673,True,,,
8674,5642816305083487163,location_8674_5642816305083487163,8674,True,,,
8675,5647157090601602173,location_8675_5647157090601602173,8675,True,,,
8676,5647364496830194705,location_8676_5647364496830194705,8676,True,,,
8677,5649926153278189836,location_8677_5649926153278189836,8677,True,,,
8678,5650088920380458382,location_8678_5650088920380458382,8678,True,,,
8679,5650258464838760903,location_8679_5650258464838760903,8679,True,,,
8680,5650972590277891293,location_8680_5650972590277891293,8680,True,,,
8681,5651348745390980470,location_8681_5651348745390980470,8681,True,,,
8682,5657069040281620394,location_8682_5657069040281620394,8682,True,,,
8683,5659942755863478319,location_8683_5659942755863478319,8683,True,,,
8684,5660787096757894500,location_8684_5660787096757894500,8684,True,,,
8685,5661207650751536179,location_8685_5661207650751536179,8685,True,,,
8686,5661410673395184511,location_8686_5661410673395184511,8686,True,,,
8687,5661981275439936403,location_8687_5661981275439936403,8687,True,,,
8688,5662093697669895237,location_8688_5662093697669895237,8688,True,,,
8689,5663538610946829091,location_8689_5663538610946829091,8689,True,,,
8690,5667929835420912169,location_8690_5667929835420912169,8690,True,,,
8691,5667999237302246384,location_8691_5667999237302246384,8691,True,,,
8692,5668871570590264770,location_8692_5668871570590264770,8692,True,,,
8693,5670209879021207838,location_8693_5670209879021207838,8693,True,,,
8694,5675106249004046881,location_8694_5675106249004046881,8694,True,,,
8695,5678048376373609069,location_8695_5678048376373609069,8695,True,,,
8696,5679169552162664395,location_8696_5679169552162664395,8696,True,,,
8697,5679791329967707672,location_8697_5679791329967707672,8697,True,,,
8698,5680761408144459114,location_8698_5680761408144459114,8698,True,,,
8699,5681267588648379730,location_8699_5681267588648379730,8699,True,,,
8700,5681519073719234986,location_8700_5681519073719234986,8700,True,,,
8701,5681960727423822633,location_8701_5681960727423822633,8701,True,,,
8702,5682168639324229240,location_8702_5682168639324229240,8702,True,,,
8703,5682187952903850308,location_8703_5682187952903850308,8703,True,,,
8704,568417004647115962,location_8704_568417004647115962,8704,True,,,
8705,5687241879311435442,location_8705_5687241879311435442,8705,True,,,
8706,5687545408046623169,location_8706_5687545408046623169,8706,True,,,
8707,5691057174095472766,location_8707_5691057174095472766,8707,True,,,
8708,5691472621530430142,location_8708_5691472621530430142,8708,True,,,
8709,569371020197758933,location_8709_569371020197758933,8709,True,,,
8710,5693932308183344914,location_8710_5693932308183344914,8710,True,,,
8711,5694138184588251198,location_8711_5694138184588251198,8711,True,,,
8712,5695691771651079247,location_8712_5695691771651079247,8712,True,,,
8713,5697216990629941419,location_8713_5697216990629941419,8713,True,,,
8714,5697722751575239192,location_8714_5697722751575239192,8714,True,,,
8715,5699521784098813562,location_8715_5699521784098813562,8715,True,,,
8716,5699938020918572084,location_8716_5699938020918572084,8716,True,,,
8717,5701180191491342179,location_8717_5701180191491342179,8717,True,,,
8718,5702289981086552080,location_8718_5702289981086552080,8718,True,,,
8719,5703241405607356072,location_8719_5703241405607356072,8719,True,,,
8720,5703623597120645587,location_8720_5703623597120645587,8720,True,,,
8721,5703896265162980975,location_8721_5703896265162980975,8721,True,,,
8722,570446827959646267,location_8722_570446827959646267,8722,True,,,
8723,570722722723253873,location_8723_570722722723253873,8723,True,,,
8724,5708192836815200615,location_8724_5708192836815200615,8724,True,,,
8725,5708854621328311079,location_8725_5708854621328311079,8725,True,,,
8726,5709331042728178412,location_8726_5709331042728178412,8726,True,,,
8727,5710154014310716415,location_8727_5710154014310716415,8727,True,,,
8728,5711199358481242475,location_8728_5711199358481242475,8728,True,,,
8729,571213620673430823,location_8729_571213620673430823,8729,True,,,
8730,5715329411919495111,location_8730_5715329411919495111,8730,True,,,
8731,5716161553369850455,location_8731_5716161553369850455,8731,True,,,
8732,5722080426300681966,location_8732_5722080426300681966,8732,True,,,
8733,5722491470345513712,location_8733_5722491470345513712,8733,True,,,
8734,5722493908514778950,location_8734_5722493908514778950,8734,True,,,
8735,5724503111697275669,location_8735_5724503111697275669,8735,True,,,
8736,5725179802432513148,location_8736_5725179802432513148,8736,True,,,
8737,5725219282186754023,location_8737_5725219282186754023,8737,True,,,
8738,5725862629602833556,location_8738_5725862629602833556,8738,True,,,
8739,5727768516718413441,location_8739_5727768516718413441,8739,True,,,
8740,5729211543266629564,location_8740_5729211543266629564,8740,True,,,
8741,5732554643119740736,location_8741_5732554643119740736,8741,True,,,
8742,5732908096231447460,location_8742_5732908096231447460,8742,True,,,
8743,5734188717579563709,location_8743_5734188717579563709,8743,True,,,
8744,5734411917815385136,location_8744_5734411917815385136,8744,True,,,
8745,5735572640018768745,location_8745_5735572640018768745,8745,True,,,
8746,5736808011136303460,location_8746_5736808011136303460,8746,True,,,
8747,5740524389152295380,location_8747_5740524389152295380,8747,True,,,
8748,5742619001917710285,location_8748_5742619001917710285,8748,True,,,
8749,5742907015660711573,location_8749_5742907015660711573,8749,True,,,
8750,5742909365960541497,location_8750_5742909365960541497,8750,True,,,
8751,5743400815026548206,location_8751_5743400815026548206,8751,True,,,
8752,5743510213613662523,location_8752_5743510213613662523,8752,True,,,
8753,5746641946425873483,location_8753_5746641946425873483,8753,True,,,
8754,5751808654740510281,location_8754_5751808654740510281,8754,True,,,
8755,575465447303989381,location_8755_575465447303989381,8755,True,,,
8756,5754685554918854428,location_8756_5754685554918854428,8756,True,,,
8757,5755548806827048546,location_8757_5755548806827048546,8757,True,,,
8758,5755648692290155841,location_8758_5755648692290155841,8758,True,,,
8759,5756905150984658413,location_8759_5756905150984658413,8759,True,,,
8760,5757727640459581818,location_8760_5757727640459581818,8760,True,,,
8761,5758540141480252504,location_8761_5758540141480252504,8761,True,,,
8762,5759432844010768932,location_8762_5759432844010768932,8762,True,,,
8763,5762170078069405112,location_8763_5762170078069405112,8763,True,,,
8764,5763258757950229096,location_8764_5763258757950229096,8764,True,,,
8765,5763318778044138162,location_8765_5763318778044138162,8765,True,,,
8766,5763985364812445183,location_8766_5763985364812445183,8766,True,,,
8767,5766386117192690017,location_8767_5766386117192690017,8767,True,,,
8768,5767534453115147553,location_8768_5767534453115147553,8768,True,,,
8769,5767852550267625458,location_8769_5767852550267625458,8769,True,,,
8770,5769660759136179066,location_8770_5769660759136179066,8770,True,,,
8771,5771193647810284769,location_8771_5771193647810284769,8771,True,,,
8772,5773018897186514523,location_8772_5773018897186514523,8772,True,,,
8773,5773936476242404560,location_8773_5773936476242404560,8773,True,,,
8774,5774531814955602673,location_8774_5774531814955602673,8774,True,,,
8775,5774674655289595435,location_8775_5774674655289595435,8775,True,,,
8776,5777526291281780508,location_8776_5777526291281780508,8776,True,,,
8777,5779837552909027878,location_8777_5779837552909027878,8777,True,,,
8778,5779919609829697499,location_8778_5779919609829697499,8778,True,,,
8779,5781884001684347066,location_8779_5781884001684347066,8779,True,,,
8780,5783359488942718824,location_8780_5783359488942718824,8780,True,,,
8781,5783818881886358815,location_8781_5783818881886358815,8781,True,,,
8782,5784648682540978000,location_8782_5784648682540978000,8782,True,,,
8783,5786341448761439870,location_8783_5786341448761439870,8783,True,,,
8784,5788254533092169064,location_8784_5788254533092169064,8784,True,,,
8785,5789490019928960309,location_8785_5789490019928960309,8785,True,,,
8786,579042687424494377,location_8786_579042687424494377,8786,True,,,
8787,5792741707469447431,location_8787_5792741707469447431,8787,True,,,
8788,5793411636562339768,location_8788_5793411636562339768,8788,True,,,
8789,5796327508230072834,location_8789_5796327508230072834,8789,True,,,
8790,5799698752807507602,location_8790_5799698752807507602,8790,True,,,
8791,5801361848832879719,location_8791_5801361848832879719,8791,True,,,
8792,5802763739100782551,location_8792_5802763739100782551,8792,True,,,
8793,5805843437427472173,location_8793_5805843437427472173,8793,True,,,
8794,5806071291595673756,location_8794_5806071291595673756,8794,True,,,
8795,5806892782932865687,location_8795_5806892782932865687,8795,True,,,
8796,5806976927126111368,location_8796_5806976927126111368,8796,True,,,
8797,5808073611207184936,location_8797_5808073611207184936,8797,True,,,
8798,5809694945659798846,location_8798_5809694945659798846,8798,True,,,
8799,5812087829325972740,location_8799_5812087829325972740,8799,True,,,
8800,5812386605860387552,location_8800_5812386605860387552,8800,True,,,
8801,5813134924263165690,location_8801_5813134924263165690,8801,True,,,
8802,5813909046101850830,location_8802_5813909046101850830,8802,True,,,
8803,5814722096238002514,location_8803_5814722096238002514,8803,True,,,
8804,5815860178789436183,location_8804_5815860178789436183,8804,True,,,
8805,5817652621641665399,location_8805_5817652621641665399,8805,True,,,
8806,5818499458690196729,location_8806_5818499458690196729,8806,True,,,
8807,5818990246421266579,location_8807_5818990246421266579,8807,True,,,
8808,5819102646270771574,location_8808_5819102646270771574,8808,True,,,
8809,5819973560910491679,location_8809_5819973560910491679,8809,True,,,
8810,5822051423781669390,location_8810_5822051423781669390,8810,True,,,
8811,5822868479189697141,location_8811_5822868479189697141,8811,True,,,
8812,5824513096981029124,location_8812_5824513096981029124,8812,True,,,
8813,5824890479682228225,location_8813_5824890479682228225,8813,True,,,
8814,5825484956489605632,location_8814_5825484956489605632,8814,True,,,
8815,5825600886769570623,location_8815_5825600886769570623,8815,True,,,
8816,5832348935833105965,location_8816_5832348935833105965,8816,True,,,
8817,5833973869595162465,location_8817_5833973869595162465,8817,True,,,
8818,5836341334314834343,location_8818_5836341334314834343,8818,True,,,
8819,5836469887666831324,location_8819_5836469887666831324,8819,True,,,
8820,5838680964051833197,location_8820_5838680964051833197,8820,True,,,
8821,5838860037348804460,location_8821_5838860037348804460,8821,True,,,
8822,5841150295875554591,location_8822_5841150295875554591,8822,True,,,
8823,5841161584188705940,location_8823_5841161584188705940,8823,True,,,
8824,584140906276051824,location_8824_584140906276051824,8824,True,,,
8825,5843507850026659447,location_8825_5843507850026659447,8825,True,,,
8826,5843656616261459809,location_8826_5843656616261459809,8826,True,,,
8827,5844094931274383319,location_8827_5844094931274383319,8827,True,,,
8828,5845204088441747498,location_8828_5845204088441747498,8828,True,,,
8829,5845742595378756765,location_8829_5845742595378756765,8829,True,,,
8830,5846288153003117035,location_8830_5846288153003117035,8830,True,,,
8831,5846988424497271074,location_8831_5846988424497271074,8831,True,,,
8832,5847370712664407925,location_8832_5847370712664407925,8832,True,,,
8833,5848411458584429264,location_8833_5848411458584429264,8833,True,,,
8834,5849021410468133659,location_8834_5849021410468133659,8834,True,,,
8835,5853104960210067120,location_8835_5853104960210067120,8835,True,,,
8836,5853410631940343516,location_8836_5853410631940343516,8836,True,,,
8837,5854125278910694383,location_8837_5854125278910694383,8837,True,,,
8838,5854591100016950351,location_8838_5854591100016950351,8838,True,,,
8839,5856067176522878660,location_8839_5856067176522878660,8839,True,,,
8840,5857470225532089860,location_8840_5857470225532089860,8840,True,,,
8841,5857863390620248029,location_8841_5857863390620248029,8841,True,,,
8842,5858179030444141606,location_8842_5858179030444141606,8842,True,,,
8843,5858762230523845613,location_8843_5858762230523845613,8843,True,,,
8844,5859042753732507327,location_8844_5859042753732507327,8844,True,,,
8845,5859191236968719883,location_8845_5859191236968719883,8845,True,,,
8846,5860289081109569093,location_8846_5860289081109569093,8846,True,,,
8847,5861017371685802788,location_8847_5861017371685802788,8847,True,,,
8848,5861354475450616575,location_8848_5861354475450616575,8848,True,,,
8849,5862835050657903624,location_8849_5862835050657903624,8849,True,,,
8850,5865191396313961696,location_8850_5865191396313961696,8850,True,,,
8851,5867487989157253936,location_8851_5867487989157253936,8851,True,,,
8852,5869556811911042675,location_8852_5869556811911042675,8852,True,,,
8853,5869959038050131484,location_8853_5869959038050131484,8853,True,,,
8854,5870492298119817231,location_8854_5870492298119817231,8854,True,,,
8855,5871084922629469898,location_8855_5871084922629469898,8855,True,,,
8856,5872346920035368539,location_8856_5872346920035368539,8856,True,,,
8857,5872358123209549702,location_8857_5872358123209549702,8857,True,,,
8858,587287623024064450,location_8858_587287623024064450,8858,True,,,
8859,5873376027834149280,location_8859_5873376027834149280,8859,True,,,
8860,5873827710126261307,location_8860_5873827710126261307,8860,True,,,
8861,5873881626471554293,location_8861_5873881626471554293,8861,True,,,
8862,587461922242337478,location_8862_587461922242337478,8862,True,,,
8863,5874802052996332582,location_8863_5874802052996332582,8863,True,,,
8864,5875341770513673845,location_8864_5875341770513673845,8864,True,,,
8865,5877914574723112413,location_8865_5877914574723112413,8865,True,,,
8866,5878453891929276525,location_8866_5878453891929276525,8866,True,,,
8867,5878960264924457178,location_8867_5878960264924457178,8867,True,,,
8868,5879966225738620967,location_8868_5879966225738620967,8868,True,,,
8869,588224799561974465,location_8869_588224799561974465,8869,True,,,
8870,5886949924770553337,location_8870_5886949924770553337,8870,True,,,
8871,5890091291163071209,location_8871_5890091291163071209,8871,True,,,
8872,5890313452593494304,location_8872_5890313452593494304,8872,True,,,
8873,5891217745483242974,location_8873_5891217745483242974,8873,True,,,
8874,5891493742236754694,location_8874_5891493742236754694,8874,True,,,
8875,5892624626351324351,location_8875_5892624626351324351,8875,True,,,
8876,5895691055555783617,location_8876_5895691055555783617,8876,True,,,
8877,5895909973601668971,location_8877_5895909973601668971,8877,True,,,
8878,5899293476562251665,location_8878_5899293476562251665,8878,True,,,
8879,5902253218952522964,location_8879_5902253218952522964,8879,True,,,
8880,5903027491547142732,location_8880_5903027491547142732,8880,True,,,
8881,5903057955443452427,location_8881_5903057955443452427,8881,True,,,
8882,590434027323057578,location_8882_590434027323057578,8882,True,,,
8883,5905490388547832903,location_8883_5905490388547832903,8883,True,,,
8884,5906502306084060875,location_8884_5906502306084060875,8884,True,,,
8885,5907894068785801530,location_8885_5907894068785801530,8885,True,,,
8886,5908300305216139671,location_8886_5908300305216139671,8886,True,,,
8887,5908507333388825275,location_8887_5908507333388825275,8887,True,,,
8888,5909173820739055295,location_8888_5909173820739055295,8888,True,,,
8889,5910420785207374147,location_8889_5910420785207374147,8889,True,,,
8890,5911328118529975044,location_8890_5911328118529975044,8890,True,,,
8891,5911997589176056772,location_8891_5911997589176056772,8891,True,,,
8892,591453343209050146,location_8892_591453343209050146,8892,True,,,
8893,5915800227198419018,location_8893_5915800227198419018,8893,True,,,
8894,5916694256668269675,location_8894_5916694256668269675,8894,True,,,
8895,5919540286136399726,location_8895_5919540286136399726,8895,True,,,
8896,5921075649507287640,location_8896_5921075649507287640,8896,True,,,
8897,5924230808014871435,location_8897_5924230808014871435,8897,True,,,
8898,5925167451750770729,location_8898_5925167451750770729,8898,True,,,
8899,5926038325556082913,location_8899_5926038325556082913,8899,True,,,
8900,5926420732689960745,location_8900_5926420732689960745,8900,True,,,
8901,592742587889948660,location_8901_592742587889948660,8901,True,,,
8902,5927757254843675836,location_8902_5927757254843675836,8902,True,,,
8903,5928779497150733871,location_8903_5928779497150733871,8903,True,,,
8904,5929754010390674503,location_8904_5929754010390674503,8904,True,,,
8905,5930161593109983734,location_8905_5930161593109983734,8905,True,,,
8906,5930735114853256523,location_8906_5930735114853256523,8906,True,,,
8907,5932849921023057071,location_8907_5932849921023057071,8907,True,,,
8908,5933132166175305819,location_8908_5933132166175305819,8908,True,,,
8909,5935341491942766584,location_8909_5935341491942766584,8909,True,,,
8910,5936137285503520532,location_8910_5936137285503520532,8910,True,,,
8911,5936204302400697182,location_8911_5936204302400697182,8911,True,,,
8912,5938018889944939828,location_8912_5938018889944939828,8912,True,,,
8913,5939948977393215982,location_8913_5939948977393215982,8913,True,,,
8914,5941753944226078249,location_8914_5941753944226078249,8914,True,,,
8915,5942949576621458913,location_8915_5942949576621458913,8915,True,,,
8916,5943597956168859438,location_8916_5943597956168859438,8916,True,,,
8917,59457106905508447,location_8917_59457106905508447,8917,True,,,
8918,5946070011448745038,location_8918_5946070011448745038,8918,True,,,
8919,594633858684190807,location_8919_594633858684190807,8919,True,,,
8920,594756365364114152,location_8920_594756365364114152,8920,True,,,
8921,5947875964898791801,location_8921_5947875964898791801,8921,True,,,
8922,5948882551428287368,location_8922_5948882551428287368,8922,True,,,
8923,5948897734116268781,location_8923_5948897734116268781,8923,True,,,
8924,5949312217064913000,location_8924_5949312217064913000,8924,True,,,
8925,5949312374076839311,location_8925_5949312374076839311,8925,True,,,
8926,5949812213007941172,location_8926_5949812213007941172,8926,True,,,
8927,5951130943530311303,location_8927_5951130943530311303,8927,True,,,
8928,5952840538673227082,location_8928_5952840538673227082,8928,True,,,
8929,5958976003668330111,location_8929_5958976003668330111,8929,True,,,
8930,5962167290929191563,location_8930_5962167290929191563,8930,True,,,
8931,5962285603710306583,location_8931_5962285603710306583,8931,True,,,
8932,5963262437582161631,location_8932_5963262437582161631,8932,True,,,
8933,5963709064126355584,location_8933_5963709064126355584,8933,True,,,
8934,5964264499688374633,location_8934_5964264499688374633,8934,True,,,
8935,5964494797526399630,location_8935_5964494797526399630,8935,True,,,
8936,5965682952548033742,location_8936_5965682952548033742,8936,True,,,
8937,5965844118354963158,location_8937_5965844118354963158,8937,True,,,
8938,5968962567035595104,location_8938_5968962567035595104,8938,True,,,
8939,5969034715834381855,location_8939_5969034715834381855,8939,True,,,
8940,5970901868845638141,location_8940_5970901868845638141,8940,True,,,
8941,5976042322590403276,location_8941_5976042322590403276,8941,True,,,
8942,5979738025156155539,location_8942_5979738025156155539,8942,True,,,
8943,5983328492497291328,location_8943_5983328492497291328,8943,True,,,
8944,5984414603626281781,location_8944_5984414603626281781,8944,True,,,
8945,5984530211997655622,location_8945_5984530211997655622,8945,True,,,
8946,5987300345374953632,location_8946_5987300345374953632,8946,True,,,
8947,598878508404493399,location_8947_598878508404493399,8947,True,,,
8948,5989478441980750246,location_8948_5989478441980750246,8948,True,,,
8949,5990795302144858088,location_8949_5990795302144858088,8949,True,,,
8950,5991213265644835304,location_8950_5991213265644835304,8950,True,,,
8951,599156168189346522,location_8951_599156168189346522,8951,True,,,
8952,5991948122689856544,location_8952_5991948122689856544,8952,True,,,
8953,5994289067617798756,location_8953_5994289067617798756,8953,True,,,
8954,5995206099524465922,location_8954_5995206099524465922,8954,True,,,
8955,5996096531923010467,location_8955_5996096531923010467,8955,True,,,
8956,5996284335438838532,location_8956_5996284335438838532,8956,True,,,
8957,599648504482601538,location_8957_599648504482601538,8957,True,,,
8958,5999039976743422517,location_8958_5999039976743422517,8958,True,,,
8959,599960002481974449,location_8959_599960002481974449,8959,True,,,
8960,600101336107127828,location_8960_600101336107127828,8960,True,,,
8961,6001844124969992198,location_8961_6001844124969992198,8961,True,,,
8962,600208568491142076,location_8962_600208568491142076,8962,True,,,
8963,6002866020025115012,location_8963_6002866020025115012,8963,True,,,
8964,6003030127226295522,location_8964_6003030127226295522,8964,True,,,
8965,6004629026071088257,location_8965_6004629026071088257,8965,True,,,
8966,6005539230449848394,location_8966_6005539230449848394,8966,True,,,
8967,6006048592737370521,location_8967_6006048592737370521,8967,True,,,
8968,6007213063342425103,location_8968_6007213063342425103,8968,True,,,
8969,6012412278126624897,location_8969_6012412278126624897,8969,True,,,
8970,6013361594724608034,location_8970_6013361594724608034,8970,True,,,
8971,6014396443883033686,location_8971_6014396443883033686,8971,True,,,
8972,6015616213202738657,location_8972_6015616213202738657,8972,True,,,
8973,6017733423688464498,location_8973_6017733423688464498,8973,True,,,
8974,6018579581438351818,location_8974_6018579581438351818,8974,True,,,
8975,6019022093387877399,location_8975_6019022093387877399,8975,True,,,
8976,6022182392128255629,location_8976_6022182392128255629,8976,True,,,
8977,6022496419161495329,location_8977_6022496419161495329,8977,True,,,
8978,6028711873816135512,location_8978_6028711873816135512,8978,True,,,
8979,6030374311399888012,location_8979_6030374311399888012,8979,True,,,
8980,603139654967293153,location_8980_603139654967293153,8980,True,,,
8981,6033004552962793392,location_8981_6033004552962793392,8981,True,,,
8982,6035341308760367198,location_8982_6035341308760367198,8982,True,,,
8983,6035592563466456263,location_8983_6035592563466456263,8983,True,,,
8984,6036634398125256724,location_8984_6036634398125256724,8984,True,,,
8985,6039803794498515852,location_8985_6039803794498515852,8985,True,,,
8986,6041685092965764077,location_8986_6041685092965764077,8986,True,,,
8987,6042012761568092927,location_8987_6042012761568092927,8987,True,,,
8988,6042119724996446339,location_8988_6042119724996446339,8988,True,,,
8989,6044713594333505563,location_8989_6044713594333505563,8989,True,,,
8990,6046502422415830898,location_8990_6046502422415830898,8990,True,,,
8991,6046894571238917956,location_8991_6046894571238917956,8991,True,,,
8992,6047414552953805763,location_8992_6047414552953805763,8992,True,,,
8993,6047578384973911380,location_8993_6047578384973911380,8993,True,,,
8994,60486982884510990,location_8994_60486982884510990,8994,True,,,
8995,6053073359159426557,location_8995_6053073359159426557,8995,True,,,
8996,6056680972578818968,location_8996_6056680972578818968,8996,True,,,
8997,6057094529887471650,location_8997_6057094529887471650,8997,True,,,
8998,6057904882304967568,location_8998_6057904882304967568,8998,True,,,
8999,6059223265545974825,location_8999_6059223265545974825,8999,True,,,
9000,6060450991595911019,location_9000_6060450991595911019,9000,True,,,
9001,6061901875914285679,location_9001_6061901875914285679,9001,True,,,
9002,6066106962098015103,location_9002_6066106962098015103,9002,True,,,
9003,6066804314304707764,location_9003_6066804314304707764,9003,True,,,
9004,6066846653891681028,location_9004_6066846653891681028,9004,True,,,
9005,6067599222376752809,location_9005_6067599222376752809,9005,True,,,
9006,6072659625566420211,location_9006_6072659625566420211,9006,True,,,
9007,6075524670590841242,location_9007_6075524670590841242,9007,True,,,
9008,6077202476175006736,location_9008_6077202476175006736,9008,True,,,
9009,6078924237697533804,location_9009_6078924237697533804,9009,True,,,
9010,6085358022671594613,location_9010_6085358022671594613,9010,True,,,
9011,6085466686473577591,location_9011_6085466686473577591,9011,True,,,
9012,6085617525179989941,location_9012_6085617525179989941,9012,True,,,
9013,6085739989715570538,location_9013_6085739989715570538,9013,True,,,
9014,6086142709136680518,location_9014_6086142709136680518,9014,True,,,
9015,6086601808526508974,location_9015_6086601808526508974,9015,True,,,
9016,6087610543701266478,location_9016_6087610543701266478,9016,True,,,
9017,6089000549151669069,location_9017_6089000549151669069,9017,True,,,
9018,6092333200179179145,location_9018_6092333200179179145,9018,True,,,
9019,6092452336340640240,location_9019_6092452336340640240,9019,True,,,
9020,6095222798355924977,location_9020_6095222798355924977,9020,True,,,
9021,6100325584607486091,location_9021_6100325584607486091,9021,True,,,
9022,6103203251120819038,location_9022_6103203251120819038,9022,True,,,
9023,6109886549579197978,location_9023_6109886549579197978,9023,True,,,
9024,6110114745530789194,location_9024_6110114745530789194,9024,True,,,
9025,611111173472856573,location_9025_611111173472856573,9025,True,,,
9026,6111261796739541105,location_9026_6111261796739541105,9026,True,,,
9027,6111617059058845329,location_9027_6111617059058845329,9027,True,,,
9028,6112666262787088449,location_9028_6112666262787088449,9028,True,,,
9029,6116177618113154835,location_9029_6116177618113154835,9029,True,,,
9030,6116963881579542990,location_9030_6116963881579542990,9030,True,,,
9031,6118381407742080514,location_9031_6118381407742080514,9031,True,,,
9032,611852211570150211,location_9032_611852211570150211,9032,True,,,
9033,6119073185190750289,location_9033_6119073185190750289,9033,True,,,
9034,6124300581064901248,location_9034_6124300581064901248,9034,True,,,
9035,6124469402032220157,location_9035_6124469402032220157,9035,True,,,
9036,6129278894784987023,location_9036_6129278894784987023,9036,True,,,
9037,6129493147201190896,location_9037_6129493147201190896,9037,True,,,
9038,613014316307061896,location_9038_613014316307061896,9038,True,,,
9039,6130608427368156349,location_9039_6130608427368156349,9039,True,,,
9040,6132295770313477637,location_9040_6132295770313477637,9040,True,,,
9041,6132568522869528604,location_9041_6132568522869528604,9041,True,,,
9042,6134284358487182682,location_9042_6134284358487182682,9042,True,,,
9043,6135724738737115306,location_9043_6135724738737115306,9043,True,,,
9044,6135772640763646603,location_9044_6135772640763646603,9044,True,,,
9045,6136388387830693188,location_9045_6136388387830693188,9045,True,,,
9046,6136587821825307603,location_9046_6136587821825307603,9046,True,,,
9047,6137451686230065128,location_9047_6137451686230065128,9047,True,,,
9048,6138399313710322497,location_9048_6138399313710322497,9048,True,,,
9049,6138414880687442611,location_9049_6138414880687442611,9049,True,,,
9050,6138543486114017921,location_9050_6138543486114017921,9050,True,,,
9051,6139677413560930574,location_9051_6139677413560930574,9051,True,,,
9052,6142697030762569313,location_9052_6142697030762569313,9052,True,,,
9053,6143042508230732929,location_9053_6143042508230732929,9053,True,,,
9054,6146368920583324335,location_9054_6146368920583324335,9054,True,,,
9055,6149773776297542971,location_9055_6149773776297542971,9055,True,,,
9056,6151931619827501112,location_9056_6151931619827501112,9056,True,,,
9057,6151986160332765711,location_9057_6151986160332765711,9057,True,,,
9058,6152319523178699797,location_9058_6152319523178699797,9058,True,,,
9059,6156428343648033015,location_9059_6156428343648033015,9059,True,,,
9060,615712881004770973,location_9060_615712881004770973,9060,True,,,
9061,6158962188998171909,location_9061_6158962188998171909,9061,True,,,
9062,6162708628522902237,location_9062_6162708628522902237,9062,True,,,
9063,6169966983088772905,location_9063_6169966983088772905,9063,True,,,
9064,6170571558601154134,location_9064_6170571558601154134,9064,True,,,
9065,6171119622811929445,location_9065_6171119622811929445,9065,True,,,
9066,6171963827754793036,location_9066_6171963827754793036,9066,True,,,
9067,6173789685331082976,location_9067_6173789685331082976,9067,True,,,
9068,6177688310965617795,location_9068_6177688310965617795,9068,True,,,
9069,6177907573851476376,location_9069_6177907573851476376,9069,True,,,
9070,6178398308534542652,location_9070_6178398308534542652,9070,True,,,
9071,6179170987501849772,location_9071_6179170987501849772,9071,True,,,
9072,6179853777306715469,location_9072_6179853777306715469,9072,True,,,
9073,6180404365902065540,location_9073_6180404365902065540,9073,True,,,
9074,6184460978259851308,location_9074_6184460978259851308,9074,True,,,
9075,6186623097121219414,location_9075_6186623097121219414,9075,True,,,
9076,6187055713835265152,location_9076_6187055713835265152,9076,True,,,
9077,6188427421056940375,location_9077_6188427421056940375,9077,True,,,
9078,6189002699556978287,location_9078_6189002699556978287,9078,True,,,
9079,6189048970952701596,location_9079_6189048970952701596,9079,True,,,
9080,6189726548758307663,location_9080_6189726548758307663,9080,True,,,
9081,6190811651285800605,location_9081_6190811651285800605,9081,True,,,
9082,6192355239497521566,location_9082_6192355239497521566,9082,True,,,
9083,6194329862979217671,location_9083_6194329862979217671,9083,True,,,
9084,6198606423241668988,location_9084_6198606423241668988,9084,True,,,
9085,6201710413643261727,location_9085_6201710413643261727,9085,True,,,
9086,6202962304423762119,location_9086_6202962304423762119,9086,True,,,
9087,6203356527092803444,location_9087_6203356527092803444,9087,True,,,
9088,6205944399655565164,location_9088_6205944399655565164,9088,True,,,
9089,6207829884467705291,location_9089_6207829884467705291,9089,True,,,
9090,6209724505724056894,location_9090_6209724505724056894,9090,True,,,
9091,6210918513411884854,location_9091_6210918513411884854,9091,True,,,
9092,6212715774745849960,location_9092_6212715774745849960,9092,True,,,
9093,6213949138268677573,location_9093_6213949138268677573,9093,True,,,
9094,6216190112863445712,location_9094_6216190112863445712,9094,True,,,
9095,6216706103402064632,location_9095_6216706103402064632,9095,True,,,
9096,6218689363718393145,location_9096_6218689363718393145,9096,True,,,
9097,6220964193283186330,location_9097_6220964193283186330,9097,True,,,
9098,6221762117374567241,location_9098_6221762117374567241,9098,True,,,
9099,6222221931129677937,location_9099_6222221931129677937,9099,True,,,
9100,6223320396487424974,location_9100_6223320396487424974,9100,True,,,
9101,6226197529820475860,location_9101_6226197529820475860,9101,True,,,
9102,6226751878408230300,location_9102_6226751878408230300,9102,True,,,
9103,6228503865682110052,location_9103_6228503865682110052,9103,True,,,
9104,6229159286904412148,location_9104_6229159286904412148,9104,True,,,
9105,6230596079389485748,location_9105_6230596079389485748,9105,True,,,
9106,6230788805336203306,location_9106_6230788805336203306,9106,True,,,
9107,6231504035227525743,location_9107_6231504035227525743,9107,True,,,
9108,623234875249884398,location_9108_623234875249884398,9108,True,,,
9109,6233322868631662085,location_9109_6233322868631662085,9109,True,,,
9110,6233594462626306455,location_9110_6233594462626306455,9110,True,,,
9111,6234978817957421439,location_9111_6234978817957421439,9111,True,,,
9112,6237895704701444801,location_9112_6237895704701444801,9112,True,,,
9113,6240327716695484438,location_9113_6240327716695484438,9113,True,,,
9114,6240544813696422451,location_9114_6240544813696422451,9114,True,,,
9115,6240622070551871370,location_9115_6240622070551871370,9115,True,,,
9116,6240804786714586472,location_9116_6240804786714586472,9116,True,,,
9117,6241629556754456609,location_9117_6241629556754456609,9117,True,,,
9118,6241952633479374377,location_9118_6241952633479374377,9118,True,,,
9119,6244060947866121385,location_9119_6244060947866121385,9119,True,,,
9120,6244959385695774428,location_9120_6244959385695774428,9120,True,,,
9121,6246928357890266664,location_9121_6246928357890266664,9121,True,,,
9122,6247779505870031089,location_9122_6247779505870031089,9122,True,,,
9123,6248438244549350160,location_9123_6248438244549350160,9123,True,,,
9124,6250868231353585724,location_9124_6250868231353585724,9124,True,,,
9125,6255127929636816222,location_9125_6255127929636816222,9125,True,,,
9126,6255792860286281376,location_9126_6255792860286281376,9126,True,,,
9127,6256320946092993420,location_9127_6256320946092993420,9127,True,,,
9128,6257209232690720875,location_9128_6257209232690720875,9128,True,,,
9129,6260132990980245419,location_9129_6260132990980245419,9129,True,,,
9130,6264365206989823069,location_9130_6264365206989823069,9130,True,,,
9131,6264727900658204980,location_9131_6264727900658204980,9131,True,,,
9132,626627260259448787,location_9132_626627260259448787,9132,True,,,
9133,6268409883493096358,location_9133_6268409883493096358,9133,True,,,
9134,6268507225651907188,location_9134_6268507225651907188,9134,True,,,
9135,6269518737847780200,location_9135_6269518737847780200,9135,True,,,
9136,6270452937623657707,location_9136_6270452937623657707,9136,True,,,
9137,6271685878141520256,location_9137_6271685878141520256,9137,True,,,
9138,6272741387850134734,location_9138_6272741387850134734,9138,True,,,
9139,6278866533773882385,location_9139_6278866533773882385,9139,True,,,
9140,6278882854182397297,location_9140_6278882854182397297,9140,True,,,
9141,6278893653424156356,location_9141_6278893653424156356,9141,True,,,
9142,6281975892889667193,location_9142_6281975892889667193,9142,True,,,
9143,6285024282734201005,location_9143_6285024282734201005,9143,True,,,
9144,6286101675426797499,location_9144_6286101675426797499,9144,True,,,
9145,6287691739771030640,location_9145_6287691739771030640,9145,True,,,
9146,6289101131856055038,location_9146_6289101131856055038,9146,True,,,
9147,628968611807714828,location_9147_628968611807714828,9147,True,,,
9148,6291481307588886890,location_9148_6291481307588886890,9148,True,,,
9149,6293463713609022071,location_9149_6293463713609022071,9149,True,,,
9150,6297438352580335676,location_9150_6297438352580335676,9150,True,,,
9151,6297806688434914631,location_9151_6297806688434914631,9151,True,,,
9152,6300489020122414417,location_9152_6300489020122414417,9152,True,,,
9153,6300927881507919669,location_9153_6300927881507919669,9153,True,,,
9154,6305085877484023769,location_9154_6305085877484023769,9154,True,,,
9155,6309896384280315790,location_9155_6309896384280315790,9155,True,,,
9156,6314932301170339415,location_9156_6314932301170339415,9156,True,,,
9157,6315054373263550996,location_9157_6315054373263550996,9157,True,,,
9158,6316308944207049790,location_9158_6316308944207049790,9158,True,,,
9159,6316935142404821032,location_9159_6316935142404821032,9159,True,,,
9160,6319062354763403881,location_9160_6319062354763403881,9160,True,,,
9161,6319454776437682034,location_9161_6319454776437682034,9161,True,,,
9162,6321571536014451537,location_9162_6321571536014451537,9162,True,,,
9163,6321751194638404226,location_9163_6321751194638404226,9163,True,,,
9164,6322846241332590438,location_9164_6322846241332590438,9164,True,,,
9165,6323082512822906231,location_9165_6323082512822906231,9165,True,,,
9166,6323344410516864993,location_9166_6323344410516864993,9166,True,,,
9167,632358166287517836,location_9167_632358166287517836,9167,True,,,
9168,6325139965750980559,location_9168_6325139965750980559,9168,True,,,
9169,6326015722859349324,location_9169_6326015722859349324,9169,True,,,
9170,6327044998816560257,location_9170_6327044998816560257,9170,True,,,
9171,6327204384560961184,location_9171_6327204384560961184,9171,True,,,
9172,6327824394966054327,location_9172_6327824394966054327,9172,True,,,
9173,6328260519406912833,location_9173_6328260519406912833,9173,True,,,
9174,6328830816511636695,location_9174_6328830816511636695,9174,True,,,
9175,6330762924461173247,location_9175_6330762924461173247,9175,True,,,
9176,6332517703610357674,location_9176_6332517703610357674,9176,True,,,
9177,6333284441374981180,location_9177_6333284441374981180,9177,True,,,
9178,63332985216751259,location_9178_63332985216751259,9178,True,,,
9179,6334853742835665591,location_9179_6334853742835665591,9179,True,,,
9180,6336422795000807210,location_9180_6336422795000807210,9180,True,,,
9181,6342150185154095949,location_9181_6342150185154095949,9181,True,,,
9182,6344398618201089941,location_9182_6344398618201089941,9182,True,,,
9183,6345563625292801116,location_9183_6345563625292801116,9183,True,,,
9184,6346863387652007818,location_9184_6346863387652007818,9184,True,,,
9185,6348836601144874461,location_9185_6348836601144874461,9185,True,,,
9186,6349403662872924298,location_9186_6349403662872924298,9186,True,,,
9187,6349991230599752168,location_9187_6349991230599752168,9187,True,,,
9188,6350908348993255002,location_9188_6350908348993255002,9188,True,,,
9189,6351696331987511554,location_9189_6351696331987511554,9189,True,,,
9190,635392417069385847,location_9190_635392417069385847,9190,True,,,
9191,6354217356738913105,location_9191_6354217356738913105,9191,True,,,
9192,6355037736182064593,location_9192_6355037736182064593,9192,True,,,
9193,6355347670228120622,location_9193_6355347670228120622,9193,True,,,
9194,6357242486776362180,location_9194_6357242486776362180,9194,True,,,
9195,6358561097092403242,location_9195_6358561097092403242,9195,True,,,
9196,6361742395207983476,location_9196_6361742395207983476,9196,True,,,
9197,6365039639809657137,location_9197_6365039639809657137,9197,True,,,
9198,6365533571084881092,location_9198_6365533571084881092,9198,True,,,
9199,6366831030608304117,location_9199_6366831030608304117,9199,True,,,
9200,6369080150252166776,location_9200_6369080150252166776,9200,True,,,
9201,6369574090383199833,location_9201_6369574090383199833,9201,True,,,
9202,6371228379690558485,location_9202_6371228379690558485,9202,True,,,
9203,6372088674599203314,location_9203_6372088674599203314,9203,True,,,
9204,6376952905402738395,location_9204_6376952905402738395,9204,True,,,
9205,6377694297279820370,location_9205_6377694297279820370,9205,True,,,
9206,6378212088745777917,location_9206_6378212088745777917,9206,True,,,
9207,6378443798993456881,location_9207_6378443798993456881,9207,True,,,
9208,6381740998796578408,location_9208_6381740998796578408,9208,True,,,
9209,6381953722960562873,location_9209_6381953722960562873,9209,True,,,
9210,6382416203112607682,location_9210_6382416203112607682,9210,True,,,
9211,6382675243148104640,location_9211_6382675243148104640,9211,True,,,
9212,6383508665152145412,location_9212_6383508665152145412,9212,True,,,
9213,6383920463263365594,location_9213_6383920463263365594,9213,True,,,
9214,6391595142550395852,location_9214_6391595142550395852,9214,True,,,
9215,6393354486521460381,location_9215_6393354486521460381,9215,True,,,
9216,6393718966854370350,location_9216_6393718966854370350,9216,True,,,
9217,6397525049464955668,location_9217_6397525049464955668,9217,True,,,
9218,6397764589584931806,location_9218_6397764589584931806,9218,True,,,
9219,6398793969180712012,location_9219_6398793969180712012,9219,True,,,
9220,6399384612637121770,location_9220_6399384612637121770,9220,True,,,
9221,6399465110828617285,location_9221_6399465110828617285,9221,True,,,
9222,6400399897244948472,location_9222_6400399897244948472,9222,True,,,
9223,6403835047839983255,location_9223_6403835047839983255,9223,True,,,
9224,6404720339416664219,location_9224_6404720339416664219,9224,True,,,
9225,640612305352758296,location_9225_640612305352758296,9225,True,,,
9226,6406162100616916957,location_9226_6406162100616916957,9226,True,,,
9227,6407427319351047984,location_9227_6407427319351047984,9227,True,,,
9228,6407873087381976517,location_9228_6407873087381976517,9228,True,,,
9229,6408023753222079074,location_9229_6408023753222079074,9229,True,,,
9230,6408295605347889000,location_9230_6408295605347889000,9230,True,,,
9231,6408766086820219700,location_9231_6408766086820219700,9231,True,,,
9232,6408770469771131746,location_9232_6408770469771131746,9232,True,,,
9233,6409278929781815615,location_9233_6409278929781815615,9233,True,,,
9234,6411069446279653318,location_9234_6411069446279653318,9234,True,,,
9235,6411423469273945989,location_9235_6411423469273945989,9235,True,,,
9236,6411443480814897739,location_9236_6411443480814897739,9236,True,,,
9237,6411472545114331050,location_9237_6411472545114331050,9237,True,,,
9238,6411507037554436325,location_9238_6411507037554436325,9238,True,,,
9239,6411529018812689191,location_9239_6411529018812689191,9239,True,,,
9240,6414428500963200222,location_9240_6414428500963200222,9240,True,,,
9241,6414976227070969188,location_9241_6414976227070969188,9241,True,,,
9242,6416065926979948463,location_9242_6416065926979948463,9242,True,,,
9243,6417761909499212251,location_9243_6417761909499212251,9243,True,,,
9244,6419073946710465746,location_9244_6419073946710465746,9244,True,,,
9245,6420569333384919166,location_9245_6420569333384919166,9245,True,,,
9246,6422592946157280711,location_9246_6422592946157280711,9246,True,,,
9247,6422849250893716254,location_9247_6422849250893716254,9247,True,,,
9248,642452168987432188,location_9248_642452168987432188,9248,True,,,
9249,6424657349830906809,location_9249_6424657349830906809,9249,True,,,
9250,6425478505170292768,location_9250_6425478505170292768,9250,True,,,
9251,6425657546755722132,location_9251_6425657546755722132,9251,True,,,
9252,6429393411144108881,location_9252_6429393411144108881,9252,True,,,
9253,643138535752062098,location_9253_643138535752062098,9253,True,,,
9254,6432099971063673698,location_9254_6432099971063673698,9254,True,,,
9255,6432163726920579351,location_9255_6432163726920579351,9255,True,,,
9256,6434782047519548857,location_9256_6434782047519548857,9256,True,,,
9257,6436583410969523013,location_9257_6436583410969523013,9257,True,,,
9258,6438193657888648583,location_9258_6438193657888648583,9258,True,,,
9259,6438356225511262635,location_9259_6438356225511262635,9259,True,,,
9260,643858580443999212,location_9260_643858580443999212,9260,True,,,
9261,6438813533533104533,location_9261_6438813533533104533,9261,True,,,
9262,6439575130690562811,location_9262_6439575130690562811,9262,True,,,
9263,6440054012705528759,location_9263_6440054012705528759,9263,True,,,
9264,644027897278706699,location_9264_644027897278706699,9264,True,,,
9265,6442542955656236707,location_9265_6442542955656236707,9265,True,,,
9266,6444958694282160306,location_9266_6444958694282160306,9266,True,,,
9267,6447256383799505345,location_9267_6447256383799505345,9267,True,,,
9268,6448726224696859736,location_9268_6448726224696859736,9268,True,,,
9269,6449240011280166369,location_9269_6449240011280166369,9269,True,,,
9270,6449926146364394115,location_9270_6449926146364394115,9270,True,,,
9271,6450117893527344600,location_9271_6450117893527344600,9271,True,,,
9272,6454749040603625950,location_9272_6454749040603625950,9272,True,,,
9273,645528705428838370,location_9273_645528705428838370,9273,True,,,
9274,6457060055795926017,location_9274_6457060055795926017,9274,True,,,
9275,6460074304451995916,location_9275_6460074304451995916,9275,True,,,
9276,6460430914082483981,location_9276_6460430914082483981,9276,True,,,
9277,6465307879242495508,location_9277_6465307879242495508,9277,True,,,
9278,6465338700206588323,location_9278_6465338700206588323,9278,True,,,
9279,6467741389118089830,location_9279_6467741389118089830,9279,True,,,
9280,6469020585239478198,location_9280_6469020585239478198,9280,True,,,
9281,6470958978940129189,location_9281_6470958978940129189,9281,True,,,
9282,6472646799721407340,location_9282_6472646799721407340,9282,True,,,
9283,6473310209792554934,location_9283_6473310209792554934,9283,True,,,
9284,647357440952140625,location_9284_647357440952140625,9284,True,,,
9285,6473815869077878349,location_9285_6473815869077878349,9285,True,,,
9286,6474038051992931702,location_9286_6474038051992931702,9286,True,,,
9287,6474504854292049066,location_9287_6474504854292049066,9287,True,,,
9288,6474966088476473049,location_9288_6474966088476473049,9288,True,,,
9289,647792719140022961,location_9289_647792719140022961,9289,True,,,
9290,6479267218496918505,location_9290_6479267218496918505,9290,True,,,
9291,6481943021921131771,location_9291_6481943021921131771,9291,True,,,
9292,6482050109762746390,location_9292_6482050109762746390,9292,True,,,
9293,6483350777785335180,location_9293_6483350777785335180,9293,True,,,
9294,6485779785987611727,location_9294_6485779785987611727,9294,True,,,
9295,6485898995366165901,location_9295_6485898995366165901,9295,True,,,
9296,648685013493134854,location_9296_648685013493134854,9296,True,,,
9297,6487044597061149721,location_9297_6487044597061149721,9297,True,,,
9298,6489788771997930391,location_9298_6489788771997930391,9298,True,,,
9299,6491123934714442479,location_9299_6491123934714442479,9299,True,,,
9300,6491542461875480816,location_9300_6491542461875480816,9300,True,,,
9301,6492673938428937048,location_9301_6492673938428937048,9301,True,,,
9302,6494670565420259245,location_9302_6494670565420259245,9302,True,,,
9303,6495413196730840375,location_9303_6495413196730840375,9303,True,,,
9304,6497626730329029509,location_9304_6497626730329029509,9304,True,,,
9305,6498203143697532911,location_9305_6498203143697532911,9305,True,,,
9306,6498933554284429525,location_9306_6498933554284429525,9306,True,,,
9307,6499742175934636464,location_9307_6499742175934636464,9307,True,,,
9308,6500460325170443858,location_9308_6500460325170443858,9308,True,,,
9309,6501373809143004970,location_9309_6501373809143004970,9309,True,,,
9310,6502327341416847491,location_9310_6502327341416847491,9310,True,,,
9311,6502746225698650654,location_9311_6502746225698650654,9311,True,,,
9312,6503343397986482835,location_9312_6503343397986482835,9312,True,,,
9313,6503422369683888066,location_9313_6503422369683888066,9313,True,,,
9314,6507858440411457314,location_9314_6507858440411457314,9314,True,,,
9315,6508848034531590029,location_9315_6508848034531590029,9315,True,,,
9316,6510352316209918957,location_9316_6510352316209918957,9316,True,,,
9317,6511690149746898878,location_9317_6511690149746898878,9317,True,,,
9318,6511795932631289656,location_9318_6511795932631289656,9318,True,,,
9319,6511860652551300594,location_9319_6511860652551300594,9319,True,,,
9320,6513361976872083641,location_9320_6513361976872083641,9320,True,,,
9321,6513402687159149572,location_9321_6513402687159149572,9321,True,,,
9322,6514010761204199343,location_9322_6514010761204199343,9322,True,,,
9323,6514432157620637984,location_9323_6514432157620637984,9323,True,,,
9324,6515850163585187097,location_9324_6515850163585187097,9324,True,,,
9325,6518274707797907507,location_9325_6518274707797907507,9325,True,,,
9326,6519289610239175378,location_9326_6519289610239175378,9326,True,,,
9327,6519460453011631476,location_9327_6519460453011631476,9327,True,,,
9328,6519495079280428627,location_9328_6519495079280428627,9328,True,,,
9329,6520621288244913583,location_9329_6520621288244913583,9329,True,,,
9330,6520984574900634059,location_9330_6520984574900634059,9330,True,,,
9331,6521867830356184252,location_9331_6521867830356184252,9331,True,,,
9332,6523438060966631718,location_9332_6523438060966631718,9332,True,,,
9333,6525508579673590538,location_9333_6525508579673590538,9333,True,,,
9334,6526294526671673913,location_9334_6526294526671673913,9334,True,,,
9335,6526497246485557753,location_9335_6526497246485557753,9335,True,,,
9336,6527133024768084132,location_9336_6527133024768084132,9336,True,,,
9337,6529273794850831415,location_9337_6529273794850831415,9337,True,,,
9338,6530753333650242295,location_9338_6530753333650242295,9338,True,,,
9339,6530952584362124711,location_9339_6530952584362124711,9339,True,,,
9340,6531964522844556814,location_9340_6531964522844556814,9340,True,,,
9341,6534213751733175182,location_9341_6534213751733175182,9341,True,,,
9342,6535714307010960762,location_9342_6535714307010960762,9342,True,,,
9343,6536840404366191451,location_9343_6536840404366191451,9343,True,,,
9344,6536886980292206067,location_9344_6536886980292206067,9344,True,,,
9345,6537348485486375807,location_9345_6537348485486375807,9345,True,,,
9346,6538401520511133130,location_9346_6538401520511133130,9346,True,,,
9347,6542122337074232697,location_9347_6542122337074232697,9347,True,,,
9348,6542188460189603190,location_9348_6542188460189603190,9348,True,,,
9349,6542373883605496558,location_9349_6542373883605496558,9349,True,,,
9350,6546374096044036769,location_9350_6546374096044036769,9350,True,,,
9351,654666036591469926,location_9351_654666036591469926,9351,True,,,
9352,6549087033302994357,location_9352_6549087033302994357,9352,True,,,
9353,6549182428945246974,location_9353_6549182428945246974,9353,True,,,
9354,6549922094826907871,location_9354_6549922094826907871,9354,True,,,
9355,6552540424969465063,location_9355_6552540424969465063,9355,True,,,
9356,6553088516211156613,location_9356_6553088516211156613,9356,True,,,
9357,6554774683450437726,location_9357_6554774683450437726,9357,True,,,
9358,6559474206220841820,location_9358_6559474206220841820,9358,True,,,
9359,6560064632127659950,location_9359_6560064632127659950,9359,True,,,
9360,6562672263727145777,location_9360_6562672263727145777,9360,True,,,
9361,6562757250257750302,location_9361_6562757250257750302,9361,True,,,
9362,656585857446232380,location_9362_656585857446232380,9362,True,,,
9363,6566361955531781765,location_9363_6566361955531781765,9363,True,,,
9364,6567345306382484285,location_9364_6567345306382484285,9364,True,,,
9365,6573178781702840613,location_9365_6573178781702840613,9365,True,,,
9366,657478390303130120,location_9366_657478390303130120,9366,True,,,
9367,6575305177510137641,location_9367_6575305177510137641,9367,True,,,
9368,6576179165170278793,location_9368_6576179165170278793,9368,True,,,
9369,6576847219582280155,location_9369_6576847219582280155,9369,True,,,
9370,6576908753297113316,location_9370_6576908753297113316,9370,True,,,
9371,6578908158205473452,location_9371_6578908158205473452,9371,True,,,
9372,6579597526329170464,location_9372_6579597526329170464,9372,True,,,
9373,6585411195204754786,location_9373_6585411195204754786,9373,True,,,
9374,6585483239605116364,location_9374_6585483239605116364,9374,True,,,
9375,6586850347274265142,location_9375_6586850347274265142,9375,True,,,
9376,6588602306894779645,location_9376_6588602306894779645,9376,True,,,
9377,6591229064009355577,location_9377_6591229064009355577,9377,True,,,
9378,659149543580830237,location_9378_659149543580830237,9378,True,,,
9379,6591525004432862479,location_9379_6591525004432862479,9379,True,,,
9380,6596259768794574980,location_9380_6596259768794574980,9380,True,,,
9381,6596685420932612423,location_9381_6596685420932612423,9381,True,,,
9382,6598214013184547773,location_9382_6598214013184547773,9382,True,,,
9383,6599010018535110778,location_9383_6599010018535110778,9383,True,,,
9384,6601559888553341660,location_9384_6601559888553341660,9384,True,,,
9385,6602953025363041544,location_9385_6602953025363041544,9385,True,,,
9386,6603094658276041918,location_9386_6603094658276041918,9386,True,,,
9387,6605729739602532652,location_9387_6605729739602532652,9387,True,,,
9388,6608125854487881046,location_9388_6608125854487881046,9388,True,,,
9389,6610898067857877312,location_9389_6610898067857877312,9389,True,,,
9390,6611580855340137542,location_9390_6611580855340137542,9390,True,,,
9391,6613999416321138335,location_9391_6613999416321138335,9391,True,,,
9392,661481896643349596,location_9392_661481896643349596,9392,True,,,
9393,6616439474698450174,location_9393_6616439474698450174,9393,True,,,
9394,6617451059831249328,location_9394_6617451059831249328,9394,True,,,
9395,6617527385436092854,location_9395_6617527385436092854,9395,True,,,
9396,6619514180507760939,location_9396_6619514180507760939,9396,True,,,
9397,6621679077008985522,location_9397_6621679077008985522,9397,True,,,
9398,6622905259719319677,location_9398_6622905259719319677,9398,True,,,
9399,6623805701517909374,location_9399_6623805701517909374,9399,True,,,
9400,6624464849304530676,location_9400_6624464849304530676,9400,True,,,
9401,6625511279765738025,location_9401_6625511279765738025,9401,True,,,
9402,6625770557480542183,location_9402_6625770557480542183,9402,True,,,
9403,6626507029536983633,location_9403_6626507029536983633,9403,True,,,
9404,6627654226120241110,location_9404_6627654226120241110,9404,True,,,
9405,6628360780467221956,location_9405_6628360780467221956,9405,True,,,
9406,6634972214965977774,location_9406_6634972214965977774,9406,True,,,
9407,6637517015658860869,location_9407_6637517015658860869,9407,True,,,
9408,664269618664583019,location_9408_664269618664583019,9408,True,,,
9409,6643630844502357801,location_9409_6643630844502357801,9409,True,,,
9410,6644545854910680437,location_9410_6644545854910680437,9410,True,,,
9411,664542046755339501,location_9411_664542046755339501,9411,True,,,
9412,6649937529763599770,location_9412_6649937529763599770,9412,True,,,
9413,6650155314506586980,location_9413_6650155314506586980,9413,True,,,
9414,6650997437821397927,location_9414_6650997437821397927,9414,True,,,
9415,6651154106297197479,location_9415_6651154106297197479,9415,True,,,
9416,6651409058505895747,location_9416_6651409058505895747,9416,True,,,
9417,6651617415541889328,location_9417_6651617415541889328,9417,True,,,
9418,6653263880896207782,location_9418_6653263880896207782,9418,True,,,
9419,6653787125632495282,location_9419_6653787125632495282,9419,True,,,
9420,6657768898364110528,location_9420_6657768898364110528,9420,True,,,
9421,6659467538668360771,location_9421_6659467538668360771,9421,True,,,
9422,6660105942565285423,location_9422_6660105942565285423,9422,True,,,
9423,6663749903794952092,location_9423_6663749903794952092,9423,True,,,
9424,6664134377060400685,location_9424_6664134377060400685,9424,True,,,
9425,6665785745023670771,location_9425_6665785745023670771,9425,True,,,
9426,6666512846670933258,location_9426_6666512846670933258,9426,True,,,
9427,666696774366147211,location_9427_666696774366147211,9427,True,,,
9428,6668054649224600680,location_9428_6668054649224600680,9428,True,,,
9429,6668497045511968823,location_9429_6668497045511968823,9429,True,,,
9430,6668544446325349490,location_9430_6668544446325349490,9430,True,,,
9431,6669164202341607640,location_9431_6669164202341607640,9431,True,,,
9432,6669487503569814513,location_9432_6669487503569814513,9432,True,,,
9433,6670258045567405010,location_9433_6670258045567405010,9433,True,,,
9434,6670983431057752320,location_9434_6670983431057752320,9434,True,,,
9435,6671361000891061469,location_9435_6671361000891061469,9435,True,,,
9436,6672003242236083573,location_9436_6672003242236083573,9436,True,,,
9437,6678879867062350746,location_9437_6678879867062350746,9437,True,,,
9438,6681772221867683708,location_9438_6681772221867683708,9438,True,,,
9439,6682772637530923760,location_9439_6682772637530923760,9439,True,,,
9440,6682854143304980943,location_9440_6682854143304980943,9440,True,,,
9441,6684340519392230200,location_9441_6684340519392230200,9441,True,,,
9442,6685592872959425012,location_9442_6685592872959425012,9442,True,,,
9443,6691866231314652868,location_9443_6691866231314652868,9443,True,,,
9444,6691966926298831310,location_9444_6691966926298831310,9444,True,,,
9445,6695270406839991038,location_9445_6695270406839991038,9445,True,,,
9446,6696288937720291790,location_9446_6696288937720291790,9446,True,,,
9447,6696899224954189247,location_9447_6696899224954189247,9447,True,,,
9448,6697272255634949709,location_9448_6697272255634949709,9448,True,,,
9449,6697305503542747364,location_9449_6697305503542747364,9449,True,,,
9450,6698186542300457618,location_9450_6698186542300457618,9450,True,,,
9451,6698592601850574965,location_9451_6698592601850574965,9451,True,,,
9452,6703617850610310491,location_9452_6703617850610310491,9452,True,,,
9453,6707011510006559142,location_9453_6707011510006559142,9453,True,,,
9454,6707260816654766362,location_9454_6707260816654766362,9454,True,,,
9455,6707792352838047300,location_9455_6707792352838047300,9455,True,,,
9456,6709459554880354134,location_9456_6709459554880354134,9456,True,,,
9457,6711331277022040023,location_9457_6711331277022040023,9457,True,,,
9458,6712447445911775558,location_9458_6712447445911775558,9458,True,,,
9459,6712680747401741130,location_9459_6712680747401741130,9459,True,,,
9460,6712968774605744010,location_9460_6712968774605744010,9460,True,,,
9461,6715505817024890604,location_9461_6715505817024890604,9461,True,,,
9462,6715639113170011248,location_9462_6715639113170011248,9462,True,,,
9463,6718311866128702622,location_9463_6718311866128702622,9463,True,,,
9464,6719415188792831072,location_9464_6719415188792831072,9464,True,,,
9465,6721038324008471941,location_9465_6721038324008471941,9465,True,,,
9466,6724818173112887857,location_9466_6724818173112887857,9466,True,,,
9467,6727423509018524005,location_9467_6727423509018524005,9467,True,,,
9468,6728682233688971679,location_9468_6728682233688971679,9468,True,,,
9469,673214873401822340,location_9469_673214873401822340,9469,True,,,
9470,6732574007381263451,location_9470_6732574007381263451,9470,True,,,
9471,6732910410686748513,location_9471_6732910410686748513,9471,True,,,
9472,6732946157374001326,location_9472_6732946157374001326,9472,True,,,
9473,6736356566236380309,location_9473_6736356566236380309,9473,True,,,
9474,6736763989912875014,location_9474_6736763989912875014,9474,True,,,
9475,6739076016962452834,location_9475_6739076016962452834,9475,True,,,
9476,6739180313646149066,location_9476_6739180313646149066,9476,True,,,
9477,6743399730452174893,location_9477_6743399730452174893,9477,True,,,
9478,6743693809510581438,location_9478_6743693809510581438,9478,True,,,
9479,6744550981712724737,location_9479_6744550981712724737,9479,True,,,
9480,6745236958862832087,location_9480_6745236958862832087,9480,True,,,
9481,6746992622819969903,location_9481_6746992622819969903,9481,True,,,
9482,6747094045205686098,location_9482_6747094045205686098,9482,True,,,
9483,6750485333113055974,location_9483_6750485333113055974,9483,True,,,
9484,6753509810151460884,location_9484_6753509810151460884,9484,True,,,
9485,6754711301299205182,location_9485_6754711301299205182,9485,True,,,
9486,6755277382923186506,location_9486_6755277382923186506,9486,True,,,
9487,6756079054653107949,location_9487_6756079054653107949,9487,True,,,
9488,6758393157616429437,location_9488_6758393157616429437,9488,True,,,
9489,6758659975473837773,location_9489_6758659975473837773,9489,True,,,
9490,6760415835630037746,location_9490_6760415835630037746,9490,True,,,
9491,6764322281017364141,location_9491_6764322281017364141,9491,True,,,
9492,6767516898964017076,location_9492_6767516898964017076,9492,True,,,
9493,6767767077530320898,location_9493_6767767077530320898,9493,True,,,
9494,6770547400705268000,location_9494_6770547400705268000,9494,True,,,
9495,6772518653856448039,location_9495_6772518653856448039,9495,True,,,
9496,6772583122582417476,location_9496_6772583122582417476,9496,True,,,
9497,6779238469339373900,location_9497_6779238469339373900,9497,True,,,
9498,677954467455681976,location_9498_677954467455681976,9498,True,,,
9499,677984090888416119,location_9499_677984090888416119,9499,True,,,
9500,6784011180358880415,location_9500_6784011180358880415,9500,True,,,
9501,6785031654764015400,location_9501_6785031654764015400,9501,True,,,
9502,6785661648210188262,location_9502_6785661648210188262,9502,True,,,
9503,6785682910338349451,location_9503_6785682910338349451,9503,True,,,
9504,6788115505054663761,location_9504_6788115505054663761,9504,True,,,
9505,6789963867290655806,location_9505_6789963867290655806,9505,True,,,
9506,6790416068796486968,location_9506_6790416068796486968,9506,True,,,
9507,6790921352915395108,location_9507_6790921352915395108,9507,True,,,
9508,6795851644447500504,location_9508_6795851644447500504,9508,True,,,
9509,6796433991182003239,location_9509_6796433991182003239,9509,True,,,
9510,6799703506164332977,location_9510_6799703506164332977,9510,True,,,
9511,6800101759694416454,location_9511_6800101759694416454,9511,True,,,
9512,680045861720898814,location_9512_680045861720898814,9512,True,,,
9513,6801879937460541642,location_9513_6801879937460541642,9513,True,,,
9514,6802435498292559045,location_9514_6802435498292559045,9514,True,,,
9515,6803090191707363298,location_9515_6803090191707363298,9515,True,,,
9516,6804182166628673883,location_9516_6804182166628673883,9516,True,,,
9517,6805379253693994674,location_9517_6805379253693994674,9517,True,,,
9518,6805927311455135861,location_9518_6805927311455135861,9518,True,,,
9519,6806169412834996990,location_9519_6806169412834996990,9519,True,,,
9520,680624230371659095,location_9520_680624230371659095,9520,True,,,
9521,680626686434658117,location_9521_680626686434658117,9521,True,,,
9522,6806718486146522389,location_9522_6806718486146522389,9522,True,,,
9523,680869048977898478,location_9523_680869048977898478,9523,True,,,
9524,6809216484119145360,location_9524_6809216484119145360,9524,True,,,
9525,6811399974753687143,location_9525_6811399974753687143,9525,True,,,
9526,6812093471315341149,location_9526_6812093471315341149,9526,True,,,
9527,6812201618363179820,location_9527_6812201618363179820,9527,True,,,
9528,6813473106963888736,location_9528_6813473106963888736,9528,True,,,
9529,6813543614276103332,location_9529_6813543614276103332,9529,True,,,
9530,6813762737573903201,location_9530_6813762737573903201,9530,True,,,
9531,6816666497241009521,location_9531_6816666497241009521,9531,True,,,
9532,681731784041917053,location_9532_681731784041917053,9532,True,,,
9533,681750469205317268,location_9533_681750469205317268,9533,True,,,
9534,6821191538178907923,location_9534_6821191538178907923,9534,True,,,
9535,6821598833218521003,location_9535_6821598833218521003,9535,True,,,
9536,6821734382593180228,location_9536_6821734382593180228,9536,True,,,
9537,6822398260603264349,location_9537_6822398260603264349,9537,True,,,
9538,6824215842941620097,location_9538_6824215842941620097,9538,True,,,
9539,6824566522215959273,location_9539_6824566522215959273,9539,True,,,
9540,682483916103768800,location_9540_682483916103768800,9540,True,,,
9541,6824930627202519606,location_9541_6824930627202519606,9541,True,,,
9542,6826041482090514229,location_9542_6826041482090514229,9542,True,,,
9543,6828387002384239079,location_9543_6828387002384239079,9543,True,,,
9544,6828859067850750056,location_9544_6828859067850750056,9544,True,,,
9545,6828869621130940037,location_9545_6828869621130940037,9545,True,,,
9546,683237105531130589,location_9546_683237105531130589,9546,True,,,
9547,6832750733993643218,location_9547_6832750733993643218,9547,True,,,
9548,6834090721447196000,location_9548_6834090721447196000,9548,True,,,
9549,6835929113022759180,location_9549_6835929113022759180,9549,True,,,
9550,6837611932944317956,location_9550_6837611932944317956,9550,True,,,
9551,6839360478917315455,location_9551_6839360478917315455,9551,True,,,
9552,6840547582899795853,location_9552_6840547582899795853,9552,True,,,
9553,684077650857711561,location_9553_684077650857711561,9553,True,,,
9554,6841180027947266211,location_9554_6841180027947266211,9554,True,,,
9555,6841243906933876998,location_9555_6841243906933876998,9555,True,,,
9556,6842690552968384099,location_9556_6842690552968384099,9556,True,,,
9557,684359380045158040,location_9557_684359380045158040,9557,True,,,
9558,6844790209981517759,location_9558_6844790209981517759,9558,True,,,
9559,6848571835036823407,location_9559_6848571835036823407,9559,True,,,
9560,6851810536214416722,location_9560_6851810536214416722,9560,True,,,
9561,6851860124132901264,location_9561_6851860124132901264,9561,True,,,
9562,6859996585566497489,location_9562_6859996585566497489,9562,True,,,
9563,6861917825445610057,location_9563_6861917825445610057,9563,True,,,
9564,6862291220252351510,location_9564_6862291220252351510,9564,True,,,
9565,6864959443655342843,location_9565_6864959443655342843,9565,True,,,
9566,6867037699339475698,location_9566_6867037699339475698,9566,True,,,
9567,6869210281378926433,location_9567_6869210281378926433,9567,True,,,
9568,6869238172426528633,location_9568_6869238172426528633,9568,True,,,
9569,6869468362376459510,location_9569_6869468362376459510,9569,True,,,
9570,6873278215758442293,location_9570_6873278215758442293,9570,True,,,
9571,6873364314725270698,location_9571_6873364314725270698,9571,True,,,
9572,6874345327452285087,location_9572_6874345327452285087,9572,True,,,
9573,6874361243090211825,location_9573_6874361243090211825,9573,True,,,
9574,6874651672986126577,location_9574_6874651672986126577,9574,True,,,
9575,6875708527321705120,location_9575_6875708527321705120,9575,True,,,
9576,6878285558301246773,location_9576_6878285558301246773,9576,True,,,
9577,6878715472636924819,location_9577_6878715472636924819,9577,True,,,
9578,6879007792146132733,location_9578_6879007792146132733,9578,True,,,
9579,6880233259642108099,location_9579_6880233259642108099,9579,True,,,
9580,6881485472358926305,location_9580_6881485472358926305,9580,True,,,
9581,6881849764681705790,location_9581_6881849764681705790,9581,True,,,
9582,688483581004546217,location_9582_688483581004546217,9582,True,,,
9583,6885353798446787620,location_9583_6885353798446787620,9583,True,,,
9584,6886521057115852075,location_9584_6886521057115852075,9584,True,,,
9585,6888304071886145620,location_9585_6888304071886145620,9585,True,,,
9586,6890427318238935962,location_9586_6890427318238935962,9586,True,,,
9587,6891502818796826542,location_9587_6891502818796826542,9587,True,,,
9588,6893418438698988214,location_9588_6893418438698988214,9588,True,,,
9589,6895603068576654642,location_9589_6895603068576654642,9589,True,,,
9590,6896180745256162706,location_9590_6896180745256162706,9590,True,,,
9591,6907467955482978780,location_9591_6907467955482978780,9591,True,,,
9592,6912165870513675410,location_9592_6912165870513675410,9592,True,,,
9593,6912683594129767401,location_9593_6912683594129767401,9593,True,,,
9594,6913157690422516327,location_9594_6913157690422516327,9594,True,,,
9595,6913174473535791190,location_9595_6913174473535791190,9595,True,,,
9596,6916613475400060222,location_9596_6916613475400060222,9596,True,,,
9597,6916799792483802943,location_9597_6916799792483802943,9597,True,,,
9598,6920011821732962019,location_9598_6920011821732962019,9598,True,,,
9599,6921419504376665868,location_9599_6921419504376665868,9599,True,,,
9600,6923902531410816060,location_9600_6923902531410816060,9600,True,,,
9601,6926148538059150352,location_9601_6926148538059150352,9601,True,,,
9602,6928378723157365136,location_9602_6928378723157365136,9602,True,,,
9603,6928915803574147929,location_9603_6928915803574147929,9603,True,,,
9604,6929056087339851707,location_9604_6929056087339851707,9604,True,,,
9605,6934020847711027740,location_9605_6934020847711027740,9605,True,,,
9606,693646752053922007,location_9606_693646752053922007,9606,True,,,
9607,6936638636229703,location_9607_6936638636229703,9607,True,,,
9608,6938367092882250163,location_9608_6938367092882250163,9608,True,,,
9609,6941246119524127031,location_9609_6941246119524127031,9609,True,,,
9610,6942509238889851772,location_9610_6942509238889851772,9610,True,,,
9611,694423011064808082,location_9611_694423011064808082,9611,True,,,
9612,6946098634869119164,location_9612_6946098634869119164,9612,True,,,
9613,6946121699067748704,location_9613_6946121699067748704,9613,True,,,
9614,6946506167551847562,location_9614_6946506167551847562,9614,True,,,
9615,694950573692963321,location_9615_694950573692963321,9615,True,,,
9616,6950237248448111846,location_9616_6950237248448111846,9616,True,,,
9617,6950666525636518640,location_9617_6950666525636518640,9617,True,,,
9618,6950995992286030846,location_9618_6950995992286030846,9618,True,,,
9619,6951433864185578546,location_9619_6951433864185578546,9619,True,,,
9620,6951814422047320476,location_9620_6951814422047320476,9620,True,,,
9621,6952441077513475616,location_9621_6952441077513475616,9621,True,,,
9622,6955285090332961077,location_9622_6955285090332961077,9622,True,,,
9623,6958108394247332629,location_9623_6958108394247332629,9623,True,,,
9624,695872228225807535,location_9624_695872228225807535,9624,True,,,
9625,6960283913172048074,location_9625_6960283913172048074,9625,True,,,
9626,696029046937686920,location_9626_696029046937686920,9626,True,,,
9627,6967544237306448109,location_9627_6967544237306448109,9627,True,,,
9628,6967621446280913748,location_9628_6967621446280913748,9628,True,,,
9629,6971432615748063497,location_9629_6971432615748063497,9629,True,,,
9630,6974276879476784725,location_9630_6974276879476784725,9630,True,,,
9631,6974358533502390616,location_9631_6974358533502390616,9631,True,,,
9632,6974912272043606024,location_9632_6974912272043606024,9632,True,,,
9633,69767236322760316,location_9633_69767236322760316,9633,True,,,
9634,6976913792144778564,location_9634_6976913792144778564,9634,True,,,
9635,6978063971533358817,location_9635_6978063971533358817,9635,True,,,
9636,6979067576940312306,location_9636_6979067576940312306,9636,True,,,
9637,6981884998979257744,location_9637_6981884998979257744,9637,True,,,
9638,6987952174617789330,location_9638_6987952174617789330,9638,True,,,
9639,6989469776397183636,location_9639_6989469776397183636,9639,True,,,
9640,6990277863350038801,location_9640_6990277863350038801,9640,True,,,
9641,6992720683223462631,location_9641_6992720683223462631,9641,True,,,
9642,6993588961012959334,location_9642_6993588961012959334,9642,True,,,
9643,6996152499432107408,location_9643_6996152499432107408,9643,True,,,
9644,6996884838348345280,location_9644_6996884838348345280,9644,True,,,
9645,6997695802644759976,location_9645_6997695802644759976,9645,True,,,
9646,6998235596365572265,location_9646_6998235596365572265,9646,True,,,
9647,6999371585403828082,location_9647_6999371585403828082,9647,True,,,
9648,7001255819195857107,location_9648_7001255819195857107,9648,True,,,
9649,700273187935649543,location_9649_700273187935649543,9649,True,,,
9650,7002778913571170249,location_9650_7002778913571170249,9650,True,,,
9651,7002955624362475169,location_9651_7002955624362475169,9651,True,,,
9652,7003952447095843522,location_9652_7003952447095843522,9652,True,,,
9653,7006059919336665376,location_9653_7006059919336665376,9653,True,,,
9654,7007845845479068467,location_9654_7007845845479068467,9654,True,,,
9655,7008704742407055307,location_9655_7008704742407055307,9655,True,,,
9656,7010883469559953459,location_9656_7010883469559953459,9656,True,,,
9657,7013249051677403890,location_9657_7013249051677403890,9657,True,,,
9658,7013682320248339956,location_9658_7013682320248339956,9658,True,,,
9659,701709270426140465,location_9659_701709270426140465,9659,True,,,
9660,701771530990296380,location_9660_701771530990296380,9660,True,,,
9661,701911717349980339,location_9661_701911717349980339,9661,True,,,
9662,7024993726909203027,location_9662_7024993726909203027,9662,True,,,
9663,7026329084637418333,location_9663_7026329084637418333,9663,True,,,
9664,703202011966581029,location_9664_703202011966581029,9664,True,,,
9665,7032626052913983007,location_9665_7032626052913983007,9665,True,,,
9666,7033289896854968635,location_9666_7033289896854968635,9666,True,,,
9667,7039780636494877210,location_9667_7039780636494877210,9667,True,,,
9668,7040737212704573089,location_9668_7040737212704573089,9668,True,,,
9669,7041219420459769617,location_9669_7041219420459769617,9669,True,,,
9670,7049590339637769854,location_9670_7049590339637769854,9670,True,,,
9671,7049796678759600135,location_9671_7049796678759600135,9671,True,,,
9672,7050504910703266648,location_9672_7050504910703266648,9672,True,,,
9673,7050921802834859068,location_9673_7050921802834859068,9673,True,,,
9674,7051591897564140671,location_9674_7051591897564140671,9674,True,,,
9675,7054950377989774026,location_9675_7054950377989774026,9675,True,,,
9676,705600347445514526,location_9676_705600347445514526,9676,True,,,
9677,7058053269192690473,location_9677_7058053269192690473,9677,True,,,
9678,7059163267550703790,location_9678_7059163267550703790,9678,True,,,
9679,705958564224561436,location_9679_705958564224561436,9679,True,,,
9680,7059921506599132343,location_9680_7059921506599132343,9680,True,,,
9681,7060907394446855603,location_9681_7060907394446855603,9681,True,,,
9682,7062956538214156631,location_9682_7062956538214156631,9682,True,,,
9683,7063242236320196165,location_9683_7063242236320196165,9683,True,,,
9684,7063664666352111110,location_9684_7063664666352111110,9684,True,,,
9685,7065376751762284769,location_9685_7065376751762284769,9685,True,,,
9686,70669347638945981,location_9686_70669347638945981,9686,True,,,
9687,7069851911122351293,location_9687_7069851911122351293,9687,True,,,
9688,7070574704162858579,location_9688_7070574704162858579,9688,True,,,
9689,7072264474108557377,location_9689_7072264474108557377,9689,True,,,
9690,707336053536408242,location_9690_707336053536408242,9690,True,,,
9691,707510768191470942,location_9691_707510768191470942,9691,True,,,
9692,7075569364896490865,location_9692_7075569364896490865,9692,True,,,
9693,7080932583744177284,location_9693_7080932583744177284,9693,True,,,
9694,708239300265324363,location_9694_708239300265324363,9694,True,,,
9695,7083148579983999198,location_9695_7083148579983999198,9695,True,,,
9696,7085093029158996771,location_9696_7085093029158996771,9696,True,,,
9697,708672488218174895,location_9697_708672488218174895,9697,True,,,
9698,7090205969688949235,location_9698_7090205969688949235,9698,True,,,
9699,709462857941519017,location_9699_709462857941519017,9699,True,,,
9700,7096470558198224893,location_9700_7096470558198224893,9700,True,,,
9701,7096734292053985295,location_9701_7096734292053985295,9701,True,,,
9702,7097671243645901511,location_9702_7097671243645901511,9702,True,,,
9703,7098788801459133694,location_9703_7098788801459133694,9703,True,,,
9704,7099554326325211810,location_9704_7099554326325211810,9704,True,,,
9705,7103377123976167252,location_9705_7103377123976167252,9705,True,,,
9706,710420499222528249,location_9706_710420499222528249,9706,True,,,
9707,7105835703873947155,location_9707_7105835703873947155,9707,True,,,
9708,7106868720331130406,location_9708_7106868720331130406,9708,True,,,
9709,7107006178861258066,location_9709_7107006178861258066,9709,True,,,
9710,7108551995086099748,location_9710_7108551995086099748,9710,True,,,
9711,710978777702014765,location_9711_710978777702014765,9711,True,,,
9712,7109833615232521432,location_9712_7109833615232521432,9712,True,,,
9713,7111831891269650915,location_9713_7111831891269650915,9713,True,,,
9714,7113235207501143887,location_9714_7113235207501143887,9714,True,,,
9715,7113368283059900869,location_9715_7113368283059900869,9715,True,,,
9716,7114346770112719264,location_9716_7114346770112719264,9716,True,,,
9717,7118458771780163127,location_9717_7118458771780163127,9717,True,,,
9718,7119912168221904399,location_9718_7119912168221904399,9718,True,,,
9719,7119919784181607028,location_9719_7119919784181607028,9719,True,,,
9720,7121288364280219756,location_9720_7121288364280219756,9720,True,,,
9721,7122244448799475944,location_9721_7122244448799475944,9721,True,,,
9722,7128698993103190003,location_9722_7128698993103190003,9722,True,,,
9723,7129214281491753101,location_9723_7129214281491753101,9723,True,,,
9724,713135415444070374,location_9724_713135415444070374,9724,True,,,
9725,7133451648188636995,location_9725_7133451648188636995,9725,True,,,
9726,7134272306271207611,location_9726_7134272306271207611,9726,True,,,
9727,7134719848298917934,location_9727_7134719848298917934,9727,True,,,
9728,7134839356834091659,location_9728_7134839356834091659,9728,True,,,
9729,7135572346625638170,location_9729_7135572346625638170,9729,True,,,
9730,7137279703717011136,location_9730_7137279703717011136,9730,True,,,
9731,7137698028553166730,location_9731_7137698028553166730,9731,True,,,
9732,7140188382227453265,location_9732_7140188382227453265,9732,True,,,
9733,7141342584922779840,location_9733_7141342584922779840,9733,True,,,
9734,7142385093923407411,location_9734_7142385093923407411,9734,True,,,
9735,7142421847285793913,location_9735_7142421847285793913,9735,True,,,
9736,7148391630170169762,location_9736_7148391630170169762,9736,True,,,
9737,7149052247169191629,location_9737_7149052247169191629,9737,True,,,
9738,7150401846720651015,location_9738_7150401846720651015,9738,True,,,
9739,7151485833469293010,location_9739_7151485833469293010,9739,True,,,
9740,7152755924403182570,location_9740_7152755924403182570,9740,True,,,
9741,7157444756444565776,location_9741_7157444756444565776,9741,True,,,
9742,7157926421620601473,location_9742_7157926421620601473,9742,True,,,
9743,7158259374917416530,location_9743_7158259374917416530,9743,True,,,
9744,7162020722413025748,location_9744_7162020722413025748,9744,True,,,
9745,7163696642838473130,location_9745_7163696642838473130,9745,True,,,
9746,7164633719151155999,location_9746_7164633719151155999,9746,True,,,
9747,7166796626312394016,location_9747_7166796626312394016,9747,True,,,
9748,7168558590624422997,location_9748_7168558590624422997,9748,True,,,
9749,7168631545457220007,location_9749_7168631545457220007,9749,True,,,
9750,7168970536969763414,location_9750_7168970536969763414,9750,True,,,
9751,7170404201813533542,location_9751_7170404201813533542,9751,True,,,
9752,7171650157195963743,location_9752_7171650157195963743,9752,True,,,
9753,7172508540382781238,location_9753_7172508540382781238,9753,True,,,
9754,7172695976835303223,location_9754_7172695976835303223,9754,True,,,
9755,7173428189344632802,location_9755_7173428189344632802,9755,True,,,
9756,7177696290576020286,location_9756_7177696290576020286,9756,True,,,
9757,7181977149653404057,location_9757_7181977149653404057,9757,True,,,
9758,7182641440217604949,location_9758_7182641440217604949,9758,True,,,
9759,7183538233325372448,location_9759_7183538233325372448,9759,True,,,
9760,7184967796393020014,location_9760_7184967796393020014,9760,True,,,
9761,718711682481288054,location_9761_718711682481288054,9761,True,,,
9762,7190016609638449798,location_9762_7190016609638449798,9762,True,,,
9763,7191239521892056685,location_9763_7191239521892056685,9763,True,,,
9764,7191628672222226866,location_9764_7191628672222226866,9764,True,,,
9765,7192212059107832913,location_9765_7192212059107832913,9765,True,,,
9766,719224695512166003,location_9766_719224695512166003,9766,True,,,
9767,7192630612009078986,location_9767_7192630612009078986,9767,True,,,
9768,7195260263672651042,location_9768_7195260263672651042,9768,True,,,
9769,7197654263768758349,location_9769_7197654263768758349,9769,True,,,
9770,7198068997738394140,location_9770_7198068997738394140,9770,True,,,
9771,7198199879133045532,location_9771_7198199879133045532,9771,True,,,
9772,7198957456226617203,location_9772_7198957456226617203,9772,True,,,
9773,7199441807037571711,location_9773_7199441807037571711,9773,True,,,
9774,7200297764799967482,location_9774_7200297764799967482,9774,True,,,
9775,7202055348940718862,location_9775_7202055348940718862,9775,True,,,
9776,7203612202098259859,location_9776_7203612202098259859,9776,True,,,
9777,7203839886258635214,location_9777_7203839886258635214,9777,True,,,
9778,7207685118814988031,location_9778_7207685118814988031,9778,True,,,
9779,721218272353549140,location_9779_721218272353549140,9779,True,,,
9780,7212621023708464829,location_9780_7212621023708464829,9780,True,,,
9781,7214678424653841715,location_9781_7214678424653841715,9781,True,,,
9782,7214834355731576192,location_9782_7214834355731576192,9782,True,,,
9783,7216679885269203992,location_9783_7216679885269203992,9783,True,,,
9784,7218325661163766385,location_9784_7218325661163766385,9784,True,,,
9785,7219293717069449633,location_9785_7219293717069449633,9785,True,,,
9786,7220185640868418696,location_9786_7220185640868418696,9786,True,,,
9787,7221115117553725904,location_9787_7221115117553725904,9787,True,,,
9788,7221426999421092633,location_9788_7221426999421092633,9788,True,,,
9789,7221753032163555911,location_9789_7221753032163555911,9789,True,,,
9790,7222311227135233216,location_9790_7222311227135233216,9790,True,,,
9791,7224009940041470435,location_9791_7224009940041470435,9791,True,,,
9792,7226111389875101418,location_9792_7226111389875101418,9792,True,,,
9793,7228236453714211813,location_9793_7228236453714211813,9793,True,,,
9794,722881655726070254,location_9794_722881655726070254,9794,True,,,
9795,7233014692281927919,location_9795_7233014692281927919,9795,True,,,
9796,7235162954741640224,location_9796_7235162954741640224,9796,True,,,
9797,7237561282527256044,location_9797_7237561282527256044,9797,True,,,
9798,7238123429539889791,location_9798_7238123429539889791,9798,True,,,
9799,7238155335457244530,location_9799_7238155335457244530,9799,True,,,
9800,7238826483459047614,location_9800_7238826483459047614,9800,True,,,
9801,7241419364426502440,location_9801_7241419364426502440,9801,True,,,
9802,7242251403378338188,location_9802_7242251403378338188,9802,True,,,
9803,7242840497164258883,location_9803_7242840497164258883,9803,True,,,
9804,7245774492769634327,location_9804_7245774492769634327,9804,True,,,
9805,7247336266729176207,location_9805_7247336266729176207,9805,True,,,
9806,7249197872241093414,location_9806_7249197872241093414,9806,True,,,
9807,7249806025466540843,location_9807_7249806025466540843,9807,True,,,
9808,7253614609978505476,location_9808_7253614609978505476,9808,True,,,
9809,7253652321413354039,location_9809_7253652321413354039,9809,True,,,
9810,7254389234136145088,location_9810_7254389234136145088,9810,True,,,
9811,7254633741461751753,location_9811_7254633741461751753,9811,True,,,
9812,7254692181354519754,location_9812_7254692181354519754,9812,True,,,
9813,7254802042554464884,location_9813_7254802042554464884,9813,True,,,
9814,7257542912797781809,location_9814_7257542912797781809,9814,True,,,
9815,7258675663921657958,location_9815_7258675663921657958,9815,True,,,
9816,7259202407960969445,location_9816_7259202407960969445,9816,True,,,
9817,7260298891894116998,location_9817_7260298891894116998,9817,True,,,
9818,7260906648377728276,location_9818_7260906648377728276,9818,True,,,
9819,7261990314088971849,location_9819_7261990314088971849,9819,True,,,
9820,7263284013913234600,location_9820_7263284013913234600,9820,True,,,
9821,7264293209905192338,location_9821_7264293209905192338,9821,True,,,
9822,7265831949297920186,location_9822_7265831949297920186,9822,True,,,
9823,7268405388561302219,location_9823_7268405388561302219,9823,True,,,
9824,7270508802544927503,location_9824_7270508802544927503,9824,True,,,
9825,7272497597796090228,location_9825_7272497597796090228,9825,True,,,
9826,7282579739746328294,location_9826_7282579739746328294,9826,True,,,
9827,7284381285046023899,location_9827_7284381285046023899,9827,True,,,
9828,7286388506713071499,location_9828_7286388506713071499,9828,True,,,
9829,7287292360440742677,location_9829_7287292360440742677,9829,True,,,
9830,7287456771046240503,location_9830_7287456771046240503,9830,True,,,
9831,7287987513685246512,location_9831_7287987513685246512,9831,True,,,
9832,728836831794587823,location_9832_728836831794587823,9832,True,,,
9833,728914270320706329,location_9833_728914270320706329,9833,True,,,
9834,729115829398563601,location_9834_729115829398563601,9834,True,,,
9835,7292018976489007970,location_9835_7292018976489007970,9835,True,,,
9836,7293876622357274929,location_9836_7293876622357274929,9836,True,,,
9837,7294907788891074449,location_9837_7294907788891074449,9837,True,,,
9838,7294991308252065648,location_9838_7294991308252065648,9838,True,,,
9839,7296655060491801716,location_9839_7296655060491801716,9839,True,,,
9840,7297898353425118454,location_9840_7297898353425118454,9840,True,,,
9841,7300488369445128664,location_9841_7300488369445128664,9841,True,,,
9842,7304419420700870568,location_9842_7304419420700870568,9842,True,,,
9843,730584358242276331,location_9843_730584358242276331,9843,True,,,
9844,7306305698205929541,location_9844_7306305698205929541,9844,True,,,
9845,7308874366339931121,location_9845_7308874366339931121,9845,True,,,
9846,7312010232479324948,location_9846_7312010232479324948,9846,True,,,
9847,7312089425893706485,location_9847_7312089425893706485,9847,True,,,
9848,7314832248185665197,location_9848_7314832248185665197,9848,True,,,
9849,7317415043403870624,location_9849_7317415043403870624,9849,True,,,
9850,7321904352742223858,location_9850_7321904352742223858,9850,True,,,
9851,7325417408207615106,location_9851_7325417408207615106,9851,True,,,
9852,7325903770988267813,location_9852_7325903770988267813,9852,True,,,
9853,7325993726226907377,location_9853_7325993726226907377,9853,True,,,
9854,7331970886460560378,location_9854_7331970886460560378,9854,True,,,
9855,7332193085661412276,location_9855_7332193085661412276,9855,True,,,
9856,7333485458744468985,location_9856_7333485458744468985,9856,True,,,
9857,7333983901403083616,location_9857_7333983901403083616,9857,True,,,
9858,7335015551042225507,location_9858_7335015551042225507,9858,True,,,
9859,7335397329975504851,location_9859_7335397329975504851,9859,True,,,
9860,7335426485281513550,location_9860_7335426485281513550,9860,True,,,
9861,7335766800329321484,location_9861_7335766800329321484,9861,True,,,
9862,7335886158738787679,location_9862_7335886158738787679,9862,True,,,
9863,7340661469003782663,location_9863_7340661469003782663,9863,True,,,
9864,7341104269355180370,location_9864_7341104269355180370,9864,True,,,
9865,7342288112262717236,location_9865_7342288112262717236,9865,True,,,
9866,7344580587670698278,location_9866_7344580587670698278,9866,True,,,
9867,7344823544512561206,location_9867_7344823544512561206,9867,True,,,
9868,7346571479066017123,location_9868_7346571479066017123,9868,True,,,
9869,7348858529529468249,location_9869_7348858529529468249,9869,True,,,
9870,7349288321349318917,location_9870_7349288321349318917,9870,True,,,
9871,7349473829892099098,location_9871_7349473829892099098,9871,True,,,
9872,7349661555239291045,location_9872_7349661555239291045,9872,True,,,
9873,7351033956957466294,location_9873_7351033956957466294,9873,True,,,
9874,7351304018603013458,location_9874_7351304018603013458,9874,True,,,
9875,7352742342403842038,location_9875_7352742342403842038,9875,True,,,
9876,7354643582805717044,location_9876_7354643582805717044,9876,True,,,
9877,7357180500274648924,location_9877_7357180500274648924,9877,True,,,
9878,7357551616097478858,location_9878_7357551616097478858,9878,True,,,
9879,7358347512833220604,location_9879_7358347512833220604,9879,True,,,
9880,7359669167789288706,location_9880_7359669167789288706,9880,True,,,
9881,7360443614181643972,location_9881_7360443614181643972,9881,True,,,
9882,7360458634885340079,location_9882_7360458634885340079,9882,True,,,
9883,7360806153660896455,location_9883_7360806153660896455,9883,True,,,
9884,7361740386531061953,location_9884_7361740386531061953,9884,True,,,
9885,736274130775623237,location_9885_736274130775623237,9885,True,,,
9886,7363667873576746408,location_9886_7363667873576746408,9886,True,,,
9887,7366284788935329023,location_9887_7366284788935329023,9887,True,,,
9888,7366618539998055160,location_9888_7366618539998055160,9888,True,,,
9889,7369232127764577346,location_9889_7369232127764577346,9889,True,,,
9890,7372435927959519739,location_9890_7372435927959519739,9890,True,,,
9891,7372991888260937289,location_9891_7372991888260937289,9891,True,,,
9892,737795275665968797,location_9892_737795275665968797,9892,True,,,
9893,7379417572184718201,location_9893_7379417572184718201,9893,True,,,
9894,7379459107573656338,location_9894_7379459107573656338,9894,True,,,
9895,7379992327645650462,location_9895_7379992327645650462,9895,True,,,
9896,7380455692608240308,location_9896_7380455692608240308,9896,True,,,
9897,7381006107416794768,location_9897_7381006107416794768,9897,True,,,
9898,738248032827080749,location_9898_738248032827080749,9898,True,,,
9899,7383376533604154195,location_9899_7383376533604154195,9899,True,,,
9900,7384225104211960240,location_9900_7384225104211960240,9900,True,,,
9901,7384449923713030797,location_9901_7384449923713030797,9901,True,,,
9902,738800668224534726,location_9902_738800668224534726,9902,True,,,
9903,7388145962250604086,location_9903_7388145962250604086,9903,True,,,
9904,7393394728335040627,location_9904_7393394728335040627,9904,True,,,
9905,7393765535883508136,location_9905_7393765535883508136,9905,True,,,
9906,7395260774273446346,location_9906_7395260774273446346,9906,True,,,
9907,7395525050548537950,location_9907_7395525050548537950,9907,True,,,
9908,7395732995612487258,location_9908_7395732995612487258,9908,True,,,
9909,7395794852172391903,location_9909_7395794852172391903,9909,True,,,
9910,7395917793744781887,location_9910_7395917793744781887,9910,True,,,
9911,7397229922937930382,location_9911_7397229922937930382,9911,True,,,
9912,739911760664232376,location_9912_739911760664232376,9912,True,,,
9913,7400256857772355959,location_9913_7400256857772355959,9913,True,,,
9914,7400467159505329385,location_9914_7400467159505329385,9914,True,,,
9915,7400739499073182460,location_9915_7400739499073182460,9915,True,,,
9916,7402235364202425990,location_9916_7402235364202425990,9916,True,,,
9917,7403074551230233055,location_9917_7403074551230233055,9917,True,,,
9918,7405119797649974997,location_9918_7405119797649974997,9918,True,,,
9919,7406149237663898866,location_9919_7406149237663898866,9919,True,,,
9920,7409517425610863362,location_9920_7409517425610863362,9920,True,,,
9921,7413307208893357705,location_9921_7413307208893357705,9921,True,,,
9922,7413540754808085310,location_9922_7413540754808085310,9922,True,,,
9923,7414111348576629883,location_9923_7414111348576629883,9923,True,,,
9924,7414192959809853069,location_9924_7414192959809853069,9924,True,,,
9925,7415642895787775644,location_9925_7415642895787775644,9925,True,,,
9926,7418095103375622726,location_9926_7418095103375622726,9926,True,,,
9927,7418912884972040447,location_9927_7418912884972040447,9927,True,,,
9928,7422677661218009127,location_9928_7422677661218009127,9928,True,,,
9929,7422711991537688957,location_9929_7422711991537688957,9929,True,,,
9930,7428397832940124014,location_9930_7428397832940124014,9930,True,,,
9931,7430266830837864919,location_9931_7430266830837864919,9931,True,,,
9932,7432527027502225385,location_9932_7432527027502225385,9932,True,,,
9933,7434080107228680494,location_9933_7434080107228680494,9933,True,,,
9934,7436862294147709700,location_9934_7436862294147709700,9934,True,,,
9935,744014438921824263,location_9935_744014438921824263,9935,True,,,
9936,7440607756632439408,location_9936_7440607756632439408,9936,True,,,
9937,7440669229053818741,location_9937_7440669229053818741,9937,True,,,
9938,7445598471239560597,location_9938_7445598471239560597,9938,True,,,
9939,7446569207813309645,location_9939_7446569207813309645,9939,True,,,
9940,7449536265971041654,location_9940_7449536265971041654,9940,True,,,
9941,7449623509363871140,location_9941_7449623509363871140,9941,True,,,
9942,7449754583517967291,location_9942_7449754583517967291,9942,True,,,
9943,7450299600814117761,location_9943_7450299600814117761,9943,True,,,
9944,7451073688266930738,location_9944_7451073688266930738,9944,True,,,
9945,7451117684656304753,location_9945_7451117684656304753,9945,True,,,
9946,7451262373375926566,location_9946_7451262373375926566,9946,True,,,
9947,7451477268154024984,location_9947_7451477268154024984,9947,True,,,
9948,7451743417499589381,location_9948_7451743417499589381,9948,True,,,
9949,7452669945680705525,location_9949_7452669945680705525,9949,True,,,
9950,7453558651696783764,location_9950_7453558651696783764,9950,True,,,
9951,745408514815455942,location_9951_745408514815455942,9951,True,,,
9952,7455184946884490212,location_9952_7455184946884490212,9952,True,,,
9953,74556493061105912,location_9953_74556493061105912,9953,True,,,
9954,7456207353960206273,location_9954_7456207353960206273,9954,True,,,
9955,7456951045202985472,location_9955_7456951045202985472,9955,True,,,
9956,7457307327864562188,location_9956_7457307327864562188,9956,True,,,
9957,7457344431894347167,location_9957_7457344431894347167,9957,True,,,
9958,745864414384757761,location_9958_745864414384757761,9958,True,,,
9959,7459685461327919529,location_9959_7459685461327919529,9959,True,,,
9960,7467842553285714055,location_9960_7467842553285714055,9960,True,,,
9961,7468266973006380075,location_9961_7468266973006380075,9961,True,,,
9962,7468608536943399507,location_9962_7468608536943399507,9962,True,,,
9963,7472607219856950790,location_9963_7472607219856950790,9963,True,,,
9964,7476681451832124696,location_9964_7476681451832124696,9964,True,,,
9965,7476821666680139217,location_9965_7476821666680139217,9965,True,,,
9966,7476969509842482437,location_9966_7476969509842482437,9966,True,,,
9967,7478048331967998535,location_9967_7478048331967998535,9967,True,,,
9968,7479284933293525346,location_9968_7479284933293525346,9968,True,,,
9969,7480021755400829969,location_9969_7480021755400829969,9969,True,,,
9970,7481654567898505901,location_9970_7481654567898505901,9970,True,,,
9971,7483610426052454926,location_9971_7483610426052454926,9971,True,,,
9972,7486859745052523166,location_9972_7486859745052523166,9972,True,,,
9973,7487145267572003507,location_9973_7487145267572003507,9973,True,,,
9974,7488104729170458812,location_9974_7488104729170458812,9974,True,,,
9975,7488469188771873904,location_9975_7488469188771873904,9975,True,,,
9976,7490224371028726673,location_9976_7490224371028726673,9976,True,,,
9977,7490562273314452833,location_9977_7490562273314452833,9977,True,,,
9978,7493337219808918433,location_9978_7493337219808918433,9978,True,,,
9979,7497432847364726421,location_9979_7497432847364726421,9979,True,,,
9980,7499165905823467481,location_9980_7499165905823467481,9980,True,,,
9981,750116705709346673,location_9981_750116705709346673,9981,True,,,
9982,7504063877315130726,location_9982_7504063877315130726,9982,True,,,
9983,7504562798995425392,location_9983_7504562798995425392,9983,True,,,
9984,7507313850424718961,location_9984_7507313850424718961,9984,True,,,
9985,7508227411125659487,location_9985_7508227411125659487,9985,True,,,
9986,7509844756456640153,location_9986_7509844756456640153,9986,True,,,
9987,7510687606714151930,location_9987_7510687606714151930,9987,True,,,
9988,7513394495772562821,location_9988_7513394495772562821,9988,True,,,
9989,7513397346060369561,location_9989_7513397346060369561,9989,True,,,
9990,7513900984295233584,location_9990_7513900984295233584,9990,True,,,
9991,7515528683040547907,location_9991_7515528683040547907,9991,True,,,
9992,7516890371146141802,location_9992_7516890371146141802,9992,True,,,
9993,7524667845495066915,location_9993_7524667845495066915,9993,True,,,
9994,7526818384968334317,location_9994_7526818384968334317,9994,True,,,
9995,7526916206317043355,location_9995_7526916206317043355,9995,True,,,
9996,7527669299393258374,location_9996_7527669299393258374,9996,True,,,
9997,7529077042104344614,location_9997_7529077042104344614,9997,True,,,
9998,7529255150145816779,location_9998_7529255150145816779,9998,True,,,
9999,7529652665678187322,location_9999_7529652665678187322,9999,True,,,
10000,75298814153240219,location_10000_75298814153240219,10000,True,,,
10001,7530007097752633965,location_10001_7530007097752633965,10001,True,,,
10002,7531327667251725484,location_10002_7531327667251725484,10002,True,,,
10003,7532714167833701466,location_10003_7532714167833701466,10003,True,,,
10004,753373478128863005,location_10004_753373478128863005,10004,True,,,
10005,753462204322677322,location_10005_753462204322677322,10005,True,,,
10006,7536571576493398620,location_10006_7536571576493398620,10006,True,,,
10007,7538911150533106343,location_10007_7538911150533106343,10007,True,,,
10008,754161519061598917,location_10008_754161519061598917,10008,True,,,
10009,7542619685644781277,location_10009_7542619685644781277,10009,True,,,
10010,7543380867940021173,location_10010_7543380867940021173,10010,True,,,
10011,7543616561553473522,location_10011_7543616561553473522,10011,True,,,
10012,7544714611686021807,location_10012_7544714611686021807,10012,True,,,
10013,7544991547516631885,location_10013_7544991547516631885,10013,True,,,
10014,7546775789830554038,location_10014_7546775789830554038,10014,True,,,
10015,7547006336210057723,location_10015_7547006336210057723,10015,True,,,
10016,7547802199247356836,location_10016_7547802199247356836,10016,True,,,
10017,7549876645315454652,location_10017_7549876645315454652,10017,True,,,
10018,7552907718329108969,location_10018_7552907718329108969,10018,True,,,
10019,7555206416007029120,location_10019_7555206416007029120,10019,True,,,
10020,7555597651214760944,location_10020_7555597651214760944,10020,True,,,
10021,7555769142745530208,location_10021_7555769142745530208,10021,True,,,
10022,7555782176626624063,location_10022_7555782176626624063,10022,True,,,
10023,7559458337215090199,location_10023_7559458337215090199,10023,True,,,
10024,7559526784669952627,location_10024_7559526784669952627,10024,True,,,
10025,7560118639402658670,location_10025_7560118639402658670,10025,True,,,
10026,7561482200074552209,location_10026_7561482200074552209,10026,True,,,
10027,756215442392170239,location_10027_756215442392170239,10027,True,,,
10028,7563796659159675611,location_10028_7563796659159675611,10028,True,,,
10029,756403090744770215,location_10029_756403090744770215,10029,True,,,
10030,7565364730899282443,location_10030_7565364730899282443,10030,True,,,
10031,7567955675309675376,location_10031_7567955675309675376,10031,True,,,
10032,7568433332070405850,location_10032_7568433332070405850,10032,True,,,
10033,7570423321562299364,location_10033_7570423321562299364,10033,True,,,
10034,7573742160122234462,location_10034_7573742160122234462,10034,True,,,
10035,7574916034986146316,location_10035_7574916034986146316,10035,True,,,
10036,757847961066456161,location_10036_757847961066456161,10036,True,,,
10037,7578950250348555517,location_10037_7578950250348555517,10037,True,,,
10038,7582572053008070376,location_10038_7582572053008070376,10038,True,,,
10039,7582928534046563561,location_10039_7582928534046563561,10039,True,,,
10040,7583163539728315046,location_10040_7583163539728315046,10040,True,,,
10041,7583405363345401847,location_10041_7583405363345401847,10041,True,,,
10042,7584440910411231946,location_10042_7584440910411231946,10042,True,,,
10043,7585676829032190992,location_10043_7585676829032190992,10043,True,,,
10044,7587972151377626654,location_10044_7587972151377626654,10044,True,,,
10045,7589325923849819879,location_10045_7589325923849819879,10045,True,,,
10046,759033649020229912,location_10046_759033649020229912,10046,True,,,
10047,7590420627750675452,location_10047_7590420627750675452,10047,True,,,
10048,759072214602023476,location_10048_759072214602023476,10048,True,,,
10049,7594331292501171074,location_10049_7594331292501171074,10049,True,,,
10050,7595702929717395268,location_10050_7595702929717395268,10050,True,,,
10051,7596550503521196533,location_10051_7596550503521196533,10051,True,,,
10052,7599556181370327891,location_10052_7599556181370327891,10052,True,,,
10053,7599634693048029522,location_10053_7599634693048029522,10053,True,,,
10054,7600076210608936390,location_10054_7600076210608936390,10054,True,,,
10055,7601675175361114896,location_10055_7601675175361114896,10055,True,,,
10056,7604225553507106137,location_10056_7604225553507106137,10056,True,,,
10057,7605794738672628657,location_10057_7605794738672628657,10057,True,,,
10058,7608490932307798932,location_10058_7608490932307798932,10058,True,,,
10059,7610954271985252249,location_10059_7610954271985252249,10059,True,,,
10060,7612074093662622690,location_10060_7612074093662622690,10060,True,,,
10061,761418394136266353,location_10061_761418394136266353,10061,True,,,
10062,7615335293550610030,location_10062_7615335293550610030,10062,True,,,
10063,761571494340590752,location_10063_761571494340590752,10063,True,,,
10064,7617315138563953963,location_10064_7617315138563953963,10064,True,,,
10065,7620353668274745716,location_10065_7620353668274745716,10065,True,,,
10066,762173772832153993,location_10066_762173772832153993,10066,True,,,
10067,7623368123544273614,location_10067_7623368123544273614,10067,True,,,
10068,7623554727721532398,location_10068_7623554727721532398,10068,True,,,
10069,7624053433146404078,location_10069_7624053433146404078,10069,True,,,
10070,7625053370612510743,location_10070_7625053370612510743,10070,True,,,
10071,7628020606205828271,location_10071_7628020606205828271,10071,True,,,
10072,7628052379732294512,location_10072_7628052379732294512,10072,True,,,
10073,7628052951945907316,location_10073_7628052951945907316,10073,True,,,
10074,7628173462477881468,location_10074_7628173462477881468,10074,True,,,
10075,7629754023615290918,location_10075_7629754023615290918,10075,True,,,
10076,7630374176004988113,location_10076_7630374176004988113,10076,True,,,
10077,7630938072353418780,location_10077_7630938072353418780,10077,True,,,
10078,7631408034317353251,location_10078_7631408034317353251,10078,True,,,
10079,7634946125447846100,location_10079_7634946125447846100,10079,True,,,
10080,7635021524142707705,location_10080_7635021524142707705,10080,True,,,
10081,7637262711325809001,location_10081_7637262711325809001,10081,True,,,
10082,7637403738551294497,location_10082_7637403738551294497,10082,True,,,
10083,7642532850028966704,location_10083_7642532850028966704,10083,True,,,
10084,7642926750805653180,location_10084_7642926750805653180,10084,True,,,
10085,7643479865372795049,location_10085_7643479865372795049,10085,True,,,
10086,7644515596034222472,location_10086_7644515596034222472,10086,True,,,
10087,7645324396099038338,location_10087_7645324396099038338,10087,True,,,
10088,7648083143885837407,location_10088_7648083143885837407,10088,True,,,
10089,7648347402348555884,location_10089_7648347402348555884,10089,True,,,
10090,7648496245417963808,location_10090_7648496245417963808,10090,True,,,
10091,7648953558876596308,location_10091_7648953558876596308,10091,True,,,
10092,7650081311464902986,location_10092_7650081311464902986,10092,True,,,
10093,7650081915163531708,location_10093_7650081915163531708,10093,True,,,
10094,7650601096606525193,location_10094_7650601096606525193,10094,True,,,
10095,765077416652275205,location_10095_765077416652275205,10095,True,,,
10096,765441734645606344,location_10096_765441734645606344,10096,True,,,
10097,7656541169154597149,location_10097_7656541169154597149,10097,True,,,
10098,765926102612284040,location_10098_765926102612284040,10098,True,,,
10099,76607040969912132,location_10099_76607040969912132,10099,True,,,
10100,7661345427793199419,location_10100_7661345427793199419,10100,True,,,
10101,7661420599254564389,location_10101_7661420599254564389,10101,True,,,
10102,7661907188877460420,location_10102_7661907188877460420,10102,True,,,
10103,7662212186977233441,location_10103_7662212186977233441,10103,True,,,
10104,7662747419180372981,location_10104_7662747419180372981,10104,True,,,
10105,7664854983950198884,location_10105_7664854983950198884,10105,True,,,
10106,7669605105246830840,location_10106_7669605105246830840,10106,True,,,
10107,7670981884626687627,location_10107_7670981884626687627,10107,True,,,
10108,7672613178162854398,location_10108_7672613178162854398,10108,True,,,
10109,7673429614414768066,location_10109_7673429614414768066,10109,True,,,
10110,7675589255227080277,location_10110_7675589255227080277,10110,True,,,
10111,7676766496562729769,location_10111_7676766496562729769,10111,True,,,
10112,767711470406971837,location_10112_767711470406971837,10112,True,,,
10113,7677196209421504001,location_10113_7677196209421504001,10113,True,,,
10114,7678300669272069904,location_10114_7678300669272069904,10114,True,,,
10115,7681299698299617255,location_10115_7681299698299617255,10115,True,,,
10116,7686483843059769210,location_10116_7686483843059769210,10116,True,,,
10117,7686947556799452626,location_10117_7686947556799452626,10117,True,,,
10118,7687653135029146163,location_10118_7687653135029146163,10118,True,,,
10119,7688889651242429062,location_10119_7688889651242429062,10119,True,,,
10120,7690608156839992370,location_10120_7690608156839992370,10120,True,,,
10121,769289405501663995,location_10121_769289405501663995,10121,True,,,
10122,7696245842565731900,location_10122_7696245842565731900,10122,True,,,
10123,7698477135949776889,location_10123_7698477135949776889,10123,True,,,
10124,7699384701835169125,location_10124_7699384701835169125,10124,True,,,
10125,7699553650413095887,location_10125_7699553650413095887,10125,True,,,
10126,7699745992353162697,location_10126_7699745992353162697,10126,True,,,
10127,7701935483808972970,location_10127_7701935483808972970,10127,True,,,
10128,7702658252484644300,location_10128_7702658252484644300,10128,True,,,
10129,7702804830159453660,location_10129_7702804830159453660,10129,True,,,
10130,7705827408554773745,location_10130_7705827408554773745,10130,True,,,
10131,7709560507554416456,location_10131_7709560507554416456,10131,True,,,
10132,7709762825037513907,location_10132_7709762825037513907,10132,True,,,
10133,7710143348930373252,location_10133_7710143348930373252,10133,True,,,
10134,7711511703253582075,location_10134_7711511703253582075,10134,True,,,
10135,7714116060969049483,location_10135_7714116060969049483,10135,True,,,
10136,7714935007609089263,location_10136_7714935007609089263,10136,True,,,
10137,771498054891579423,location_10137_771498054891579423,10137,True,,,
10138,7717118865099422283,location_10138_7717118865099422283,10138,True,,,
10139,771718317123050921,location_10139_771718317123050921,10139,True,,,
10140,7718736435314871408,location_10140_7718736435314871408,10140,True,,,
10141,77214163667636724,location_10141_77214163667636724,10141,True,,,
10142,7722535791116868773,location_10142_7722535791116868773,10142,True,,,
10143,7722601243742942425,location_10143_7722601243742942425,10143,True,,,
10144,7723705741565052812,location_10144_7723705741565052812,10144,True,,,
10145,7723894130078437352,location_10145_7723894130078437352,10145,True,,,
10146,7725123063150820333,location_10146_7725123063150820333,10146,True,,,
10147,7725944821053201658,location_10147_7725944821053201658,10147,True,,,
10148,7726394370507561213,location_10148_7726394370507561213,10148,True,,,
10149,7726745879139468352,location_10149_7726745879139468352,10149,True,,,
10150,7727810649868569194,location_10150_7727810649868569194,10150,True,,,
10151,7728021255309140309,location_10151_7728021255309140309,10151,True,,,
10152,7734991389983460056,location_10152_7734991389983460056,10152,True,,,
10153,7735038962814405239,location_10153_7735038962814405239,10153,True,,,
10154,7736163425606402002,location_10154_7736163425606402002,10154,True,,,
10155,7736194012975647085,location_10155_7736194012975647085,10155,True,,,
10156,7736956999997961392,location_10156_7736956999997961392,10156,True,,,
10157,7737312187614006182,location_10157_7737312187614006182,10157,True,,,
10158,7740272842671381074,location_10158_7740272842671381074,10158,True,,,
10159,7740542471670154511,location_10159_7740542471670154511,10159,True,,,
10160,7741251011952721140,location_10160_7741251011952721140,10160,True,,,
10161,7742005669774049629,location_10161_7742005669774049629,10161,True,,,
10162,7743128176169891217,location_10162_7743128176169891217,10162,True,,,
10163,7744468448544441322,location_10163_7744468448544441322,10163,True,,,
10164,7745344838485675100,location_10164_7745344838485675100,10164,True,,,
10165,7745479028345347615,location_10165_7745479028345347615,10165,True,,,
10166,7746394304977540318,location_10166_7746394304977540318,10166,True,,,
10167,7746446599553741979,location_10167_7746446599553741979,10167,True,,,
10168,7747780796837558514,location_10168_7747780796837558514,10168,True,,,
10169,7750643244281018621,location_10169_7750643244281018621,10169,True,,,
10170,7751722985828014748,location_10170_7751722985828014748,10170,True,,,
10171,7752148091836796771,location_10171_7752148091836796771,10171,True,,,
10172,7752499214597819616,location_10172_7752499214597819616,10172,True,,,
10173,775487771738802053,location_10173_775487771738802053,10173,True,,,
10174,7755612038125270620,location_10174_7755612038125270620,10174,True,,,
10175,775832132970852941,location_10175_775832132970852941,10175,True,,,
10176,7758764038421222184,location_10176_7758764038421222184,10176,True,,,
10177,7762079240732565536,location_10177_7762079240732565536,10177,True,,,
10178,7762161780239528646,location_10178_7762161780239528646,10178,True,,,
10179,7762499193738311272,location_10179_7762499193738311272,10179,True,,,
10180,7762901316547382634,location_10180_7762901316547382634,10180,True,,,
10181,7764000344267515928,location_10181_7764000344267515928,10181,True,,,
10182,7764138273889424476,location_10182_7764138273889424476,10182,True,,,
10183,7764510838861192546,location_10183_7764510838861192546,10183,True,,,
10184,7766556798486412579,location_10184_7766556798486412579,10184,True,,,
10185,7770443208008352111,location_10185_7770443208008352111,10185,True,,,
10186,7770885168220057830,location_10186_7770885168220057830,10186,True,,,
10187,7771216873275194408,location_10187_7771216873275194408,10187,True,,,
10188,7772688289143894220,location_10188_7772688289143894220,10188,True,,,
10189,7772794468027712947,location_10189_7772794468027712947,10189,True,,,
10190,7773891753317492448,location_10190_7773891753317492448,10190,True,,,
10191,7775587563717324601,location_10191_7775587563717324601,10191,True,,,
10192,7776147118758980459,location_10192_7776147118758980459,10192,True,,,
10193,777674930277205054,location_10193_777674930277205054,10193,True,,,
10194,7776769864214730440,location_10194_7776769864214730440,10194,True,,,
10195,7776872714763329099,location_10195_7776872714763329099,10195,True,,,
10196,7779806829939145025,location_10196_7779806829939145025,10196,True,,,
10197,7782469066497629215,location_10197_7782469066497629215,10197,True,,,
10198,7784292390926504264,location_10198_7784292390926504264,10198,True,,,
10199,7786180516038617592,location_10199_7786180516038617592,10199,True,,,
10200,7786215588862977133,location_10200_7786215588862977133,10200,True,,,
10201,778636310570336844,location_10201_778636310570336844,10201,True,,,
10202,7788201584346457526,location_10202_7788201584346457526,10202,True,,,
10203,778986731038317321,location_10203_778986731038317321,10203,True,,,
10204,7792343983201393214,location_10204_7792343983201393214,10204,True,,,
10205,7792430613398021346,location_10205_7792430613398021346,10205,True,,,
10206,7793887121142980367,location_10206_7793887121142980367,10206,True,,,
10207,7794297666552591816,location_10207_7794297666552591816,10207,True,,,
10208,7794668317179654891,location_10208_7794668317179654891,10208,True,,,
10209,779614655526050537,location_10209_779614655526050537,10209,True,,,
10210,7799295892420916965,location_10210_7799295892420916965,10210,True,,,
10211,7800945690707354886,location_10211_7800945690707354886,10211,True,,,
10212,780126719986367750,location_10212_780126719986367750,10212,True,,,
10213,7803651751357713297,location_10213_7803651751357713297,10213,True,,,
10214,7811564656086007263,location_10214_7811564656086007263,10214,True,,,
10215,7812631381117765378,location_10215_7812631381117765378,10215,True,,,
10216,7814819151791408205,location_10216_7814819151791408205,10216,True,,,
10217,7814922973085441625,location_10217_7814922973085441625,10217,True,,,
10218,7815991343112325097,location_10218_7815991343112325097,10218,True,,,
10219,7816130375727297691,location_10219_7816130375727297691,10219,True,,,
10220,7820005891283578204,location_10220_7820005891283578204,10220,True,,,
10221,782222561948098910,location_10221_782222561948098910,10221,True,,,
10222,7822800685680623261,location_10222_7822800685680623261,10222,True,,,
10223,7823877386284617603,location_10223_7823877386284617603,10223,True,,,
10224,7825002785889241522,location_10224_7825002785889241522,10224,True,,,
10225,7830345083009398501,location_10225_7830345083009398501,10225,True,,,
10226,7833764230592879590,location_10226_7833764230592879590,10226,True,,,
10227,7836508420315412060,location_10227_7836508420315412060,10227,True,,,
10228,7838467698652834077,location_10228_7838467698652834077,10228,True,,,
10229,7838732785591166426,location_10229_7838732785591166426,10229,True,,,
10230,7840246464687976605,location_10230_7840246464687976605,10230,True,,,
10231,7841590864287854753,location_10231_7841590864287854753,10231,True,,,
10232,7843670717197548552,location_10232_7843670717197548552,10232,True,,,
10233,7843861555155947317,location_10233_7843861555155947317,10233,True,,,
10234,7845104013540397247,location_10234_7845104013540397247,10234,True,,,
10235,7846814181551759309,location_10235_7846814181551759309,10235,True,,,
10236,7847461819755315061,location_10236_7847461819755315061,10236,True,,,
10237,7847518520224840053,location_10237_7847518520224840053,10237,True,,,
10238,7848014509040853766,location_10238_7848014509040853766,10238,True,,,
10239,7849666592122272959,location_10239_7849666592122272959,10239,True,,,
10240,7851162507596861753,location_10240_7851162507596861753,10240,True,,,
10241,785153552621804310,location_10241_785153552621804310,10241,True,,,
10242,7852044851192574261,location_10242_7852044851192574261,10242,True,,,
10243,7852182833417523070,location_10243_7852182833417523070,10243,True,,,
10244,7853191448025475844,location_10244_7853191448025475844,10244,True,,,
10245,7854953645535323368,location_10245_7854953645535323368,10245,True,,,
10246,7855551379275168011,location_10246_7855551379275168011,10246,True,,,
10247,7856956723435727114,location_10247_7856956723435727114,10247,True,,,
10248,7857310328800239464,location_10248_7857310328800239464,10248,True,,,
10249,785809809107563599,location_10249_785809809107563599,10249,True,,,
10250,7858649551401794915,location_10250_7858649551401794915,10250,True,,,
10251,7858874249307319928,location_10251_7858874249307319928,10251,True,,,
10252,785928714220635239,location_10252_785928714220635239,10252,True,,,
10253,7859711250574510924,location_10253_7859711250574510924,10253,True,,,
10254,7864690968291532292,location_10254_7864690968291532292,10254,True,,,
10255,7865962961419387805,location_10255_7865962961419387805,10255,True,,,
10256,7870287957920752571,location_10256_7870287957920752571,10256,True,,,
10257,7871788421955320175,location_10257_7871788421955320175,10257,True,,,
10258,7873094448823379907,location_10258_7873094448823379907,10258,True,,,
10259,7874727263756228790,location_10259_7874727263756228790,10259,True,,,
10260,787482395809500338,location_10260_787482395809500338,10260,True,,,
10261,7874960424203116123,location_10261_7874960424203116123,10261,True,,,
10262,7875582627298032582,location_10262_7875582627298032582,10262,True,,,
10263,7878405212959659283,location_10263_7878405212959659283,10263,True,,,
10264,7879452528103557519,location_10264_7879452528103557519,10264,True,,,
10265,7880695302897416212,location_10265_7880695302897416212,10265,True,,,
10266,7881814897936257238,location_10266_7881814897936257238,10266,True,,,
10267,7882893472153233656,location_10267_7882893472153233656,10267,True,,,
10268,7885951263975903345,location_10268_7885951263975903345,10268,True,,,
10269,7886000805549097949,location_10269_7886000805549097949,10269,True,,,
10270,7886256975005111267,location_10270_7886256975005111267,10270,True,,,
10271,7886416664126883476,location_10271_7886416664126883476,10271,True,,,
10272,7886621276648889959,location_10272_7886621276648889959,10272,True,,,
10273,7886909259410374326,location_10273_7886909259410374326,10273,True,,,
10274,7887219284105790096,location_10274_7887219284105790096,10274,True,,,
10275,7888190148668198762,location_10275_7888190148668198762,10275,True,,,
10276,7888663454436100881,location_10276_7888663454436100881,10276,True,,,
10277,7888820301454705725,location_10277_7888820301454705725,10277,True,,,
10278,7892075458314776356,location_10278_7892075458314776356,10278,True,,,
10279,7893672830921461227,location_10279_7893672830921461227,10279,True,,,
10280,7900595375235441033,location_10280_7900595375235441033,10280,True,,,
10281,7901047769634140756,location_10281_7901047769634140756,10281,True,,,
10282,790295618280774414,location_10282_790295618280774414,10282,True,,,
10283,7902978165865484877,location_10283_7902978165865484877,10283,True,,,
10284,7903359721094631508,location_10284_7903359721094631508,10284,True,,,
10285,7904036621474098697,location_10285_7904036621474098697,10285,True,,,
10286,7906882984047399388,location_10286_7906882984047399388,10286,True,,,
10287,7907075632183043389,location_10287_7907075632183043389,10287,True,,,
10288,790794220009836104,location_10288_790794220009836104,10288,True,,,
10289,7909286243714630237,location_10289_7909286243714630237,10289,True,,,
10290,7911109004714097228,location_10290_7911109004714097228,10290,True,,,
10291,7911170574576506049,location_10291_7911170574576506049,10291,True,,,
10292,7911742217260045870,location_10292_7911742217260045870,10292,True,,,
10293,7912186641151164474,location_10293_7912186641151164474,10293,True,,,
10294,7913784829705323248,location_10294_7913784829705323248,10294,True,,,
10295,7914858028819871016,location_10295_7914858028819871016,10295,True,,,
10296,7916048631432456012,location_10296_7916048631432456012,10296,True,,,
10297,7916496204296844049,location_10297_7916496204296844049,10297,True,,,
10298,7918962761769755340,location_10298_7918962761769755340,10298,True,,,
10299,7919586899800890701,location_10299_7919586899800890701,10299,True,,,
10300,7920018287707440425,location_10300_7920018287707440425,10300,True,,,
10301,7921507674989263533,location_10301_7921507674989263533,10301,True,,,
10302,7922162079201920940,location_10302_7922162079201920940,10302,True,,,
10303,7924090099760887535,location_10303_7924090099760887535,10303,True,,,
10304,7929116061208778672,location_10304_7929116061208778672,10304,True,,,
10305,7934872861060255360,location_10305_7934872861060255360,10305,True,,,
10306,7935245874395787073,location_10306_7935245874395787073,10306,True,,,
10307,793742925363904080,location_10307_793742925363904080,10307,True,,,
10308,7939768198484915582,location_10308_7939768198484915582,10308,True,,,
10309,7942436738993191680,location_10309_7942436738993191680,10309,True,,,
10310,7942631867940066154,location_10310_7942631867940066154,10310,True,,,
10311,7948339360033059019,location_10311_7948339360033059019,10311,True,,,
10312,7950434540609229125,location_10312_7950434540609229125,10312,True,,,
10313,7950947635651568074,location_10313_7950947635651568074,10313,True,,,
10314,7951271827695638885,location_10314_7951271827695638885,10314,True,,,
10315,795170792232896273,location_10315_795170792232896273,10315,True,,,
10316,7956548678249477776,location_10316_7956548678249477776,10316,True,,,
10317,7957766492819515677,location_10317_7957766492819515677,10317,True,,,
10318,795914029706178115,location_10318_795914029706178115,10318,True,,,
10319,7960406190013071293,location_10319_7960406190013071293,10319,True,,,
10320,7960897842712385826,location_10320_7960897842712385826,10320,True,,,
10321,7964757154952810696,location_10321_7964757154952810696,10321,True,,,
10322,7965309248395475919,location_10322_7965309248395475919,10322,True,,,
10323,7965879054932773069,location_10323_7965879054932773069,10323,True,,,
10324,7966008629716002574,location_10324_7966008629716002574,10324,True,,,
10325,7968103975074133074,location_10325_7968103975074133074,10325,True,,,
10326,7969242823967426875,location_10326_7969242823967426875,10326,True,,,
10327,7969388919004767108,location_10327_7969388919004767108,10327,True,,,
10328,7969456805228537700,location_10328_7969456805228537700,10328,True,,,
10329,7971319373652079246,location_10329_7971319373652079246,10329,True,,,
10330,797673772859796553,location_10330_797673772859796553,10330,True,,,
10331,797771462369935516,location_10331_797771462369935516,10331,True,,,
10332,7978214953450651959,location_10332_7978214953450651959,10332,True,,,
10333,7981114451826736636,location_10333_7981114451826736636,10333,True,,,
10334,7981861236193993648,location_10334_7981861236193993648,10334,True,,,
10335,7982298341985348292,location_10335_7982298341985348292,10335,True,,,
10336,7982430934367598077,location_10336_7982430934367598077,10336,True,,,
10337,7984461039571913998,location_10337_7984461039571913998,10337,True,,,
10338,7986706047681689325,location_10338_7986706047681689325,10338,True,,,
10339,798859521984949190,location_10339_798859521984949190,10339,True,,,
10340,7988752981002607499,location_10340_7988752981002607499,10340,True,,,
10341,7989068766880702263,location_10341_7989068766880702263,10341,True,,,
10342,7989919724963144251,location_10342_7989919724963144251,10342,True,,,
10343,7991991669459960784,location_10343_7991991669459960784,10343,True,,,
10344,79945664288802044,location_10344_79945664288802044,10344,True,,,
10345,7996666276622418418,location_10345_7996666276622418418,10345,True,,,
10346,7997431146701518646,location_10346_7997431146701518646,10346,True,,,
10347,8001114429346394839,location_10347_8001114429346394839,10347,True,,,
10348,8001431582526164781,location_10348_8001431582526164781,10348,True,,,
10349,8004346707468988712,location_10349_8004346707468988712,10349,True,,,
10350,8005329936077425639,location_10350_8005329936077425639,10350,True,,,
10351,8007317581410174502,location_10351_8007317581410174502,10351,True,,,
10352,8008657994098560618,location_10352_8008657994098560618,10352,True,,,
10353,8009065465001232917,location_10353_8009065465001232917,10353,True,,,
10354,8009104913739726385,location_10354_8009104913739726385,10354,True,,,
10355,8011549929872381537,location_10355_8011549929872381537,10355,True,,,
10356,8012323799569448323,location_10356_8012323799569448323,10356,True,,,
10357,8013152290581744978,location_10357_8013152290581744978,10357,True,,,
10358,8014321986660494918,location_10358_8014321986660494918,10358,True,,,
10359,8014382153906428218,location_10359_8014382153906428218,10359,True,,,
10360,8014566415358986326,location_10360_8014566415358986326,10360,True,,,
10361,8016271909815361126,location_10361_8016271909815361126,10361,True,,,
10362,8016413007776232898,location_10362_8016413007776232898,10362,True,,,
10363,801697748039836274,location_10363_801697748039836274,10363,True,,,
10364,8018166885959018009,location_10364_8018166885959018009,10364,True,,,
10365,8019137778385632527,location_10365_8019137778385632527,10365,True,,,
10366,801977521942160688,location_10366_801977521942160688,10366,True,,,
10367,8021523734362063874,location_10367_8021523734362063874,10367,True,,,
10368,8024652548981328284,location_10368_8024652548981328284,10368,True,,,
10369,802533184788720311,location_10369_802533184788720311,10369,True,,,
10370,8025697246724368302,location_10370_8025697246724368302,10370,True,,,
10371,8025835036274172008,location_10371_8025835036274172008,10371,True,,,
10372,8026830987611390816,location_10372_8026830987611390816,10372,True,,,
10373,8029981940071820271,location_10373_8029981940071820271,10373,True,,,
10374,8030628253075164010,location_10374_8030628253075164010,10374,True,,,
10375,803397943381957194,location_10375_803397943381957194,10375,True,,,
10376,8036702872139174560,location_10376_8036702872139174560,10376,True,,,
10377,8037281159986615940,location_10377_8037281159986615940,10377,True,,,
10378,8037970724833288278,location_10378_8037970724833288278,10378,True,,,
10379,8039525365154348512,location_10379_8039525365154348512,10379,True,,,
10380,804357074991342625,location_10380_804357074991342625,10380,True,,,
10381,8044066581110790694,location_10381_8044066581110790694,10381,True,,,
10382,8046293033998597186,location_10382_8046293033998597186,10382,True,,,
10383,8047636865238838200,location_10383_8047636865238838200,10383,True,,,
10384,80498265479984223,location_10384_80498265479984223,10384,True,,,
10385,8055240471343498388,location_10385_8055240471343498388,10385,True,,,
10386,8058989438209262091,location_10386_8058989438209262091,10386,True,,,
10387,8064724281359707947,location_10387_8064724281359707947,10387,True,,,
10388,8065569684502865699,location_10388_8065569684502865699,10388,True,,,
10389,8066128390308627180,location_10389_8066128390308627180,10389,True,,,
10390,8069952815879551286,location_10390_8069952815879551286,10390,True,,,
10391,8071546278440505179,location_10391_8071546278440505179,10391,True,,,
10392,8072393113549615286,location_10392_8072393113549615286,10392,True,,,
10393,8073443394893937502,location_10393_8073443394893937502,10393,True,,,
10394,8074067696101711753,location_10394_8074067696101711753,10394,True,,,
10395,8074516769952802647,location_10395_8074516769952802647,10395,True,,,
10396,8075299833417748376,location_10396_8075299833417748376,10396,True,,,
10397,8077232243356021854,location_10397_8077232243356021854,10397,True,,,
10398,8079869556567147005,location_10398_8079869556567147005,10398,True,,,
10399,8082139884418463473,location_10399_8082139884418463473,10399,True,,,
10400,8082620260640948347,location_10400_8082620260640948347,10400,True,,,
10401,8083230870835725555,location_10401_8083230870835725555,10401,True,,,
10402,8087268625141390246,location_10402_8087268625141390246,10402,True,,,
10403,8088167026235139974,location_10403_8088167026235139974,10403,True,,,
10404,8090537124757891701,location_10404_8090537124757891701,10404,True,,,
10405,8091560008104111391,location_10405_8091560008104111391,10405,True,,,
10406,8092096852354071560,location_10406_8092096852354071560,10406,True,,,
10407,809210900429438333,location_10407_809210900429438333,10407,True,,,
10408,8092920882903433643,location_10408_8092920882903433643,10408,True,,,
10409,8094076777780446470,location_10409_8094076777780446470,10409,True,,,
10410,8094247062124598269,location_10410_8094247062124598269,10410,True,,,
10411,8094981096102967382,location_10411_8094981096102967382,10411,True,,,
10412,8097945280006632235,location_10412_8097945280006632235,10412,True,,,
10413,8098832282934078429,location_10413_8098832282934078429,10413,True,,,
10414,809895371284629036,location_10414_809895371284629036,10414,True,,,
10415,8099812430207957830,location_10415_8099812430207957830,10415,True,,,
10416,8101296716284262882,location_10416_8101296716284262882,10416,True,,,
10417,8102019914315241482,location_10417_8102019914315241482,10417,True,,,
10418,8102253156137095531,location_10418_8102253156137095531,10418,True,,,
10419,8107583584565963250,location_10419_8107583584565963250,10419,True,,,
10420,8107591405636433595,location_10420_8107591405636433595,10420,True,,,
10421,810914116544516048,location_10421_810914116544516048,10421,True,,,
10422,8111043175556084070,location_10422_8111043175556084070,10422,True,,,
10423,8112799749495094110,location_10423_8112799749495094110,10423,True,,,
10424,8114503751883424433,location_10424_8114503751883424433,10424,True,,,
10425,8114818327646010724,location_10425_8114818327646010724,10425,True,,,
10426,8114870239300326210,location_10426_8114870239300326210,10426,True,,,
10427,8115631580568610484,location_10427_8115631580568610484,10427,True,,,
10428,8116663134030654728,location_10428_8116663134030654728,10428,True,,,
10429,8118337723486964235,location_10429_8118337723486964235,10429,True,,,
10430,8118406309870029356,location_10430_8118406309870029356,10430,True,,,
10431,812044816983230096,location_10431_812044816983230096,10431,True,,,
10432,8122209984436491169,location_10432_8122209984436491169,10432,True,,,
10433,8124128559407311034,location_10433_8124128559407311034,10433,True,,,
10434,8124786429650156097,location_10434_8124786429650156097,10434,True,,,
10435,8124801943035296554,location_10435_8124801943035296554,10435,True,,,
10436,812835886115633993,location_10436_812835886115633993,10436,True,,,
10437,8128423610932978478,location_10437_8128423610932978478,10437,True,,,
10438,8128745039465675964,location_10438_8128745039465675964,10438,True,,,
10439,8129350252205394302,location_10439_8129350252205394302,10439,True,,,
10440,8130567416563340074,location_10440_8130567416563340074,10440,True,,,
10441,813296007846213485,location_10441_813296007846213485,10441,True,,,
10442,8135553444805848081,location_10442_8135553444805848081,10442,True,,,
10443,8135859122665763421,location_10443_8135859122665763421,10443,True,,,
10444,8135862860118700858,location_10444_8135862860118700858,10444,True,,,
10445,8136590589647062805,location_10445_8136590589647062805,10445,True,,,
10446,813670632896815172,location_10446_813670632896815172,10446,True,,,
10447,8138644443290633274,location_10447_8138644443290633274,10447,True,,,
10448,8140365590158678238,location_10448_8140365590158678238,10448,True,,,
10449,8142285915026774495,location_10449_8142285915026774495,10449,True,,,
10450,8142577991365588530,location_10450_8142577991365588530,10450,True,,,
10451,8144459891377982081,location_10451_8144459891377982081,10451,True,,,
10452,8145753147848895639,location_10452_8145753147848895639,10452,True,,,
10453,8146197221562885696,location_10453_8146197221562885696,10453,True,,,
10454,8147822743110242525,location_10454_8147822743110242525,10454,True,,,
10455,8149383602097489445,location_10455_8149383602097489445,10455,True,,,
10456,8149698084028751263,location_10456_8149698084028751263,10456,True,,,
10457,8150226349059208509,location_10457_8150226349059208509,10457,True,,,
10458,815267221267625227,location_10458_815267221267625227,10458,True,,,
10459,8155614765409644576,location_10459_8155614765409644576,10459,True,,,
10460,8156837261834784177,location_10460_8156837261834784177,10460,True,,,
10461,8157177439071663545,location_10461_8157177439071663545,10461,True,,,
10462,816035667620265797,location_10462_816035667620265797,10462,True,,,
10463,8164968647169664481,location_10463_8164968647169664481,10463,True,,,
10464,8165350800684051115,location_10464_8165350800684051115,10464,True,,,
10465,8168398671820631098,location_10465_8168398671820631098,10465,True,,,
10466,8169431757846945925,location_10466_8169431757846945925,10466,True,,,
10467,8171703955702097957,location_10467_8171703955702097957,10467,True,,,
10468,8172532279522200276,location_10468_8172532279522200276,10468,True,,,
10469,8174895816082271149,location_10469_8174895816082271149,10469,True,,,
10470,817505296469905467,location_10470_817505296469905467,10470,True,,,
10471,8176948932483824017,location_10471_8176948932483824017,10471,True,,,
10472,8178061248928788484,location_10472_8178061248928788484,10472,True,,,
10473,8178333970908447718,location_10473_8178333970908447718,10473,True,,,
10474,81796455691025392,location_10474_81796455691025392,10474,True,,,
10475,8180468671375747228,location_10475_8180468671375747228,10475,True,,,
10476,8181571262370641882,location_10476_8181571262370641882,10476,True,,,
10477,8182599429420757116,location_10477_8182599429420757116,10477,True,,,
10478,8182890429574088362,location_10478_8182890429574088362,10478,True,,,
10479,8183515203451232903,location_10479_8183515203451232903,10479,True,,,
10480,8183753757643196297,location_10480_8183753757643196297,10480,True,,,
10481,8191294450200399881,location_10481_8191294450200399881,10481,True,,,
10482,8193040392370487380,location_10482_8193040392370487380,10482,True,,,
10483,8194381161201704922,location_10483_8194381161201704922,10483,True,,,
10484,8195132252505292675,location_10484_8195132252505292675,10484,True,,,
10485,8197285910131644191,location_10485_8197285910131644191,10485,True,,,
10486,8199461820959263396,location_10486_8199461820959263396,10486,True,,,
10487,8200027926966068895,location_10487_8200027926966068895,10487,True,,,
10488,8201366813413210643,location_10488_8201366813413210643,10488,True,,,
10489,8202393857754311555,location_10489_8202393857754311555,10489,True,,,
10490,8204544829576561705,location_10490_8204544829576561705,10490,True,,,
10491,8206085190772365800,location_10491_8206085190772365800,10491,True,,,
10492,8212318666002124433,location_10492_8212318666002124433,10492,True,,,
10493,8213739489733296702,location_10493_8213739489733296702,10493,True,,,
10494,8216328701538296673,location_10494_8216328701538296673,10494,True,,,
10495,8217464561783688210,location_10495_8217464561783688210,10495,True,,,
10496,8218581825123122638,location_10496_8218581825123122638,10496,True,,,
10497,8221220794376534391,location_10497_8221220794376534391,10497,True,,,
10498,822154573634738559,location_10498_822154573634738559,10498,True,,,
10499,8221875438447454952,location_10499_8221875438447454952,10499,True,,,
10500,8223826262204955258,location_10500_8223826262204955258,10500,True,,,
10501,8225926169240523160,location_10501_8225926169240523160,10501,True,,,
10502,8226132279582790461,location_10502_8226132279582790461,10502,True,,,
10503,8227752053733558663,location_10503_8227752053733558663,10503,True,,,
10504,8229883103534268579,location_10504_8229883103534268579,10504,True,,,
10505,8232766442807899214,location_10505_8232766442807899214,10505,True,,,
10506,8233779340363578451,location_10506_8233779340363578451,10506,True,,,
10507,8234307525753141393,location_10507_8234307525753141393,10507,True,,,
10508,8234418560119073723,location_10508_8234418560119073723,10508,True,,,
10509,8234907068695879614,location_10509_8234907068695879614,10509,True,,,
10510,8235032849067363238,location_10510_8235032849067363238,10510,True,,,
10511,8235364602395333998,location_10511_8235364602395333998,10511,True,,,
10512,8235798830988172750,location_10512_8235798830988172750,10512,True,,,
10513,823746520069274001,location_10513_823746520069274001,10513,True,,,
10514,8239111689398022810,location_10514_8239111689398022810,10514,True,,,
10515,8239642438515229906,location_10515_8239642438515229906,10515,True,,,
10516,8239803539813280071,location_10516_8239803539813280071,10516,True,,,
10517,8241199037714084226,location_10517_8241199037714084226,10517,True,,,
10518,8241463782481388264,location_10518_8241463782481388264,10518,True,,,
10519,8246091382094513302,location_10519_8246091382094513302,10519,True,,,
10520,8249739843514883949,location_10520_8249739843514883949,10520,True,,,
10521,8250188676106854798,location_10521_8250188676106854798,10521,True,,,
10522,8250487993028619437,location_10522_8250487993028619437,10522,True,,,
10523,825075089685782232,location_10523_825075089685782232,10523,True,,,
10524,8251845355553756902,location_10524_8251845355553756902,10524,True,,,
10525,8254192932908839642,location_10525_8254192932908839642,10525,True,,,
10526,8254309068907148593,location_10526_8254309068907148593,10526,True,,,
10527,8255454738796437767,location_10527_8255454738796437767,10527,True,,,
10528,8257596386529327237,location_10528_8257596386529327237,10528,True,,,
10529,8258122638475540643,location_10529_8258122638475540643,10529,True,,,
10530,8261461041470492878,location_10530_8261461041470492878,10530,True,,,
10531,8262981924023810240,location_10531_8262981924023810240,10531,True,,,
10532,8265916104510890852,location_10532_8265916104510890852,10532,True,,,
10533,8265985902029876611,location_10533_8265985902029876611,10533,True,,,
10534,8266373411798699409,location_10534_8266373411798699409,10534,True,,,
10535,8268100166444647702,location_10535_8268100166444647702,10535,True,,,
10536,8269453458372753491,location_10536_8269453458372753491,10536,True,,,
10537,8269941815213604291,location_10537_8269941815213604291,10537,True,,,
10538,8270729830092005026,location_10538_8270729830092005026,10538,True,,,
10539,827081728127852524,location_10539_827081728127852524,10539,True,,,
10540,8271631581321090393,location_10540_8271631581321090393,10540,True,,,
10541,8273238467865726596,location_10541_8273238467865726596,10541,True,,,
10542,8274992542930406052,location_10542_8274992542930406052,10542,True,,,
10543,8277826009862724023,location_10543_8277826009862724023,10543,True,,,
10544,8279096999377178674,location_10544_8279096999377178674,10544,True,,,
10545,8280619234606609462,location_10545_8280619234606609462,10545,True,,,
10546,828988587219940208,location_10546_828988587219940208,10546,True,,,
10547,8290160883049375123,location_10547_8290160883049375123,10547,True,,,
10548,8290518806581121354,location_10548_8290518806581121354,10548,True,,,
10549,8293075983548217802,location_10549_8293075983548217802,10549,True,,,
10550,8293525324266608150,location_10550_8293525324266608150,10550,True,,,
10551,8294799906541674527,location_10551_8294799906541674527,10551,True,,,
10552,8296024505706572436,location_10552_8296024505706572436,10552,True,,,
10553,8298513166804349176,location_10553_8298513166804349176,10553,True,,,
10554,8298519877123341416,location_10554_8298519877123341416,10554,True,,,
10555,829868964091232021,location_10555_829868964091232021,10555,True,,,
10556,8301659949712880911,location_10556_8301659949712880911,10556,True,,,
10557,8303001884033133753,location_10557_8303001884033133753,10557,True,,,
10558,830878661971553096,location_10558_830878661971553096,10558,True,,,
10559,8309291762216769140,location_10559_8309291762216769140,10559,True,,,
10560,8310625450732160164,location_10560_8310625450732160164,10560,True,,,
10561,8314183425859757359,location_10561_8314183425859757359,10561,True,,,
10562,8315802315046879613,location_10562_8315802315046879613,10562,True,,,
10563,8317757799561609109,location_10563_8317757799561609109,10563,True,,,
10564,8319183207293803191,location_10564_8319183207293803191,10564,True,,,
10565,8321291845827789116,location_10565_8321291845827789116,10565,True,,,
10566,8321759985094275660,location_10566_8321759985094275660,10566,True,,,
10567,8322067201159086171,location_10567_8322067201159086171,10567,True,,,
10568,832441499226948643,location_10568_832441499226948643,10568,True,,,
10569,8325565459440984687,location_10569_8325565459440984687,10569,True,,,
10570,8327083109686368285,location_10570_8327083109686368285,10570,True,,,
10571,8329271430013303312,location_10571_8329271430013303312,10571,True,,,
10572,8329578407975646802,location_10572_8329578407975646802,10572,True,,,
10573,8330828887426282797,location_10573_8330828887426282797,10573,True,,,
10574,8331774984300503839,location_10574_8331774984300503839,10574,True,,,
10575,8332461478222800201,location_10575_8332461478222800201,10575,True,,,
10576,8332914313066116934,location_10576_8332914313066116934,10576,True,,,
10577,8333585638460820460,location_10577_8333585638460820460,10577,True,,,
10578,833579525330977068,location_10578_833579525330977068,10578,True,,,
10579,8335952880820300806,location_10579_8335952880820300806,10579,True,,,
10580,8340089352723003462,location_10580_8340089352723003462,10580,True,,,
10581,8340324811746494233,location_10581_8340324811746494233,10581,True,,,
10582,8340638177344701774,location_10582_8340638177344701774,10582,True,,,
10583,8340807198388055863,location_10583_8340807198388055863,10583,True,,,
10584,8342415681681010565,location_10584_8342415681681010565,10584,True,,,
10585,834331261103135339,location_10585_834331261103135339,10585,True,,,
10586,8344739558445577134,location_10586_8344739558445577134,10586,True,,,
10587,834598137992077295,location_10587_834598137992077295,10587,True,,,
10588,8347679601115545630,location_10588_8347679601115545630,10588,True,,,
10589,8349310742422658812,location_10589_8349310742422658812,10589,True,,,
10590,8350083599843116858,location_10590_8350083599843116858,10590,True,,,
10591,8350114929380087527,location_10591_8350114929380087527,10591,True,,,
10592,8350974244745679348,location_10592_8350974244745679348,10592,True,,,
10593,8353502785580354432,location_10593_8353502785580354432,10593,True,,,
10594,8353622453914055026,location_10594_8353622453914055026,10594,True,,,
10595,8357471889070751405,location_10595_8357471889070751405,10595,True,,,
10596,8360714043230615498,location_10596_8360714043230615498,10596,True,,,
10597,836270930476009715,location_10597_836270930476009715,10597,True,,,
10598,8363257919077568754,location_10598_8363257919077568754,10598,True,,,
10599,8365601697785051996,location_10599_8365601697785051996,10599,True,,,
10600,8366605524126269690,location_10600_8366605524126269690,10600,True,,,
10601,8367208541990450340,location_10601_8367208541990450340,10601,True,,,
10602,8367459659458528690,location_10602_8367459659458528690,10602,True,,,
10603,8368441086160735608,location_10603_8368441086160735608,10603,True,,,
10604,8369664976017983443,location_10604_8369664976017983443,10604,True,,,
10605,837231004375442180,location_10605_837231004375442180,10605,True,,,
10606,8373571658645076390,location_10606_8373571658645076390,10606,True,,,
10607,8375598206959672872,location_10607_8375598206959672872,10607,True,,,
10608,8376848505984845724,location_10608_8376848505984845724,10608,True,,,
10609,8377143031272936260,location_10609_8377143031272936260,10609,True,,,
10610,8378892271102057069,location_10610_8378892271102057069,10610,True,,,
10611,8379344234832640777,location_10611_8379344234832640777,10611,True,,,
10612,8379971166713049789,location_10612_8379971166713049789,10612,True,,,
10613,8380351947060860955,location_10613_8380351947060860955,10613,True,,,
10614,8381441730926986601,location_10614_8381441730926986601,10614,True,,,
10615,8382359021037618182,location_10615_8382359021037618182,10615,True,,,
10616,8382952219389914942,location_10616_8382952219389914942,10616,True,,,
10617,8383851241098650597,location_10617_8383851241098650597,10617,True,,,
10618,8384542021893413498,location_10618_8384542021893413498,10618,True,,,
10619,8384602846792581567,location_10619_8384602846792581567,10619,True,,,
10620,8384739615961507902,location_10620_8384739615961507902,10620,True,,,
10621,8388620665013079734,location_10621_8388620665013079734,10621,True,,,
10622,8390188893584868767,location_10622_8390188893584868767,10622,True,,,
10623,8391067429423741274,location_10623_8391067429423741274,10623,True,,,
10624,8395496624569934674,location_10624_8395496624569934674,10624,True,,,
10625,8400350467585553524,location_10625_8400350467585553524,10625,True,,,
10626,8400667723337715768,location_10626_8400667723337715768,10626,True,,,
10627,8401041825173905117,location_10627_8401041825173905117,10627,True,,,
10628,8403426827050807841,location_10628_8403426827050807841,10628,True,,,
10629,8406044277470274035,location_10629_8406044277470274035,10629,True,,,
10630,8406986205943181744,location_10630_8406986205943181744,10630,True,,,
10631,8408562986265823262,location_10631_8408562986265823262,10631,True,,,
10632,8409239162401707476,location_10632_8409239162401707476,10632,True,,,
10633,8410198983062700616,location_10633_8410198983062700616,10633,True,,,
10634,8415071931847865594,location_10634_8415071931847865594,10634,True,,,
10635,8416375028580076684,location_10635_8416375028580076684,10635,True,,,
10636,8417940999944222399,location_10636_8417940999944222399,10636,True,,,
10637,8420672631534723148,location_10637_8420672631534723148,10637,True,,,
10638,8421806439017327504,location_10638_8421806439017327504,10638,True,,,
10639,8424969494085117334,location_10639_8424969494085117334,10639,True,,,
10640,8425979317436731639,location_10640_8425979317436731639,10640,True,,,
10641,8427708054794658532,location_10641_8427708054794658532,10641,True,,,
10642,8429297383496818006,location_10642_8429297383496818006,10642,True,,,
10643,8430832973015732880,location_10643_8430832973015732880,10643,True,,,
10644,8431811508779133293,location_10644_8431811508779133293,10644,True,,,
10645,8440105684143753744,location_10645_8440105684143753744,10645,True,,,
10646,8442392273634229979,location_10646_8442392273634229979,10646,True,,,
10647,8442644285515373111,location_10647_8442644285515373111,10647,True,,,
10648,8442894021911977745,location_10648_8442894021911977745,10648,True,,,
10649,8445063716764867052,location_10649_8445063716764867052,10649,True,,,
10650,8445287542810057842,location_10650_8445287542810057842,10650,True,,,
10651,8445382637957975351,location_10651_8445382637957975351,10651,True,,,
10652,844800477195918991,location_10652_844800477195918991,10652,True,,,
10653,8448061100915478963,location_10653_8448061100915478963,10653,True,,,
10654,8449222084025386437,location_10654_8449222084025386437,10654,True,,,
10655,8449589987936887062,location_10655_8449589987936887062,10655,True,,,
10656,8453052283454077053,location_10656_8453052283454077053,10656,True,,,
10657,8453300712295656774,location_10657_8453300712295656774,10657,True,,,
10658,8454511417166804634,location_10658_8454511417166804634,10658,True,,,
10659,8454802156477499580,location_10659_8454802156477499580,10659,True,,,
10660,8456732518909087702,location_10660_8456732518909087702,10660,True,,,
10661,8457016063818743508,location_10661_8457016063818743508,10661,True,,,
10662,845750297932945103,location_10662_845750297932945103,10662,True,,,
10663,8458658489078181352,location_10663_8458658489078181352,10663,True,,,
10664,84593753639354465,location_10664_84593753639354465,10664,True,,,
10665,8459727192432557865,location_10665_8459727192432557865,10665,True,,,
10666,8461046977152240605,location_10666_8461046977152240605,10666,True,,,
10667,8463187792200954047,location_10667_8463187792200954047,10667,True,,,
10668,8463630667102440207,location_10668_8463630667102440207,10668,True,,,
10669,8466692398834479305,location_10669_8466692398834479305,10669,True,,,
10670,8468555394272803786,location_10670_8468555394272803786,10670,True,,,
10671,8469715312268610242,location_10671_8469715312268610242,10671,True,,,
10672,8470096240336226021,location_10672_8470096240336226021,10672,True,,,
10673,8470161234802032523,location_10673_8470161234802032523,10673,True,,,
10674,8471516263769115917,location_10674_8471516263769115917,10674,True,,,
10675,8471720105313436189,location_10675_8471720105313436189,10675,True,,,
10676,8472698637802839580,location_10676_8472698637802839580,10676,True,,,
10677,8472831957182705352,location_10677_8472831957182705352,10677,True,,,
10678,8473083142848369534,location_10678_8473083142848369534,10678,True,,,
10679,8473739818210466630,location_10679_8473739818210466630,10679,True,,,
10680,8474435100995619395,location_10680_8474435100995619395,10680,True,,,
10681,8477629027320093515,location_10681_8477629027320093515,10681,True,,,
10682,8479450784567934585,location_10682_8479450784567934585,10682,True,,,
10683,8480582875383553085,location_10683_8480582875383553085,10683,True,,,
10684,8480653029471985882,location_10684_8480653029471985882,10684,True,,,
10685,848163211589901899,location_10685_848163211589901899,10685,True,,,
10686,8482274526300029954,location_10686_8482274526300029954,10686,True,,,
10687,8483121652333213544,location_10687_8483121652333213544,10687,True,,,
10688,848321108796455103,location_10688_848321108796455103,10688,True,,,
10689,848528871200059369,location_10689_848528871200059369,10689,True,,,
10690,8486216383055118653,location_10690_8486216383055118653,10690,True,,,
10691,8488356717897251252,location_10691_8488356717897251252,10691,True,,,
10692,8492430166894542286,location_10692_8492430166894542286,10692,True,,,
10693,8493223661538535311,location_10693_8493223661538535311,10693,True,,,
10694,8493372402873876983,location_10694_8493372402873876983,10694,True,,,
10695,8493576177886734927,location_10695_8493576177886734927,10695,True,,,
10696,849627245000473809,location_10696_849627245000473809,10696,True,,,
10697,8497298690090941473,location_10697_8497298690090941473,10697,True,,,
10698,8497500968980511922,location_10698_8497500968980511922,10698,True,,,
10699,8498747165494719789,location_10699_8498747165494719789,10699,True,,,
10700,8500115255321371796,location_10700_8500115255321371796,10700,True,,,
10701,8500208646717575904,location_10701_8500208646717575904,10701,True,,,
10702,8501675706883660404,location_10702_8501675706883660404,10702,True,,,
10703,850571525804805695,location_10703_850571525804805695,10703,True,,,
10704,8507362186200813267,location_10704_8507362186200813267,10704,True,,,
10705,8507395431100552127,location_10705_8507395431100552127,10705,True,,,
10706,8512452226141997761,location_10706_8512452226141997761,10706,True,,,
10707,8515966542192948464,location_10707_8515966542192948464,10707,True,,,
10708,8516489586820111037,location_10708_8516489586820111037,10708,True,,,
10709,8517679951577449251,location_10709_8517679951577449251,10709,True,,,
10710,8518995787257822139,location_10710_8518995787257822139,10710,True,,,
10711,8519156456988422587,location_10711_8519156456988422587,10711,True,,,
10712,8520908049857605578,location_10712_8520908049857605578,10712,True,,,
10713,8521327094114350777,location_10713_8521327094114350777,10713,True,,,
10714,8523974825562499415,location_10714_8523974825562499415,10714,True,,,
10715,8524186656621529239,location_10715_8524186656621529239,10715,True,,,
10716,8524677786619039602,location_10716_8524677786619039602,10716,True,,,
10717,8525920815839188697,location_10717_8525920815839188697,10717,True,,,
10718,8527769098540094908,location_10718_8527769098540094908,10718,True,,,
10719,8528034627844552056,location_10719_8528034627844552056,10719,True,,,
10720,8531218096717738214,location_10720_8531218096717738214,10720,True,,,
10721,8532015707435065569,location_10721_8532015707435065569,10721,True,,,
10722,8533046274276483835,location_10722_8533046274276483835,10722,True,,,
10723,8533465428328466492,location_10723_8533465428328466492,10723,True,,,
10724,8533626503917114056,location_10724_8533626503917114056,10724,True,,,
10725,8534896247660170963,location_10725_8534896247660170963,10725,True,,,
10726,8535508194543700183,location_10726_8535508194543700183,10726,True,,,
10727,8539495830626808028,location_10727_8539495830626808028,10727,True,,,
10728,8542508831235300012,location_10728_8542508831235300012,10728,True,,,
10729,8543274969610678088,location_10729_8543274969610678088,10729,True,,,
10730,854728317989793702,location_10730_854728317989793702,10730,True,,,
10731,855038458486232843,location_10731_855038458486232843,10731,True,,,
10732,8552539829167600865,location_10732_8552539829167600865,10732,True,,,
10733,8552606176033894951,location_10733_8552606176033894951,10733,True,,,
10734,8555829180761247657,location_10734_8555829180761247657,10734,True,,,
10735,8559489576277060103,location_10735_8559489576277060103,10735,True,,,
10736,8560185585110437777,location_10736_8560185585110437777,10736,True,,,
10737,8563122713923910810,location_10737_8563122713923910810,10737,True,,,
10738,8563796821675315544,location_10738_8563796821675315544,10738,True,,,
10739,8569636102290214960,location_10739_8569636102290214960,10739,True,,,
10740,8572987880719545829,location_10740_8572987880719545829,10740,True,,,
10741,8574521543291374019,location_10741_8574521543291374019,10741,True,,,
10742,8575182151266200082,location_10742_8575182151266200082,10742,True,,,
10743,8577062114162249946,location_10743_8577062114162249946,10743,True,,,
10744,8579077371346466984,location_10744_8579077371346466984,10744,True,,,
10745,8581295600971219661,location_10745_8581295600971219661,10745,True,,,
10746,8582484143251228367,location_10746_8582484143251228367,10746,True,,,
10747,858318053865951550,location_10747_858318053865951550,10747,True,,,
10748,8586310738059068168,location_10748_8586310738059068168,10748,True,,,
10749,8589751811199839187,location_10749_8589751811199839187,10749,True,,,
10750,8592177269521587980,location_10750_8592177269521587980,10750,True,,,
10751,8592862785642102037,location_10751_8592862785642102037,10751,True,,,
10752,8593613154262629348,location_10752_8593613154262629348,10752,True,,,
10753,8595370630821460010,location_10753_8595370630821460010,10753,True,,,
10754,8596785440209589291,location_10754_8596785440209589291,10754,True,,,
10755,8597129806750834920,location_10755_8597129806750834920,10755,True,,,
10756,8597485535392257700,location_10756_8597485535392257700,10756,True,,,
10757,8602249437040173579,location_10757_8602249437040173579,10757,True,,,
10758,8603120510066287102,location_10758_8603120510066287102,10758,True,,,
10759,8603638459286167932,location_10759_8603638459286167932,10759,True,,,
10760,8604469813232967871,location_10760_8604469813232967871,10760,True,,,
10761,8605878638110722838,location_10761_8605878638110722838,10761,True,,,
10762,8606972870886133720,location_10762_8606972870886133720,10762,True,,,
10763,8607786312841537455,location_10763_8607786312841537455,10763,True,,,
10764,860782555738759980,location_10764_860782555738759980,10764,True,,,
10765,8609202859520020243,location_10765_8609202859520020243,10765,True,,,
10766,861094236895278433,location_10766_861094236895278433,10766,True,,,
10767,8611009471529403242,location_10767_8611009471529403242,10767,True,,,
10768,8611621917412066319,location_10768_8611621917412066319,10768,True,,,
10769,86117687482321213,location_10769_86117687482321213,10769,True,,,
10770,8613683584107192036,location_10770_8613683584107192036,10770,True,,,
10771,8615833477923610952,location_10771_8615833477923610952,10771,True,,,
10772,8617076625228461113,location_10772_8617076625228461113,10772,True,,,
10773,8620637148663504710,location_10773_8620637148663504710,10773,True,,,
10774,862343191386518784,location_10774_862343191386518784,10774,True,,,
10775,862506781987361705,location_10775_862506781987361705,10775,True,,,
10776,862516955750275041,location_10776_862516955750275041,10776,True,,,
10777,8625249714553119716,location_10777_8625249714553119716,10777,True,,,
10778,862534136307904257,location_10778_862534136307904257,10778,True,,,
10779,8625360050735465384,location_10779_8625360050735465384,10779,True,,,
10780,8626649712161932416,location_10780_8626649712161932416,10780,True,,,
10781,8629315972668121942,location_10781_8629315972668121942,10781,True,,,
10782,863016204065220392,location_10782_863016204065220392,10782,True,,,
10783,8630978897427996909,location_10783_8630978897427996909,10783,True,,,
10784,8631544281018809667,location_10784_8631544281018809667,10784,True,,,
10785,8631779607988221128,location_10785_8631779607988221128,10785,True,,,
10786,8632141754550593755,location_10786_8632141754550593755,10786,True,,,
10787,8632953977292719747,location_10787_8632953977292719747,10787,True,,,
10788,8633566880345176634,location_10788_8633566880345176634,10788,True,,,
10789,8634603077315290844,location_10789_8634603077315290844,10789,True,,,
10790,8634665637878448641,location_10790_8634665637878448641,10790,True,,,
10791,8634874278580837786,location_10791_8634874278580837786,10791,True,,,
10792,8635953774022891246,location_10792_8635953774022891246,10792,True,,,
10793,863825683029780316,location_10793_863825683029780316,10793,True,,,
10794,8646737808943765903,location_10794_8646737808943765903,10794,True,,,
10795,8648028105441311544,location_10795_8648028105441311544,10795,True,,,
10796,8648865034265253383,location_10796_8648865034265253383,10796,True,,,
10797,8650378473150839919,location_10797_8650378473150839919,10797,True,,,
10798,8653481809646508305,location_10798_8653481809646508305,10798,True,,,
10799,8654085786080339370,location_10799_8654085786080339370,10799,True,,,
10800,865414628039032517,location_10800_865414628039032517,10800,True,,,
10801,8654385633788222973,location_10801_8654385633788222973,10801,True,,,
10802,8656734282008533132,location_10802_8656734282008533132,10802,True,,,
10803,8658837347347923931,location_10803_8658837347347923931,10803,True,,,
10804,8659306108678054606,location_10804_8659306108678054606,10804,True,,,
10805,8659483347638780565,location_10805_8659483347638780565,10805,True,,,
10806,8669574559841730304,location_10806_8669574559841730304,10806,True,,,
10807,8669763518436141686,location_10807_8669763518436141686,10807,True,,,
10808,8676605862118301107,location_10808_8676605862118301107,10808,True,,,
10809,8677694619969900271,location_10809_8677694619969900271,10809,True,,,
10810,8678807100031378381,location_10810_8678807100031378381,10810,True,,,
10811,8679398992507667316,location_10811_8679398992507667316,10811,True,,,
10812,8679515385688089992,location_10812_8679515385688089992,10812,True,,,
10813,8679837398171327938,location_10813_8679837398171327938,10813,True,,,
10814,8682362329514589487,location_10814_8682362329514589487,10814,True,,,
10815,8684244614683743264,location_10815_8684244614683743264,10815,True,,,
10816,8686580554326026442,location_10816_8686580554326026442,10816,True,,,
10817,8689369086494644380,location_10817_8689369086494644380,10817,True,,,
10818,8690120229945943846,location_10818_8690120229945943846,10818,True,,,
10819,8690718684084930133,location_10819_8690718684084930133,10819,True,,,
10820,8695955590222728358,location_10820_8695955590222728358,10820,True,,,
10821,8697340270021404946,location_10821_8697340270021404946,10821,True,,,
10822,8701897896972074419,location_10822_8701897896972074419,10822,True,,,
10823,8702409245532968675,location_10823_8702409245532968675,10823,True,,,
10824,8702887965362322347,location_10824_8702887965362322347,10824,True,,,
10825,8702946844525459019,location_10825_8702946844525459019,10825,True,,,
10826,8703458821312725792,location_10826_8703458821312725792,10826,True,,,
10827,870375681521000252,location_10827_870375681521000252,10827,True,,,
10828,8704016030026887285,location_10828_8704016030026887285,10828,True,,,
10829,8704243166285996094,location_10829_8704243166285996094,10829,True,,,
10830,8704395520148877731,location_10830_8704395520148877731,10830,True,,,
10831,8705404240961822837,location_10831_8705404240961822837,10831,True,,,
10832,8707746906923736920,location_10832_8707746906923736920,10832,True,,,
10833,870959738778501443,location_10833_870959738778501443,10833,True,,,
10834,8711468391052774259,location_10834_8711468391052774259,10834,True,,,
10835,8712142694136463540,location_10835_8712142694136463540,10835,True,,,
10836,8715520628707943760,location_10836_8715520628707943760,10836,True,,,
10837,8716324548396410147,location_10837_8716324548396410147,10837,True,,,
10838,8716419458311394069,location_10838_8716419458311394069,10838,True,,,
10839,8716464485427544941,location_10839_8716464485427544941,10839,True,,,
10840,8716998658839630415,location_10840_8716998658839630415,10840,True,,,
10841,8717258723871370650,location_10841_8717258723871370650,10841,True,,,
10842,8718272700317960665,location_10842_8718272700317960665,10842,True,,,
10843,872196178629551310,location_10843_872196178629551310,10843,True,,,
10844,8725729378484908500,location_10844_8725729378484908500,10844,True,,,
10845,8727538738690071147,location_10845_8727538738690071147,10845,True,,,
10846,8731711421278093519,location_10846_8731711421278093519,10846,True,,,
10847,8732433639587464191,location_10847_8732433639587464191,10847,True,,,
10848,8733213112078251044,location_10848_8733213112078251044,10848,True,,,
10849,8733488947271458943,location_10849_8733488947271458943,10849,True,,,
10850,8733912005375389436,location_10850_8733912005375389436,10850,True,,,
10851,8736809054196425945,location_10851_8736809054196425945,10851,True,,,
10852,873758000214793671,location_10852_873758000214793671,10852,True,,,
10853,8737826351643139326,location_10853_8737826351643139326,10853,True,,,
10854,8737951286296480153,location_10854_8737951286296480153,10854,True,,,
10855,8738936536361816683,location_10855_8738936536361816683,10855,True,,,
10856,8740044310120883807,location_10856_8740044310120883807,10856,True,,,
10857,87408336966662351,location_10857_87408336966662351,10857,True,,,
10858,8740951633126767309,location_10858_8740951633126767309,10858,True,,,
10859,874291243623190745,location_10859_874291243623190745,10859,True,,,
10860,874412801387407306,location_10860_874412801387407306,10860,True,,,
10861,8744463015429263338,location_10861_8744463015429263338,10861,True,,,
10862,8748301497923295725,location_10862_8748301497923295725,10862,True,,,
10863,8748891948060995929,location_10863_8748891948060995929,10863,True,,,
10864,8749411727007918218,location_10864_8749411727007918218,10864,True,,,
10865,8749796604433823341,location_10865_8749796604433823341,10865,True,,,
10866,8751938598509353615,location_10866_8751938598509353615,10866,True,,,
10867,8753196159036153644,location_10867_8753196159036153644,10867,True,,,
10868,8754600850671779956,location_10868_8754600850671779956,10868,True,,,
10869,8756408318993910471,location_10869_8756408318993910471,10869,True,,,
10870,8759270058738651728,location_10870_8759270058738651728,10870,True,,,
10871,875971095962162337,location_10871_875971095962162337,10871,True,,,
10872,875983539361897521,location_10872_875983539361897521,10872,True,,,
10873,8761903176823113433,location_10873_8761903176823113433,10873,True,,,
10874,8762272302689386640,location_10874_8762272302689386640,10874,True,,,
10875,8764971936134241114,location_10875_8764971936134241114,10875,True,,,
10876,8767863775488849356,location_10876_8767863775488849356,10876,True,,,
10877,8768210184491128601,location_10877_8768210184491128601,10877,True,,,
10878,8768449609475377604,location_10878_8768449609475377604,10878,True,,,
10879,8769148795423180990,location_10879_8769148795423180990,10879,True,,,
10880,876996352477497260,location_10880_876996352477497260,10880,True,,,
10881,8778592516487094053,location_10881_8778592516487094053,10881,True,,,
10882,8779359933306702483,location_10882_8779359933306702483,10882,True,,,
10883,8779543613159675506,location_10883_8779543613159675506,10883,True,,,
10884,8780798771588854220,location_10884_8780798771588854220,10884,True,,,
10885,878096764801043928,location_10885_878096764801043928,10885,True,,,
10886,8781877471399151946,location_10886_8781877471399151946,10886,True,,,
10887,8788315181902768854,location_10887_8788315181902768854,10887,True,,,
10888,879331703453340126,location_10888_879331703453340126,10888,True,,,
10889,8794966035395554895,location_10889_8794966035395554895,10889,True,,,
10890,879532334136319730,location_10890_879532334136319730,10890,True,,,
10891,8796975987203880816,location_10891_8796975987203880816,10891,True,,,
10892,879749466915016200,location_10892_879749466915016200,10892,True,,,
10893,8800561437857265290,location_10893_8800561437857265290,10893,True,,,
10894,8800752952184150048,location_10894_8800752952184150048,10894,True,,,
10895,8810207443707335549,location_10895_8810207443707335549,10895,True,,,
10896,881099876016619083,location_10896_881099876016619083,10896,True,,,
10897,8811013473376209775,location_10897_8811013473376209775,10897,True,,,
10898,88116636996215687,location_10898_88116636996215687,10898,True,,,
10899,8815381178334497494,location_10899_8815381178334497494,10899,True,,,
10900,8815745621125897105,location_10900_8815745621125897105,10900,True,,,
10901,8818700687376204635,location_10901_8818700687376204635,10901,True,,,
10902,8819898361337055878,location_10902_8819898361337055878,10902,True,,,
10903,8820818920402499975,location_10903_8820818920402499975,10903,True,,,
10904,8823800886552182165,location_10904_8823800886552182165,10904,True,,,
10905,8825959616348768752,location_10905_8825959616348768752,10905,True,,,
10906,8833262467243301075,location_10906_8833262467243301075,10906,True,,,
10907,8834093501472101253,location_10907_8834093501472101253,10907,True,,,
10908,8834387658282968208,location_10908_8834387658282968208,10908,True,,,
10909,8834700056189374246,location_10909_8834700056189374246,10909,True,,,
10910,8836437784720506912,location_10910_8836437784720506912,10910,True,,,
10911,8838016648630845149,location_10911_8838016648630845149,10911,True,,,
10912,8840840473548885634,location_10912_8840840473548885634,10912,True,,,
10913,8840964945151360327,location_10913_8840964945151360327,10913,True,,,
10914,8845073000498697649,location_10914_8845073000498697649,10914,True,,,
10915,8850154205483468364,location_10915_8850154205483468364,10915,True,,,
10916,8851801503538654334,location_10916_8851801503538654334,10916,True,,,
10917,8855024270154953565,location_10917_8855024270154953565,10917,True,,,
10918,8856885529033680033,location_10918_8856885529033680033,10918,True,,,
10919,8858071631211947926,location_10919_8858071631211947926,10919,True,,,
10920,8859928840750503382,location_10920_8859928840750503382,10920,True,,,
10921,8860096782620107023,location_10921_8860096782620107023,10921,True,,,
10922,8861106603312137536,location_10922_8861106603312137536,10922,True,,,
10923,8864981704385867524,location_10923_8864981704385867524,10923,True,,,
10924,8865626586634466031,location_10924_8865626586634466031,10924,True,,,
10925,8866297448852452430,location_10925_8866297448852452430,10925,True,,,
10926,8866774377161316252,location_10926_8866774377161316252,10926,True,,,
10927,8871429267376935362,location_10927_8871429267376935362,10927,True,,,
10928,8875199189740573339,location_10928_8875199189740573339,10928,True,,,
10929,8877079654627728553,location_10929_8877079654627728553,10929,True,,,
10930,8877981219860873438,location_10930_8877981219860873438,10930,True,,,
10931,8878420067469850287,location_10931_8878420067469850287,10931,True,,,
10932,8878600462848335966,location_10932_8878600462848335966,10932,True,,,
10933,8879135844687259853,location_10933_8879135844687259853,10933,True,,,
10934,8879175885654876994,location_10934_8879175885654876994,10934,True,,,
10935,8881042665022889923,location_10935_8881042665022889923,10935,True,,,
10936,8884439034353797308,location_10936_8884439034353797308,10936,True,,,
10937,8885268270988106282,location_10937_8885268270988106282,10937,True,,,
10938,8886095824925698535,location_10938_8886095824925698535,10938,True,,,
10939,8886190801381467638,location_10939_8886190801381467638,10939,True,,,
10940,888803041136561144,location_10940_888803041136561144,10940,True,,,
10941,8888307034929057611,location_10941_8888307034929057611,10941,True,,,
10942,8889270779700477732,location_10942_8889270779700477732,10942,True,,,
10943,8889363721826965190,location_10943_8889363721826965190,10943,True,,,
10944,8892771785788588613,location_10944_8892771785788588613,10944,True,,,
10945,8893604307661913070,location_10945_8893604307661913070,10945,True,,,
10946,8893746585520223495,location_10946_8893746585520223495,10946,True,,,
10947,8894448694710811789,location_10947_8894448694710811789,10947,True,,,
10948,889482037817188864,location_10948_889482037817188864,10948,True,,,
10949,8895006480163116681,location_10949_8895006480163116681,10949,True,,,
10950,8895640217880971287,location_10950_8895640217880971287,10950,True,,,
10951,889653361815343182,location_10951_889653361815343182,10951,True,,,
10952,8898080542475992090,location_10952_8898080542475992090,10952,True,,,
10953,8899275943437941990,location_10953_8899275943437941990,10953,True,,,
10954,8900696130322456456,location_10954_8900696130322456456,10954,True,,,
10955,8900991973411816634,location_10955_8900991973411816634,10955,True,,,
10956,8904791169326585640,location_10956_8904791169326585640,10956,True,,,
10957,8905042068290916497,location_10957_8905042068290916497,10957,True,,,
10958,8905515920272825506,location_10958_8905515920272825506,10958,True,,,
10959,8906916357510813698,location_10959_8906916357510813698,10959,True,,,
10960,8907992067745039203,location_10960_8907992067745039203,10960,True,,,
10961,8908109323144431938,location_10961_8908109323144431938,10961,True,,,
10962,8909593944395704601,location_10962_8909593944395704601,10962,True,,,
10963,8909930590209149559,location_10963_8909930590209149559,10963,True,,,
10964,8913814404828131310,location_10964_8913814404828131310,10964,True,,,
10965,8914770043908556910,location_10965_8914770043908556910,10965,True,,,
10966,8919814769984362776,location_10966_8919814769984362776,10966,True,,,
10967,8920015994230826864,location_10967_8920015994230826864,10967,True,,,
10968,8920457448711358900,location_10968_8920457448711358900,10968,True,,,
10969,8920574819206561754,location_10969_8920574819206561754,10969,True,,,
10970,8920609776017736910,location_10970_8920609776017736910,10970,True,,,
10971,8921019771826582500,location_10971_8921019771826582500,10971,True,,,
10972,8921524255594113776,location_10972_8921524255594113776,10972,True,,,
10973,8923312269300262903,location_10973_8923312269300262903,10973,True,,,
10974,892604053194363793,location_10974_892604053194363793,10974,True,,,
10975,8928105115956769866,location_10975_8928105115956769866,10975,True,,,
10976,8928362980145485666,location_10976_8928362980145485666,10976,True,,,
10977,893104562525184177,location_10977_893104562525184177,10977,True,,,
10978,8932036348603021492,location_10978_8932036348603021492,10978,True,,,
10979,8933429929589019611,location_10979_8933429929589019611,10979,True,,,
10980,8934160830954705062,location_10980_8934160830954705062,10980,True,,,
10981,8935724301019866275,location_10981_8935724301019866275,10981,True,,,
10982,8935882546610476855,location_10982_8935882546610476855,10982,True,,,
10983,8936017564813126364,location_10983_8936017564813126364,10983,True,,,
10984,8939105274555051968,location_10984_8939105274555051968,10984,True,,,
10985,893917807837715432,location_10985_893917807837715432,10985,True,,,
10986,8940103323617884623,location_10986_8940103323617884623,10986,True,,,
10987,8940874706169093060,location_10987_8940874706169093060,10987,True,,,
10988,894094581763182437,location_10988_894094581763182437,10988,True,,,
10989,8942572271921134247,location_10989_8942572271921134247,10989,True,,,
10990,8943255506399877560,location_10990_8943255506399877560,10990,True,,,
10991,8943503419632462909,location_10991_8943503419632462909,10991,True,,,
10992,8943745575050449757,location_10992_8943745575050449757,10992,True,,,
10993,8943775908779755364,location_10993_8943775908779755364,10993,True,,,
10994,8946749174726560672,location_10994_8946749174726560672,10994,True,,,
10995,8947201292267443254,location_10995_8947201292267443254,10995,True,,,
10996,894822379550529276,location_10996_894822379550529276,10996,True,,,
10997,8949574367664230977,location_10997_8949574367664230977,10997,True,,,
10998,8951777928756199667,location_10998_8951777928756199667,10998,True,,,
10999,8954124489417100699,location_10999_8954124489417100699,10999,True,,,
11000,8954347178766040837,location_11000_8954347178766040837,11000,True,,,
11001,8954529850081337596,location_11001_8954529850081337596,11001,True,,,
11002,8954642604347957034,location_11002_8954642604347957034,11002,True,,,
11003,8954761941026656577,location_11003_8954761941026656577,11003,True,,,
11004,8956506552102398910,location_11004_8956506552102398910,11004,True,,,
11005,895678239839827349,location_11005_895678239839827349,11005,True,,,
11006,8956934067739616993,location_11006_8956934067739616993,11006,True,,,
11007,8957286312969335441,location_11007_8957286312969335441,11007,True,,,
11008,8958485995481794919,location_11008_8958485995481794919,11008,True,,,
11009,8958883950858831699,location_11009_8958883950858831699,11009,True,,,
11010,8965765581766489066,location_11010_8965765581766489066,11010,True,,,
11011,8966885014049206012,location_11011_8966885014049206012,11011,True,,,
11012,8970245482774972726,location_11012_8970245482774972726,11012,True,,,
11013,8971065339267688911,location_11013_8971065339267688911,11013,True,,,
11014,8972591507076607758,location_11014_8972591507076607758,11014,True,,,
11015,8974574793578716324,location_11015_8974574793578716324,11015,True,,,
11016,8974745262283062881,location_11016_8974745262283062881,11016,True,,,
11017,8975898300505451478,location_11017_8975898300505451478,11017,True,,,
11018,8977469888374321952,location_11018_8977469888374321952,11018,True,,,
11019,8979039478585048098,location_11019_8979039478585048098,11019,True,,,
11020,8979389457561879297,location_11020_8979389457561879297,11020,True,,,
11021,8983135222079123339,location_11021_8983135222079123339,11021,True,,,
11022,8984245138060695655,location_11022_8984245138060695655,11022,True,,,
11023,8984725011536503199,location_11023_8984725011536503199,11023,True,,,
11024,8985147248164980733,location_11024_8985147248164980733,11024,True,,,
11025,8990549606267219092,location_11025_8990549606267219092,11025,True,,,
11026,899245265289655731,location_11026_899245265289655731,11026,True,,,
11027,8993989681923876375,location_11027_8993989681923876375,11027,True,,,
11028,8994700705976670360,location_11028_8994700705976670360,11028,True,,,
11029,8995344513339283979,location_11029_8995344513339283979,11029,True,,,
11030,8995480078483187979,location_11030_8995480078483187979,11030,True,,,
11031,8996729189776043784,location_11031_8996729189776043784,11031,True,,,
11032,8998085866016230631,location_11032_8998085866016230631,11032,True,,,
11033,8999292925826949296,location_11033_8999292925826949296,11033,True,,,
11034,9005422700050225983,location_11034_9005422700050225983,11034,True,,,
11035,9007896894145030635,location_11035_9007896894145030635,11035,True,,,
11036,9010484446822913685,location_11036_9010484446822913685,11036,True,,,
11037,9010519561229571645,location_11037_9010519561229571645,11037,True,,,
11038,901503399472052873,location_11038_901503399472052873,11038,True,,,
11039,9016901794481354509,location_11039_9016901794481354509,11039,True,,,
11040,901766786381263468,location_11040_901766786381263468,11040,True,,,
11041,9019436755329488785,location_11041_9019436755329488785,11041,True,,,
11042,9019465101287137302,location_11042_9019465101287137302,11042,True,,,
11043,9019539808372260731,location_11043_9019539808372260731,11043,True,,,
11044,902061920428176354,location_11044_902061920428176354,11044,True,,,
11045,902117205454752847,location_11045_902117205454752847,11045,True,,,
11046,9023711040587060375,location_11046_9023711040587060375,11046,True,,,
11047,9024607772857882687,location_11047_9024607772857882687,11047,True,,,
11048,9025042173437215370,location_11048_9025042173437215370,11048,True,,,
11049,9027246222471607264,location_11049_9027246222471607264,11049,True,,,
11050,9027845800222578776,location_11050_9027845800222578776,11050,True,,,
11051,9028312118599607178,location_11051_9028312118599607178,11051,True,,,
11052,9028422865467533456,location_11052_9028422865467533456,11052,True,,,
11053,9028717582619960891,location_11053_9028717582619960891,11053,True,,,
11054,9029693222633537765,location_11054_9029693222633537765,11054,True,,,
11055,9031440246695081214,location_11055_9031440246695081214,11055,True,,,
11056,9033853160775539170,location_11056_9033853160775539170,11056,True,,,
11057,9034720249462383204,location_11057_9034720249462383204,11057,True,,,
11058,9036177289521928987,location_11058_9036177289521928987,11058,True,,,
11059,903745992304434357,location_11059_903745992304434357,11059,True,,,
11060,9037830573267448813,location_11060_9037830573267448813,11060,True,,,
11061,9041689142541058488,location_11061_9041689142541058488,11061,True,,,
11062,9043763172970788552,location_11062_9043763172970788552,11062,True,,,
11063,9044583690368009172,location_11063_9044583690368009172,11063,True,,,
11064,9044933473382157700,location_11064_9044933473382157700,11064,True,,,
11065,9048251216175963895,location_11065_9048251216175963895,11065,True,,,
11066,9048416257124736758,location_11066_9048416257124736758,11066,True,,,
11067,9049158544804809673,location_11067_9049158544804809673,11067,True,,,
11068,9049957925242862719,location_11068_9049957925242862719,11068,True,,,
11069,9051136058045206490,location_11069_9051136058045206490,11069,True,,,
11070,9052256174448625557,location_11070_9052256174448625557,11070,True,,,
11071,9054337481306707256,location_11071_9054337481306707256,11071,True,,,
11072,9057576978131007342,location_11072_9057576978131007342,11072,True,,,
11073,9058765287826737461,location_11073_9058765287826737461,11073,True,,,
11074,9060023134810673412,location_11074_9060023134810673412,11074,True,,,
11075,9062599045096381659,location_11075_9062599045096381659,11075,True,,,
11076,9062761244920186683,location_11076_9062761244920186683,11076,True,,,
11077,9064297619448709549,location_11077_9064297619448709549,11077,True,,,
11078,907200982081503474,location_11078_907200982081503474,11078,True,,,
11079,9072149862055031290,location_11079_9072149862055031290,11079,True,,,
11080,9072355290357043205,location_11080_9072355290357043205,11080,True,,,
11081,9073983073534738152,location_11081_9073983073534738152,11081,True,,,
11082,9078048087759852163,location_11082_9078048087759852163,11082,True,,,
11083,9084761726347668229,location_11083_9084761726347668229,11083,True,,,
11084,9084955794453267379,location_11084_9084955794453267379,11084,True,,,
11085,9087433585741779069,location_11085_9087433585741779069,11085,True,,,
11086,9087972368154262340,location_11086_9087972368154262340,11086,True,,,
11087,9088926225040964570,location_11087_9088926225040964570,11087,True,,,
11088,9089214841686984090,location_11088_9089214841686984090,11088,True,,,
11089,908981017711271712,location_11089_908981017711271712,11089,True,,,
11090,9090301947558263802,location_11090_9090301947558263802,11090,True,,,
11091,9090319131950994822,location_11091_9090319131950994822,11091,True,,,
11092,9094740580490137557,location_11092_9094740580490137557,11092,True,,,
11093,9095581785045483940,location_11093_9095581785045483940,11093,True,,,
11094,9096212868442600870,location_11094_9096212868442600870,11094,True,,,
11095,9096988735784715547,location_11095_9096988735784715547,11095,True,,,
11096,9098347611058106651,location_11096_9098347611058106651,11096,True,,,
11097,909855988666595367,location_11097_909855988666595367,11097,True,,,
11098,9104293672624244288,location_11098_9104293672624244288,11098,True,,,
11099,9104391320434360431,location_11099_9104391320434360431,11099,True,,,
11100,9107285737513951479,location_11100_9107285737513951479,11100,True,,,
11101,9108741848831291449,location_11101_9108741848831291449,11101,True,,,
11102,9112355850299244846,location_11102_9112355850299244846,11102,True,,,
11103,9112456041536777262,location_11103_9112456041536777262,11103,True,,,
11104,9113721648224689484,location_11104_9113721648224689484,11104,True,,,
11105,9115606344740064748,location_11105_9115606344740064748,11105,True,,,
11106,9115898486850882215,location_11106_9115898486850882215,11106,True,,,
11107,911613326133497885,location_11107_911613326133497885,11107,True,,,
11108,9116261540043483044,location_11108_9116261540043483044,11108,True,,,
11109,9116413723873768081,location_11109_9116413723873768081,11109,True,,,
11110,9117454054962776442,location_11110_9117454054962776442,11110,True,,,
11111,9119927761151007314,location_11111_9119927761151007314,11111,True,,,
11112,9123826190346140385,location_11112_9123826190346140385,11112,True,,,
11113,9125852528202314253,location_11113_9125852528202314253,11113,True,,,
11114,912790921724334008,location_11114_912790921724334008,11114,True,,,
11115,9129039162065524211,location_11115_9129039162065524211,11115,True,,,
11116,9130644047191865301,location_11116_9130644047191865301,11116,True,,,
11117,9132373639879594598,location_11117_9132373639879594598,11117,True,,,
11118,9133267322717800618,location_11118_9133267322717800618,11118,True,,,
11119,9133416292221133327,location_11119_9133416292221133327,11119,True,,,
11120,9135718408144963469,location_11120_9135718408144963469,11120,True,,,
11121,9136054313435915907,location_11121_9136054313435915907,11121,True,,,
11122,913613145883088298,location_11122_913613145883088298,11122,True,,,
11123,9137076059343566167,location_11123_9137076059343566167,11123,True,,,
11124,9137938710772484108,location_11124_9137938710772484108,11124,True,,,
11125,9138505368094044664,location_11125_9138505368094044664,11125,True,,,
11126,9138628678253136367,location_11126_9138628678253136367,11126,True,,,
11127,9139989801859364643,location_11127_9139989801859364643,11127,True,,,
11128,9140236165130304777,location_11128_9140236165130304777,11128,True,,,
11129,9142641315804941871,location_11129_9142641315804941871,11129,True,,,
11130,9144567853725563365,location_11130_9144567853725563365,11130,True,,,
11131,9145793697665972767,location_11131_9145793697665972767,11131,True,,,
11132,9146797351586370437,location_11132_9146797351586370437,11132,True,,,
11133,9151595404521256975,location_11133_9151595404521256975,11133,True,,,
11134,9158453101183089653,location_11134_9158453101183089653,11134,True,,,
11135,9160157160765074863,location_11135_9160157160765074863,11135,True,,,
11136,9163004605607615081,location_11136_9163004605607615081,11136,True,,,
11137,9164147538268555458,location_11137_9164147538268555458,11137,True,,,
11138,9164513247860116521,location_11138_9164513247860116521,11138,True,,,
11139,9171217830574229310,location_11139_9171217830574229310,11139,True,,,
11140,9171400557966746525,location_11140_9171400557966746525,11140,True,,,
11141,917169386103765019,location_11141_917169386103765019,11141,True,,,
11142,9174148315554607442,location_11142_9174148315554607442,11142,True,,,
11143,9175248158897368174,location_11143_9175248158897368174,11143,True,,,
11144,9175360594409975402,location_11144_9175360594409975402,11144,True,,,
11145,9177322750462010030,location_11145_9177322750462010030,11145,True,,,
11146,9179127990901818550,location_11146_9179127990901818550,11146,True,,,
11147,9179773975403534927,location_11147_9179773975403534927,11147,True,,,
11148,9180478810443590450,location_11148_9180478810443590450,11148,True,,,
11149,9184657154994088052,location_11149_9184657154994088052,11149,True,,,
11150,9185592932807308279,location_11150_9185592932807308279,11150,True,,,
11151,9185969350175251518,location_11151_9185969350175251518,11151,True,,,
11152,9192195249288371846,location_11152_9192195249288371846,11152,True,,,
11153,9194002736998105585,location_11153_9194002736998105585,11153,True,,,
11154,9196269824430041190,location_11154_9196269824430041190,11154,True,,,
11155,9197122519623317501,location_11155_9197122519623317501,11155,True,,,
11156,9198014438978703234,location_11156_9198014438978703234,11156,True,,,
11157,9199598422940122998,location_11157_9199598422940122998,11157,True,,,
11158,9200583293122787455,location_11158_9200583293122787455,11158,True,,,
11159,9201064124263869160,location_11159_9201064124263869160,11159,True,,,
11160,9202038130349904817,location_11160_9202038130349904817,11160,True,,,
11161,9203471867553703626,location_11161_9203471867553703626,11161,True,,,
11162,9205649618220573589,location_11162_9205649618220573589,11162,True,,,
11163,9206471821060117395,location_11163_9206471821060117395,11163,True,,,
11164,9211024150156701488,location_11164_9211024150156701488,11164,True,,,
11165,9212541312420276730,location_11165_9212541312420276730,11165,True,,,
11166,9214001436547943196,location_11166_9214001436547943196,11166,True,,,
11167,9215155594509319043,location_11167_9215155594509319043,11167,True,,,
11168,921528681425624260,location_11168_921528681425624260,11168,True,,,
11169,9215651930460275022,location_11169_9215651930460275022,11169,True,,,
11170,9216250583788666821,location_11170_9216250583788666821,11170,True,,,
11171,9219601622160195047,location_11171_9219601622160195047,11171,True,,,
11172,9223020799616258405,location_11172_9223020799616258405,11172,True,,,
11173,9224229676138014625,location_11173_9224229676138014625,11173,True,,,
11174,9224850546811681043,location_11174_9224850546811681043,11174,True,,,
11175,9225842852903210120,location_11175_9225842852903210120,11175,True,,,
11176,9226678608584838337,location_11176_9226678608584838337,11176,True,,,
11177,9227873099546633939,location_11177_9227873099546633939,11177,True,,,
11178,9230353107537994113,location_11178_9230353107537994113,11178,True,,,
11179,9230497082466353580,location_11179_9230497082466353580,11179,True,,,
11180,9233966980522722994,location_11180_9233966980522722994,11180,True,,,
11181,9236253912897962416,location_11181_9236253912897962416,11181,True,,,
11182,9238703894698244424,location_11182_9238703894698244424,11182,True,,,
11183,9240176156619205270,location_11183_9240176156619205270,11183,True,,,
11184,9244393047887886532,location_11184_9244393047887886532,11184,True,,,
11185,9244698285727096254,location_11185_9244698285727096254,11185,True,,,
11186,9245180609337818692,location_11186_9245180609337818692,11186,True,,,
11187,924541631717174567,location_11187_924541631717174567,11187,True,,,
11188,9246113299646494807,location_11188_9246113299646494807,11188,True,,,
11189,9249061133379409257,location_11189_9249061133379409257,11189,True,,,
11190,9250974893795159248,location_11190_9250974893795159248,11190,True,,,
11191,9253619290678042644,location_11191_9253619290678042644,11191,True,,,
11192,9256874157743378599,location_11192_9256874157743378599,11192,True,,,
11193,9256911008021538656,location_11193_9256911008021538656,11193,True,,,
11194,9257925488766258169,location_11194_9257925488766258169,11194,True,,,
11195,9258634770087428632,location_11195_9258634770087428632,11195,True,,,
11196,9263406898089184459,location_11196_9263406898089184459,11196,True,,,
11197,9265900197975225933,location_11197_9265900197975225933,11197,True,,,
11198,9267046712004336937,location_11198_9267046712004336937,11198,True,,,
11199,9270172716632444594,location_11199_9270172716632444594,11199,True,,,
11200,9273913618187194714,location_11200_9273913618187194714,11200,True,,,
11201,9273919938903961463,location_11201_9273919938903961463,11201,True,,,
11202,9278340111889709176,location_11202_9278340111889709176,11202,True,,,
11203,9281853803233849853,location_11203_9281853803233849853,11203,True,,,
11204,9283607829035687873,location_11204_9283607829035687873,11204,True,,,
11205,9288094819909785833,location_11205_9288094819909785833,11205,True,,,
11206,9290391134049384829,location_11206_9290391134049384829,11206,True,,,
11207,9290511839952768316,location_11207_9290511839952768316,11207,True,,,
11208,9296860359100030347,location_11208_9296860359100030347,11208,True,,,
11209,9297904902293120021,location_11209_9297904902293120021,11209,True,,,
11210,9298751084076071126,location_11210_9298751084076071126,11210,True,,,
11211,9299840105220218941,location_11211_9299840105220218941,11211,True,,,
11212,929994993334875096,location_11212_929994993334875096,11212,True,,,
11213,9300248184203170737,location_11213_9300248184203170737,11213,True,,,
11214,9301623442917486260,location_11214_9301623442917486260,11214,True,,,
11215,9304708361492944755,location_11215_9304708361492944755,11215,True,,,
11216,9305530211314321672,location_11216_9305530211314321672,11216,True,,,
11217,9305583169809729668,location_11217_9305583169809729668,11217,True,,,
11218,9306620632073129739,location_11218_9306620632073129739,11218,True,,,
11219,930762949984719832,location_11219_930762949984719832,11219,True,,,
11220,930936760364114522,location_11220_930936760364114522,11220,True,,,
11221,9314200054156574880,location_11221_9314200054156574880,11221,True,,,
11222,9317531588149693013,location_11222_9317531588149693013,11222,True,,,
11223,9321577657453728275,location_11223_9321577657453728275,11223,True,,,
11224,9324429900164131302,location_11224_9324429900164131302,11224,True,,,
11225,9325133556668968975,location_11225_9325133556668968975,11225,True,,,
11226,93264630817121214,location_11226_93264630817121214,11226,True,,,
11227,932722259696736389,location_11227_932722259696736389,11227,True,,,
11228,9328435770917205659,location_11228_9328435770917205659,11228,True,,,
11229,9331482578651625016,location_11229_9331482578651625016,11229,True,,,
11230,9332366209373472651,location_11230_9332366209373472651,11230,True,,,
11231,9337484582447629495,location_11231_9337484582447629495,11231,True,,,
11232,9338268789899946017,location_11232_9338268789899946017,11232,True,,,
11233,9339532708935847810,location_11233_9339532708935847810,11233,True,,,
11234,9340358437967524688,location_11234_9340358437967524688,11234,True,,,
11235,9340834740652201510,location_11235_9340834740652201510,11235,True,,,
11236,9343139551283157263,location_11236_9343139551283157263,11236,True,,,
11237,9344109268863927666,location_11237_9344109268863927666,11237,True,,,
11238,934466268728149731,location_11238_934466268728149731,11238,True,,,
11239,934475479861800083,location_11239_934475479861800083,11239,True,,,
11240,9346044064019326412,location_11240_9346044064019326412,11240,True,,,
11241,9346501053431071010,location_11241_9346501053431071010,11241,True,,,
11242,9346789041260615010,location_11242_9346789041260615010,11242,True,,,
11243,9347737314523027711,location_11243_9347737314523027711,11243,True,,,
11244,9351782535423089306,location_11244_9351782535423089306,11244,True,,,
11245,9351802666794058495,location_11245_9351802666794058495,11245,True,,,
11246,9355449735757938441,location_11246_9355449735757938441,11246,True,,,
11247,9359004919713908250,location_11247_9359004919713908250,11247,True,,,
11248,936010721512585562,location_11248_936010721512585562,11248,True,,,
11249,9362069044263039105,location_11249_9362069044263039105,11249,True,,,
11250,9364861696328098824,location_11250_9364861696328098824,11250,True,,,
11251,936492643956903640,location_11251_936492643956903640,11251,True,,,
11252,9365506580712023809,location_11252_9365506580712023809,11252,True,,,
11253,9368565177688556159,location_11253_9368565177688556159,11253,True,,,
11254,9372030190948737859,location_11254_9372030190948737859,11254,True,,,
11255,9372904632267213514,location_11255_9372904632267213514,11255,True,,,
11256,9374176785548343505,location_11256_9374176785548343505,11256,True,,,
11257,9376418586907219061,location_11257_9376418586907219061,11257,True,,,
11258,9376728058867806284,location_11258_9376728058867806284,11258,True,,,
11259,9376902899234474737,location_11259_9376902899234474737,11259,True,,,
11260,9378027711545334576,location_11260_9378027711545334576,11260,True,,,
11261,937856157137425763,location_11261_937856157137425763,11261,True,,,
11262,9380208088957554717,location_11262_9380208088957554717,11262,True,,,
11263,9380442536850037279,location_11263_9380442536850037279,11263,True,,,
11264,9380445745876275845,location_11264_9380445745876275845,11264,True,,,
11265,9382372868425785331,location_11265_9382372868425785331,11265,True,,,
11266,9384143822926973721,location_11266_9384143822926973721,11266,True,,,
11267,9386066039964899266,location_11267_9386066039964899266,11267,True,,,
11268,9386590619432686315,location_11268_9386590619432686315,11268,True,,,
11269,9387235378853826038,location_11269_9387235378853826038,11269,True,,,
11270,9387364063961550008,location_11270_9387364063961550008,11270,True,,,
11271,9387731114118288608,location_11271_9387731114118288608,11271,True,,,
11272,9388222004206747562,location_11272_9388222004206747562,11272,True,,,
11273,9388909157288252370,location_11273_9388909157288252370,11273,True,,,
11274,9390315907046110231,location_11274_9390315907046110231,11274,True,,,
11275,9391785456535435815,location_11275_9391785456535435815,11275,True,,,
11276,9392945362344545764,location_11276_9392945362344545764,11276,True,,,
11277,9393056312782041363,location_11277_9393056312782041363,11277,True,,,
11278,9393825813235097620,location_11278_9393825813235097620,11278,True,,,
11279,9394898332285942485,location_11279_9394898332285942485,11279,True,,,
11280,9395846177586870414,location_11280_9395846177586870414,11280,True,,,
11281,9397225607176101808,location_11281_9397225607176101808,11281,True,,,
11282,939750941999881300,location_11282_939750941999881300,11282,True,,,
11283,9398022312643243473,location_11283_9398022312643243473,11283,True,,,
11284,939820329813895844,location_11284_939820329813895844,11284,True,,,
11285,9399054855489807086,location_11285_9399054855489807086,11285,True,,,
11286,9401339302819177704,location_11286_9401339302819177704,11286,True,,,
11287,9404276712607331480,location_11287_9404276712607331480,11287,True,,,
11288,9406055890102986757,location_11288_9406055890102986757,11288,True,,,
11289,9407748704504660849,location_11289_9407748704504660849,11289,True,,,
11290,9408398684555735091,location_11290_9408398684555735091,11290,True,,,
11291,9408430215609057328,location_11291_9408430215609057328,11291,True,,,
11292,941517977532772516,location_11292_941517977532772516,11292,True,,,
11293,941563325132494936,location_11293_941563325132494936,11293,True,,,
11294,9415693104775468653,location_11294_9415693104775468653,11294,True,,,
11295,9419455770312097756,location_11295_9419455770312097756,11295,True,,,
11296,9421376041242346280,location_11296_9421376041242346280,11296,True,,,
11297,9422799654964197019,location_11297_9422799654964197019,11297,True,,,
11298,9426050194109194028,location_11298_9426050194109194028,11298,True,,,
11299,9426256057759376044,location_11299_9426256057759376044,11299,True,,,
11300,9426540807244021480,location_11300_9426540807244021480,11300,True,,,
11301,9426802049734771415,location_11301_9426802049734771415,11301,True,,,
11302,9427406798389230355,location_11302_9427406798389230355,11302,True,,,
11303,9427471486713607828,location_11303_9427471486713607828,11303,True,,,
11304,943012079333531153,location_11304_943012079333531153,11304,True,,,
11305,943071611007433491,location_11305_943071611007433491,11305,True,,,
11306,9431582614622900144,location_11306_9431582614622900144,11306,True,,,
11307,9434032518940482944,location_11307_9434032518940482944,11307,True,,,
11308,9435133153735773662,location_11308_9435133153735773662,11308,True,,,
11309,9435327309893251755,location_11309_9435327309893251755,11309,True,,,
11310,9435704996713968138,location_11310_9435704996713968138,11310,True,,,
11311,9439004724362150293,location_11311_9439004724362150293,11311,True,,,
11312,944013703391594928,location_11312_944013703391594928,11312,True,,,
11313,9441276032021730104,location_11313_9441276032021730104,11313,True,,,
11314,9442506146445075927,location_11314_9442506146445075927,11314,True,,,
11315,9443402781350863600,location_11315_9443402781350863600,11315,True,,,
11316,944403241879964935,location_11316_944403241879964935,11316,True,,,
11317,9447411638026463078,location_11317_9447411638026463078,11317,True,,,
11318,9450382655684091497,location_11318_9450382655684091497,11318,True,,,
11319,9456188684018965422,location_11319_9456188684018965422,11319,True,,,
11320,9457368942195348523,location_11320_9457368942195348523,11320,True,,,
11321,9457669060635147959,location_11321_9457669060635147959,11321,True,,,
11322,9459765080707727231,location_11322_9459765080707727231,11322,True,,,
11323,9461063345850800712,location_11323_9461063345850800712,11323,True,,,
11324,9461277098307347403,location_11324_9461277098307347403,11324,True,,,
11325,9461529170122753886,location_11325_9461529170122753886,11325,True,,,
11326,9461853050871541276,location_11326_9461853050871541276,11326,True,,,
11327,9462466520165713640,location_11327_9462466520165713640,11327,True,,,
11328,9462758066828013346,location_11328_9462758066828013346,11328,True,,,
11329,9463119188031236244,location_11329_9463119188031236244,11329,True,,,
11330,9464547129685715131,location_11330_9464547129685715131,11330,True,,,
11331,946514901763573311,location_11331_946514901763573311,11331,True,,,
11332,9465246804615791405,location_11332_9465246804615791405,11332,True,,,
11333,9465863709832760626,location_11333_9465863709832760626,11333,True,,,
11334,9467563150419548147,location_11334_9467563150419548147,11334,True,,,
11335,9469869026168749698,location_11335_9469869026168749698,11335,True,,,
11336,947084592792800978,location_11336_947084592792800978,11336,True,,,
11337,9471754272443433946,location_11337_9471754272443433946,11337,True,,,
11338,9472556166994406106,location_11338_9472556166994406106,11338,True,,,
11339,947526461781753226,location_11339_947526461781753226,11339,True,,,
11340,94767296803495825,location_11340_94767296803495825,11340,True,,,
11341,9481513096331552613,location_11341_9481513096331552613,11341,True,,,
11342,9486213092707374189,location_11342_9486213092707374189,11342,True,,,
11343,9486609521332858242,location_11343_9486609521332858242,11343,True,,,
11344,948984805995467901,location_11344_948984805995467901,11344,True,,,
11345,9490808064594883898,location_11345_9490808064594883898,11345,True,,,
11346,9492692301607451791,location_11346_9492692301607451791,11346,True,,,
11347,9494672668083328152,location_11347_9494672668083328152,11347,True,,,
11348,9500384526794694581,location_11348_9500384526794694581,11348,True,,,
11349,950075850432118647,location_11349_950075850432118647,11349,True,,,
11350,950294235461651093,location_11350_950294235461651093,11350,True,,,
11351,9503361601669963126,location_11351_9503361601669963126,11351,True,,,
11352,9505436045256308302,location_11352_9505436045256308302,11352,True,,,
11353,9506505189600244548,location_11353_9506505189600244548,11353,True,,,
11354,9508081653726784940,location_11354_9508081653726784940,11354,True,,,
11355,950861588149735691,location_11355_950861588149735691,11355,True,,,
11356,9508956515378739246,location_11356_9508956515378739246,11356,True,,,
11357,9510573980316370915,location_11357_9510573980316370915,11357,True,,,
11358,9510981472361764733,location_11358_9510981472361764733,11358,True,,,
11359,9511160559985557330,location_11359_9511160559985557330,11359,True,,,
11360,9512092841686479998,location_11360_9512092841686479998,11360,True,,,
11361,951336241690871276,location_11361_951336241690871276,11361,True,,,
11362,9515675063023452600,location_11362_9515675063023452600,11362,True,,,
11363,9518622086369179837,location_11363_9518622086369179837,11363,True,,,
11364,9519047410140593125,location_11364_9519047410140593125,11364,True,,,
11365,9520746081678475632,location_11365_9520746081678475632,11365,True,,,
11366,9520823453108200810,location_11366_9520823453108200810,11366,True,,,
11367,952084923758681651,location_11367_952084923758681651,11367,True,,,
11368,9521127192908950902,location_11368_9521127192908950902,11368,True,,,
11369,9522470608210318924,location_11369_9522470608210318924,11369,True,,,
11370,9523380380291673680,location_11370_9523380380291673680,11370,True,,,
11371,9525697363158655803,location_11371_9525697363158655803,11371,True,,,
11372,9527275963669699756,location_11372_9527275963669699756,11372,True,,,
11373,9527973821843328492,location_11373_9527973821843328492,11373,True,,,
11374,9529784780343127476,location_11374_9529784780343127476,11374,True,,,
11375,9529818020246018369,location_11375_9529818020246018369,11375,True,,,
11376,9530786265326795920,location_11376_9530786265326795920,11376,True,,,
11377,9530974055179780063,location_11377_9530974055179780063,11377,True,,,
11378,9531033288261219958,location_11378_9531033288261219958,11378,True,,,
11379,9532246714078015546,location_11379_9532246714078015546,11379,True,,,
11380,9533365834495630158,location_11380_9533365834495630158,11380,True,,,
11381,9540138588050485726,location_11381_9540138588050485726,11381,True,,,
11382,9540142880222301001,location_11382_9540142880222301001,11382,True,,,
11383,9540747508991788206,location_11383_9540747508991788206,11383,True,,,
11384,95429590444704320,location_11384_95429590444704320,11384,True,,,
11385,9543459176457419627,location_11385_9543459176457419627,11385,True,,,
11386,9543710841259950823,location_11386_9543710841259950823,11386,True,,,
11387,9546607453079865815,location_11387_9546607453079865815,11387,True,,,
11388,9547792501005575937,location_11388_9547792501005575937,11388,True,,,
11389,9548030407255187937,location_11389_9548030407255187937,11389,True,,,
11390,9548033958246924497,location_11390_9548033958246924497,11390,True,,,
11391,9548648642462908659,location_11391_9548648642462908659,11391,True,,,
11392,9548685887075940302,location_11392_9548685887075940302,11392,True,,,
11393,9551602193732862468,location_11393_9551602193732862468,11393,True,,,
11394,9552404073861558698,location_11394_9552404073861558698,11394,True,,,
11395,9553823200129776034,location_11395_9553823200129776034,11395,True,,,
11396,9555253832248412431,location_11396_9555253832248412431,11396,True,,,
11397,9555781087875773825,location_11397_9555781087875773825,11397,True,,,
11398,956048623074437812,location_11398_956048623074437812,11398,True,,,
11399,9560931590495502575,location_11399_9560931590495502575,11399,True,,,
11400,9561425174226551709,location_11400_9561425174226551709,11400,True,,,
11401,9562276844943467978,location_11401_9562276844943467978,11401,True,,,
11402,9564192246990427292,location_11402_9564192246990427292,11402,True,,,
11403,9564928150251281582,location_11403_9564928150251281582,11403,True,,,
11404,9566539705284809203,location_11404_9566539705284809203,11404,True,,,
11405,9567302052346106090,location_11405_9567302052346106090,11405,True,,,
11406,9569728471845302187,location_11406_9569728471845302187,11406,True,,,
11407,9570330955780211440,location_11407_9570330955780211440,11407,True,,,
11408,9570468449224896624,location_11408_9570468449224896624,11408,True,,,
11409,9570739785113691870,location_11409_9570739785113691870,11409,True,,,
11410,9572503935193389475,location_11410_9572503935193389475,11410,True,,,
11411,9572987513569272552,location_11411_9572987513569272552,11411,True,,,
11412,9574543821166306088,location_11412_9574543821166306088,11412,True,,,
11413,9574862888141629815,location_11413_9574862888141629815,11413,True,,,
11414,9574884591935682095,location_11414_9574884591935682095,11414,True,,,
11415,957700454653181804,location_11415_957700454653181804,11415,True,,,
11416,957741047722669125,location_11416_957741047722669125,11416,True,,,
11417,9579145653967806781,location_11417_9579145653967806781,11417,True,,,
11418,9579306174122476332,location_11418_9579306174122476332,11418,True,,,
11419,9580261713254660344,location_11419_9580261713254660344,11419,True,,,
11420,9581713918638468003,location_11420_9581713918638468003,11420,True,,,
11421,9584232803295910799,location_11421_9584232803295910799,11421,True,,,
11422,9586102465015301964,location_11422_9586102465015301964,11422,True,,,
11423,9587035365048138130,location_11423_9587035365048138130,11423,True,,,
11424,9587469377932907526,location_11424_9587469377932907526,11424,True,,,
11425,9588969813741616487,location_11425_9588969813741616487,11425,True,,,
11426,9589688449657095164,location_11426_9589688449657095164,11426,True,,,
11427,9591778859294940805,location_11427_9591778859294940805,11427,True,,,
11428,9592422462836045626,location_11428_9592422462836045626,11428,True,,,
11429,9592462224565375166,location_11429_9592462224565375166,11429,True,,,
11430,9595108067712429684,location_11430_9595108067712429684,11430,True,,,
11431,959577769193830166,location_11431_959577769193830166,11431,True,,,
11432,9596070293339962207,location_11432_9596070293339962207,11432,True,,,
11433,9596350342124222468,location_11433_9596350342124222468,11433,True,,,
11434,9598602059931923395,location_11434_9598602059931923395,11434,True,,,
11435,9598860325714072210,location_11435_9598860325714072210,11435,True,,,
11436,9599018134669807595,location_11436_9599018134669807595,11436,True,,,
11437,9601846388420385672,location_11437_9601846388420385672,11437,True,,,
11438,9605431775506194174,location_11438_9605431775506194174,11438,True,,,
11439,9606819697684468184,location_11439_9606819697684468184,11439,True,,,
11440,9607526648343209032,location_11440_9607526648343209032,11440,True,,,
11441,9609911059387252020,location_11441_9609911059387252020,11441,True,,,
11442,9612786250573467054,location_11442_9612786250573467054,11442,True,,,
11443,9613596034530687734,location_11443_9613596034530687734,11443,True,,,
11444,9613829698181048931,location_11444_9613829698181048931,11444,True,,,
11445,9619823337347677313,location_11445_9619823337347677313,11445,True,,,
11446,9620146713825456404,location_11446_9620146713825456404,11446,True,,,
11447,9620210766576621464,location_11447_9620210766576621464,11447,True,,,
11448,9623481635971769945,location_11448_9623481635971769945,11448,True,,,
11449,9623652645410331982,location_11449_9623652645410331982,11449,True,,,
11450,9624065378693454991,location_11450_9624065378693454991,11450,True,,,
11451,9624769939333197734,location_11451_9624769939333197734,11451,True,,,
11452,9627263465078879306,location_11452_9627263465078879306,11452,True,,,
11453,9629396510579389304,location_11453_9629396510579389304,11453,True,,,
11454,9629491784195296053,location_11454_9629491784195296053,11454,True,,,
11455,9629533185111852374,location_11455_9629533185111852374,11455,True,,,
11456,9631954257100618542,location_11456_9631954257100618542,11456,True,,,
11457,9632942188899165068,location_11457_9632942188899165068,11457,True,,,
11458,9633298369750849146,location_11458_9633298369750849146,11458,True,,,
11459,9635155145985306496,location_11459_9635155145985306496,11459,True,,,
11460,9635792083603533037,location_11460_9635792083603533037,11460,True,,,
11461,9637116223107191404,location_11461_9637116223107191404,11461,True,,,
11462,9637376776759661482,location_11462_9637376776759661482,11462,True,,,
11463,9637832429028512537,location_11463_9637832429028512537,11463,True,,,
11464,9637956116726905428,location_11464_9637956116726905428,11464,True,,,
11465,9638453766251033769,location_11465_9638453766251033769,11465,True,,,
11466,9638876440356718872,location_11466_9638876440356718872,11466,True,,,
11467,964041842549246721,location_11467_964041842549246721,11467,True,,,
11468,9641411292274656642,location_11468_9641411292274656642,11468,True,,,
11469,9644646145766345869,location_11469_9644646145766345869,11469,True,,,
11470,9647727288306193876,location_11470_9647727288306193876,11470,True,,,
11471,9650149124464418670,location_11471_9650149124464418670,11471,True,,,
11472,9651483138366045267,location_11472_9651483138366045267,11472,True,,,
11473,9652066542155938626,location_11473_9652066542155938626,11473,True,,,
11474,9653641102614231156,location_11474_9653641102614231156,11474,True,,,
11475,9654041574774482534,location_11475_9654041574774482534,11475,True,,,
11476,9654690807110432724,location_11476_9654690807110432724,11476,True,,,
11477,9655937739148933761,location_11477_9655937739148933761,11477,True,,,
11478,9656386400098517559,location_11478_9656386400098517559,11478,True,,,
11479,9657504023920750857,location_11479_9657504023920750857,11479,True,,,
11480,9659461357567088776,location_11480_9659461357567088776,11480,True,,,
11481,9661660260586734733,location_11481_9661660260586734733,11481,True,,,
11482,9662222790433062061,location_11482_9662222790433062061,11482,True,,,
11483,9663034433121009011,location_11483_9663034433121009011,11483,True,,,
11484,9664649076121482279,location_11484_9664649076121482279,11484,True,,,
11485,9665593976310446195,location_11485_9665593976310446195,11485,True,,,
11486,9666131238219064307,location_11486_9666131238219064307,11486,True,,,
11487,9668132743100615168,location_11487_9668132743100615168,11487,True,,,
11488,9668313981101056131,location_11488_9668313981101056131,11488,True,,,
11489,96692402383094179,location_11489_96692402383094179,11489,True,,,
11490,9670806667367695954,location_11490_9670806667367695954,11490,True,,,
11491,9670855369025951508,location_11491_9670855369025951508,11491,True,,,
11492,9671544060620729032,location_11492_9671544060620729032,11492,True,,,
11493,9672179988106992208,location_11493_9672179988106992208,11493,True,,,
11494,9675537358057450061,location_11494_9675537358057450061,11494,True,,,
11495,9675713618743711081,location_11495_9675713618743711081,11495,True,,,
11496,9675778648786888399,location_11496_9675778648786888399,11496,True,,,
11497,9675863526732610402,location_11497_9675863526732610402,11497,True,,,
11498,9677002233251264383,location_11498_9677002233251264383,11498,True,,,
11499,9677105916958621344,location_11499_9677105916958621344,11499,True,,,
11500,9677805659594153533,location_11500_9677805659594153533,11500,True,,,
11501,9680103951777576859,location_11501_9680103951777576859,11501,True,,,
11502,9680136998920190727,location_11502_9680136998920190727,11502,True,,,
11503,9680242927025669189,location_11503_9680242927025669189,11503,True,,,
11504,9680376724649167917,location_11504_9680376724649167917,11504,True,,,
11505,9687444985478684651,location_11505_9687444985478684651,11505,True,,,
11506,9687638202516609313,location_11506_9687638202516609313,11506,True,,,
11507,9690061639796373295,location_11507_9690061639796373295,11507,True,,,
11508,9692197514245441463,location_11508_9692197514245441463,11508,True,,,
11509,9692992492105224203,location_11509_9692992492105224203,11509,True,,,
11510,9693827976826522467,location_11510_9693827976826522467,11510,True,,,
11511,9694175261366091528,location_11511_9694175261366091528,11511,True,,,
11512,9695681289835825721,location_11512_9695681289835825721,11512,True,,,
11513,9695896870392117273,location_11513_9695896870392117273,11513,True,,,
11514,9697997805039845839,location_11514_9697997805039845839,11514,True,,,
11515,9698925002705596300,location_11515_9698925002705596300,11515,True,,,
11516,9699165490889736906,location_11516_9699165490889736906,11516,True,,,
11517,9700129285896323387,location_11517_9700129285896323387,11517,True,,,
11518,9700707696553887595,location_11518_9700707696553887595,11518,True,,,
11519,9700914122060763988,location_11519_9700914122060763988,11519,True,,,
11520,9707525448096333289,location_11520_9707525448096333289,11520,True,,,
11521,970912533264318640,location_11521_970912533264318640,11521,True,,,
11522,9711759495769524049,location_11522_9711759495769524049,11522,True,,,
11523,9716050885775887397,location_11523_9716050885775887397,11523,True,,,
11524,9716305178270584464,location_11524_9716305178270584464,11524,True,,,
11525,9718517290053207469,location_11525_9718517290053207469,11525,True,,,
11526,9718699197118162147,location_11526_9718699197118162147,11526,True,,,
11527,9724480554855649668,location_11527_9724480554855649668,11527,True,,,
11528,9725757907029408685,location_11528_9725757907029408685,11528,True,,,
11529,9726716410750370019,location_11529_9726716410750370019,11529,True,,,
11530,9726928495967232761,location_11530_9726928495967232761,11530,True,,,
11531,9728361933666144410,location_11531_9728361933666144410,11531,True,,,
11532,9734264479902112400,location_11532_9734264479902112400,11532,True,,,
11533,9736588368837593718,location_11533_9736588368837593718,11533,True,,,
11534,9739128818962255049,location_11534_9739128818962255049,11534,True,,,
11535,9739451997359935883,location_11535_9739451997359935883,11535,True,,,
11536,9739559674772840010,location_11536_9739559674772840010,11536,True,,,
11537,9741233506079455109,location_11537_9741233506079455109,11537,True,,,
11538,9742973113874654971,location_11538_9742973113874654971,11538,True,,,
11539,9743763141329726762,location_11539_9743763141329726762,11539,True,,,
11540,9748361637170091766,location_11540_9748361637170091766,11540,True,,,
11541,974849993381523729,location_11541_974849993381523729,11541,True,,,
11542,9751058827598592454,location_11542_9751058827598592454,11542,True,,,
11543,9751910799243076930,location_11543_9751910799243076930,11543,True,,,
11544,9753549256149758238,location_11544_9753549256149758238,11544,True,,,
11545,9753732121240519561,location_11545_9753732121240519561,11545,True,,,
11546,9753741247758576004,location_11546_9753741247758576004,11546,True,,,
11547,9754071066377561718,location_11547_9754071066377561718,11547,True,,,
11548,9754437915446720803,location_11548_9754437915446720803,11548,True,,,
11549,975541147218962474,location_11549_975541147218962474,11549,True,,,
11550,9755721957160425618,location_11550_9755721957160425618,11550,True,,,
11551,9756612738090527373,location_11551_9756612738090527373,11551,True,,,
11552,9757184579951592815,location_11552_9757184579951592815,11552,True,,,
11553,9757608662300425882,location_11553_9757608662300425882,11553,True,,,
11554,9758996720565542853,location_11554_9758996720565542853,11554,True,,,
11555,9761129941640142312,location_11555_9761129941640142312,11555,True,,,
11556,9762519443191725483,location_11556_9762519443191725483,11556,True,,,
11557,9762547094107134979,location_11557_9762547094107134979,11557,True,,,
11558,9763338788600170311,location_11558_9763338788600170311,11558,True,,,
11559,9764750763949449676,location_11559_9764750763949449676,11559,True,,,
11560,976508896060836373,location_11560_976508896060836373,11560,True,,,
11561,9768296074762109322,location_11561_9768296074762109322,11561,True,,,
11562,9771906556325056511,location_11562_9771906556325056511,11562,True,,,
11563,9772742370369339847,location_11563_9772742370369339847,11563,True,,,
11564,9773794021086816625,location_11564_9773794021086816625,11564,True,,,
11565,9775071454233332750,location_11565_9775071454233332750,11565,True,,,
11566,9775351960291420390,location_11566_9775351960291420390,11566,True,,,
11567,977933127842536574,location_11567_977933127842536574,11567,True,,,
11568,9780254166896724730,location_11568_9780254166896724730,11568,True,,,
11569,978444745303613307,location_11569_978444745303613307,11569,True,,,
11570,9785789822205714821,location_11570_9785789822205714821,11570,True,,,
11571,978619005833012195,location_11571_978619005833012195,11571,True,,,
11572,9789204763471743990,location_11572_9789204763471743990,11572,True,,,
11573,9790742846010338938,location_11573_9790742846010338938,11573,True,,,
11574,9790883064861981898,location_11574_9790883064861981898,11574,True,,,
11575,979767560747765350,location_11575_979767560747765350,11575,True,,,
11576,9799842296162466576,location_11576_9799842296162466576,11576,True,,,
11577,9800967400043663258,location_11577_9800967400043663258,11577,True,,,
11578,9801952750084953878,location_11578_9801952750084953878,11578,True,,,
11579,9802644262514061551,location_11579_9802644262514061551,11579,True,,,
11580,9805285865631506621,location_11580_9805285865631506621,11580,True,,,
11581,9812466097032750068,location_11581_9812466097032750068,11581,True,,,
11582,9813033777373759516,location_11582_9813033777373759516,11582,True,,,
11583,9813196107565501227,location_11583_9813196107565501227,11583,True,,,
11584,9813490204174988495,location_11584_9813490204174988495,11584,True,,,
11585,9813681661306097927,location_11585_9813681661306097927,11585,True,,,
11586,9817327473487881584,location_11586_9817327473487881584,11586,True,,,
11587,9817347772775724587,location_11587_9817347772775724587,11587,True,,,
11588,9821677083721653217,location_11588_9821677083721653217,11588,True,,,
11589,98217169022986323,location_11589_98217169022986323,11589,True,,,
11590,9821862026955903025,location_11590_9821862026955903025,11590,True,,,
11591,9824809555217566966,location_11591_9824809555217566966,11591,True,,,
11592,9826196447588808328,location_11592_9826196447588808328,11592,True,,,
11593,9826764556652313528,location_11593_9826764556652313528,11593,True,,,
11594,9827645309512731686,location_11594_9827645309512731686,11594,True,,,
11595,9830483664491096709,location_11595_9830483664491096709,11595,True,,,
11596,9831107391352788882,location_11596_9831107391352788882,11596,True,,,
11597,9831321387062858190,location_11597_9831321387062858190,11597,True,,,
11598,9831472002821736854,location_11598_9831472002821736854,11598,True,,,
11599,9834771747243080002,location_11599_9834771747243080002,11599,True,,,
11600,9834956894548102741,location_11600_9834956894548102741,11600,True,,,
11601,9835836903115900097,location_11601_9835836903115900097,11601,True,,,
11602,9836613295652484498,location_11602_9836613295652484498,11602,True,,,
11603,9839089755193073050,location_11603_9839089755193073050,11603,True,,,
11604,9839302397957928673,location_11604_9839302397957928673,11604,True,,,
11605,9841945065642201563,location_11605_9841945065642201563,11605,True,,,
11606,9842375636912059581,location_11606_9842375636912059581,11606,True,,,
11607,9846784037098031579,location_11607_9846784037098031579,11607,True,,,
11608,9849989827101581743,location_11608_9849989827101581743,11608,True,,,
11609,9851193196231562532,location_11609_9851193196231562532,11609,True,,,
11610,9851531965085494842,location_11610_9851531965085494842,11610,True,,,
11611,9851777659666792630,location_11611_9851777659666792630,11611,True,,,
11612,9854394142059963173,location_11612_9854394142059963173,11612,True,,,
11613,9855100905516636017,location_11613_9855100905516636017,11613,True,,,
11614,9855963953933664853,location_11614_9855963953933664853,11614,True,,,
11615,9861880383786419654,location_11615_9861880383786419654,11615,True,,,
11616,9863432296201196986,location_11616_9863432296201196986,11616,True,,,
11617,9865687093425333399,location_11617_9865687093425333399,11617,True,,,
11618,9869960440244206737,location_11618_9869960440244206737,11618,True,,,
11619,9871531401408484873,location_11619_9871531401408484873,11619,True,,,
11620,9876199061266251605,location_11620_9876199061266251605,11620,True,,,
11621,9876586494853276651,location_11621_9876586494853276651,11621,True,,,
11622,9877717580621996228,location_11622_9877717580621996228,11622,True,,,
11623,987931452758770409,location_11623_987931452758770409,11623,True,,,
11624,9879482788895869847,location_11624_9879482788895869847,11624,True,,,
11625,9880377854817300011,location_11625_9880377854817300011,11625,True,,,
11626,9881233023004522430,location_11626_9881233023004522430,11626,True,,,
11627,9881530238891504551,location_11627_9881530238891504551,11627,True,,,
11628,9883402269309008467,location_11628_9883402269309008467,11628,True,,,
11629,9883599159765168720,location_11629_9883599159765168720,11629,True,,,
11630,9886756333116606261,location_11630_9886756333116606261,11630,True,,,
11631,9886767418603351339,location_11631_9886767418603351339,11631,True,,,
11632,9887021573922495137,location_11632_9887021573922495137,11632,True,,,
11633,9887034446427634563,location_11633_9887034446427634563,11633,True,,,
11634,9889133761513092640,location_11634_9889133761513092640,11634,True,,,
11635,9889625340325655100,location_11635_9889625340325655100,11635,True,,,
11636,989130247091776145,location_11636_989130247091776145,11636,True,,,
11637,9893554072790730619,location_11637_9893554072790730619,11637,True,,,
11638,9893938410210137139,location_11638_9893938410210137139,11638,True,,,
11639,9895578220243165279,location_11639_9895578220243165279,11639,True,,,
11640,9901604072927566505,location_11640_9901604072927566505,11640,True,,,
11641,9903444962482809494,location_11641_9903444962482809494,11641,True,,,
11642,9904869667532512433,location_11642_9904869667532512433,11642,True,,,
11643,9905822587862253381,location_11643_9905822587862253381,11643,True,,,
11644,9907480143762033043,location_11644_9907480143762033043,11644,True,,,
11645,9908229907149189739,location_11645_9908229907149189739,11645,True,,,
11646,9910037915481563782,location_11646_9910037915481563782,11646,True,,,
11647,9910579423478398884,location_11647_9910579423478398884,11647,True,,,
11648,991149129820622212,location_11648_991149129820622212,11648,True,,,
11649,9913396957517739867,location_11649_9913396957517739867,11649,True,,,
11650,9918625705083464849,location_11650_9918625705083464849,11650,True,,,
11651,9919355315106024601,location_11651_9919355315106024601,11651,True,,,
11652,9921205116696987568,location_11652_9921205116696987568,11652,True,,,
11653,9921612079838808536,location_11653_9921612079838808536,11653,True,,,
11654,9923859427701387090,location_11654_9923859427701387090,11654,True,,,
11655,9925199380930807277,location_11655_9925199380930807277,11655,True,,,
11656,9927145306472234245,location_11656_9927145306472234245,11656,True,,,
11657,9927286739839171276,location_11657_9927286739839171276,11657,True,,,
11658,9930861363477634307,location_11658_9930861363477634307,11658,True,,,
11659,9931794552484567039,location_11659_9931794552484567039,11659,True,,,
11660,9933990595696274282,location_11660_9933990595696274282,11660,True,,,
11661,9934422896434142477,location_11661_9934422896434142477,11661,True,,,
11662,9936769079898819099,location_11662_9936769079898819099,11662,True,,,
11663,9936964213011363609,location_11663_9936964213011363609,11663,True,,,
11664,9937679346722330371,location_11664_9937679346722330371,11664,True,,,
11665,994173783029166049,location_11665_994173783029166049,11665,True,,,
11666,9942529195103649069,location_11666_9942529195103649069,11666,True,,,
11667,9943016136422614165,location_11667_9943016136422614165,11667,True,,,
11668,9943948352867868250,location_11668_9943948352867868250,11668,True,,,
11669,994466140489681358,location_11669_994466140489681358,11669,True,,,
11670,9946781995546989169,location_11670_9946781995546989169,11670,True,,,
11671,9948070161779188367,location_11671_9948070161779188367,11671,True,,,
11672,994953574951148434,location_11672_994953574951148434,11672,True,,,
11673,9949627131026093451,location_11673_9949627131026093451,11673,True,,,
11674,9949916254680312784,location_11674_9949916254680312784,11674,True,,,
11675,9950547791395246342,location_11675_9950547791395246342,11675,True,,,
11676,9954242484164115366,location_11676_9954242484164115366,11676,True,,,
11677,9954950121942044609,location_11677_9954950121942044609,11677,True,,,
11678,9957174273249569508,location_11678_9957174273249569508,11678,True,,,
11679,9958173674855008614,location_11679_9958173674855008614,11679,True,,,
11680,9959201897615276097,location_11680_9959201897615276097,11680,True,,,
11681,9959708886201163336,location_11681_9959708886201163336,11681,True,,,
11682,9960410220652243651,location_11682_9960410220652243651,11682,True,,,
11683,996128111094481398,location_11683_996128111094481398,11683,True,,,
11684,9962999569610061975,location_11684_9962999569610061975,11684,True,,,
11685,9963909851742448760,location_11685_9963909851742448760,11685,True,,,
11686,9964031959147441892,location_11686_9964031959147441892,11686,True,,,
11687,9964708884797880668,location_11687_9964708884797880668,11687,True,,,
11688,9966199815897614724,location_11688_9966199815897614724,11688,True,,,
11689,9966748505188476569,location_11689_9966748505188476569,11689,True,,,
11690,9967933566611713473,location_11690_9967933566611713473,11690,True,,,
11691,9970140695404481414,location_11691_9970140695404481414,11691,True,,,
11692,9970181098416117929,location_11692_9970181098416117929,11692,True,,,
11693,9970880882810985240,location_11693_9970880882810985240,11693,True,,,
11694,9975825928800901569,location_11694_9975825928800901569,11694,True,,,
11695,9976702364875672618,location_11695_9976702364875672618,11695,True,,,
11696,9977232040865141529,location_11696_9977232040865141529,11696,True,,,
11697,997733610635988336,location_11697_997733610635988336,11697,True,,,
11698,9978794834550381605,location_11698_9978794834550381605,11698,True,,,
11699,9978881549582634717,location_11699_9978881549582634717,11699,True,,,
11700,9979795805654567174,location_11700_9979795805654567174,11700,True,,,
11701,9979885811561076511,location_11701_9979885811561076511,11701,True,,,
11702,9980687560747142270,location_11702_9980687560747142270,11702,True,,,
11703,9981918889210562685,location_11703_9981918889210562685,11703,True,,,
11704,998224958928866579,location_11704_998224958928866579,11704,True,,,
11705,9983133779588410730,location_11705_9983133779588410730,11705,True,,,
11706,9983715527254543549,location_11706_9983715527254543549,11706,True,,,
11707,9986166117986731429,location_11707_9986166117986731429,11707,True,,,
11708,9986499419941792987,location_11708_9986499419941792987,11708,True,,,
11709,998794255650596159,location_11709_998794255650596159,11709,True,,,
11710,9989762888859232249,location_11710_9989762888859232249,11710,True,,,
11711,9989851100360846644,location_11711_9989851100360846644,11711,True,,,
11712,9992290995307356450,location_11712_9992290995307356450,11712,True,,,
11713,9993390853430321490,location_11713_9993390853430321490,11713,True,,,
11714,9994368508195036211,location_11714_9994368508195036211,11714,True,,,
11715,9995681222726116110,location_11715_9995681222726116110,11715,True,,,
11716,9998999084807650732,location_11716_9998999084807650732,11716,True,,,
11717,9999806393043221878,location_11717_9999806393043221878,11717,True,,,
11718,10005614726838059152,location_0_10005614726838059152,11718,True,,,
11719,10067301211992464544,location_1_10067301211992464544,11719,True,,,
11720,10078220946332273701,location_2_10078220946332273701,11720,True,,,
11721,10082564693381040303,location_3_10082564693381040303,11721,True,,,
11722,10136825392517063681,location_4_10136825392517063681,11722,True,,,
11723,1019938315698924814,location_5_1019938315698924814,11723,True,,,
11724,10207567908752025269,location_6_10207567908752025269,11724,True,,,
11725,10216678404399098188,location_7_10216678404399098188,11725,True,,,
11726,10228953183341107825,location_8_10228953183341107825,11726,True,,,
11727,10238480560364301648,location_9_10238480560364301648,11727,True,,,
11728,10250381655072148141,location_10_10250381655072148141,11728,True,,,
11729,10295227871279677329,location_11_10295227871279677329,11729,True,,,
11730,10297664193121471259,location_12_10297664193121471259,11730,True,,,
11731,10310510705723091454,location_13_10310510705723091454,11731,True,,,
11732,10353139397973204680,location_14_10353139397973204680,11732,True,,,
11733,10382548541980775829,location_15_10382548541980775829,11733,True,,,
11734,10384480944998827859,location_16_10384480944998827859,11734,True,,,
11735,10400656964273958590,location_17_10400656964273958590,11735,True,,,
11736,10405910891258422608,location_18_10405910891258422608,11736,True,,,
11737,10422552462842923072,location_19_10422552462842923072,11737,True,,,
11738,10429143904325348844,location_20_10429143904325348844,11738,True,,,
11739,10447960062201603920,location_21_10447960062201603920,11739,True,,,
11740,10466958864662480275,location_22_10466958864662480275,11740,True,,,
11741,10470317940568054203,location_23_10470317940568054203,11741,True,,,
11742,10476203033685080330,location_24_10476203033685080330,11742,True,,,
11743,10497738269533998745,location_25_10497738269533998745,11743,True,,,
11744,10518051386559182277,location_26_10518051386559182277,11744,True,,,
11745,10519794605824940872,location_27_10519794605824940872,11745,True,,,
11746,10526410686434153749,location_28_10526410686434153749,11746,True,,,
11747,10593437206310122831,location_29_10593437206310122831,11747,True,,,
11748,10614539083055977015,location_30_10614539083055977015,11748,True,,,
11749,10656039139125219068,location_31_10656039139125219068,11749,True,,,
11750,10668946557194043177,location_32_10668946557194043177,11750,True,,,
11751,10672589541895462400,location_33_10672589541895462400,11751,True,,,
11752,10687568653237228047,location_34_10687568653237228047,11752,True,,,
11753,10695414849929432132,location_35_10695414849929432132,11753,True,,,
11754,10718017968645695445,location_36_10718017968645695445,11754,True,,,
11755,10733751366576082179,location_37_10733751366576082179,11755,True,,,
11756,10739318010369728764,location_38_10739318010369728764,11756,True,,,
11757,10748166778253334680,location_39_10748166778253334680,11757,True,,,
11758,10760592692203686256,location_40_10760592692203686256,11758,True,,,
11759,10823204890905176614,location_41_10823204890905176614,11759,True,,,
11760,10833570441837971230,location_42_10833570441837971230,11760,True,,,
11761,10836786015612371452,location_43_10836786015612371452,11761,True,,,
11762,10863111019002863399,location_44_10863111019002863399,11762,True,,,
11763,10864595662914695815,location_45_10864595662914695815,11763,True,,,
11764,10889479482872842686,location_46_10889479482872842686,11764,True,,,
11765,10889813225121086249,location_47_10889813225121086249,11765,True,,,
11766,10890475954656907646,location_48_10890475954656907646,11766,True,,,
11767,10892107686591087583,location_49_10892107686591087583,11767,True,,,
11768,10910295871660084267,location_50_10910295871660084267,11768,True,,,
11769,10915263421663074941,location_51_10915263421663074941,11769,True,,,
11770,10915974171837031716,location_52_10915974171837031716,11770,True,,,
11771,10923732819766312357,location_53_10923732819766312357,11771,True,,,
11772,10934403925169771086,location_54_10934403925169771086,11772,True,,,
11773,10953590926405182131,location_55_10953590926405182131,11773,True,,,
11774,1097271783136429068,location_56_1097271783136429068,11774,True,,,
11775,10987985683997317296,location_57_10987985683997317296,11775,True,,,
11776,10991222068574589052,location_58_10991222068574589052,11776,True,,,
11777,11024954310811551252,location_59_11024954310811551252,11777,True,,,
11778,11041244809393906387,location_60_11041244809393906387,11778,True,,,
11779,11075662463047365979,location_61_11075662463047365979,11779,True,,,
11780,11087554663639220929,location_62_11087554663639220929,11780,True,,,
11781,11091876362425845560,location_63_11091876362425845560,11781,True,,,
11782,11136774990864769028,location_64_11136774990864769028,11782,True,,,
11783,11146277125032377463,location_65_11146277125032377463,11783,True,,,
11784,11149268008687869844,location_66_11149268008687869844,11784,True,,,
11785,11173207582765564399,location_67_11173207582765564399,11785,True,,,
11786,11211184840379818243,location_68_11211184840379818243,11786,True,,,
11787,11266430897472225390,location_69_11266430897472225390,11787,True,,,
11788,11275568752159565938,location_70_11275568752159565938,11788,True,,,
11789,1128173707755436489,location_71_1128173707755436489,11789,True,,,
11790,11306343683628862578,location_72_11306343683628862578,11790,True,,,
11791,11339181655782321122,location_73_11339181655782321122,11791,True,,,
11792,11368283893945455921,location_74_11368283893945455921,11792,True,,,
11793,11383705455965891694,location_75_11383705455965891694,11793,True,,,
11794,1140349781361803083,location_76_1140349781361803083,11794,True,,,
11795,11406078524194412576,location_77_11406078524194412576,11795,True,,,
11796,11413070371253429023,location_78_11413070371253429023,11796,True,,,
11797,11426896843683334786,location_79_11426896843683334786,11797,True,,,
11798,11434860585804418586,location_80_11434860585804418586,11798,True,,,
11799,11495387724202534847,location_81_11495387724202534847,11799,True,,,
11800,11528070451986395624,location_82_11528070451986395624,11800,True,,,
11801,11534525440024870457,location_83_11534525440024870457,11801,True,,,
11802,11566969152594000825,location_84_11566969152594000825,11802,True,,,
11803,11642486868672504895,location_85_11642486868672504895,11803,True,,,
11804,11647985644815958502,location_86_11647985644815958502,11804,True,,,
11805,11664588917795029458,location_87_11664588917795029458,11805,True,,,
11806,11667056439708556536,location_88_11667056439708556536,11806,True,,,
11807,11682732430215770408,location_89_11682732430215770408,11807,True,,,
11808,11685595725307286078,location_90_11685595725307286078,11808,True,,,
11809,11693137296646640267,location_91_11693137296646640267,11809,True,,,
11810,11746538653629925426,location_92_11746538653629925426,11810,True,,,
11811,11757777858014546088,location_93_11757777858014546088,11811,True,,,
11812,11785895448988722203,location_94_11785895448988722203,11812,True,,,
11813,11798458824230356870,location_95_11798458824230356870,11813,True,,,
11814,11813794012544940958,location_96_11813794012544940958,11814,True,,,
11815,11844892700211478499,location_97_11844892700211478499,11815,True,,,
11816,11884845764700085435,location_98_11884845764700085435,11816,True,,,
11817,11897882978977976186,location_99_11897882978977976186,11817,True,,,
11818,11920277304645124536,location_100_11920277304645124536,11818,True,,,
11819,11930384603160605831,location_101_11930384603160605831,11819,True,,,
11820,11935248617825946370,location_102_11935248617825946370,11820,True,,,
11821,11951004244885086964,location_103_11951004244885086964,11821,True,,,
11822,11993514871944805572,location_104_11993514871944805572,11822,True,,,
11823,12026654918051256697,location_105_12026654918051256697,11823,True,,,
11824,12034325205961375257,location_106_12034325205961375257,11824,True,,,
11825,12060429881662724657,location_107_12060429881662724657,11825,True,,,
11826,12085306410814879145,location_108_12085306410814879145,11826,True,,,
11827,12091815658019926410,location_109_12091815658019926410,11827,True,,,
11828,12114130556985007288,location_110_12114130556985007288,11828,True,,,
11829,12121072242795602097,location_111_12121072242795602097,11829,True,,,
11830,12122958169923120891,location_112_12122958169923120891,11830,True,,,
11831,12128406552338838339,location_113_12128406552338838339,11831,True,,,
11832,12207445670293422468,location_114_12207445670293422468,11832,True,,,
11833,12212632859403634309,location_115_12212632859403634309,11833,True,,,
11834,12218441490976377110,location_116_12218441490976377110,11834,True,,,
11835,12238213974913425104,location_117_12238213974913425104,11835,True,,,
11836,12251663977617878553,location_118_12251663977617878553,11836,True,,,
11837,12257546333991447162,location_119_12257546333991447162,11837,True,,,
11838,12264046073270048252,location_120_12264046073270048252,11838,True,,,
11839,12264177661531120658,location_121_12264177661531120658,11839,True,,,
11840,12340870039203644594,location_122_12340870039203644594,11840,True,,,
11841,12360355145084776745,location_123_12360355145084776745,11841,True,,,
11842,12389910617441975289,location_124_12389910617441975289,11842,True,,,
11843,12399785721940688551,location_125_12399785721940688551,11843,True,,,
11844,12446867091872320383,location_126_12446867091872320383,11844,True,,,
11845,12463535392293933123,location_127_12463535392293933123,11845,True,,,
11846,12473627561566246414,location_128_12473627561566246414,11846,True,,,
11847,12487359527638424285,location_129_12487359527638424285,11847,True,,,
11848,12489091734368800577,location_130_12489091734368800577,11848,True,,,
11849,12502208493388156078,location_131_12502208493388156078,11849,True,,,
11850,12530781820058053914,location_132_12530781820058053914,11850,True,,,
11851,12595105909404494874,location_133_12595105909404494874,11851,True,,,
11852,1260141295355979989,location_134_1260141295355979989,11852,True,,,
11853,12612014169582644196,location_135_12612014169582644196,11853,True,,,
11854,12629958538534010047,location_136_12629958538534010047,11854,True,,,
11855,12635065041548508923,location_137_12635065041548508923,11855,True,,,
11856,1264970046279534027,location_138_1264970046279534027,11856,True,,,
11857,12681048140582836702,location_139_12681048140582836702,11857,True,,,
11858,1274593754953465218,location_140_1274593754953465218,11858,True,,,
11859,12754165276074733686,location_141_12754165276074733686,11859,True,,,
11860,12827701966417319257,location_142_12827701966417319257,11860,True,,,
11861,12871992700162666795,location_143_12871992700162666795,11861,True,,,
11862,12875830244395822771,location_144_12875830244395822771,11862,True,,,
11863,12884726035500790556,location_145_12884726035500790556,11863,True,,,
11864,12897078743648945489,location_146_12897078743648945489,11864,True,,,
11865,12958413580035792851,location_147_12958413580035792851,11865,True,,,
11866,12968165198250651666,location_148_12968165198250651666,11866,True,,,
11867,12980707829115488683,location_149_12980707829115488683,11867,True,,,
11868,13014475747334352559,location_150_13014475747334352559,11868,True,,,
11869,1303374483819035414,location_151_1303374483819035414,11869,True,,,
11870,13049018633410497652,location_152_13049018633410497652,11870,True,,,
11871,13063308874044863511,location_153_13063308874044863511,11871,True,,,
11872,13069272031535032538,location_154_13069272031535032538,11872,True,,,
11873,13080223356605946877,location_155_13080223356605946877,11873,True,,,
11874,13089367943250070067,location_156_13089367943250070067,11874,True,,,
11875,13111834597178951588,location_157_13111834597178951588,11875,True,,,
11876,1316136205514232205,location_158_1316136205514232205,11876,True,,,
11877,13195539001091250421,location_159_13195539001091250421,11877,True,,,
11878,13204887183248893832,location_160_13204887183248893832,11878,True,,,
11879,13231479967365279660,location_161_13231479967365279660,11879,True,,,
11880,13234833465128566295,location_162_13234833465128566295,11880,True,,,
11881,1325405772562660815,location_163_1325405772562660815,11881,True,,,
11882,13264990464722281078,location_164_13264990464722281078,11882,True,,,
11883,13281420917276035299,location_165_13281420917276035299,11883,True,,,
11884,13286607470759703,location_166_13286607470759703,11884,True,,,
11885,13308600161594260583,location_167_13308600161594260583,11885,True,,,
11886,13326330057595507684,location_168_13326330057595507684,11886,True,,,
11887,13402151874148396341,location_169_13402151874148396341,11887,True,,,
11888,13403401757363093185,location_170_13403401757363093185,11888,True,,,
11889,13408536899615108719,location_171_13408536899615108719,11889,True,,,
11890,13425648210542534654,location_172_13425648210542534654,11890,True,,,
11891,13514745597839852239,location_173_13514745597839852239,11891,True,,,
11892,13537268244799600499,location_174_13537268244799600499,11892,True,,,
11893,13569565373402012413,location_175_13569565373402012413,11893,True,,,
11894,13587180496365694791,location_176_13587180496365694791,11894,True,,,
11895,13614447113641329165,location_177_13614447113641329165,11895,True,,,
11896,13658717107333349739,location_178_13658717107333349739,11896,True,,,
11897,1368832106493990875,location_179_1368832106493990875,11897,True,,,
11898,13695557583513787666,location_180_13695557583513787666,11898,True,,,
11899,137046377541371141,location_181_137046377541371141,11899,True,,,
11900,13718051777854888567,location_182_13718051777854888567,11900,True,,,
11901,13739888681351110421,location_183_13739888681351110421,11901,True,,,
11902,13746292624599728872,location_184_13746292624599728872,11902,True,,,
11903,13761097570004641083,location_185_13761097570004641083,11903,True,,,
11904,13762966543045540373,location_186_13762966543045540373,11904,True,,,
11905,13764564181242965740,location_187_13764564181242965740,11905,True,,,
11906,13766727450962359629,location_188_13766727450962359629,11906,True,,,
11907,13789152318141946024,location_189_13789152318141946024,11907,True,,,
11908,13804065906073688726,location_190_13804065906073688726,11908,True,,,
11909,1384016697282730117,location_191_1384016697282730117,11909,True,,,
11910,13862476173324653180,location_192_13862476173324653180,11910,True,,,
11911,13864864635088996103,location_193_13864864635088996103,11911,True,,,
11912,13889319292786739188,location_194_13889319292786739188,11912,True,,,
11913,13942966796253340943,location_195_13942966796253340943,11913,True,,,
11914,1397499610326819048,location_196_1397499610326819048,11914,True,,,
11915,13979089222038084589,location_197_13979089222038084589,11915,True,,,
11916,13996681575989766881,location_198_13996681575989766881,11916,True,,,
11917,14021309019881899773,location_199_14021309019881899773,11917,True,,,
11918,14031210776096586475,location_200_14031210776096586475,11918,True,,,
11919,14057599712403040665,location_201_14057599712403040665,11919,True,,,
11920,1409322777887631166,location_202_1409322777887631166,11920,True,,,
11921,1410764351833321681,location_203_1410764351833321681,11921,True,,,
11922,14129185293483311914,location_204_14129185293483311914,11922,True,,,
11923,14147411383030374807,location_205_14147411383030374807,11923,True,,,
11924,14155893206918232626,location_206_14155893206918232626,11924,True,,,
11925,14157117546207783491,location_207_14157117546207783491,11925,True,,,
11926,14159880698056564170,location_208_14159880698056564170,11926,True,,,
11927,14160763515991246164,location_209_14160763515991246164,11927,True,,,
11928,14196588388463440880,location_210_14196588388463440880,11928,True,,,
11929,14197264230884655530,location_211_14197264230884655530,11929,True,,,
11930,14222866221331964229,location_212_14222866221331964229,11930,True,,,
11931,14267469486244155621,location_213_14267469486244155621,11931,True,,,
11932,14280445959417757962,location_214_14280445959417757962,11932,True,,,
11933,14304833919999255279,location_215_14304833919999255279,11933,True,,,
11934,14343847636638684625,location_216_14343847636638684625,11934,True,,,
11935,1438612072340552766,location_217_1438612072340552766,11935,True,,,
11936,14391866099543528584,location_218_14391866099543528584,11936,True,,,
11937,1439625144729208634,location_219_1439625144729208634,11937,True,,,
11938,14398395835562495340,location_220_14398395835562495340,11938,True,,,
11939,1444967886793506545,location_221_1444967886793506545,11939,True,,,
11940,14450738200871488304,location_222_14450738200871488304,11940,True,,,
11941,14466107585378294344,location_223_14466107585378294344,11941,True,,,
11942,14469833348081379926,location_224_14469833348081379926,11942,True,,,
11943,1447193642678866370,location_225_1447193642678866370,11943,True,,,
11944,14503720815281110586,location_226_14503720815281110586,11944,True,,,
11945,14515106011585225558,location_227_14515106011585225558,11945,True,,,
11946,14596844384413974384,location_228_14596844384413974384,11946,True,,,
11947,14598385574330913380,location_229_14598385574330913380,11947,True,,,
11948,14604790999740148866,location_230_14604790999740148866,11948,True,,,
11949,14646542253566093329,location_231_14646542253566093329,11949,True,,,
11950,14710857336152310258,location_232_14710857336152310258,11950,True,,,
11951,14717510134690193608,location_233_14717510134690193608,11951,True,,,
11952,14722251330978172907,location_234_14722251330978172907,11952,True,,,
11953,14757678875381412153,location_235_14757678875381412153,11953,True,,,
11954,14796016325808976078,location_236_14796016325808976078,11954,True,,,
11955,14814971020528912408,location_237_14814971020528912408,11955,True,,,
11956,14827743746664195915,location_238_14827743746664195915,11956,True,,,
11957,14831964548707047600,location_239_14831964548707047600,11957,True,,,
11958,14843030589863904717,location_240_14843030589863904717,11958,True,,,
11959,14852360668075976434,location_241_14852360668075976434,11959,True,,,
11960,14857847716277551324,location_242_14857847716277551324,11960,True,,,
11961,14873064766871815353,location_243_14873064766871815353,11961,True,,,
11962,14931642854677013975,location_244_14931642854677013975,11962,True,,,
11963,14938992669799138574,location_245_14938992669799138574,11963,True,,,
11964,14969286427126969352,location_246_14969286427126969352,11964,True,,,
11965,1497335783205815607,location_247_1497335783205815607,11965,True,,,
11966,15016838871166523382,location_248_15016838871166523382,11966,True,,,
11967,15018550497317957628,location_249_15018550497317957628,11967,True,,,
11968,1504249004899221332,location_250_1504249004899221332,11968,True,,,
11969,1504661248713588532,location_251_1504661248713588532,11969,True,,,
11970,15057301608116937279,location_252_15057301608116937279,11970,True,,,
11971,15063719924919874576,location_253_15063719924919874576,11971,True,,,
11972,15097056496462779288,location_254_15097056496462779288,11972,True,,,
11973,15101251676504404175,location_255_15101251676504404175,11973,True,,,
11974,15110516425740519088,location_256_15110516425740519088,11974,True,,,
11975,1511211476224642972,location_257_1511211476224642972,11975,True,,,
11976,15140089754284056821,location_258_15140089754284056821,11976,True,,,
11977,15162603895381257761,location_259_15162603895381257761,11977,True,,,
11978,15229971983605390829,location_260_15229971983605390829,11978,True,,,
11979,15253538073975075971,location_261_15253538073975075971,11979,True,,,
11980,152570794847878356,location_262_152570794847878356,11980,True,,,
11981,15269611204407727525,location_263_15269611204407727525,11981,True,,,
11982,15277004741237505493,location_264_15277004741237505493,11982,True,,,
11983,15280717692707093578,location_265_15280717692707093578,11983,True,,,
11984,15291452884543199427,location_266_15291452884543199427,11984,True,,,
11985,15299777285288828874,location_267_15299777285288828874,11985,True,,,
11986,15306345189892202284,location_268_15306345189892202284,11986,True,,,
11987,15316068779549311554,location_269_15316068779549311554,11987,True,,,
11988,15325998304557998756,location_270_15325998304557998756,11988,True,,,
11989,15417821910739318300,location_271_15417821910739318300,11989,True,,,
11990,15436223165719312330,location_272_15436223165719312330,11990,True,,,
11991,15438947408781147263,location_273_15438947408781147263,11991,True,,,
11992,15445775598283641304,location_274_15445775598283641304,11992,True,,,
11993,15465945428930906323,location_275_15465945428930906323,11993,True,,,
11994,15546397436335750765,location_276_15546397436335750765,11994,True,,,
11995,15586735058561217316,location_277_15586735058561217316,11995,True,,,
11996,1560357211913877301,location_278_1560357211913877301,11996,True,,,
11997,15635477874173947398,location_279_15635477874173947398,11997,True,,,
11998,15635898704009174246,location_280_15635898704009174246,11998,True,,,
11999,15677866022000693425,location_281_15677866022000693425,11999,True,,,
12000,15701736822183313066,location_282_15701736822183313066,12000,True,,,
12001,15716517006604540980,location_283_15716517006604540980,12001,True,,,
12002,1572062236514009369,location_284_1572062236514009369,12002,True,,,
12003,15746725712131822114,location_285_15746725712131822114,12003,True,,,
12004,1575770586678170526,location_286_1575770586678170526,12004,True,,,
12005,15801304570511851458,location_287_15801304570511851458,12005,True,,,
12006,15846545790319112981,location_288_15846545790319112981,12006,True,,,
12007,15937742525551159096,location_289_15937742525551159096,12007,True,,,
12008,15939493987719359328,location_290_15939493987719359328,12008,True,,,
12009,15946919266461858901,location_291_15946919266461858901,12009,True,,,
12010,15954739144143400289,location_292_15954739144143400289,12010,True,,,
12011,15956833142111980016,location_293_15956833142111980016,12011,True,,,
12012,15957762490793558865,location_294_15957762490793558865,12012,True,,,
12013,15964372789563798363,location_295_15964372789563798363,12013,True,,,
12014,15985990838771279976,location_296_15985990838771279976,12014,True,,,
12015,16017327893250240033,location_297_16017327893250240033,12015,True,,,
12016,16018409219357504072,location_298_16018409219357504072,12016,True,,,
12017,16026395169490307869,location_299_16026395169490307869,12017,True,,,
12018,16029514804844787798,location_300_16029514804844787798,12018,True,,,
12019,16061876415257878539,location_301_16061876415257878539,12019,True,,,
12020,16066067838313158161,location_302_16066067838313158161,12020,True,,,
12021,16112516529458466264,location_303_16112516529458466264,12021,True,,,
12022,16113104219890901232,location_304_16113104219890901232,12022,True,,,
12023,16117541968684126938,location_305_16117541968684126938,12023,True,,,
12024,16139733202865535819,location_306_16139733202865535819,12024,True,,,
12025,16145012163621207176,location_307_16145012163621207176,12025,True,,,
12026,16149148321675704723,location_308_16149148321675704723,12026,True,,,
12027,16180917642413141709,location_309_16180917642413141709,12027,True,,,
12028,16187043664010009585,location_310_16187043664010009585,12028,True,,,
12029,1623078872134339841,location_311_1623078872134339841,12029,True,,,
12030,16234579388318838377,location_312_16234579388318838377,12030,True,,,
12031,16249747651368373729,location_313_16249747651368373729,12031,True,,,
12032,16265521332671614836,location_314_16265521332671614836,12032,True,,,
12033,16311434122794173210,location_315_16311434122794173210,12033,True,,,
12034,16331694951216407483,location_316_16331694951216407483,12034,True,,,
12035,16342184515699256791,location_317_16342184515699256791,12035,True,,,
12036,16347189494120718376,location_318_16347189494120718376,12036,True,,,
12037,16352294226751516940,location_319_16352294226751516940,12037,True,,,
12038,16352299735587092505,location_320_16352299735587092505,12038,True,,,
12039,16361529707719744889,location_321_16361529707719744889,12039,True,,,
12040,16417057632389659198,location_322_16417057632389659198,12040,True,,,
12041,16418990551896564037,location_323_16418990551896564037,12041,True,,,
12042,16426752183373313773,location_324_16426752183373313773,12042,True,,,
12043,16446705879627900834,location_325_16446705879627900834,12043,True,,,
12044,16449891036969266048,location_326_16449891036969266048,12044,True,,,
12045,16491873851458906340,location_327_16491873851458906340,12045,True,,,
12046,16509179654669621718,location_328_16509179654669621718,12046,True,,,
12047,16515019410901670327,location_329_16515019410901670327,12047,True,,,
12048,1653924518817836303,location_330_1653924518817836303,12048,True,,,
12049,16541176269507333680,location_331_16541176269507333680,12049,True,,,
12050,16547377555595563383,location_332_16547377555595563383,12050,True,,,
12051,1657907049100840957,location_333_1657907049100840957,12051,True,,,
12052,16603503190383672391,location_334_16603503190383672391,12052,True,,,
12053,16615384655649389461,location_335_16615384655649389461,12053,True,,,
12054,16621692311240052075,location_336_16621692311240052075,12054,True,,,
12055,16636047474434489544,location_337_16636047474434489544,12055,True,,,
12056,1667837898145795589,location_338_1667837898145795589,12056,True,,,
12057,16679015760567474614,location_339_16679015760567474614,12057,True,,,
12058,16689306608079545862,location_340_16689306608079545862,12058,True,,,
12059,16689308360952619206,location_341_16689308360952619206,12059,True,,,
12060,16745371660399258571,location_342_16745371660399258571,12060,True,,,
12061,16785770584618403901,location_343_16785770584618403901,12061,True,,,
12062,16789206306788302363,location_344_16789206306788302363,12062,True,,,
12063,16813772225073996344,location_345_16813772225073996344,12063,True,,,
12064,16859903111000226371,location_346_16859903111000226371,12064,True,,,
12065,16878034894631939530,location_347_16878034894631939530,12065,True,,,
12066,1688581070239830654,location_348_1688581070239830654,12066,True,,,
12067,16896519651605095814,location_349_16896519651605095814,12067,True,,,
12068,16937335374549693436,location_350_16937335374549693436,12068,True,,,
12069,1698565029950669247,location_351_1698565029950669247,12069,True,,,
12070,16990787652035626791,location_352_16990787652035626791,12070,True,,,
12071,1703814504015222296,location_353_1703814504015222296,12071,True,,,
12072,17053541725324251041,location_354_17053541725324251041,12072,True,,,
12073,1705463471673308058,location_355_1705463471673308058,12073,True,,,
12074,17061256280645992660,location_356_17061256280645992660,12074,True,,,
12075,17083361047301252466,location_357_17083361047301252466,12075,True,,,
12076,17120860596865407563,location_358_17120860596865407563,12076,True,,,
12077,17122566269073866385,location_359_17122566269073866385,12077,True,,,
12078,1714922054430837407,location_360_1714922054430837407,12078,True,,,
12079,17157986075845435184,location_361_17157986075845435184,12079,True,,,
12080,17189147581968034325,location_362_17189147581968034325,12080,True,,,
12081,17220136225186100478,location_363_17220136225186100478,12081,True,,,
12082,17235046572464357795,location_364_17235046572464357795,12082,True,,,
12083,17260800087990339830,location_365_17260800087990339830,12083,True,,,
12084,17318687780794586072,location_366_17318687780794586072,12084,True,,,
12085,17365306508976473122,location_367_17365306508976473122,12085,True,,,
12086,17400330797955303406,location_368_17400330797955303406,12086,True,,,
12087,17403948999461322191,location_369_17403948999461322191,12087,True,,,
12088,17408112603097913362,location_370_17408112603097913362,12088,True,,,
12089,17446911241554405973,location_371_17446911241554405973,12089,True,,,
12090,17448396347205218608,location_372_17448396347205218608,12090,True,,,
12091,17469059318467605816,location_373_17469059318467605816,12091,True,,,
12092,1748650613388705695,location_374_1748650613388705695,12092,True,,,
12093,17490089852047944108,location_375_17490089852047944108,12093,True,,,
12094,17495924570408398333,location_376_17495924570408398333,12094,True,,,
12095,17513320341754449720,location_377_17513320341754449720,12095,True,,,
12096,17523642414714815969,location_378_17523642414714815969,12096,True,,,
12097,17525160325917962329,location_379_17525160325917962329,12097,True,,,
12098,17565028763493673193,location_380_17565028763493673193,12098,True,,,
12099,17572519588784029832,location_381_17572519588784029832,12099,True,,,
12100,17637597949384116014,location_382_17637597949384116014,12100,True,,,
12101,17646930798939593425,location_383_17646930798939593425,12101,True,,,
12102,17649782222742228663,location_384_17649782222742228663,12102,True,,,
12103,17655227092861482803,location_385_17655227092861482803,12103,True,,,
12104,17661542501094341521,location_386_17661542501094341521,12104,True,,,
12105,17701328128787219530,location_387_17701328128787219530,12105,True,,,
12106,17755183049368408030,location_388_17755183049368408030,12106,True,,,
12107,17757089457804026490,location_389_17757089457804026490,12107,True,,,
12108,17763712967113634009,location_390_17763712967113634009,12108,True,,,
12109,17784307084173805866,location_391_17784307084173805866,12109,True,,,
12110,17786861141136251096,location_392_17786861141136251096,12110,True,,,
12111,17798400637718189372,location_393_17798400637718189372,12111,True,,,
12112,17822901764996107219,location_394_17822901764996107219,12112,True,,,
12113,17839519600619612490,location_395_17839519600619612490,12113,True,,,
12114,17839620834322580508,location_396_17839620834322580508,12114,True,,,
12115,17841975712841982825,location_397_17841975712841982825,12115,True,,,
12116,17858497206990213754,location_398_17858497206990213754,12116,True,,,
12117,17867453367064773975,location_399_17867453367064773975,12117,True,,,
12118,17877588809727825194,location_400_17877588809727825194,12118,True,,,
12119,17892048697579349778,location_401_17892048697579349778,12119,True,,,
12120,17893084012101597588,location_402_17893084012101597588,12120,True,,,
12121,17935199113278764087,location_403_17935199113278764087,12121,True,,,
12122,17944416701554129914,location_404_17944416701554129914,12122,True,,,
12123,17957148806995376755,location_405_17957148806995376755,12123,True,,,
12124,17977181699439259687,location_406_17977181699439259687,12124,True,,,
12125,17984105070454722416,location_407_17984105070454722416,12125,True,,,
12126,17986887453795279886,location_408_17986887453795279886,12126,True,,,
12127,18033900155326834468,location_409_18033900155326834468,12127,True,,,
12128,18061223715237094054,location_410_18061223715237094054,12128,True,,,
12129,1806356876815104570,location_411_1806356876815104570,12129,True,,,
12130,18072837286780312300,location_412_18072837286780312300,12130,True,,,
12131,18095085064642350004,location_413_18095085064642350004,12131,True,,,
12132,18123543084640204661,location_414_18123543084640204661,12132,True,,,
12133,18132910193861930688,location_415_18132910193861930688,12133,True,,,
12134,18149526210060964996,location_416_18149526210060964996,12134,True,,,
12135,18165196891473577180,location_417_18165196891473577180,12135,True,,,
12136,18205523884039385272,location_418_18205523884039385272,12136,True,,,
12137,1821628971677825873,location_419_1821628971677825873,12137,True,,,
12138,18242155537562405002,location_420_18242155537562405002,12138,True,,,
12139,18243983724979411398,location_421_18243983724979411398,12139,True,,,
12140,18247553834114910178,location_422_18247553834114910178,12140,True,,,
12141,18269323853720352029,location_423_18269323853720352029,12141,True,,,
12142,18272902905481713970,location_424_18272902905481713970,12142,True,,,
12143,18273681588282375097,location_425_18273681588282375097,12143,True,,,
12144,18274753439574389549,location_426_18274753439574389549,12144,True,,,
12145,18276145252857782250,location_427_18276145252857782250,12145,True,,,
12146,1828679756554688417,location_428_1828679756554688417,12146,True,,,
12147,18287715253658763452,location_429_18287715253658763452,12147,True,,,
12148,18301634850912549422,location_430_18301634850912549422,12148,True,,,
12149,18308882486674872956,location_431_18308882486674872956,12149,True,,,
12150,18333746214610408945,location_432_18333746214610408945,12150,True,,,
12151,18350853011104725873,location_433_18350853011104725873,12151,True,,,
12152,18366659227678962985,location_434_18366659227678962985,12152,True,,,
12153,1837517005382445338,location_435_1837517005382445338,12153,True,,,
12154,18393198840928572624,location_436_18393198840928572624,12154,True,,,
12155,18394135677509122236,location_437_18394135677509122236,12155,True,,,
12156,18408575795704736068,location_438_18408575795704736068,12156,True,,,
12157,18432621007714226366,location_439_18432621007714226366,12157,True,,,
12158,1852256798410475999,location_440_1852256798410475999,12158,True,,,
12159,1875210141681956568,location_441_1875210141681956568,12159,True,,,
12160,188011822332734797,location_442_188011822332734797,12160,True,,,
12161,1893043952010645471,location_443_1893043952010645471,12161,True,,,
12162,1901852746651575793,location_444_1901852746651575793,12162,True,,,
12163,1943082814579908211,location_445_1943082814579908211,12163,True,,,
12164,1954011484763724261,location_446_1954011484763724261,12164,True,,,
12165,1986602246407083811,location_447_1986602246407083811,12165,True,,,
12166,201470550351819108,location_448_201470550351819108,12166,True,,,
12167,2051876777997650281,location_449_2051876777997650281,12167,True,,,
12168,2069207595484768831,location_450_2069207595484768831,12168,True,,,
12169,2077451134987295904,location_451_2077451134987295904,12169,True,,,
12170,2084645890022001157,location_452_2084645890022001157,12170,True,,,
12171,210188040619342956,location_453_210188040619342956,12171,True,,,
12172,2113716156099432607,location_454_2113716156099432607,12172,True,,,
12173,2152780131640807772,location_455_2152780131640807772,12173,True,,,
12174,2169395928966208331,location_456_2169395928966208331,12174,True,,,
12175,2201609176094939283,location_457_2201609176094939283,12175,True,,,
12176,220862829939191023,location_458_220862829939191023,12176,True,,,
12177,2226602454480531648,location_459_2226602454480531648,12177,True,,,
12178,2244173761357208340,location_460_2244173761357208340,12178,True,,,
12179,2251810265752788974,location_461_2251810265752788974,12179,True,,,
12180,2271674065975258798,location_462_2271674065975258798,12180,True,,,
12181,2275829352969459806,location_463_2275829352969459806,12181,True,,,
12182,2291371610354927061,location_464_2291371610354927061,12182,True,,,
12183,2292612243154552831,location_465_2292612243154552831,12183,True,,,
12184,2313384314255405716,location_466_2313384314255405716,12184,True,,,
12185,2318058103595814399,location_467_2318058103595814399,12185,True,,,
12186,2343941547084771272,location_468_2343941547084771272,12186,True,,,
12187,2353008901116827604,location_469_2353008901116827604,12187,True,,,
12188,2362367091645178402,location_470_2362367091645178402,12188,True,,,
12189,2370015231751993805,location_471_2370015231751993805,12189,True,,,
12190,240304723266823497,location_472_240304723266823497,12190,True,,,
12191,2426629222291385639,location_473_2426629222291385639,12191,True,,,
12192,2429928649880860787,location_474_2429928649880860787,12192,True,,,
12193,2453585456107045105,location_475_2453585456107045105,12193,True,,,
12194,2523639224126395514,location_476_2523639224126395514,12194,True,,,
12195,2532463553839081840,location_477_2532463553839081840,12195,True,,,
12196,2535437907855455664,location_478_2535437907855455664,12196,True,,,
12197,2542266936898581991,location_479_2542266936898581991,12197,True,,,
12198,256349789244472573,location_480_256349789244472573,12198,True,,,
12199,2572106472449169828,location_481_2572106472449169828,12199,True,,,
12200,2578293129356582423,location_482_2578293129356582423,12200,True,,,
12201,2610305747772236961,location_483_2610305747772236961,12201,True,,,
12202,2624195506896175276,location_484_2624195506896175276,12202,True,,,
12203,2626977253365646607,location_485_2626977253365646607,12203,True,,,
12204,267276281494932893,location_486_267276281494932893,12204,True,,,
12205,2718313379787061184,location_487_2718313379787061184,12205,True,,,
12206,2724351598026042840,location_488_2724351598026042840,12206,True,,,
12207,2748342721159011533,location_489_2748342721159011533,12207,True,,,
12208,2775639846878152833,location_490_2775639846878152833,12208,True,,,
12209,280295862246818362,location_491_280295862246818362,12209,True,,,
12210,2812718207382082871,location_492_2812718207382082871,12210,True,,,
12211,2828386591286411970,location_493_2828386591286411970,12211,True,,,
12212,2834444914944888326,location_494_2834444914944888326,12212,True,,,
12213,285939353278068783,location_495_285939353278068783,12213,True,,,
12214,2861943755483932308,location_496_2861943755483932308,12214,True,,,
12215,2877143088952540038,location_497_2877143088952540038,12215,True,,,
12216,2888521626324846633,location_498_2888521626324846633,12216,True,,,
12217,2917293824950245459,location_499_2917293824950245459,12217,True,,,
12218,2919673670280357122,location_500_2919673670280357122,12218,True,,,
12219,2937676190751313897,location_501_2937676190751313897,12219,True,,,
12220,2954539374575095783,location_502_2954539374575095783,12220,True,,,
12221,2962353409574963351,location_503_2962353409574963351,12221,True,,,
12222,2966850429749703800,location_504_2966850429749703800,12222,True,,,
12223,2977512889873136191,location_505_2977512889873136191,12223,True,,,
12224,2988678584216090094,location_506_2988678584216090094,12224,True,,,
12225,2992539310733840402,location_507_2992539310733840402,12225,True,,,
12226,2997926264460190680,location_508_2997926264460190680,12226,True,,,
12227,3015701115244837940,location_509_3015701115244837940,12227,True,,,
12228,3057753676337519538,location_510_3057753676337519538,12228,True,,,
12229,3068766399270653881,location_511_3068766399270653881,12229,True,,,
12230,3194071635121029397,location_512_3194071635121029397,12230,True,,,
12231,3212481643699304880,location_513_3212481643699304880,12231,True,,,
12232,3231109671878721104,location_514_3231109671878721104,12232,True,,,
12233,3315083669241281216,location_515_3315083669241281216,12233,True,,,
12234,3327871954783506813,location_516_3327871954783506813,12234,True,,,
12235,3338861767326385890,location_517_3338861767326385890,12235,True,,,
12236,3340467030630278834,location_518_3340467030630278834,12236,True,,,
12237,336868510819639272,location_519_336868510819639272,12237,True,,,
12238,3385408437322307444,location_520_3385408437322307444,12238,True,,,
12239,3392515258217509637,location_521_3392515258217509637,12239,True,,,
12240,3438377700756436120,location_522_3438377700756436120,12240,True,,,
12241,3439405301888730000,location_523_3439405301888730000,12241,True,,,
12242,3446773123119326915,location_524_3446773123119326915,12242,True,,,
12243,3471077073036208856,location_525_3471077073036208856,12243,True,,,
12244,3534682826757509239,location_526_3534682826757509239,12244,True,,,
12245,3561586759180767171,location_527_3561586759180767171,12245,True,,,
12246,3562064742028501852,location_528_3562064742028501852,12246,True,,,
12247,3562071975734501325,location_529_3562071975734501325,12247,True,,,
12248,3586311376661479607,location_530_3586311376661479607,12248,True,,,
12249,3628237383553768044,location_531_3628237383553768044,12249,True,,,
12250,3638459807586237197,location_532_3638459807586237197,12250,True,,,
12251,3659380535210702500,location_533_3659380535210702500,12251,True,,,
12252,3662821655722559772,location_534_3662821655722559772,12252,True,,,
12253,3698961283577285932,location_535_3698961283577285932,12253,True,,,
12254,3706513942556461788,location_536_3706513942556461788,12254,True,,,
12255,371736915923240872,location_537_371736915923240872,12255,True,,,
12256,3776074530052755022,location_538_3776074530052755022,12256,True,,,
12257,3792341777804580502,location_539_3792341777804580502,12257,True,,,
12258,3798675666265593622,location_540_3798675666265593622,12258,True,,,
12259,3829299790257126758,location_541_3829299790257126758,12259,True,,,
12260,3852828522241638666,location_542_3852828522241638666,12260,True,,,
12261,3888732332389880565,location_543_3888732332389880565,12261,True,,,
12262,3892146580664160480,location_544_3892146580664160480,12262,True,,,
12263,3907311807896220937,location_545_3907311807896220937,12263,True,,,
12264,3925338671825465538,location_546_3925338671825465538,12264,True,,,
12265,3933621407898560119,location_547_3933621407898560119,12265,True,,,
12266,3949847833191507562,location_548_3949847833191507562,12266,True,,,
12267,3969786121005868416,location_549_3969786121005868416,12267,True,,,
12268,3979725297365684851,location_550_3979725297365684851,12268,True,,,
12269,3989258045230876004,location_551_3989258045230876004,12269,True,,,
12270,4007628823782291059,location_552_4007628823782291059,12270,True,,,
12271,4027279167686329867,location_553_4027279167686329867,12271,True,,,
12272,4035145968691305283,location_554_4035145968691305283,12272,True,,,
12273,404939040938770545,location_555_404939040938770545,12273,True,,,
12274,4053593652454382826,location_556_4053593652454382826,12274,True,,,
12275,4078039395652734382,location_557_4078039395652734382,12275,True,,,
12276,4086395547576729524,location_558_4086395547576729524,12276,True,,,
12277,4093594900465861095,location_559_4093594900465861095,12277,True,,,
12278,4107992399520311572,location_560_4107992399520311572,12278,True,,,
12279,4125769641720449970,location_561_4125769641720449970,12279,True,,,
12280,4129241133126443360,location_562_4129241133126443360,12280,True,,,
12281,4135255049576943996,location_563_4135255049576943996,12281,True,,,
12282,4149962197059900401,location_564_4149962197059900401,12282,True,,,
12283,4160391779746962025,location_565_4160391779746962025,12283,True,,,
12284,4164995375627412529,location_566_4164995375627412529,12284,True,,,
12285,4174025989174368794,location_567_4174025989174368794,12285,True,,,
12286,4197613858542989800,location_568_4197613858542989800,12286,True,,,
12287,4218268579192606708,location_569_4218268579192606708,12287,True,,,
12288,4286897202625470096,location_570_4286897202625470096,12288,True,,,
12289,4287646411388996913,location_571_4287646411388996913,12289,True,,,
12290,4289031826335235551,location_572_4289031826335235551,12290,True,,,
12291,4304830600496774795,location_573_4304830600496774795,12291,True,,,
12292,4329836404619204734,location_574_4329836404619204734,12292,True,,,
12293,4331525366334232066,location_575_4331525366334232066,12293,True,,,
12294,4361165210929414206,location_576_4361165210929414206,12294,True,,,
12295,4365733478732638367,location_577_4365733478732638367,12295,True,,,
12296,437390494717277278,location_578_437390494717277278,12296,True,,,
12297,4381307751346438528,location_579_4381307751346438528,12297,True,,,
12298,4404801692516655976,location_580_4404801692516655976,12298,True,,,
12299,4423906289940957899,location_581_4423906289940957899,12299,True,,,
12300,4429122882007248453,location_582_4429122882007248453,12300,True,,,
12301,4433589012871690885,location_583_4433589012871690885,12301,True,,,
12302,4472593898967508207,location_584_4472593898967508207,12302,True,,,
12303,4479828761717185003,location_585_4479828761717185003,12303,True,,,
12304,4481645594067543368,location_586_4481645594067543368,12304,True,,,
12305,4483929877460567290,location_587_4483929877460567290,12305,True,,,
12306,4488482024437545359,location_588_4488482024437545359,12306,True,,,
12307,4493424105487712574,location_589_4493424105487712574,12307,True,,,
12308,4512532186094704442,location_590_4512532186094704442,12308,True,,,
12309,4530033494578966414,location_591_4530033494578966414,12309,True,,,
12310,4551192497819185323,location_592_4551192497819185323,12310,True,,,
12311,4571967208158723024,location_593_4571967208158723024,12311,True,,,
12312,4619095861612016999,location_594_4619095861612016999,12312,True,,,
12313,4631873844563617626,location_595_4631873844563617626,12313,True,,,
12314,4633741430822460657,location_596_4633741430822460657,12314,True,,,
12315,465946587701228276,location_597_465946587701228276,12315,True,,,
12316,4669870662306218894,location_598_4669870662306218894,12316,True,,,
12317,4731015332575202809,location_599_4731015332575202809,12317,True,,,
12318,4737677107078572491,location_600_4737677107078572491,12318,True,,,
12319,4747328897782643256,location_601_4747328897782643256,12319,True,,,
12320,4747709819829200387,location_602_4747709819829200387,12320,True,,,
12321,47792103352493794,location_603_47792103352493794,12321,True,,,
12322,4784790718854662224,location_604_4784790718854662224,12322,True,,,
12323,4792975010261923313,location_605_4792975010261923313,12323,True,,,
12324,4808769504686077661,location_606_4808769504686077661,12324,True,,,
12325,480893033815312382,location_607_480893033815312382,12325,True,,,
12326,481188030041356952,location_608_481188030041356952,12326,True,,,
12327,4825748320212407392,location_609_4825748320212407392,12327,True,,,
12328,4837507219162385327,location_610_4837507219162385327,12328,True,,,
12329,4890811167570245152,location_611_4890811167570245152,12329,True,,,
12330,489312522523759564,location_612_489312522523759564,12330,True,,,
12331,4914815599518286754,location_613_4914815599518286754,12331,True,,,
12332,4935721097427469331,location_614_4935721097427469331,12332,True,,,
12333,4939211611292320737,location_615_4939211611292320737,12333,True,,,
12334,4958678449358864104,location_616_4958678449358864104,12334,True,,,
12335,4967202361096429803,location_617_4967202361096429803,12335,True,,,
12336,4973941371754458667,location_618_4973941371754458667,12336,True,,,
12337,5003180006021806514,location_619_5003180006021806514,12337,True,,,
12338,5011513780398087395,location_620_5011513780398087395,12338,True,,,
12339,5041519743900151968,location_621_5041519743900151968,12339,True,,,
12340,5076957452823474049,location_622_5076957452823474049,12340,True,,,
12341,5084175207945058499,location_623_5084175207945058499,12341,True,,,
12342,5088636615131950458,location_624_5088636615131950458,12342,True,,,
12343,5134510527891094956,location_625_5134510527891094956,12343,True,,,
12344,513869177365022503,location_626_513869177365022503,12344,True,,,
12345,5142502244877055275,location_627_5142502244877055275,12345,True,,,
12346,5156690602118975887,location_628_5156690602118975887,12346,True,,,
12347,5156763349050912417,location_629_5156763349050912417,12347,True,,,
12348,5184507677858777750,location_630_5184507677858777750,12348,True,,,
12349,5216321604311099936,location_631_5216321604311099936,12349,True,,,
12350,5299929999797709004,location_632_5299929999797709004,12350,True,,,
12351,5307291931041180863,location_633_5307291931041180863,12351,True,,,
12352,5317450901889560828,location_634_5317450901889560828,12352,True,,,
12353,5325343344119847887,location_635_5325343344119847887,12353,True,,,
12354,5337700924755598046,location_636_5337700924755598046,12354,True,,,
12355,538414604390684440,location_637_538414604390684440,12355,True,,,
12356,5411185936608195099,location_638_5411185936608195099,12356,True,,,
12357,5439156729458112927,location_639_5439156729458112927,12357,True,,,
12358,5464846333726189542,location_640_5464846333726189542,12358,True,,,
12359,5465961342473338230,location_641_5465961342473338230,12359,True,,,
12360,549421732505531944,location_642_549421732505531944,12360,True,,,
12361,5528710169993290803,location_643_5528710169993290803,12361,True,,,
12362,5552334153958304609,location_644_5552334153958304609,12362,True,,,
12363,5570968980053457151,location_645_5570968980053457151,12363,True,,,
12364,5618331184625809540,location_646_5618331184625809540,12364,True,,,
12365,5635620391868095583,location_647_5635620391868095583,12365,True,,,
12366,5655429311841703288,location_648_5655429311841703288,12366,True,,,
12367,5700264687087875887,location_649_5700264687087875887,12367,True,,,
12368,5705943463216602189,location_650_5705943463216602189,12368,True,,,
12369,5706967185168306300,location_651_5706967185168306300,12369,True,,,
12370,5713848183744980123,location_652_5713848183744980123,12370,True,,,
12371,5729250948326784179,location_653_5729250948326784179,12371,True,,,
12372,5777711167807484297,location_654_5777711167807484297,12372,True,,,
12373,5794387148593456031,location_655_5794387148593456031,12373,True,,,
12374,5806444511189447558,location_656_5806444511189447558,12374,True,,,
12375,583081466253283929,location_657_583081466253283929,12375,True,,,
12376,5840293628663272419,location_658_5840293628663272419,12376,True,,,
12377,5843574330561255948,location_659_5843574330561255948,12377,True,,,
12378,5876053556550555841,location_660_5876053556550555841,12378,True,,,
12379,5896047480399279403,location_661_5896047480399279403,12379,True,,,
12380,590558912068246068,location_662_590558912068246068,12380,True,,,
12381,5917929092754249793,location_663_5917929092754249793,12381,True,,,
12382,5926897806918208420,location_664_5926897806918208420,12382,True,,,
12383,5927259858361809962,location_665_5927259858361809962,12383,True,,,
12384,6027788958725186724,location_666_6027788958725186724,12384,True,,,
12385,6053436889415425641,location_667_6053436889415425641,12385,True,,,
12386,6058405677584469732,location_668_6058405677584469732,12386,True,,,
12387,606349411509608239,location_669_606349411509608239,12387,True,,,
12388,608724747552958253,location_670_608724747552958253,12388,True,,,
12389,6091093273074914446,location_671_6091093273074914446,12389,True,,,
12390,6104490879276039889,location_672_6104490879276039889,12390,True,,,
12391,6133927562157579175,location_673_6133927562157579175,12391,True,,,
12392,615238978053445023,location_674_615238978053445023,12392,True,,,
12393,6157810935189677832,location_675_6157810935189677832,12393,True,,,
12394,616361381326172586,location_676_616361381326172586,12394,True,,,
12395,6168486779102216368,location_677_6168486779102216368,12395,True,,,
12396,6225307491820198390,location_678_6225307491820198390,12396,True,,,
12397,6235709210860738689,location_679_6235709210860738689,12397,True,,,
12398,6259458377423458188,location_680_6259458377423458188,12398,True,,,
12399,6324828867536912967,location_681_6324828867536912967,12399,True,,,
12400,6397599763881386003,location_682_6397599763881386003,12400,True,,,
12401,6402042868966689217,location_683_6402042868966689217,12401,True,,,
12402,6419839544107599853,location_684_6419839544107599853,12402,True,,,
12403,6436660063453913330,location_685_6436660063453913330,12403,True,,,
12404,6470660604237671873,location_686_6470660604237671873,12404,True,,,
12405,6498306508215945686,location_687_6498306508215945686,12405,True,,,
12406,6517745912057984754,location_688_6517745912057984754,12406,True,,,
12407,6543075545407120284,location_689_6543075545407120284,12407,True,,,
12408,6564940770416260414,location_690_6564940770416260414,12408,True,,,
12409,6574437600887042917,location_691_6574437600887042917,12409,True,,,
12410,660557245302118485,location_692_660557245302118485,12410,True,,,
12411,6619876338483560256,location_693_6619876338483560256,12411,True,,,
12412,6666471877664146797,location_694_6666471877664146797,12412,True,,,
12413,6679507157138556609,location_695_6679507157138556609,12413,True,,,
12414,6727728844442281731,location_696_6727728844442281731,12414,True,,,
12415,6739052276040359523,location_697_6739052276040359523,12415,True,,,
12416,67448680241097952,location_698_67448680241097952,12416,True,,,
12417,6779371099553325867,location_699_6779371099553325867,12417,True,,,
12418,6780813181287710194,location_700_6780813181287710194,12418,True,,,
12419,6790052085360278778,location_701_6790052085360278778,12419,True,,,
12420,6802131526220548340,location_702_6802131526220548340,12420,True,,,
12421,6813728145016850858,location_703_6813728145016850858,12421,True,,,
12422,6816993792634759578,location_704_6816993792634759578,12422,True,,,
12423,6818133023109836009,location_705_6818133023109836009,12423,True,,,
12424,682574256652984304,location_706_682574256652984304,12424,True,,,
12425,6826351609089873252,location_707_6826351609089873252,12425,True,,,
12426,6845137325230811332,location_708_6845137325230811332,12426,True,,,
12427,6848505130948697147,location_709_6848505130948697147,12427,True,,,
12428,6855427088545290429,location_710_6855427088545290429,12428,True,,,
12429,6913680456710598741,location_711_6913680456710598741,12429,True,,,
12430,6934119251438394649,location_712_6934119251438394649,12430,True,,,
12431,697242583676388872,location_713_697242583676388872,12431,True,,,
12432,6983378528116007054,location_714_6983378528116007054,12432,True,,,
12433,6983892617158693353,location_715_6983892617158693353,12433,True,,,
12434,7028829165026970432,location_716_7028829165026970432,12434,True,,,
12435,7048159043356862890,location_717_7048159043356862890,12435,True,,,
12436,7054906404728782264,location_718_7054906404728782264,12436,True,,,
12437,7090905009312482991,location_719_7090905009312482991,12437,True,,,
12438,7094019373454104003,location_720_7094019373454104003,12438,True,,,
12439,7170389021318687606,location_721_7170389021318687606,12439,True,,,
12440,7220257548125163588,location_722_7220257548125163588,12440,True,,,
12441,7267923244452823002,location_723_7267923244452823002,12441,True,,,
12442,7310615275866963888,location_724_7310615275866963888,12442,True,,,
12443,7313993818320020145,location_725_7313993818320020145,12443,True,,,
12444,7318906694583314969,location_726_7318906694583314969,12444,True,,,
12445,7330072164450935808,location_727_7330072164450935808,12445,True,,,
12446,7347781496747737311,location_728_7347781496747737311,12446,True,,,
12447,7365720931926405462,location_729_7365720931926405462,12447,True,,,
12448,741977530491889123,location_730_741977530491889123,12448,True,,,
12449,7453949330195866294,location_731_7453949330195866294,12449,True,,,
12450,7465257409605919986,location_732_7465257409605919986,12450,True,,,
12451,7465372243008506130,location_733_7465372243008506130,12451,True,,,
12452,7474627049727210020,location_734_7474627049727210020,12452,True,,,
12453,750183646726331449,location_735_750183646726331449,12453,True,,,
12454,7507930499763308152,location_736_7507930499763308152,12454,True,,,
12455,7519373376147722977,location_737_7519373376147722977,12455,True,,,
12456,7539526494241028080,location_738_7539526494241028080,12456,True,,,
12457,7549262255487070436,location_739_7549262255487070436,12457,True,,,
12458,7580870320100304491,location_740_7580870320100304491,12458,True,,,
12459,7681311477224514124,location_741_7681311477224514124,12459,True,,,
12460,770385412942400153,location_742_770385412942400153,12460,True,,,
12461,7746114749726598935,location_743_7746114749726598935,12461,True,,,
12462,7771220355949047127,location_744_7771220355949047127,12462,True,,,
12463,7801216415976509426,location_745_7801216415976509426,12463,True,,,
12464,7801504197724154379,location_746_7801504197724154379,12464,True,,,
12465,7827946281411139279,location_747_7827946281411139279,12465,True,,,
12466,7836442095395368119,location_748_7836442095395368119,12466,True,,,
12467,7850258764551191639,location_749_7850258764551191639,12467,True,,,
12468,7862072426562462405,location_750_7862072426562462405,12468,True,,,
12469,7920605292148033488,location_751_7920605292148033488,12469,True,,,
12470,7934105580556388733,location_752_7934105580556388733,12470,True,,,
12471,7945267169607476862,location_753_7945267169607476862,12471,True,,,
12472,7983491162804727519,location_754_7983491162804727519,12472,True,,,
12473,7990683008413957887,location_755_7990683008413957887,12473,True,,,
12474,7990785748808413016,location_756_7990785748808413016,12474,True,,,
12475,8036974411015413727,location_757_8036974411015413727,12475,True,,,
12476,8041602137604311298,location_758_8041602137604311298,12476,True,,,
12477,8043186383335273888,location_759_8043186383335273888,12477,True,,,
12478,8061797794835529085,location_760_8061797794835529085,12478,True,,,
12479,8069313284505937191,location_761_8069313284505937191,12479,True,,,
12480,8074652000036725462,location_762_8074652000036725462,12480,True,,,
12481,8109964763472369717,location_763_8109964763472369717,12481,True,,,
12482,8124974226915572515,location_764_8124974226915572515,12482,True,,,
12483,8146499773066200590,location_765_8146499773066200590,12483,True,,,
12484,8158364866727731790,location_766_8158364866727731790,12484,True,,,
12485,8181758246900499354,location_767_8181758246900499354,12485,True,,,
12486,818177478933042420,location_768_818177478933042420,12486,True,,,
12487,8212613622478310027,location_769_8212613622478310027,12487,True,,,
12488,8235527498638772893,location_770_8235527498638772893,12488,True,,,
12489,8238815536812847285,location_771_8238815536812847285,12489,True,,,
12490,824392108764761517,location_772_824392108764761517,12490,True,,,
12491,8276607569457488180,location_773_8276607569457488180,12491,True,,,
12492,828263253920906914,location_774_828263253920906914,12492,True,,,
12493,831544978699055027,location_775_831544978699055027,12493,True,,,
12494,8348817651838152993,location_776_8348817651838152993,12494,True,,,
12495,8374185312619758037,location_777_8374185312619758037,12495,True,,,
12496,8433610390672001486,location_778_8433610390672001486,12496,True,,,
12497,8437524019663929851,location_779_8437524019663929851,12497,True,,,
12498,8441524547921544360,location_780_8441524547921544360,12498,True,,,
12499,8444808956041835447,location_781_8444808956041835447,12499,True,,,
12500,8469736954385717457,location_782_8469736954385717457,12500,True,,,
12501,8483160654622628967,location_783_8483160654622628967,12501,True,,,
12502,8494045905439291098,location_784_8494045905439291098,12502,True,,,
12503,850659831237269457,location_785_850659831237269457,12503,True,,,
12504,8515649397652243988,location_786_8515649397652243988,12504,True,,,
12505,8522590477114990391,location_787_8522590477114990391,12505,True,,,
12506,8524172177732822150,location_788_8524172177732822150,12506,True,,,
12507,8536678764584984330,location_789_8536678764584984330,12507,True,,,
12508,8592653585969634425,location_790_8592653585969634425,12508,True,,,
12509,8599025941836796223,location_791_8599025941836796223,12509,True,,,
12510,8604364985643168341,location_792_8604364985643168341,12510,True,,,
12511,8647573990953812770,location_793_8647573990953812770,12511,True,,,
12512,8664840821269814612,location_794_8664840821269814612,12512,True,,,
12513,87098784564521351,location_795_87098784564521351,12513,True,,,
12514,8724350731825352545,location_796_8724350731825352545,12514,True,,,
12515,8727238306077483942,location_797_8727238306077483942,12515,True,,,
12516,8761465268741513440,location_798_8761465268741513440,12516,True,,,
12517,8819193364763205141,location_799_8819193364763205141,12517,True,,,
12518,8836950419498632012,location_800_8836950419498632012,12518,True,,,
12519,8897500728493948263,location_801_8897500728493948263,12519,True,,,
12520,8911392726810087119,location_802_8911392726810087119,12520,True,,,
12521,8919758038256189246,location_803_8919758038256189246,12521,True,,,
12522,8946625527708206982,location_804_8946625527708206982,12522,True,,,
12523,8950725459796327842,location_805_8950725459796327842,12523,True,,,
12524,8972168062905994979,location_806_8972168062905994979,12524,True,,,
12525,8984011519252225879,location_807_8984011519252225879,12525,True,,,
12526,8991405677134729447,location_808_8991405677134729447,12526,True,,,
12527,9001001255032377855,location_809_9001001255032377855,12527,True,,,
12528,9004169019052244588,location_810_9004169019052244588,12528,True,,,
12529,9009414798348766235,location_811_9009414798348766235,12529,True,,,
12530,9057053486124514927,location_812_9057053486124514927,12530,True,,,
12531,9070175923736981940,location_813_9070175923736981940,12531,True,,,
12532,9077774249914524487,location_814_9077774249914524487,12532,True,,,
12533,9090279730813747732,location_815_9090279730813747732,12533,True,,,
12534,9118073833210194985,location_816_9118073833210194985,12534,True,,,
12535,9135561089831965070,location_817_9135561089831965070,12535,True,,,
12536,9174630885800271687,location_818_9174630885800271687,12536,True,,,
12537,9218448280269793073,location_819_9218448280269793073,12537,True,,,
12538,9232381699802324583,location_820_9232381699802324583,12538,True,,,
12539,9249376408551196419,location_821_9249376408551196419,12539,True,,,
12540,9264520469146234198,location_822_9264520469146234198,12540,True,,,
12541,9270857810025012859,location_823_9270857810025012859,12541,True,,,
12542,9273691247102232623,location_824_9273691247102232623,12542,True,,,
12543,9285269807432801845,location_825_9285269807432801845,12543,True,,,
12544,9298829411300661832,location_826_9298829411300661832,12544,True,,,
12545,931440353054755765,location_827_931440353054755765,12545,True,,,
12546,936271144043596793,location_828_936271144043596793,12546,True,,,
12547,9397640615127133543,location_829_9397640615127133543,12547,True,,,
12548,9406654673124149875,location_830_9406654673124149875,12548,True,,,
12549,9424277077753011781,location_831_9424277077753011781,12549,True,,,
12550,9453953081652625888,location_832_9453953081652625888,12550,True,,,
12551,9480783751443986693,location_833_9480783751443986693,12551,True,,,
12552,9486352417256028337,location_834_9486352417256028337,12552,True,,,
12553,9501918872252853079,location_835_9501918872252853079,12553,True,,,
12554,9510397438517627144,location_836_9510397438517627144,12554,True,,,
12555,9571534514121706233,location_837_9571534514121706233,12555,True,,,
12556,9582538493802312362,location_838_9582538493802312362,12556,True,,,
12557,9596815424455101180,location_839_9596815424455101180,12557,True,,,
12558,9616750469250317386,location_840_9616750469250317386,12558,True,,,
12559,9622752196038082468,location_841_9622752196038082468,12559,True,,,
12560,9658116995620586231,location_842_9658116995620586231,12560,True,,,
12561,9664236029680902941,location_843_9664236029680902941,12561,True,,,
12562,9669588517861750381,location_844_9669588517861750381,12562,True,,,
12563,9707142870393063553,location_845_9707142870393063553,12563,True,,,
12564,9716147934954619516,location_846_9716147934954619516,12564,True,,,
12565,9720727334914547581,location_847_9720727334914547581,12565,True,,,
12566,9732588793498857784,location_848_9732588793498857784,12566,True,,,
12567,9825589288657203031,location_849_9825589288657203031,12567,True,,,
12568,9825785534748376315,location_850_9825785534748376315,12568,True,,,
12569,9852426788850734485,location_851_9852426788850734485,12569,True,,,
12570,9867618546332726746,location_852_9867618546332726746,12570,True,,,
12571,9869423106085686431,location_853_9869423106085686431,12571,True,,,
12572,9871268167902751600,location_854_9871268167902751600,12572,True,,,
12573,9886696532660846029,location_855_9886696532660846029,12573,True,,,
12574,9915577282125126834,location_856_9915577282125126834,12574,True,,,
12575,9981684574948121188,location_857_9981684574948121188,12575,True,,,
12576,9982413000262777917,location_858_9982413000262777917,12576,True,,,
12577,9982937760100869664,location_859_9982937760100869664,12577,True,,,
